family,region,level,ownership,gender,is_saudi,n,mae,mape,pinball_p50
FIN,EST,CXO,private,M,True,1,213439.30607334583,0.7562522860490551,106719.65303667291
OPS,EST,SVP,semigov,M,True,1,172692.04002964284,0.6867811209987253,86346.02001482142
DATA,RUH,D2,semigov,M,False,1,122906.60098019912,0.664245360139729,61453.30049009956
SALES,JED,IC5,private,M,True,1,91895.49252367792,0.7686457814807498,45947.74626183896
FIN,RUH,D1,mnc,M,True,1,91809.95799452922,0.6412369389700088,45904.97899726461
PM,EST,VP,private,M,True,1,89086.49700210376,0.5643753881990019,44543.24850105188
PM,TAB,SVP,private,M,True,1,75170.40486215215,0.507215551832988,37585.202431076075
PM,RUH,D2,private,F,True,1,74278.54801041627,0.5423462410349486,37139.274005208135
SWE,JED,D1,pif_backed,M,True,1,72383.02662569506,0.5751061027638982,36191.51331284753
SUPPLY,MAK,M4,pif_backed,F,True,1,71758.10193094186,0.6507754683711389,35879.05096547093
DATA,RUH,M1,private,M,True,1,67242.44044708194,0.6693366873981829,33621.22022354097
ENG_CIVIL,RUH,D3,private,M,False,1,66155.15396240639,0.48691159193117783,33077.576981203194
DATA,EST,M4,public,M,False,1,63455.29593829997,0.5862254154697931,31727.647969149984
SWE,MAK,M5,semigov,M,True,1,61076.81055316949,0.5398089742993981,30538.405276584745
SALES,JED,M5,pif_backed,M,True,1,59176.57389951384,0.5325003174176635,29588.28694975692
MARKETING,JED,D3,semigov,M,False,1,59120.6821738921,0.5619942483127733,29560.34108694605
PM,HAI,M3,private,M,True,1,57902.6878060923,0.6280947041067383,28951.34390304615
SWE,RUH,VP,private,M,True,1,56636.24840985592,0.41459913433415624,28318.12420492796
MARKETING,RUH,D2,private,F,True,1,56231.98800828094,0.5650488399602817,28115.99400414047
SWE,ASR,M4,semigov,M,True,1,49522.367382829056,0.6340715122526549,24761.183691414528
DATA,EST,M1,mnc,M,True,1,49072.876271233035,0.6220775827539452,24536.438135616518
HEALTH,TAB,VP,semigov,M,False,1,48084.08247860141,0.5142882832936108,24042.041239300706
DATA,RUH,M2,public,M,False,1,45994.10307480042,0.5978222063897505,22997.05153740021
FIN,RUH,M2,pif_backed,F,True,1,45291.3959822507,0.6043011195070461,22645.69799112535
PM,RUH,M4,semigov,M,True,1,45204.21540689766,0.4833580005440228,22602.10770344883
SWE,RUH,M3,semigov,M,False,1,44929.971705985095,0.5655981144785542,22464.985852992548
EDU,JED,D2,private,M,True,1,44309.766157377235,0.5868257928365189,22154.883078688617
SWE,RUH,IC6,public,M,True,1,43071.52748629648,0.5213423537124503,21535.76374314824
SALES,RUH,M3,private,M,True,1,42924.05579338705,0.5318131727214424,21462.027896693526
DATA,RUH,D3,private,M,False,2,42115.27544512465,0.2767419310714676,21057.637722562326
ENG_MECH,RUH,IC4,semigov,M,True,2,41124.05850214203,0.4740926354190895,20562.029251071013
ENG_CIVIL,RUH,M2,pif_backed,M,True,1,40632.57602768275,0.6490100074685367,20316.288013841375
SALES,RUH,IC4,semigov,M,False,1,40294.66010260566,0.6919163179027394,20147.33005130283
SWE,RUH,IC5,mnc,M,False,2,39771.667584981726,0.5255042416389542,19885.833792490863
ENG_MECH,RUH,CXO,public,M,False,1,39733.006757905976,0.38349635689531775,19866.503378952988
SWE,RUH,D1,mnc,M,True,2,38630.41495784522,0.338130334505785,19315.20747892261
DESIGN,TAB,M4,mnc,M,True,1,38091.973767448915,0.5100541168627407,19045.986883724458
SWE,QAS,M1,semigov,M,True,1,37901.38846870898,0.6447327513720734,18950.69423435449
MARKETING,EST,VP,mnc,M,False,1,37676.06158478172,0.44206948614119496,18838.03079239086
MARKETING,NJR,M4,private,F,True,1,37548.76515236542,0.5461837974355924,18774.38257618271
OPS,RUH,M5,mnc,M,False,1,37242.59951560368,0.508600880042123,18621.29975780184
LEGAL,MAD,VP,pif_backed,M,True,1,37233.14985185182,0.33562393911155447,18616.57492592591
EDU,JED,VP,private,M,True,1,36888.21361465966,0.5330450254066224,18444.10680732983
HEALTH,EST,SVP,private,M,True,1,36793.63007892365,0.4263218448161255,18396.815039461824
LEGAL,RUH,IC5,mnc,F,True,1,35637.77696600014,0.5132821032109951,17818.88848300007
MARKETING,NJR,M3,private,F,False,1,34670.90539777689,0.648061089943687,17335.452698888446
SWE,EST,D1,public,F,False,1,34640.14489406617,0.48249265043172285,17320.072447033086
ENG_ELEC,RUH,D2,private,M,True,1,34526.16421240044,1.278552672090551,17263.08210620022
DESIGN,RUH,D2,pif_backed,M,False,1,34354.07952691422,0.41773591557403555,17177.03976345711
DATA,EST,D2,pif_backed,M,True,1,34145.24846999235,0.34603316796752726,17072.624234996176
OPS,RUH,IC5,private,F,True,1,34082.374484899876,0.5292241580968742,17041.187242449938
MARKETING,RUH,IC5,private,M,True,1,33907.353954240534,0.5701629968504995,16953.676977120267
SWE,MAK,M2,semigov,F,False,1,33822.08896396723,0.5615320038359669,16911.044481983616
ENG_ELEC,RUH,M1,mnc,M,True,1,33678.97437545584,0.6875667963608447,16839.48718772792
FIN,EST,M1,semigov,M,True,1,33585.81981335254,0.5670091904966369,16792.90990667627
EDU,JED,VP,private,F,True,1,33569.81440767516,0.4854128708386159,16784.90720383758
ENG_ELEC,RUH,IC5,semigov,M,True,1,33566.548934385166,0.5569958778463128,16783.274467192583
FIN,JED,D2,private,F,True,1,33529.23037288626,1.1224281685684867,16764.61518644313
SWE,RUH,IC4,mnc,M,False,1,33097.80925851835,0.5872089487788323,16548.904629259174
ENG_ELEC,JED,IC6,public,M,False,1,32711.596898994867,0.6133522554922416,16355.798449497433
PM,EST,IC6,mnc,F,False,1,32664.296464533116,0.4790400113648236,16332.148232266558
ENG_MECH,JED,IC5,private,M,True,1,32525.335513974154,0.5448151803956022,16262.667756987077
SWE,RUH,D1,startup,M,True,1,32360.15889392848,1.1987077613697386,16180.07944696424
DESIGN,RUH,IC3,mnc,F,True,1,31520.39545687069,0.6528152710644854,15760.197728435345
CUSTOMER,JED,D1,mnc,M,True,1,31322.922718570568,0.5712904235265532,15661.461359285284
DESIGN,RUH,D2,semigov,M,False,1,31290.576837285873,0.43304711099358706,15645.288418642936
FIN,EST,IC6,public,M,False,1,30915.352903408613,0.544469290775135,15457.676451704307
OPS,RUH,VP,private,M,False,1,30913.70206893332,1.0874239780435366,15456.85103446666
HEALTH,EST,SVP,mnc,F,True,1,30880.500226080636,0.35965743447603826,15440.250113040318
HEALTH,RUH,M4,public,F,False,1,30796.534082474827,0.506532356051314,15398.267041237414
PM,EST,IC6,private,F,True,1,30690.225385893606,0.5865058285312179,15345.112692946803
DATA,RUH,IC3,public,M,False,1,30669.55205990591,0.7302366448887547,15334.776029952955
FIN,EST,M2,semigov,M,True,1,30654.515272602133,0.4456569785942013,15327.257636301067
HEALTH,MAD,IC4,semigov,F,False,1,30314.625349817834,0.6825089657056752,15157.312674908917
ENG_CIVIL,RUH,VP,startup,M,True,1,30301.04849334032,0.4017423678663408,15150.52424667016
ENG_MECH,JED,D1,private,M,True,1,30211.631448457658,0.3758622088215193,15105.815724228829
DATA,MAK,M4,semigov,M,True,1,29872.337506126074,0.406134717221104,14936.168753063037
PM,RUH,M4,private,M,False,1,29761.2621165186,0.4581047016776388,14880.6310582593
PM,JED,M1,semigov,M,True,1,29513.127727027026,0.5257174851569045,14756.563863513513
SWE,RUH,M3,pif_backed,F,True,1,29485.565551577332,0.3819908167409085,14742.782775788666
HEALTH,RUH,D2,semigov,F,False,1,29412.260667480128,0.4280671824251268,14706.130333740064
HEALTH,EST,D1,private,F,True,2,29162.580651774275,0.5368866631341899,14581.290325887137
HEALTH,RUH,VP,public,F,True,1,28492.4426820718,0.3523982196581251,14246.2213410359
FIN,JED,IC4,private,F,False,1,28160.04726024624,0.6729016843600859,14080.02363012312
SALES,EST,IC4,mnc,M,False,1,27699.062874902294,0.5336514840232883,13849.531437451147
OPS,RUH,D1,startup,M,True,1,27559.722143865536,0.5753648289016755,13779.861071932768
SWE,MAK,IC4,semigov,M,False,1,27514.895887442246,0.5004278776838377,13757.447943721123
MARKETING,RUH,IC5,private,M,False,1,27458.036358584854,0.5522971120113873,13729.018179292427
SWE,RUH,IC4,semigov,M,True,1,27430.244447268684,0.4870170965316575,13715.122223634342
FIN,MAK,IC4,pif_backed,F,True,1,27425.804090186863,0.6168742630100842,13712.902045093431
FIN,MAK,VP,semigov,M,True,1,27012.224082213623,0.6364902018319235,13506.112041106811
FIN,RUH,IC6,mnc,M,True,1,26965.31668680603,0.422879424351359,13482.658343403014
DATA,RUH,VP,mnc,M,False,1,26860.66197815913,0.2611078884441525,13430.330989079564
FIN,RUH,M2,mnc,M,False,1,26835.34504517137,0.4607607243778242,13417.672522585684
ENG_CIVIL,RUH,M5,private,M,True,1,26776.7631555619,0.4335975255002018,13388.38157778095
DATA,JED,M3,private,M,True,1,26753.95406630258,0.4713446994824885,13376.97703315129
ENG_MECH,RUH,D3,public,M,True,1,26630.195473628643,0.3263909135989493,13315.097736814321
ENG_ELEC,JAZ,IC4,pif_backed,M,False,1,26432.47192295208,0.6626207527287514,13216.23596147604
SWE,RUH,M3,private,M,True,2,26252.08305197315,0.35303382457676236,13126.041525986575
DATA,JAZ,M2,private,M,True,1,25704.74463126728,0.566020105446757,12852.37231563364
SWE,EST,D1,private,F,True,1,25655.929514479245,1.333561147942697,12827.964757239622
CUSTOMER,RUH,M3,private,M,True,1,25454.033067796157,0.5182816111422085,12727.016533898079
FIN,MAD,IC6,mnc,M,True,1,25278.883056554616,0.4335701561668409,12639.441528277308
PM,EST,IC5,public,F,True,1,25241.197848991545,0.5277948558124423,12620.598924495773
SUPPLY,RUH,D1,private,M,False,1,24917.357537653108,0.4587949855985904,12458.678768826554
ENG_MECH,MAK,IC6,public,M,True,1,24657.06484360962,0.469788487013539,12328.53242180481
FIN,RUH,IC5,semigov,F,False,1,24545.48943368415,0.4779540786454716,12272.744716842075
EDU,RUH,IC4,mnc,F,False,1,24348.0044006083,0.6489848724982262,12174.00220030415
EDU,EST,VP,pif_backed,M,True,1,24008.57075938143,0.38849945264403984,12004.285379690715
MARKETING,RUH,D3,private,F,True,1,23758.974028300152,0.30475757935455494,11879.487014150076
DATA,RUH,M1,pif_backed,M,False,1,23727.907833847763,0.43903634097920513,11863.953916923881
SWE,TAB,M5,private,M,True,1,23560.361409628254,1.053075882412573,11780.180704814127
HEALTH,RUH,D2,pif_backed,F,True,1,23497.733272859354,0.327440005084301,11748.866636429677
MARKETING,MAK,IC4,private,F,True,1,23449.045534703127,0.7404158981090406,11724.522767351564
OPS,EST,M3,pif_backed,M,True,1,23087.168777430656,0.46198018659226026,11543.584388715328
FIN,JED,D1,semigov,M,False,1,22903.650759462544,0.8466850083180951,11451.825379731272
ENG_CIVIL,RUH,D2,private,M,True,1,22843.33225486279,0.36349623866289166,11421.666127431396
DATA,HAI,IC6,private,M,True,1,22835.163994366798,0.4002164850565618,11417.581997183399
SWE,MAD,IC6,private,F,True,1,22807.792128748173,0.44867349418188973,11403.896064374087
SWE,RUH,M3,private,F,False,1,22785.079234500634,0.3809900462119276,11392.539617250317
CUSTOMER,RUH,D2,mnc,F,False,1,22576.739690653118,0.5291845885816769,11288.369845326559
ENG_CIVIL,MAK,D1,private,M,False,1,22483.042910920158,0.42951037879713555,11241.521455460079
HEALTH,RUH,M4,private,F,True,1,22409.621993335713,0.4528612582952348,11204.810996667857
HR,MAK,IC4,private,F,False,1,22405.98120844525,0.6731367039600591,11202.990604222625
SALES,QAS,IC6,pif_backed,F,True,1,22249.42547802566,0.47547339092499075,11124.71273901283
ENG_MECH,RUH,M3,private,M,True,1,22179.46392995736,0.361909904609753,11089.73196497868
FIN,EST,IC4,public,M,True,2,22169.206867215245,0.44496871078801326,11084.603433607623
ENG_CIVIL,RUH,CXO,public,M,False,1,22156.553414974594,0.3594369040623758,11078.276707487297
DESIGN,RUH,M2,public,F,True,1,21528.835927854285,0.4078613690419378,10764.417963927142
SALES,TAB,IC5,semigov,F,True,2,21291.33633666583,0.4099992279235015,10645.668168332915
PM,QAS,M2,semigov,M,True,2,21245.142038910206,0.4802219990826309,10622.571019455103
ENG_ELEC,EST,M2,pif_backed,M,True,1,21162.89267112139,0.40521143786783353,10581.446335560695
SUPPLY,RUH,VP,semigov,M,True,1,21150.140542167574,0.33658560193705833,10575.070271083787
CUSTOMER,MAD,IC6,mnc,F,True,1,21071.980643641018,0.5155180480079319,10535.990321820509
ENG_ELEC,EST,M3,pif_backed,M,True,1,21039.91532906021,0.3231126334485918,10519.957664530106
HEALTH,JED,IC4,semigov,F,True,1,21024.50649668915,0.5881763976599165,10512.253248344576
LEGAL,ASR,IC3,semigov,F,False,1,21014.5760382442,0.6640100264928188,10507.2880191221
ENG_MECH,EST,M3,pif_backed,M,True,2,20924.890567406022,0.31083370005962835,10462.445283703011
LEGAL,BAH,M1,private,M,True,1,20891.41329871733,0.5655022898374644,10445.706649358664
HR,RUH,IC4,private,M,True,2,20721.407655957417,0.5528901811822142,10360.703827978708
ENG_CIVIL,TAB,IC5,pif_backed,M,True,1,20644.33509109787,0.5714354741821004,10322.167545548935
HEALTH,RUH,D1,private,F,False,2,20587.72629799776,0.6191049694375887,10293.86314899888
SWE,EST,M4,private,M,False,1,20517.240005632666,0.29926119806977786,10258.620002816333
SWE,RUH,D1,private,M,False,2,20516.066299144233,0.7954254488916459,10258.033149572117
FIN,RUH,VP,mnc,F,True,1,20318.28773032449,0.21084640620642678,10159.143865162245
PM,RUH,M4,public,M,True,3,20241.33320182858,0.48250053507993695,10120.66660091429
FIN,JED,M3,pif_backed,M,True,1,19917.988896061164,0.3101715053489145,9958.994448030582
PM,JED,IC5,public,F,True,1,19830.74439260439,0.5303539168524098,9915.372196302194
DATA,RUH,IC3,pif_backed,M,True,2,19793.13556176894,0.4821974626558665,9896.56778088447
OPS,QAS,M3,semigov,M,True,2,19672.782003363023,0.9464344896407273,9836.391001681512
ENG_ELEC,RUH,IC6,private,M,False,1,19595.483892646327,0.5017913442719949,9797.741946323164
HEALTH,MAD,IC3,private,M,False,1,19591.803757275688,0.7257508461600123,9795.901878637844
SWE,RUH,M4,private,F,True,1,19381.070893646825,0.7360756609653766,9690.535446823413
MARKETING,RUH,D3,public,M,False,1,19364.659748424492,0.41270043705508697,9682.329874212246
DATA,QAS,IC4,startup,M,True,1,19190.710046241453,0.5511888766284875,9595.355023120726
SUPPLY,ASR,IC5,semigov,M,True,1,19117.378197610025,0.5482286001681052,9558.689098805013
DESIGN,NOR,IC5,pif_backed,M,False,1,18996.471945705864,0.48762103129711687,9498.235972852932
FIN,EST,IC5,private,M,False,2,18939.447028569015,0.37576454086551214,9469.723514284507
HR,QAS,IC5,semigov,M,True,1,18878.310795481353,0.5322879516917121,9439.155397740677
OPS,RUH,M3,startup,F,True,1,18875.165538899902,0.453123561303897,9437.582769449951
SWE,JAZ,D3,pif_backed,M,False,1,18834.442289967177,0.2080857695608313,9417.221144983589
HEALTH,JAZ,IC6,public,M,True,1,18678.575697057386,0.5355776463885003,9339.287848528693
DATA,EST,M3,startup,M,True,1,18581.40569965163,0.8223105310472483,9290.702849825815
SWE,EST,IC6,private,M,True,1,18428.60757040683,0.6813786396394459,9214.303785203416
EDU,EST,M3,private,F,True,1,18409.311282198687,0.4595890127453641,9204.655641099343
SALES,RUH,IC5,mnc,M,True,1,18354.997999569263,0.34972612563179856,9177.498999784631
CUSTOMER,RUH,IC5,mnc,M,True,2,18291.816134454875,0.37128590478566414,9145.908067227438
FIN,TAB,M1,public,M,True,1,18227.32628506939,0.5178741453700826,9113.663142534695
DATA,EST,IC4,private,M,True,1,18217.592216516245,0.5010096380515202,9108.796108258122
OPS,MAD,IC4,semigov,M,False,1,18192.314575289514,0.6190763757737304,9096.157287644757
CUSTOMER,JED,IC6,pif_backed,M,True,1,18179.04077150716,0.44949727509441445,9089.52038575358
PM,RUH,IC4,private,M,True,3,18120.820126738312,0.30215687096530836,9060.410063369156
MARKETING,RUH,IC6,private,M,True,1,18099.596527276404,0.40504270447618873,9049.798263638202
ENG_ELEC,RUH,D3,public,M,True,1,18018.211385093447,0.5351886217790357,9009.105692546724
ENG_CIVIL,RUH,VP,private,M,True,1,17915.54956512258,0.6239438577501298,8957.77478256129
SALES,RUH,SVP,public,F,True,1,17912.751669219317,0.5426641373259316,8956.375834609658
FIN,RUH,M3,mnc,M,True,2,17870.20186664033,1.1028856970645144,8935.100933320165
SALES,RUH,M4,semigov,M,True,1,17867.204236451507,0.26829152695958175,8933.602118225754
SALES,NJR,M4,public,M,False,1,17786.70562799752,0.9730725534508086,8893.35281399876
ENG_CIVIL,TAB,D1,private,M,True,1,17774.112274710802,0.3366086012236083,8887.056137355401
FIN,RUH,M3,private,M,True,1,17724.827572365877,1.1429355624629793,8862.413786182939
SWE,JAZ,M3,private,M,True,1,17680.018859440046,0.4118630132835009,8840.009429720023
ENG_MECH,RUH,IC3,public,M,True,1,17679.78306727251,0.5315002882183613,8839.891533636255
MARKETING,RUH,IC5,startup,M,False,1,17658.43756884877,0.46998878870694194,8829.218784424385
HEALTH,MAK,IC4,private,F,True,1,17607.548565230503,0.63245345881783,8803.774282615252
MARKETING,JED,M1,mnc,M,True,1,17528.197420282104,0.40460688549421947,8764.098710141052
HEALTH,ASR,M2,private,M,True,1,17420.77961741971,0.5370077864931543,8710.389808709855
DATA,QAS,M4,public,F,True,1,17405.758890957804,0.3205069053006972,8702.879445478902
SWE,MAK,M3,private,M,True,1,17385.819519605633,0.7925582592715205,8692.909759802817
DATA,RUH,IC4,private,F,False,1,17255.296453577503,0.42021662528078907,8627.648226788751
FIN,MAK,D3,private,M,True,1,17123.20573672137,0.18015582388521437,8561.602868360686
FIN,QAS,M2,private,M,True,1,17039.97534143026,0.37290865763040854,8519.98767071513
MARKETING,RUH,IC5,private,F,True,2,17001.0637889049,0.3430800675695872,8500.53189445245
SWE,RUH,M2,startup,M,True,1,16961.654376479713,0.3474299324396566,8480.827188239857
CUSTOMER,EST,IC4,public,M,True,1,16957.75799240756,0.6038851039456276,8478.87899620378
CUSTOMER,MAK,IC6,private,M,True,1,16904.63325665798,0.4717677835379746,8452.31662832899
HEALTH,JED,CXO,private,M,True,1,16856.98365417555,0.40026716925510986,8428.491827087775
OPS,ASR,M1,pif_backed,F,True,1,16833.085567290713,0.5467804842388708,8416.542783645356
ENG_MECH,QAS,M1,public,M,True,1,16807.203116484372,0.5478801112008255,8403.601558242186
DATA,RUH,IC6,private,M,False,1,16742.791533656462,0.28806666089120714,8371.395766828231
HR,EST,IC4,semigov,M,False,1,16706.696790704642,0.4927846833919564,8353.348395352321
ENG_CIVIL,MAK,IC4,pif_backed,M,False,1,16706.46534976556,0.5617212193901584,8353.23267488278
HR,BAH,M3,semigov,F,True,1,16646.431164019108,2.074675821793765,8323.215582009554
FIN,MAK,M3,private,F,True,1,16581.105785665965,0.8419544524724016,8290.552892832982
DATA,EST,IC6,semigov,F,True,1,16568.748031052404,0.30783260056180267,8284.374015526202
ENG_MECH,RUH,IC6,public,M,False,1,16527.401303164504,0.3933934101161682,8263.700651582252
FIN,RUH,M3,startup,F,False,1,16422.853507349526,0.6766755009536305,8211.426753674763
SWE,RUH,M4,private,M,True,1,16361.448702107002,0.2548983940035477,8180.724351053501
HEALTH,EST,IC4,private,M,True,1,16355.212124984057,0.5216251442378967,8177.606062492028
SWE,JED,M2,public,F,True,1,16284.961922820603,0.9689790276878507,8142.4809614103015
ENG_MECH,RUH,M2,private,M,True,3,16276.599630328035,0.5408000984859066,8138.299815164018
MARKETING,JED,D3,private,M,False,1,16233.349332052036,0.2380762674183226,8116.674666026018
MARKETING,EST,M2,semigov,F,False,1,16232.05216031623,0.5787100198767369,8116.026080158115
SALES,RUH,M2,pif_backed,M,False,1,16174.986902338453,1.273247062267417,8087.493451169226
MARKETING,RUH,D2,startup,F,False,1,16068.825440370041,0.27363041017880835,8034.412720185021
FIN,RUH,IC4,pif_backed,M,False,2,16022.948196073256,0.43847670903580277,8011.474098036628
DESIGN,TAB,VP,mnc,M,True,1,15985.503402577182,0.19637583323600452,7992.751701288591
SWE,RUH,M3,semigov,M,True,2,15950.212828445792,0.4233450874530391,7975.106414222896
DATA,EST,M2,private,F,False,1,15904.435934568552,1.235414018936842,7952.217967284276
SWE,RUH,IC6,mnc,M,True,2,15885.258552140767,0.536497356478754,7942.629276070384
PM,TAB,IC5,public,M,True,1,15821.167815230616,0.4855999791051076,7910.583907615308
ENG_ELEC,JED,M5,private,M,True,1,15805.351350194993,0.7892778131320819,7902.675675097496
SWE,JAZ,M3,public,M,True,1,15752.244045795116,0.7639062806359215,7876.122022897558
SWE,EST,M4,semigov,F,False,1,15586.766932036182,0.7105506488384113,7793.383466018091
SWE,EST,IC3,mnc,F,False,1,15468.208648222706,0.4766986520600638,7734.104324111353
ENG_ELEC,RUH,IC5,pif_backed,M,True,1,15397.242334823168,0.31998857674810866,7698.621167411584
FIN,RUH,M1,private,M,True,1,15330.15731882304,0.41295255131813585,7665.07865941152
OPS,RUH,IC6,public,M,True,1,15246.411619357346,0.36264956855612346,7623.205809678673
DESIGN,EST,IC5,private,M,False,1,15192.85875916227,0.46340417373143017,7596.429379581135
SWE,EST,IC6,private,F,True,1,15138.18984902693,0.2748307673166253,7569.094924513465
PM,MAK,M1,startup,M,True,1,15116.96055276275,0.43562631287666415,7558.480276381375
SALES,RUH,M3,private,F,True,2,14963.580561441839,0.4275157326021651,7481.790280720919
DATA,EST,M1,semigov,M,False,1,14957.020908156883,0.34578917612629007,7478.510454078441
HEALTH,EST,M1,public,F,True,1,14907.367856774768,0.516777176559437,7453.683928387384
CUSTOMER,RUH,M3,mnc,F,True,1,14880.771679500172,0.31413696462532925,7440.385839750086
OPS,JED,M4,public,F,True,1,14876.176753898535,1.3787450708687061,7438.0883769492675
MARKETING,RUH,IC4,mnc,F,True,2,14858.678277454432,0.7697775245430352,7429.339138727216
PM,EST,IC5,mnc,M,True,1,14802.195526627758,0.8652404121106196,7401.097763313879
PM,TAB,IC3,mnc,M,False,1,14759.500913355248,0.5194172516181397,7379.750456677624
SALES,EST,M3,pif_backed,M,False,1,14741.23367359001,0.26922046148250645,7370.616836795005
SWE,MAK,IC5,public,F,True,2,14724.98407777058,0.27996173218194476,7362.49203888529
SALES,RUH,M3,pif_backed,M,False,1,14650.083358517822,0.6927159492338002,7325.041679258911
DATA,JED,IC4,mnc,M,True,1,14630.615022086222,0.38726630392975986,7315.307511043111
DESIGN,EST,M3,public,M,False,1,14563.380790756699,0.4176180361871693,7281.690395378349
SWE,RUH,IC5,semigov,M,True,1,14484.559103480631,0.7879880045632683,7242.279551740316
DATA,HAI,M5,private,F,True,1,14455.211348223012,0.2197709026092835,7227.605674111506
ENG_ELEC,JED,IC4,startup,F,True,1,14413.492174277475,1.933505689015422,7206.7460871387375
ENG_CIVIL,EST,M3,public,M,True,1,14390.871574663368,0.39024208661014786,7195.435787331684
ENG_CIVIL,RUH,IC5,public,M,False,1,14340.599755539764,0.49971407917034777,7170.299877769882
FIN,MAD,M1,pif_backed,M,True,1,14303.687558600373,0.3702594113823702,7151.843779300187
ENG_ELEC,JED,M2,public,M,True,1,14280.46005175908,0.3996329554412158,7140.23002587954
FIN,JED,D1,private,F,True,1,14224.532891036637,0.24224547026178078,7112.2664455183185
SWE,TAB,IC4,semigov,M,False,1,14191.890722099435,0.48775501814143135,7095.945361049718
PM,RUH,M4,private,M,True,1,14101.062799989493,0.20822280464413334,7050.531399994747
ENG_CIVIL,ASR,IC4,pif_backed,M,True,1,14000.776096611178,0.5234935008747906,7000.388048305589
DESIGN,RUH,M2,private,M,False,1,13994.585788040316,1.340527643086314,6997.292894020158
ENG_CIVIL,RUH,D1,private,M,False,1,13833.018720408967,0.28987204659926186,6916.5093602044835
PM,NJR,IC5,private,F,False,1,13824.173993029155,2.582639885260261,6912.086996514578
MARKETING,RUH,VP,public,F,True,1,13779.057346875208,0.6727792540757788,6889.528673437604
ENG_MECH,RUH,IC4,public,M,False,3,13751.786567014185,0.4464291422453837,6875.893283507093
ENG_MECH,EST,IC5,public,M,False,1,13728.095940547959,0.5080656313673546,6864.047970273979
LEGAL,RUH,IC5,public,F,True,1,13726.296969420066,0.8737187922127068,6863.148484710033
SALES,JAZ,IC3,semigov,M,False,1,13715.111826644028,0.5560556183516735,6857.555913322014
SALES,RUH,M2,public,M,False,1,13713.801278473446,0.8801465656184281,6856.900639236723
HEALTH,RUH,IC6,startup,M,True,1,13656.13652327225,0.37397679163304437,6828.068261636125
SWE,RUH,IC5,startup,F,True,1,13621.323609559517,0.3155148892471883,6810.661804779758
OPS,RUH,M2,pif_backed,M,True,1,13559.402763211481,0.35044324916582514,6779.701381605741
SWE,RUH,IC4,private,F,False,1,13509.030547451932,1.7329801119464818,6754.515273725966
SWE,MAK,IC5,private,M,True,1,13489.066787329088,0.37513552082032403,6744.533393664544
LEGAL,RUH,IC5,pif_backed,F,False,1,13477.073604391982,1.4930034723625798,6738.536802195991
EDU,MAK,D2,public,M,True,1,13471.738820746643,0.314619703084665,6735.869410373321
ENG_MECH,RUH,IC4,private,F,True,1,13446.665371036928,0.3704850334052885,6723.332685518464
SALES,RUH,M2,startup,F,True,1,13433.769611537831,0.8793777095815998,6716.884805768916
ENG_CIVIL,EST,D1,semigov,M,True,1,13426.61749599432,0.753386745581467,6713.30874799716
SUPPLY,HAI,IC6,private,M,True,1,13420.877692973356,0.5110297410891059,6710.438846486678
PM,RUH,IC3,startup,F,False,1,13384.66685302749,0.5340453657804055,6692.333426513745
SWE,HAI,IC5,private,F,True,1,13349.183117836099,0.4123795297052248,6674.5915589180495
SWE,MAD,M3,public,M,False,1,13335.149566616976,0.33857501927372796,6667.574783308488
PM,RUH,IC4,public,M,True,2,13306.99466930741,0.8775774864913033,6653.497334653705
HR,RUH,M2,mnc,M,False,1,13238.20236533265,0.40702472381690535,6619.101182666325
DATA,RUH,IC5,public,M,True,1,13223.262569331077,0.2766682003665488,6611.631284665538
SALES,MAD,IC5,private,M,True,2,13218.2875051976,0.5793284441342923,6609.1437525988
PM,RUH,M2,private,M,False,1,13182.581756164796,0.747055249509794,6591.290878082398
ENG_ELEC,TAB,IC4,public,M,True,1,13181.726545943737,0.3996998867142889,6590.863272971868
PM,MAD,M2,semigov,F,True,1,13132.139426965236,0.8907680742510414,6566.069713482618
DATA,NJR,M3,public,M,False,1,13110.95215565234,0.31877820181431044,6555.47607782617
HEALTH,RUH,M3,private,M,False,1,13098.199990328972,0.3294109596840885,6549.099995164486
SALES,TAB,IC4,semigov,M,True,1,13028.737380781833,0.5925975609168747,6514.3686903909165
ENG_ELEC,RUH,IC4,mnc,M,False,1,13003.50619875165,0.49825585431676506,6501.753099375825
FIN,EST,IC4,private,M,False,1,12965.10020778318,1.5956064497917888,6482.55010389159
SWE,MAK,M3,private,F,False,1,12955.33085740055,0.29118743579993583,6477.665428700275
DATA,RUH,IC4,pif_backed,M,True,1,12952.929519162342,0.34060474880131203,6476.464759581171
ENG_MECH,RUH,IC5,startup,M,False,1,12952.789936805268,0.4018261605018074,6476.394968402634
SALES,JED,VP,private,M,True,1,12949.478783577186,0.19004425617026166,6474.739391788593
OPS,RUH,M3,private,M,True,2,12882.251390203777,0.33226262946662455,6441.125695101889
EDU,MAK,IC4,startup,M,True,1,12880.276994414808,0.534384141513113,6440.138497207404
SALES,RUH,IC6,private,F,False,1,12847.39158465822,0.2828587076007395,6423.69579232911
SWE,RUH,M2,private,M,True,2,12835.675760838089,0.343358729159834,6417.837880419044
MARKETING,RUH,D1,private,M,True,1,12833.868048733024,0.4267426851725517,6416.934024366512
DESIGN,ASR,IC4,semigov,M,True,1,12828.164730867902,0.40652409977103693,6414.082365433951
DATA,RUH,M3,private,F,True,2,12757.07624639537,0.46328977292588425,6378.538123197685
EDU,RUH,M4,private,M,True,2,12738.429699812974,0.23837820556479647,6369.214849906487
FIN,HAI,D1,mnc,F,False,1,12679.022631169584,0.5850740457744792,6339.511315584792
SALES,RUH,M1,pif_backed,F,False,1,12677.870067826083,1.0069665570434436,6338.9350339130415
FIN,EST,IC5,pif_backed,F,True,1,12666.72199092844,0.7103278218263592,6333.36099546422
FIN,ASR,IC5,private,F,True,1,12646.651496586695,0.3492108918746433,6323.325748293348
MARKETING,JED,IC5,semigov,F,True,1,12639.300364546516,2.321697939295722,6319.650182273258
DATA,RUH,M1,semigov,M,False,1,12613.37952700683,0.5850369702280118,6306.689763503415
ENG_ELEC,RUH,IC3,semigov,M,True,2,12611.61797615848,0.4361516765050105,6305.80898807924
SWE,EST,M3,public,M,True,1,12598.598412155807,0.5869614105485814,6299.299206077903
SALES,RUH,IC6,public,M,False,2,12580.804580745093,0.34454290849364083,6290.402290372546
ENG_CIVIL,RUH,IC5,private,F,True,1,12553.500062092655,0.4176984233732988,6276.750031046327
DATA,JED,IC4,semigov,F,True,1,12541.04853325398,0.3911120979898388,6270.52426662699
SWE,NJR,IC4,public,F,True,1,12493.745888471316,2.3209461360999204,6246.872944235658
ENG_ELEC,EST,M1,private,F,False,1,12442.518090333862,0.535363779657792,6221.259045166931
FIN,RUH,M1,private,F,True,1,12440.379008435448,0.35302551264994464,6220.189504217724
SALES,JED,IC5,startup,M,True,1,12416.702746652252,0.8058487410073871,6208.351373326126
PM,EST,IC3,private,F,False,1,12409.467890743927,0.4295228039573147,6204.733945371963
DATA,RUH,IC5,private,M,False,1,12349.655500359098,0.26467691585051956,6174.827750179549
FIN,QAS,M3,semigov,F,True,1,12335.976774661343,0.49895108339493427,6167.988387330672
ENG_MECH,ASR,IC4,semigov,F,False,1,12303.229559333236,0.5913530142595578,6151.614779666618
ENG_CIVIL,JED,M1,pif_backed,M,False,1,12292.758856681663,0.30670915693576406,6146.3794283408315
SUPPLY,MAD,IC5,private,F,False,1,12278.843140828576,0.5304764603011808,6139.421570414288
FIN,EST,D2,public,F,False,1,12264.838661684575,0.261677133783412,6132.419330842287
SWE,JED,IC6,semigov,F,True,1,12228.237649599425,0.4155045863162546,6114.1188247997125
EDU,EST,IC6,mnc,F,False,1,12213.087559618183,0.4019251844527575,6106.543779809092
SWE,JED,M2,private,F,False,1,12166.059543086756,0.9274233098076293,6083.029771543378
ENG_MECH,ASR,IC3,startup,M,True,1,12163.481050650507,0.5007657980420765,6081.740525325254
SWE,EST,IC6,semigov,M,True,1,12162.520068587539,0.26318321370111786,6081.260034293769
LEGAL,JED,IC5,private,M,True,1,12158.127156604882,0.665555803166852,6079.063578302441
ENG_ELEC,EST,M3,pif_backed,M,False,1,12149.951359627328,0.2955448289695254,6074.975679813664
MARKETING,EST,IC5,private,M,True,3,12145.737288863069,0.4403402413379813,6072.868644431534
OPS,QAS,D2,public,F,True,1,12132.903228105894,0.6888446489411133,6066.451614052947
ENG_ELEC,JED,IC4,semigov,M,True,1,12127.338592580883,0.39104124254523703,6063.669296290442
DATA,MAD,M2,semigov,M,False,1,12125.31988031036,0.8072643136876699,6062.65994015518
PM,RUH,VP,public,F,False,1,12124.734198468723,0.18096615505682348,6062.367099234361
DATA,RUH,IC3,private,M,True,1,12112.669009551588,2.125074389206718,6056.334504775794
SWE,EST,IC5,public,M,True,2,12090.197700459119,0.8343550025915287,6045.0988502295595
SWE,RUH,IC5,public,M,False,2,12078.491070965461,0.2528100902002791,6039.245535482731
ENG_CIVIL,JED,M3,semigov,M,False,1,12073.051734796274,1.3562940779415014,6036.525867398137
OPS,QAS,M3,private,M,True,1,12064.401833956563,1.1192059166353474,6032.200916978281
ENG_MECH,MAK,M3,semigov,M,False,1,11927.057329913092,0.3860613749478249,5963.528664956546
SWE,EST,IC5,mnc,M,False,1,11901.513303042299,0.2724443460803288,5950.756651521149
HR,MAD,IC5,mnc,F,False,1,11901.475674584233,0.4679772471165651,5950.737837292117
DATA,RUH,IC5,public,F,True,1,11874.910093184364,0.3210418242446772,5937.455046592182
SUPPLY,EST,IC4,startup,M,True,1,11850.220329193238,0.38115429157900244,5925.110164596619
FIN,RUH,IC6,private,M,True,1,11811.181157852174,0.3035706505542418,5905.590578926087
HEALTH,JED,M2,public,F,False,1,11747.705285511942,1.1586330869166195,5873.852642755971
DESIGN,JED,IC4,semigov,F,False,1,11747.482412211944,0.5916154114956093,5873.741206105972
DESIGN,RUH,IC5,public,M,True,2,11698.496833926623,0.5653025894063994,5849.248416963312
ENG_ELEC,RUH,M1,public,M,False,1,11698.162083364905,0.8588107701046449,5849.081041682452
PM,EST,IC4,public,F,True,1,11640.12793842671,0.40489823872686337,5820.063969213355
OPS,RUH,VP,pif_backed,F,True,1,11636.196493969699,0.15743854803370474,5818.0982469848495
SUPPLY,JED,IC6,startup,F,True,1,11612.456244929119,0.5243896282646789,5806.228122464559
SALES,NJR,M3,private,M,True,1,11488.368535341951,0.761075152126805,5744.184267670976
SWE,TAB,M2,private,M,True,1,11444.252167085637,0.30925028635787816,5722.126083542818
MARKETING,HAI,M3,private,F,True,1,11369.37581185816,0.3478255065806925,5684.68790592908
CUSTOMER,TAB,D1,public,F,False,1,11357.198454360689,1.21691614112002,5678.599227180344
SALES,EST,M4,public,M,True,1,11353.23622668931,0.20517972192589343,5676.618113344655
DATA,JED,M1,private,M,True,1,11310.188828650047,0.2950492765452536,5655.0944143250235
DATA,RUH,IC2,semigov,M,True,2,11234.431846455882,0.3639178318586503,5617.215923227941
EDU,RUH,M1,mnc,M,False,2,11234.263669186515,0.36426312048469284,5617.131834593258
EDU,RUH,M2,private,M,True,1,11219.397317437324,0.382298340164892,5609.698658718662
PM,QAS,IC3,private,M,True,1,11151.155635185432,0.4218480110579091,5575.577817592716
ENG_MECH,RUH,IC5,mnc,F,False,1,11108.381169577693,0.46048138176060904,5554.1905847888465
SALES,RUH,IC5,semigov,M,True,2,11095.197440345204,0.8540037565453508,5547.598720172602
SWE,RUH,M4,private,M,False,2,11075.064450886744,0.2571569687128574,5537.532225443372
EDU,EST,IC5,pif_backed,F,True,1,11073.829675093524,0.41261493146118106,5536.914837546762
ENG_CIVIL,EST,M4,private,M,False,1,11054.395052979256,0.3333879727357633,5527.197526489628
DATA,HAI,IC3,private,F,True,1,11042.447716217257,0.4075397223002606,5521.2238581086285
OPS,RUH,IC4,public,M,True,2,11016.888355719917,0.38557914854065084,5508.4441778599585
SALES,NJR,M2,pif_backed,M,False,1,10993.30447818551,0.6071485287389582,5496.652239092755
ENG_ELEC,EST,M5,public,M,True,1,10950.10406851738,0.26981665131192184,5475.05203425869
HEALTH,RUH,VP,private,M,True,1,10947.870763036532,0.24599049107985282,5473.935381518266
HR,RUH,M4,public,F,False,1,10931.66698588666,0.7968221619734458,5465.83349294333
CUSTOMER,EST,M1,mnc,F,True,1,10913.827544666681,0.43325051972490825,5456.913772333341
MARKETING,RUH,D2,pif_backed,F,False,1,10886.13551551411,0.2870779988943734,5443.067757757055
ENG_MECH,QAS,IC6,mnc,M,True,1,10861.320063792758,0.3568357465155334,5430.660031896379
SALES,EST,IC4,public,M,True,1,10855.908640149024,0.33026898895795315,5427.954320074512
OPS,EST,D2,private,M,True,1,10851.328977714795,0.4208492659005224,5425.664488857397
MARKETING,QAS,M4,semigov,F,True,1,10846.2453639382,0.6289723999479367,5423.1226819691
SWE,HAI,IC4,mnc,M,True,1,10841.327008242715,0.3185457933814262,5420.663504121358
SWE,JED,IC3,public,M,True,1,10824.659301891199,1.5792255353693752,5412.3296509455995
LEGAL,RUH,M1,mnc,F,False,1,10823.69642687836,0.7791024541896185,5411.84821343918
EDU,TAB,IC3,mnc,M,True,1,10821.261801601548,0.6052146304818975,5410.630900800774
ENG_ELEC,RUH,M5,semigov,M,True,1,10818.571968288881,0.24567534936237198,5409.285984144441
LEGAL,RUH,D1,public,M,True,1,10800.0553842671,0.22507364630914664,5400.02769213355
HR,QAS,M1,private,F,True,1,10766.734785564176,0.4163766789889217,5383.367392782088
PM,RUH,IC2,semigov,F,True,1,10717.75062083392,0.47958733502151524,5358.87531041696
HEALTH,MAK,IC4,private,F,False,1,10716.24310361662,0.48291095071800144,5358.12155180831
MARKETING,QAS,IC4,private,F,True,1,10714.87302589119,0.49598155407657185,5357.436512945595
HEALTH,RUH,IC6,startup,F,True,1,10704.930553214284,1.123398378561399,5352.465276607142
SALES,RUH,M2,mnc,F,False,2,10698.235890304768,0.6579040945013028,5349.117945152384
SWE,EST,M3,private,M,True,1,10679.316578403763,0.20680414816807363,5339.658289201881
ENG_MECH,EST,IC2,mnc,M,True,1,10670.0949018836,0.5721650813965208,5335.0474509418
HEALTH,RUH,IC5,private,F,False,3,10650.562360388149,0.3811770481872598,5325.281180194074
DATA,RUH,M2,private,M,False,2,10637.712274734457,0.2563210294121906,5318.856137367228
ENG_ELEC,ASR,IC4,public,F,False,1,10632.278687936996,0.4936889928134193,5316.139343968498
SWE,RUH,IC5,semigov,F,True,2,10630.848071593013,0.235578124604727,5315.424035796506
DESIGN,EST,IC2,private,M,True,1,10627.690508178772,0.5043541681225772,5313.845254089386
HEALTH,QAS,M2,pif_backed,F,False,1,10624.662523735558,0.3232150138290395,5312.331261867779
DESIGN,JAZ,IC4,pif_backed,M,False,1,10605.903936282153,0.4751368029303274,5302.951968141077
DATA,ASR,IC4,private,M,True,1,10533.44432325214,2.1818446867295127,5266.72216162607
DATA,BAH,IC6,startup,M,True,1,10525.690877875653,0.6901861562580959,5262.845438937827
MARKETING,JED,IC4,pif_backed,F,True,1,10514.930514344123,0.39641540516048895,5257.465257172062
SWE,MAK,M2,public,M,True,1,10508.285316469912,0.5675429813274308,5254.142658234956
FIN,RUH,IC5,semigov,M,False,1,10497.452699284473,0.3243885244677493,5248.7263496422365
HEALTH,TAB,M1,private,M,False,1,10469.594129855268,0.4512759980765185,5234.797064927634
HR,EST,M3,semigov,M,True,1,10462.90311673471,0.31537214941642827,5231.451558367355
PM,JED,IC3,pif_backed,M,True,1,10436.063878915553,0.358809248768038,5218.031939457776
PM,RUH,IC5,semigov,M,False,1,10430.346942584325,0.2701107169164048,5215.1734712921625
SWE,EST,M3,private,F,True,1,10419.444836048428,0.3259639704917572,5209.722418024214
DATA,HAI,IC6,private,M,False,1,10384.365402951666,0.2895179295443338,5192.182701475833
PM,RUH,IC4,semigov,M,True,1,10370.729385318558,0.3389411916399043,5185.364692659279
SALES,QAS,M1,private,F,True,1,10369.80495233972,0.40715095188891837,5184.90247616986
SWE,RUH,IC4,public,F,False,2,10353.510564769087,0.3692061388796301,5176.7552823845435
EDU,EST,D1,public,M,True,1,10340.443940281817,0.2916953866231479,5170.2219701409085
SWE,RUH,IC4,private,M,False,3,10337.96724894036,0.2419937603570201,5168.98362447018
MARKETING,RUH,M1,private,F,True,1,10333.26994367995,1.2235049302041352,5166.634971839975
SWE,EST,IC4,public,M,True,2,10326.743473746974,0.5188689706161755,5163.371736873487
ENG_ELEC,JED,IC4,public,M,True,1,10312.440138605021,0.4407807426789376,5156.220069302511
FIN,EST,IC6,public,M,True,1,10303.85366971311,0.24332921960946594,5151.926834856555
SWE,MAK,IC4,mnc,F,False,1,10300.506286858215,0.8050522192837432,5150.253143429108
FIN,EST,IC2,pif_backed,M,False,1,10286.858346189414,0.4446950075711768,5143.429173094707
PM,RUH,M3,semigov,M,False,1,10264.13551204688,0.22639719151301602,5132.06775602344
FIN,EST,M3,private,M,True,1,10240.297753900988,0.23437594992513433,5120.148876950494
FIN,BAH,M4,private,F,True,1,10202.784556381408,0.5641242236496732,5101.392278190704
EDU,RUH,IC6,mnc,F,True,1,10185.440307147053,0.8771364740506327,5092.720153573527
ENG_ELEC,JED,IC5,pif_backed,M,True,1,10171.629629508916,0.5203731367542982,5085.814814754458
SALES,JED,M3,private,F,False,1,10166.994859837378,0.3850170415603282,5083.497429918689
DATA,JED,M4,private,M,False,1,10159.965746587084,0.18425318625044199,5079.982873293542
MARKETING,RUH,D2,mnc,F,False,1,10157.831509479474,0.19046345957505345,5078.915754739737
SALES,RUH,IC3,private,M,False,1,10112.049228772375,1.644446884847383,5056.024614386188
SUPPLY,EST,IC3,semigov,M,True,1,10015.920217669121,0.3307018362969658,5007.960108834561
SWE,JED,IC5,private,M,True,2,9993.122456593124,0.6667669398869277,4996.561228296562
ENG_MECH,JED,IC5,mnc,M,False,1,9986.121726365098,0.34464113812207375,4993.060863182549
ENG_ELEC,MAK,IC6,private,M,True,1,9981.38718051858,0.3589742667951283,4990.69359025929
HEALTH,MAD,M2,private,M,True,2,9980.242049745506,1.053000948102004,4990.121024872753
MARKETING,JAZ,M3,private,M,False,1,9962.712687910494,0.7852316305364442,4981.356343955247
SWE,RUH,M1,private,F,True,3,9942.45496468386,0.4620158019718927,4971.22748234193
DATA,RUH,IC3,mnc,M,True,3,9935.025730927535,0.27190994611752445,4967.512865463767
CUSTOMER,NJR,M3,semigov,F,True,1,9901.36919380829,0.8017562669081014,4950.684596904145
ENG_ELEC,JED,M1,semigov,M,False,1,9812.894522617928,0.40092019067785895,4906.447261308964
LEGAL,QAS,M3,semigov,M,False,1,9784.060995240274,0.2784330949489715,4892.030497620137
LEGAL,JED,IC4,private,F,True,1,9778.403752232309,0.2784123393880053,4889.201876116154
DATA,JED,IC4,semigov,M,True,1,9769.802610889423,0.329236251190074,4884.901305444711
DATA,QAS,M1,private,F,True,1,9769.52563756701,0.3347067931499635,4884.762818783505
ENG_MECH,RUH,M2,semigov,M,False,1,9743.977538950086,1.1331049681546168,4871.988769475043
SALES,RUH,IC4,private,M,False,3,9740.933786025807,0.48211457308280387,4870.466893012904
DESIGN,EST,IC4,mnc,F,False,1,9726.537122361717,0.5118346476167124,4863.268561180858
ENG_MECH,EST,M3,mnc,F,False,1,9695.483080302689,0.33219044546258647,4847.741540151344
LEGAL,RUH,M2,public,M,True,1,9675.314765897045,0.2620542315681531,4837.657382948522
SUPPLY,JED,M4,public,M,True,1,9673.152674383738,0.7051908807335487,4836.576337191869
ENG_MECH,QAS,IC3,public,M,True,2,9664.893165766647,0.3718108272800238,4832.446582883324
FIN,EST,IC4,private,F,True,1,9642.700557142452,1.067562018847871,4821.350278571226
SUPPLY,EST,IC6,private,F,False,1,9596.768912738245,0.7275719733420555,4798.384456369123
DATA,RUH,M1,public,F,True,2,9572.779232828701,0.2456536548865904,4786.389616414351
DATA,RUH,IC2,startup,M,False,1,9533.793460700572,0.5071876257529948,4766.896730350286
SALES,EST,M2,semigov,F,True,1,9526.596034937676,0.22460785170438016,4763.298017468838
HR,RUH,M2,private,M,True,1,9497.424160889279,0.7133952749073859,4748.7120804446395
PM,JED,IC3,public,M,True,1,9496.986046144973,0.4213109967409004,4748.493023072487
CUSTOMER,JAZ,D2,mnc,M,True,1,9465.47779871486,0.31875028577357306,4732.73889935743
LEGAL,RUH,IC4,private,M,True,2,9426.591106172602,0.3124803193451592,4713.295553086301
SUPPLY,QAS,M2,semigov,M,False,1,9423.500222835619,0.5022745986006357,4711.750111417809
FIN,EST,IC5,semigov,M,True,1,9388.564013674968,0.2484386593076728,4694.282006837484
SUPPLY,EST,IC5,private,M,True,1,9374.368996188321,0.3718606500200053,4687.1844980941605
HEALTH,TAB,IC3,pif_backed,F,False,1,9354.80058444221,0.5298060083967808,4677.400292221105
HEALTH,EST,M4,private,M,False,1,9349.923957806976,0.4958496231144688,4674.961978903488
PM,RUH,IC5,mnc,M,False,1,9341.788809492802,0.41787522995478965,4670.894404746401
ENG_CIVIL,RUH,IC3,public,F,False,1,9340.573457315906,0.5684950994541142,4670.286728657953
SWE,TAB,D1,startup,M,False,1,9334.750675443069,0.31589392162721586,4667.375337721534
SWE,JED,M2,public,M,True,1,9286.743925324092,0.31590110921608616,4643.371962662046
HEALTH,RUH,M2,semigov,F,False,1,9273.949202431271,0.8994132738794631,4636.974601215636
HEALTH,MAK,IC4,public,M,True,1,9205.993523764899,0.37438321983479705,4602.996761882449
CUSTOMER,JED,M3,public,M,True,1,9172.83710726587,1.7774370401099597,4586.418553632935
OPS,RUH,IC3,semigov,M,True,1,9155.212049767866,0.5653588509659581,4577.606024883933
DATA,MAD,IC6,private,F,False,1,9150.918038188862,0.6756571519211371,4575.459019094431
SWE,EST,M1,private,M,False,1,9145.992417953508,0.33418416822030556,4572.996208976754
SWE,RUH,M1,private,M,True,2,9138.907973940548,0.5849748045468586,4569.453986970274
SWE,BAH,IC5,public,M,True,1,9130.07439081557,0.6482204180537194,4565.037195407785
CUSTOMER,TAB,M4,private,M,True,1,9109.2645036026,0.26112798923534347,4554.6322518013
FIN,EST,IC4,public,F,True,2,9098.737343780878,0.2403095290533671,4549.368671890439
ENG_ELEC,EST,IC4,mnc,F,True,1,9093.848403790063,0.4638443001536855,4546.924201895032
PM,EST,M3,private,F,False,1,9072.93024009667,0.46426993669631866,4536.465120048335
ENG_ELEC,RUH,M1,private,M,False,1,9072.002910018662,0.9780913758306996,4536.001455009331
HR,EST,IC5,public,M,True,1,9055.85234045744,0.34000433799660895,4527.92617022872
HR,MAK,IC5,private,F,True,1,9015.234052350472,0.3299002659388363,4507.617026175236
SWE,ASR,IC4,public,M,True,1,9010.51413794403,0.7184524204280831,4505.257068972015
ENG_CIVIL,RUH,IC3,pif_backed,M,True,1,9002.048581002513,0.4484670937926109,4501.0242905012565
ENG_CIVIL,RUH,IC6,semigov,M,False,2,8986.610527025434,0.2479055771665419,4493.305263512717
HEALTH,RUH,IC4,public,M,True,1,8970.620113691737,0.3435369959820721,4485.3100568458685
ENG_MECH,RUH,D2,private,F,False,1,8962.267031905187,0.428242677249542,4481.133515952593
SWE,RUH,IC4,mnc,F,False,1,8961.002899411033,0.7018917546670211,4480.501449705516
SUPPLY,QAS,M4,public,M,True,1,8950.18808313024,0.21810119202907435,4475.09404156512
HEALTH,HAI,IC4,private,F,False,1,8934.80897472678,0.49143877068524483,4467.40448736339
CUSTOMER,MAK,IC4,private,F,True,1,8911.95855843911,1.5040797946460975,4455.979279219555
DESIGN,RUH,IC4,pif_backed,F,False,1,8908.231197025623,0.3471121701594782,4454.115598512812
HEALTH,JED,M1,private,M,True,1,8908.143215630265,0.3355837026639924,4454.071607815133
SALES,JED,IC4,private,M,True,2,8895.479441094934,0.32951974573031256,4447.739720547467
LEGAL,EST,IC5,private,F,False,1,8890.844874234794,0.7834924292420933,4445.422437117397
HEALTH,MAK,IC4,public,F,False,1,8887.604238734611,0.41852893519645135,4443.802119367306
CUSTOMER,RUH,M2,startup,F,True,1,8887.226978795212,0.5790105393771976,4443.613489397606
SWE,MAK,IC4,private,M,False,2,8855.331767793456,0.4056434860682388,4427.665883896728
ENG_MECH,RUH,IC5,private,M,True,2,8809.315449988604,0.3433782798082972,4404.657724994302
HEALTH,MAK,IC3,semigov,F,True,1,8808.071020122548,0.4474011283541505,4404.035510061274
SWE,JED,M2,semigov,M,True,1,8793.605310923886,0.44917194244803493,4396.802655461943
HEALTH,EST,M2,semigov,M,False,1,8752.098142286148,0.31472880269494835,4376.049071143074
FIN,RUH,IC2,public,F,False,1,8742.241912029513,0.5221814606239072,4371.120956014756
PM,EST,IC3,mnc,M,False,1,8723.628093997722,0.3798308406705285,4361.814046998861
SWE,MAD,IC3,private,M,False,2,8699.449945616978,0.7717461038874316,4349.724972808489
FIN,EST,IC4,private,M,True,3,8694.766162134072,0.26992110980027634,4347.383081067036
PM,RUH,M1,private,M,False,1,8690.273529043261,0.6841819228168875,4345.1367645216305
SWE,RUH,D1,private,M,True,1,8659.711870617735,0.23183574428088866,4329.855935308868
SALES,TAB,M4,public,F,True,1,8640.48377048639,0.7212146921308856,4320.241885243195
SUPPLY,RUH,IC4,mnc,M,True,1,8635.597115638779,0.34884817834417764,4317.798557819389
SWE,RUH,IC5,mnc,F,False,1,8613.81144029582,0.23641468054489698,4306.90572014791
HEALTH,MAK,M4,private,F,False,1,8594.94626082209,0.5751420807774932,4297.473130411045
SALES,TAB,IC4,pif_backed,M,True,1,8555.587930500686,0.2955018395668488,4277.793965250343
HEALTH,RUH,M4,private,M,True,1,8538.014972745375,0.22275263576447682,4269.007486372688
FIN,RUH,M4,public,M,True,1,8504.130474117046,0.13839065197395753,4252.065237058523
ENG_CIVIL,QAS,D1,pif_backed,M,True,1,8476.833828215917,0.1903022699600938,4238.416914107958
HEALTH,RUH,IC6,private,F,True,1,8472.50872914879,0.6077600043863973,4236.254364574395
DATA,RUH,M2,semigov,M,True,1,8462.289990252939,0.29156753665066254,4231.144995126469
ENG_MECH,MAK,IC4,mnc,M,True,1,8462.270878040277,0.9408691117555149,4231.135439020139
SWE,EST,IC4,semigov,M,True,2,8461.194352136155,0.20552580801446133,4230.597176068078
ENG_CIVIL,EST,M4,semigov,M,False,1,8460.361481792024,0.24875412093261826,4230.180740896012
HR,RUH,IC6,private,F,False,1,8453.527280118627,1.1000021184251716,4226.763640059314
DESIGN,BAH,IC4,semigov,F,False,1,8437.825900328446,0.4123458997823604,4218.912950164223
EDU,MAD,IC4,pif_backed,M,True,1,8401.455294682008,0.41356714673242595,4200.727647341004
ENG_CIVIL,EST,IC4,private,M,False,2,8399.297778554776,0.39167687509820676,4199.648889277388
HEALTH,RUH,IC5,public,F,False,2,8381.052286787399,0.27125895568367403,4190.526143393699
SALES,RUH,D1,public,F,False,1,8356.187491180215,0.4165989463204766,4178.093745590108
ENG_MECH,EST,M1,public,M,False,1,8318.510494778584,0.4123731363557922,4159.255247389292
SALES,EST,M3,public,F,True,1,8295.141282934848,0.396524093289122,4147.570641467424
MARKETING,RUH,M3,semigov,F,False,1,8258.250549771383,0.36373981498949215,4129.125274885691
OPS,JAZ,IC6,semigov,F,True,1,8251.785326229052,0.34708992631630303,4125.892663114526
SALES,RUH,IC5,pif_backed,F,False,1,8244.44831736818,0.26739196471059673,4122.22415868409
HR,RUH,M4,pif_backed,F,True,1,8233.062511084077,0.6920453227055277,4116.531255542039
SWE,JAZ,M1,pif_backed,M,True,1,8230.563438765757,0.7413926814117526,4115.281719382879
ENG_CIVIL,ASR,IC4,private,M,False,1,8230.089357128754,0.5051598391318929,4115.044678564377
HR,EST,VP,public,F,True,1,8214.967562488011,0.13953027220124797,4107.4837812440055
EDU,EST,M1,pif_backed,F,True,1,8204.74392456354,0.39827519974153974,4102.37196228177
SWE,EST,IC2,startup,F,False,1,8204.132669065068,0.4415267768993884,4102.066334532534
MARKETING,RUH,IC5,pif_backed,F,True,1,8199.109688442393,0.35717735164497566,4099.554844221197
MARKETING,RUH,IC5,startup,M,True,1,8197.9725334507,0.564109919467204,4098.98626672535
DESIGN,RUH,M1,private,F,True,1,8191.852223267972,0.30078156971994247,4095.926111633986
HEALTH,TAB,M2,public,F,False,1,8183.066428247785,0.368490903002426,4091.5332141238923
PM,EST,IC5,semigov,M,False,1,8176.956368613239,0.3832063330662031,4088.4781843066194
SWE,JED,IC3,semigov,M,False,1,8165.218389940902,1.727404897943227,4082.609194970451
FIN,EST,M1,pif_backed,M,True,1,8156.9978752701945,1.974993069307625,4078.4989376350973
SWE,RUH,IC2,pif_backed,M,False,1,8144.038247147217,0.4182010173137292,4072.0191235736083
OPS,JED,M3,private,M,False,1,8138.486869765175,0.5460202796200746,4069.2434348825873
LEGAL,RUH,IC3,semigov,F,True,1,8134.939650211894,1.2714975570516502,4067.469825105947
MARKETING,MAD,M3,public,F,False,1,8127.227993900583,1.2844397022340095,4063.6139969502915
LEGAL,EST,IC5,public,F,True,1,8126.371553811166,0.5677250923444568,4063.185776905583
HEALTH,JED,IC5,semigov,F,False,1,8112.488786271428,0.3310044509203437,4056.244393135714
CUSTOMER,EST,M2,private,M,True,1,8109.457518094936,0.6623047065242551,4054.728759047468
ENG_MECH,RUH,IC5,startup,M,True,1,8084.460695456462,0.27107913106239134,4042.230347728231
PM,RUH,M2,mnc,F,True,1,8084.1178081082,0.2592138472850022,4042.0589040541
FIN,RUH,IC3,semigov,M,True,2,8080.977837867463,0.367362310910296,4040.4889189337314
DATA,JED,IC4,private,M,True,1,8068.075868420357,0.34753224995812493,4034.0379342101787
PM,MAD,IC4,mnc,M,False,1,8061.358225212234,0.9603280081688267,4030.679112606117
FIN,EST,M2,public,M,True,1,8054.3471125737415,0.22803410773747312,4027.1735562868707
ENG_CIVIL,RUH,D1,pif_backed,M,False,1,8052.702309935998,0.4805297007892959,4026.351154967999
SUPPLY,BAH,IC3,public,M,False,1,8039.84709644825,0.6317391383549364,4019.923548224125
PM,RUH,M3,private,M,False,2,8038.134326273255,0.21177554282624556,4019.0671631366276
MARKETING,RUH,M3,startup,M,False,1,8022.328750979987,0.575060016184458,4011.1643754899933
HEALTH,BAH,D2,private,M,False,1,8009.4768763106695,0.3131257059495295,4004.7384381553347
HR,RUH,M4,mnc,M,True,1,8006.425359185279,0.3736094965865628,4003.2126795926397
FIN,JAZ,M1,public,M,True,1,8001.707846557343,0.37114412980209455,4000.8539232786716
HEALTH,RUH,IC6,mnc,F,True,1,7993.026108333699,0.3683956937681599,3996.5130541668495
HEALTH,TAB,IC5,private,F,True,1,7984.187258268732,0.39487286906536084,3992.093629134366
DATA,EST,IC4,private,M,False,1,7971.088169824598,0.26420174468087654,3985.544084912299
HR,RUH,VP,private,M,True,1,7968.623788492696,0.16378547895779702,3984.311894246348
LEGAL,QAS,M1,semigov,F,False,1,7967.321899671835,0.415014613720288,3983.6609498359176
CUSTOMER,MAD,IC3,mnc,M,True,1,7953.85563343468,0.590270207766022,3976.92781671734
ENG_ELEC,RUH,IC4,private,M,False,1,7940.805127611395,0.42173830592107253,3970.4025638056974
ENG_CIVIL,RUH,M2,public,M,True,2,7930.412130536417,0.26926297661811804,3965.2060652682085
OPS,TAB,IC5,startup,M,True,1,7919.061002387225,0.2742919519844614,3959.5305011936125
HEALTH,HAI,IC5,public,F,False,1,7917.897330824095,0.38480011716309964,3958.9486654120474
OPS,EST,M1,private,M,True,1,7914.544085361453,0.3297423064526747,3957.2720426807264
SALES,MAK,M4,private,M,False,1,7913.409252926591,0.17533788970229755,3956.7046264632954
SWE,JAZ,IC3,private,F,True,1,7897.943808283037,0.4527949484902257,3948.9719041415183
EDU,EST,M3,public,F,True,1,7887.022957487396,0.7354025268129195,3943.511478743698
SUPPLY,JED,IC5,private,M,False,1,7881.446204134347,0.38961010566651866,3940.7231020671734
HEALTH,EST,M2,private,M,False,1,7876.519637724101,0.26890092930359394,3938.2598188620505
SALES,JED,IC4,private,F,False,1,7868.56745413331,0.6918303831374822,3934.283727066655
DATA,RUH,IC4,private,F,True,1,7866.600347684376,0.6572539598646472,3933.300173842188
HEALTH,RUH,IC3,private,M,True,1,7862.967977137045,0.37774853543836856,3931.4839885685224
HEALTH,RUH,M3,semigov,F,True,1,7813.194470793116,0.5101704729320664,3906.597235396558
ENG_MECH,MAD,M2,private,M,True,1,7794.164278168588,0.3036724847190422,3897.082139084294
PM,RUH,IC2,pif_backed,F,False,1,7784.454917374242,0.45998282358670156,3892.227458687121
OPS,QAS,M4,private,M,True,1,7784.453533712825,0.3000825538880795,3892.2267668564127
HR,RUH,M2,semigov,F,False,1,7775.12815467532,0.7331533707691449,3887.56407733766
SWE,RUH,M4,mnc,M,True,1,7759.604502252805,0.2416410663221073,3879.8022511264026
SALES,JAZ,M1,public,M,False,1,7751.165343257643,1.3101218049678507,3875.5826716288216
EDU,RUH,IC6,mnc,M,True,1,7747.683932662614,0.33099759742089097,3873.841966331307
OPS,RUH,IC5,private,F,False,1,7740.368479269175,0.34313444508045204,3870.1842396345874
SWE,EST,IC2,mnc,M,True,1,7730.042722659946,1.3495186317492922,3865.021361329973
CUSTOMER,RUH,IC6,public,F,True,1,7725.233684957184,0.5849941377376962,3862.616842478592
HEALTH,JED,M2,mnc,F,False,1,7717.64567397911,0.4559798358786647,3858.822836989555
DATA,RUH,IC4,private,M,True,2,7667.175081104246,0.2287844467545993,3833.587540552123
SALES,RUH,IC4,private,F,True,2,7654.774140148231,0.2326424422130634,3827.3870700741154
SWE,JED,M2,public,M,False,2,7651.51235609631,0.4402667206779581,3825.756178048155
HEALTH,EST,IC4,private,F,False,2,7647.349440603879,0.38967171595911265,3823.6747203019395
SALES,RUH,IC5,pif_backed,M,True,1,7635.946183373042,0.31898834461899894,3817.973091686521
FIN,JED,IC3,semigov,M,True,1,7631.555839062003,0.5801889402696,3815.7779195310013
SALES,JED,IC2,startup,M,True,1,7625.062262329413,0.5368711099044985,3812.5311311647065
SALES,EST,M1,private,F,False,1,7620.477434295732,0.4618765093715498,3810.238717147866
SALES,JED,M2,startup,M,True,1,7618.643561877976,0.3415842359896599,3809.321780938988
MARKETING,QAS,IC3,mnc,F,True,1,7606.916124029117,1.8083116511108905,3803.4580620145584
DATA,JED,IC3,private,F,True,1,7601.519632986408,1.0798993668205321,3800.759816493204
PM,RUH,IC3,private,F,False,1,7597.919575264044,0.3052124709924188,3798.959787632022
OPS,RUH,M3,mnc,M,False,1,7581.346758460386,0.43585737453851514,3790.673379230193
HEALTH,ASR,IC5,startup,M,True,1,7577.637868349753,0.42240314550693053,3788.8189341748766
SALES,RUH,IC6,private,M,True,1,7568.11808028956,0.3188086179891342,3784.05904014478
DESIGN,RUH,IC5,mnc,M,True,1,7563.0417553794905,0.36492571997422857,3781.5208776897452
DATA,JED,IC4,mnc,M,False,1,7559.283717083195,0.29746250346612835,3779.6418585415977
DATA,ASR,IC6,private,M,True,1,7545.145530086094,0.22781704244187667,3772.572765043047
FIN,MAD,D1,public,M,True,1,7544.702804757115,0.36276952408038826,3772.3514023785574
HEALTH,JED,IC2,private,F,True,1,7543.3153871673985,0.5096807170750022,3771.6576935836993
SWE,MAD,IC4,private,M,True,2,7526.948706640776,0.2829841352586096,3763.474353320388
ENG_ELEC,RUH,IC5,private,M,True,4,7517.641947363175,0.24805362370688738,3758.8209736815875
SWE,JED,IC4,public,M,False,2,7497.533551477991,0.597659590759533,3748.7667757389954
SUPPLY,EST,IC4,private,M,True,1,7492.703899051745,0.5481963531431078,3746.3519495258724
HEALTH,ASR,M3,private,F,True,1,7483.490614938566,0.730959534175814,3741.745307469283
SALES,TAB,IC5,public,M,False,2,7481.778117153021,0.9018344359707654,3740.8890585765107
FIN,NOR,D2,private,F,True,1,7442.346438861026,0.44936251329766297,3721.173219430513
HR,JED,IC5,private,F,True,1,7424.391299114206,0.6593826339557236,3712.195649557103
FIN,EST,M1,private,M,True,1,7403.675936912219,0.23659124762326975,3701.8379684561096
SWE,RUH,IC4,private,F,True,1,7393.519058555452,0.879444828739216,3696.759529277726
DATA,RUH,M1,private,M,False,2,7386.95762706843,0.2520609640425651,3693.478813534215
DATA,EST,IC4,startup,M,True,1,7384.895053631608,0.7550739495919995,3692.447526815804
HR,RUH,IC1,mnc,M,True,1,7384.610735105537,0.5171408297452912,3692.3053675527685
DATA,ASR,IC4,public,M,False,1,7383.732914285782,0.3006355722191031,3691.866457142891
EDU,RUH,D1,public,M,True,1,7379.74376963688,0.4110755719962523,3689.87188481844
ENG_CIVIL,EST,IC6,private,M,True,1,7377.5201649763185,0.7237262026895092,3688.7600824881592
HR,EST,M1,private,F,True,1,7370.806993545717,0.3095012785389493,3685.4034967728585
LEGAL,RUH,D2,startup,F,True,1,7369.639939217173,0.13497756257838373,3684.8199696085867
FIN,NJR,IC5,semigov,M,False,1,7369.5918918276675,0.4514685419777296,3684.7959459138337
SALES,EST,D2,private,F,False,1,7363.360201079355,0.17142044799657302,3681.6801005396774
CUSTOMER,JED,IC3,private,F,False,1,7353.565522593773,1.4190894678570507,3676.7827612968863
DESIGN,EST,IC4,private,M,False,1,7344.616964815292,0.8202078673500367,3672.308482407646
SALES,MAD,M4,public,M,True,1,7341.998303985332,0.16789032345958724,3670.999151992666
MARKETING,JED,M4,mnc,M,True,1,7338.437688996386,0.33438581068441503,3669.218844498193
SALES,EST,IC4,private,F,True,1,7333.5573876569615,0.5581790564162469,3666.7786938284808
ENG_ELEC,ASR,M2,private,M,True,1,7319.2026222157765,0.29505703937730443,3659.6013111078883
SALES,RUH,M2,private,M,True,2,7319.015469392791,0.29210229704748353,3659.5077346963953
OPS,RUH,M1,semigov,M,False,1,7315.937203172112,0.7248030406295529,3657.968601586056
MARKETING,NJR,D1,private,M,False,1,7312.8782681139355,1.6092419664445428,3656.4391340569678
SWE,QAS,IC6,public,M,True,1,7278.684133855157,0.22829894796807493,3639.3420669275783
HEALTH,JED,M3,public,F,False,1,7265.168826901023,0.40627345605140586,3632.5844134505114
ENG_ELEC,MAD,VP,private,M,False,1,7262.220624241796,0.10434941687434562,3631.110312120898
PM,TAB,M2,private,M,False,1,7261.8091244352145,0.6775845486167296,3630.9045622176072
SWE,RUH,M4,public,M,True,1,7245.300736732635,0.1899636930537693,3622.6503683663177
HEALTH,JED,M1,public,F,True,1,7240.8936379324,0.33494480050496417,3620.4468189662
OPS,ASR,M4,pif_backed,M,True,1,7234.552351176182,0.36204476877625713,3617.276175588091
SALES,RUH,M4,semigov,F,False,1,7231.365175420811,0.420935533082652,3615.6825877104056
ENG_ELEC,MAK,M4,semigov,M,False,1,7204.516798422803,0.16533438220627547,3602.2583992114014
HEALTH,HAI,IC6,public,M,True,1,7201.099115859981,0.7451337379060986,3600.5495579299904
SWE,QAS,M3,private,F,True,1,7175.781672765159,0.2329545868473773,3587.8908363825794
DATA,JAZ,M3,private,M,False,1,7168.647966144425,0.4997283367441002,3584.3239830722123
SALES,JAZ,IC5,startup,F,False,1,7151.801723655566,0.6127130975044071,3575.900861827783
SWE,EST,IC2,semigov,F,True,2,7147.698332489261,0.6785121373259313,3573.8491662446304
SUPPLY,RUH,D2,semigov,M,False,1,7139.977565777572,0.2758982977631136,3569.988782888786
OPS,ASR,M2,private,M,True,1,7135.466656346634,0.3395824791824395,3567.733328173317
SWE,QAS,D1,private,F,True,1,7129.419148287729,0.17467255166643908,3564.7095741438643
HEALTH,RUH,M1,private,M,False,1,7126.031109335721,0.8131898114740423,3563.0155546678607
CUSTOMER,EST,IC4,startup,M,True,1,7117.025316252619,0.3693406960546343,3558.5126581263094
OPS,EST,IC5,semigov,F,False,1,7114.18898912451,0.7664549640618782,3557.094494562255
SWE,RUH,IC3,public,M,False,1,7104.469326711777,1.0056307250157865,3552.2346633558886
HR,MAD,IC6,public,F,True,1,7101.990678467209,0.30791108279607254,3550.9953392336047
SWE,RUH,IC5,private,M,True,5,7101.9348471068715,0.23024379041723333,3550.9674235534358
OPS,JED,M2,private,M,False,1,7101.235824457941,0.3152095345590605,3550.6179122289705
PM,RUH,IC6,public,M,True,1,7091.490653944467,0.3014725540769936,3545.7453269722337
HR,JED,IC6,public,M,True,1,7087.286604157991,0.2807074080928547,3543.6433020789955
MARKETING,RUH,M3,pif_backed,M,False,1,7085.732105205869,0.25839965958244115,3542.8660526029344
CUSTOMER,RUH,IC3,pif_backed,F,False,1,7082.114747811638,0.35521756837961005,3541.057373905819
PM,RUH,M1,semigov,M,True,1,7076.706487193762,0.3733852140917088,3538.353243596881
ENG_MECH,MAK,VP,private,M,True,1,7075.303104093058,0.1643759129812159,3537.651552046529
HR,EST,D3,startup,F,False,1,7072.4517774029955,0.1779179888049388,3536.2258887014978
PM,EST,IC3,semigov,F,True,1,7067.603598150419,0.6789935957119956,3533.8017990752096
OPS,RUH,M2,public,M,True,1,7067.38104872019,0.8724063202806794,3533.690524360095
HEALTH,RUH,IC4,semigov,F,True,1,7048.442398345338,0.3194324175612149,3524.221199172669
SALES,EST,IC4,private,M,False,3,7015.266643550863,0.6704111577607582,3507.6333217754313
OPS,RUH,M1,public,M,False,1,7012.007983422069,0.5106933013037571,3506.0039917110344
ENG_MECH,EST,IC3,semigov,F,False,1,7008.347793764009,0.47474440358885767,3504.1738968820046
SALES,RUH,IC4,semigov,M,True,2,7004.235824661173,0.23973773756545688,3502.1179123305865
ENG_MECH,RUH,D1,public,M,False,1,6999.52995599548,0.1749956862165512,3499.76497799774
SWE,ASR,IC6,pif_backed,M,True,1,6969.582253968249,0.19477687918465617,3484.7911269841243
OPS,RUH,IC5,private,M,True,2,6953.88935717813,0.6055150676897839,3476.944678589065
CUSTOMER,MAD,D1,pif_backed,F,False,1,6951.787085008116,0.3054137065631302,3475.893542504058
SWE,EST,IC4,pif_backed,M,False,2,6949.660330275074,0.23964178839374545,3474.830165137537
HR,RUH,IC4,mnc,F,False,1,6935.537486594021,0.7453007231698048,3467.7687432970106
SALES,NJR,IC4,semigov,F,True,1,6933.974159603193,0.5843441828381496,3466.9870798015963
DATA,RUH,IC2,private,M,False,2,6915.171710770064,0.8005293984265368,3457.585855385032
HEALTH,EST,IC5,private,F,False,1,6907.626720355907,0.2793994738672104,3453.8133601779537
HR,MAK,IC5,semigov,F,True,1,6889.124736700123,0.22943107972860827,3444.5623683500617
OPS,TAB,D1,startup,M,False,1,6882.72196570029,0.384353718307563,3441.360982850145
DESIGN,JED,M3,semigov,M,False,1,6880.009894809253,0.3081694757144103,3440.0049474046264
ENG_MECH,JAZ,IC4,pif_backed,M,False,1,6879.07683096079,0.34428090841103,3439.538415480395
DATA,HAI,IC4,private,F,True,1,6877.271332401524,0.32340527248777223,3438.635666200762
FIN,MAK,IC4,semigov,F,True,1,6871.21479168109,0.289958319707185,3435.607395840545
OPS,MAD,IC4,private,M,False,1,6861.343319457745,0.3905847274530007,3430.6716597288723
SWE,JAZ,IC3,semigov,M,True,1,6860.438190408303,1.323611683775082,3430.2190952041515
PM,NJR,IC3,private,M,False,2,6850.81647299252,0.40414061437924087,3425.40823649626
ENG_MECH,MAK,IC5,private,M,False,1,6843.158407762214,0.17994304453959822,3421.579203881107
SALES,RUH,IC5,private,M,True,3,6818.590996831282,0.16186494964684675,3409.295498415641
ENG_CIVIL,JAZ,IC5,public,M,True,1,6811.697864571637,0.37152999831853056,3405.8489322858186
ENG_CIVIL,RUH,IC6,public,M,True,1,6795.755523622498,0.246080994687577,3397.877761811249
ENG_MECH,EST,IC4,private,F,False,1,6785.34529578508,0.30475771964727516,3392.67264789254
EDU,MAK,IC3,private,M,True,1,6765.032086758905,0.5093429609933914,3382.5160433794526
ENG_MECH,RUH,IC5,private,M,False,2,6750.613348127511,0.23354755047622028,3375.3066740637555
DESIGN,RUH,IC4,public,M,True,1,6741.684992177768,0.268631128246786,3370.842496088884
FIN,RUH,IC4,private,F,True,2,6736.986694424644,0.26758264683576416,3368.493347212322
SUPPLY,JED,M3,private,M,False,2,6729.599024075672,0.33419746054958394,3364.799512037836
ENG_CIVIL,MAK,IC5,private,M,True,1,6722.45439669615,1.0945788300254737,3361.227198348075
DESIGN,RUH,IC3,public,M,False,1,6721.124066865566,0.34996667889603805,3360.562033432783
OPS,JED,IC3,private,M,True,1,6720.936064532629,0.4225853000115458,3360.4680322663144
ENG_MECH,RUH,IC6,public,M,True,1,6699.763785119714,0.17660305969314044,3349.881892559857
OPS,RUH,IC2,mnc,M,True,1,6697.749698425414,0.5275181069146531,3348.874849212707
EDU,EST,M3,private,F,False,2,6689.895299468124,0.294887317109116,3344.947649734062
HR,JED,IC3,private,M,False,1,6687.697998882494,1.1144101672661382,3343.848999441247
HR,RUH,IC3,startup,F,False,1,6681.728281267395,0.40232519224528474,3340.8641406336974
SWE,RUH,IC4,startup,M,True,1,6667.589582206148,0.4133613955839367,3333.794791103074
DATA,EST,IC3,private,M,True,1,6651.29922273806,0.6583743431388581,3325.64961136903
PM,RUH,IC3,private,M,True,1,6644.200017172452,0.3030771631651202,3322.100008586226
DATA,JED,IC4,semigov,F,False,1,6639.353529619955,0.35333659010933505,3319.6767648099776
DESIGN,RUH,IC4,mnc,F,True,1,6629.977651860443,0.5856782761973047,3314.9888259302215
HEALTH,JED,IC6,public,F,True,1,6619.85560564608,0.23265212356438136,3309.92780282304
FIN,EST,IC3,semigov,M,False,1,6618.919200257042,0.7122386453911109,3309.459600128521
FIN,HAI,M2,startup,F,True,1,6617.245165894281,0.3611889463953828,3308.6225829471405
SALES,EST,IC5,private,M,True,1,6615.3916510380295,0.2209239736255445,3307.6958255190148
SWE,RUH,IC5,private,M,False,2,6609.9458095458995,0.324571136920649,3304.9729047729497
FIN,EST,M2,startup,F,False,1,6591.959930972647,0.32978432469208335,3295.9799654863236
OPS,MAD,IC3,public,M,False,1,6581.884474464618,0.48682793521750967,3290.942237232309
EDU,EST,IC4,public,F,True,3,6577.66978961266,0.3751023369981212,3288.83489480633
SALES,RUH,M1,semigov,M,False,3,6572.60058349046,0.4460270023549942,3286.30029174523
HEALTH,RUH,IC3,mnc,M,False,2,6569.164053589653,0.3755286139707504,3284.5820267948266
ENG_ELEC,RUH,IC4,semigov,M,True,1,6568.4287679124855,0.912867529986253,3284.2143839562427
HEALTH,RUH,IC5,public,F,True,1,6566.538923991875,0.584409744227525,3283.2694619959375
SWE,JED,IC4,private,M,False,1,6554.741312803946,0.3078745397107578,3277.370656401973
HEALTH,RUH,M3,public,M,False,1,6553.644056985535,0.5008103310529612,3276.8220284927675
LEGAL,RUH,IC4,public,M,True,1,6552.445318411312,0.27739210376991025,3276.222659205656
SWE,JED,IC3,private,M,True,1,6548.622272610111,0.24852588486656518,3274.3111363050557
EDU,RUH,IC5,mnc,F,True,1,6544.302490851096,0.2903379899216512,3272.151245425548
ENG_MECH,ASR,IC4,public,M,False,1,6541.986272794624,0.4165917648636155,3270.993136397312
HEALTH,NJR,IC5,pif_backed,F,True,1,6527.5280269809555,0.2893973523628048,3263.7640134904777
ENG_ELEC,RUH,IC3,semigov,M,False,1,6525.385899550192,0.924059660214,3262.692949775096
SALES,JAZ,IC4,semigov,M,False,1,6524.3482538901735,0.7358127064022859,3262.1741269450868
SWE,QAS,M3,private,M,False,1,6523.497911360173,0.297423012909999,3261.7489556800865
SWE,QAS,IC4,mnc,M,True,1,6508.754467022245,0.22404386961050712,3254.3772335111225
PM,RUH,M2,private,M,True,1,6506.569617671332,0.2771490317744177,3253.284808835666
ENG_MECH,QAS,D1,public,M,True,1,6503.447570018408,0.2568833956841349,3251.723785009204
EDU,RUH,IC3,semigov,F,True,1,6484.343988855307,0.4830601915045295,3242.1719944276533
SALES,MAK,IC2,semigov,M,False,1,6477.333457168039,0.43204862395682264,3238.6667285840194
HEALTH,RUH,IC3,pif_backed,M,False,1,6457.214981690695,0.3493695100273716,3228.6074908453475
SALES,EST,M3,private,M,True,1,6456.244086467024,0.28118452282608614,3228.122043233512
DATA,JED,IC6,private,M,True,1,6454.508135528635,0.18764910622297187,3227.2540677643174
SALES,EST,IC4,mnc,M,True,3,6440.982465779816,0.3898824035725624,3220.491232889908
PM,EST,M1,private,M,True,2,6439.780323318622,0.2133063575731427,3219.890161659311
SWE,ASR,IC3,semigov,M,False,1,6434.176452036395,1.02200514197705,3217.0882260181975
MARKETING,EST,IC3,private,F,True,2,6433.090849079409,0.3720891338330242,3216.5454245397045
ENG_MECH,EST,IC4,pif_backed,M,True,1,6432.961798950837,0.6226087586707313,3216.4808994754185
SWE,EST,M1,pif_backed,M,False,2,6426.845645997688,0.1845969727466667,3213.422822998844
MARKETING,TAB,IC5,private,F,False,1,6414.7731476823565,0.45979883879179057,3207.3865738411782
ENG_MECH,JED,VP,pif_backed,M,False,1,6408.06915239917,0.13801528818132294,3204.034576199585
SWE,RUH,IC4,pif_backed,F,True,1,6393.697503157247,0.21566697012892216,3196.8487515786237
OPS,RUH,M1,pif_backed,M,False,1,6379.748165730427,0.7434503477609289,3189.8740828652135
MARKETING,RUH,IC4,private,M,True,1,6373.332582460149,0.6845103994892107,3186.6662912300744
HEALTH,JED,IC5,private,M,False,1,6363.880218623934,0.7011620755651803,3181.940109311967
SALES,RUH,M3,private,F,False,2,6355.985554501046,0.34590380942466353,3177.992777250523
FIN,RUH,M3,pif_backed,F,False,1,6332.51341816831,0.17231554094225748,3166.256709084155
DESIGN,TAB,M4,public,F,True,1,6286.461665975497,0.3720704660112902,3143.2308329877487
HR,MAK,IC6,private,F,False,1,6281.95409445811,0.9055760792475837,3140.977047229055
HEALTH,EST,M3,private,F,False,1,6271.382078237359,0.3359297648119266,3135.6910391186793
SWE,RUH,IC3,semigov,M,False,2,6261.423303923727,0.2846578385297167,3130.7116519618635
SUPPLY,QAS,IC4,private,M,False,1,6258.584383104212,0.5270471176468686,3129.292191552106
FIN,MAD,M2,private,M,False,1,6245.889521474295,0.7717405889444037,3122.9447607371476
ENG_ELEC,MAD,D1,private,M,False,1,6245.488498640887,0.14075789886735124,3122.7442493204435
HEALTH,RUH,IC5,startup,F,False,1,6223.0829286690405,0.6135976604787478,3111.5414643345202
SUPPLY,EST,M2,public,M,False,1,6221.3096690575,0.2685957888149303,3110.65483452875
CUSTOMER,RUH,M4,startup,F,False,1,6217.94800827363,0.24715039367410654,3108.974004136815
SUPPLY,RUH,M1,private,F,False,1,6205.358746849187,1.0937694433553933,3102.6793734245935
OPS,RUH,M1,private,M,True,2,6193.975329363971,0.44774761667157265,3096.9876646819853
SWE,RUH,IC5,private,F,False,1,6191.6507358824165,0.21794918160191185,3095.8253679412082
SWE,ASR,IC3,semigov,M,True,1,6185.205910786544,0.8498216479240235,3092.602955393272
PM,RUH,IC5,private,M,True,1,6183.100378470615,0.19416382407876887,3091.5501892353077
HEALTH,EST,IC4,semigov,M,True,2,6171.909861370162,0.35618055336629795,3085.954930685081
SUPPLY,RUH,IC5,startup,M,True,1,6168.117176947253,0.19845125945456066,3084.0585884736265
OPS,JED,IC4,private,M,False,1,6163.655370371742,0.6191716228318481,3081.827685185871
SALES,RUH,IC6,private,M,False,1,6160.284807320993,0.7055113010952091,3080.1424036604967
PM,JAZ,IC5,public,M,True,1,6155.8637502386755,0.5297658901218054,3077.9318751193377
SALES,ASR,M1,private,M,False,1,6148.137241612876,0.3421413990540055,3074.068620806438
ENG_MECH,EST,IC6,semigov,F,False,1,6131.260978993258,0.32624109627418074,3065.630489496629
DATA,ASR,IC3,semigov,M,True,1,6127.487516585406,0.6313027391625273,3063.743758292703
SALES,EST,M2,private,F,True,1,6123.285760385999,0.2960715064363899,3061.6428801929997
CUSTOMER,TAB,IC6,public,F,True,1,6120.136741130145,0.5154424402731906,3060.0683705650727
SWE,QAS,IC4,semigov,F,True,1,6109.657610290433,0.21195381057033802,3054.8288051452164
FIN,RUH,IC5,public,M,True,3,6102.22567015832,0.28945541272755954,3051.11283507916
SWE,JED,M2,semigov,M,False,1,6102.039038124698,0.2753380467243554,3051.019519062349
SWE,RUH,IC4,semigov,M,False,3,6080.581139502455,0.1992401660340354,3040.2905697512274
PM,EST,M4,public,M,True,1,6079.906229123764,0.130983455955353,3039.953114561882
EDU,ASR,IC4,private,F,False,1,6078.869337373143,0.4382446290537521,3039.4346686865715
DESIGN,QAS,IC3,public,F,False,1,6077.656957274918,0.39964602943757843,3038.828478637459
PM,RUH,M2,public,M,False,1,6071.008270677572,0.30932961880195553,3035.504135338786
HEALTH,RUH,IC5,public,M,True,1,6063.7345195990565,0.23152844173464002,3031.8672597995283
SWE,MAD,IC3,private,F,True,1,6063.034924720372,1.1403069623060231,3031.517462360186
SALES,EST,IC2,private,M,False,1,6060.929192306055,0.544527056627168,3030.4645961530273
HEALTH,JED,IC4,private,F,False,1,6050.775291479082,0.6970634109888141,3025.387645739541
OPS,MAK,IC4,public,M,True,1,6050.403101082007,0.2872154490293955,3025.2015505410036
DESIGN,ASR,M2,public,F,False,1,6039.834819114132,0.38818514747030897,3019.917409557066
OPS,JED,IC5,semigov,M,True,1,6036.710690743606,0.45380510859621936,3018.355345371803
EDU,TAB,D1,private,F,True,1,6029.7790329814125,0.19242773987352318,3014.8895164907062
ENG_MECH,NOR,IC3,private,M,True,1,6024.626071643435,0.6450798044450026,3012.3130358217177
MARKETING,MAK,IC4,public,M,False,1,6023.684979422422,0.5752434674768393,3011.842489711211
PM,MAK,M2,public,M,True,1,6023.4407868460985,0.3193069159820473,3011.7203934230492
CUSTOMER,EST,IC5,private,F,False,1,6015.085304519696,0.400566665902151,3007.542652259848
MARKETING,RUH,IC3,private,M,False,3,6013.711585732885,0.5487447965866797,3006.8557928664427
SWE,TAB,IC6,private,M,False,1,6002.855711265249,0.21283009174517245,3001.4278556326244
ENG_CIVIL,JED,IC4,startup,F,False,1,5992.663989353705,0.36763885014878184,2996.3319946768524
SALES,EST,IC5,private,M,False,1,5983.516255922506,0.19737475160149068,2991.758127961253
SUPPLY,EST,IC5,public,M,False,1,5980.809367178697,0.976552740129857,2990.4046835893487
DATA,MAD,IC3,public,M,False,1,5978.649975988112,2.2943801763725684,2989.324987994056
PM,JED,IC3,private,F,False,1,5967.515827087835,0.2493580984688319,2983.7579135439173
ENG_CIVIL,JED,IC5,pif_backed,M,False,1,5961.258669279807,0.2623269236376097,2980.6293346399034
SALES,EST,M3,private,F,False,1,5957.101278293441,0.285732162586532,2978.5506391467206
CUSTOMER,EST,M4,private,F,True,1,5957.072558498978,0.19282277380124827,2978.536279249489
FIN,QAS,IC5,semigov,M,False,1,5951.169318518179,0.26539308893952723,2975.5846592590897
HEALTH,RUH,IC2,private,F,True,1,5928.846328696309,0.4573506092274986,2964.4231643481544
SWE,RUH,IC4,pif_backed,M,True,1,5907.28528749874,0.17787713091445992,2953.64264374937
SWE,EST,D2,mnc,M,False,1,5901.452496876751,0.10789725986247675,2950.7262484383755
HR,EST,IC5,public,F,False,1,5898.699613161043,0.24361322595858334,2949.3498065805215
HEALTH,EST,IC4,pif_backed,F,False,1,5898.344315418084,0.590791513794155,2949.172157709042
SALES,RUH,M1,public,M,True,1,5870.797167903886,0.35071206195493243,2935.398583951943
SALES,EST,M2,private,F,False,3,5870.106403641727,0.2471705148404253,2935.0532018208637
CUSTOMER,MAK,M4,pif_backed,F,False,1,5857.114253479871,0.3188872784304688,2928.5571267399355
OPS,EST,IC3,pif_backed,M,False,2,5854.617722789275,0.47961279355504144,2927.3088613946375
ENG_CIVIL,EST,IC3,public,M,False,1,5852.426791705471,2.0605395289501844,2926.2133958527356
LEGAL,HAI,IC6,public,M,True,1,5839.887115629055,0.24866593324251127,2919.9435578145276
MARKETING,JED,D1,private,F,True,1,5839.637173996278,0.29963252579725813,2919.818586998139
SWE,MAK,IC4,private,M,True,2,5834.833168556169,0.4969961047803207,2917.4165842780844
PM,MAK,IC5,public,M,False,1,5830.518379397588,0.24896455663685998,2915.259189698794
HEALTH,JED,M2,mnc,M,False,1,5828.507816451878,0.21630487187063951,2914.253908225939
SALES,RUH,IC4,private,M,True,7,5828.014005521406,0.2228993243508124,2914.007002760703
EDU,RUH,IC6,semigov,F,True,2,5824.9572972492515,0.5406185689038077,2912.4786486246257
DATA,JED,IC3,private,M,True,4,5822.853095344654,0.39358059883683705,2911.426547672327
CUSTOMER,EST,IC4,semigov,M,False,1,5822.049636411251,0.2877143575460997,2911.0248182056257
CUSTOMER,BAH,M2,private,F,False,1,5818.215113861109,0.4628187718543017,2909.1075569305544
OPS,EST,IC4,private,M,True,3,5801.672271786037,0.33502705085386103,2900.8361358930183
LEGAL,RUH,M4,public,M,True,1,5800.484749797652,0.20951973600543738,2900.242374898826
SWE,EST,IC4,private,F,False,1,5791.699842079226,0.5640473117330478,2895.849921039613
SALES,EST,M1,private,F,True,1,5784.644766808973,0.5544517268430516,2892.3223834044866
PM,JED,IC4,mnc,F,True,1,5780.085884687822,0.2062012088879185,2890.042942343911
FIN,RUH,M1,public,M,True,1,5766.661311632361,0.2376283941044077,2883.3306558161803
SALES,EST,IC3,public,M,True,2,5765.750466216172,0.2809414813858789,2882.875233108086
SALES,ASR,IC6,private,F,False,1,5754.3904311272245,0.9877883095833726,2877.1952155636122
PM,JED,IC5,pif_backed,M,True,1,5704.358495246011,0.23949467847408196,2852.1792476230057
MARKETING,NJR,IC5,public,M,False,1,5703.4123505370235,0.48298761247403577,2851.7061752685117
SWE,RUH,IC2,semigov,M,True,2,5698.816631523763,0.30944228701166565,2849.4083157618816
SALES,RUH,M1,mnc,M,False,1,5693.624053599024,0.6726259607288826,2846.812026799512
SALES,ASR,IC3,mnc,F,True,1,5686.356900361193,0.8596987312999584,2843.1784501805964
FIN,RUH,IC4,public,F,True,6,5678.759828599238,0.2878800184540864,2839.379914299619
PM,ASR,D2,private,F,False,1,5677.496285686349,0.11818819790278208,2838.7481428431747
SALES,RUH,IC4,public,M,False,1,5672.151776265723,0.7823431012709595,2836.0758881328616
SWE,EST,M2,private,M,True,1,5670.734319084928,0.22050553852514226,2835.367159542464
HEALTH,JED,M2,semigov,M,True,1,5664.671345495033,0.2949357323262607,2832.3356727475166
OPS,TAB,M2,private,M,True,1,5651.852295209934,0.2541010287138939,2825.926147604967
PM,RUH,IC4,public,F,False,1,5632.4640056555345,0.269158342846389,2816.2320028277672
DATA,EST,IC2,public,M,True,1,5618.019531120766,1.3541442578314402,2809.009765560383
SWE,RUH,IC4,mnc,M,True,3,5613.574640763621,0.18627463776970443,2806.7873203818103
SALES,EST,IC2,public,M,True,2,5612.985264095433,0.3937507597556884,2806.4926320477166
PM,MAD,M1,public,F,False,1,5610.889035612617,0.8840389349747618,2805.4445178063083
HR,QAS,IC3,mnc,F,False,1,5604.065457952397,1.0607492273414947,2802.0327289761985
ENG_CIVIL,RUH,M2,semigov,M,False,1,5599.845475802042,0.17505567473639458,2799.922737901021
SALES,EST,M1,pif_backed,M,True,1,5596.37143361344,0.18831987600563038,2798.18571680672
SALES,TAB,IC5,private,M,False,1,5593.735685724407,0.43678470085974336,2796.8678428622034
SWE,ASR,IC2,semigov,M,True,1,5589.095684515796,0.38498943584175793,2794.547842257898
PM,JED,M2,pif_backed,F,False,1,5584.012778930344,0.27215203725756487,2792.006389465172
SWE,EST,IC3,private,M,True,3,5582.546692382223,0.4621724409846319,2791.2733461911116
EDU,RUH,M2,private,M,False,1,5571.526567511501,0.2960515088119738,2785.7632837557503
EDU,JED,M2,public,F,True,3,5570.64232542775,0.2449148296034209,2785.321162713875
PM,EST,M1,pif_backed,M,True,1,5568.865167203163,0.1566317140971158,2784.4325836015814
ENG_MECH,QAS,IC4,private,M,True,1,5567.755132368431,0.28425521054692593,2783.8775661842155
MARKETING,RUH,IC6,startup,M,False,1,5566.144893605548,0.32929708755403875,2783.072446802774
HEALTH,QAS,IC3,pif_backed,F,False,1,5559.645308463172,0.3694705672973213,2779.822654231586
HEALTH,JED,IC5,startup,F,False,1,5557.034572400335,0.46077886420419206,2778.5172862001673
ENG_CIVIL,RUH,IC6,public,M,False,1,5551.217747790448,0.4747129897271083,2775.608873895224
OPS,RUH,M1,private,M,False,3,5550.738733485897,0.4435899982110178,2775.3693667429484
SALES,MAK,M2,public,F,False,1,5529.562493381813,0.6724131318668557,2764.7812466909063
HEALTH,EST,IC4,pif_backed,M,True,2,5527.651778837488,0.20835114151727696,2763.825889418744
SWE,RUH,IC4,public,M,False,3,5526.360331418856,0.3233957179466988,2763.180165709428
SWE,RUH,IC4,public,M,True,3,5524.6292230932495,0.36950168339412554,2762.3146115466247
PM,EST,IC4,private,M,True,1,5524.110873652133,0.34653216798142994,2762.0554368260664
DATA,RUH,IC3,semigov,M,True,1,5519.934776085724,0.25071034419874494,2759.967388042862
FIN,RUH,IC4,private,M,True,5,5515.0539265345315,0.22131302658600807,2757.5269632672657
CUSTOMER,RUH,IC4,private,F,True,2,5511.841851906616,0.8397570728705581,2755.920925953308
DATA,EST,M2,private,M,True,1,5511.7711060791735,0.15477433812630956,2755.8855530395867
CUSTOMER,ASR,IC5,public,F,False,1,5508.625264661181,1.0139326780689575,2754.3126323305905
EDU,JAZ,M1,private,M,True,1,5507.62996040458,0.3692123985673342,2753.81498020229
CUSTOMER,NOR,M3,public,F,False,2,5495.5726460390815,1.1095773228554484,2747.7863230195408
HEALTH,MAD,M1,private,M,True,1,5486.62944120192,0.28264534351697607,2743.31472060096
MARKETING,EST,M1,public,F,True,1,5484.795243583234,0.22314501971696077,2742.397621791617
SALES,RUH,IC5,private,F,True,1,5476.184319079939,0.6790338995991081,2738.0921595399695
ENG_MECH,NJR,IC3,private,F,False,1,5472.628796993767,0.8123978565661677,2736.3143984968833
MARKETING,RUH,IC4,private,M,False,3,5459.502362636388,0.7850915569355016,2729.751181318194
ENG_MECH,RUH,IC3,semigov,M,True,1,5453.888864290566,0.308001763353965,2726.944432145283
PM,MAD,IC4,private,M,True,1,5449.382978677786,0.5880880849228207,2724.691489338893
OPS,EST,IC3,private,M,True,2,5439.957856700535,0.2730707973498882,2719.9789283502673
LEGAL,RUH,IC1,public,M,False,1,5421.1085177036,0.46307703169409686,2710.5542588518
SALES,EST,IC4,public,M,False,3,5414.041169175398,0.32060443785687004,2707.020584587699
DATA,RUH,IC5,pif_backed,M,True,1,5412.7500911820025,0.18851289755862272,2706.3750455910013
DATA,EST,IC1,mnc,M,False,1,5409.551221462122,0.4264462117999117,2704.775610731061
OPS,RUH,IC3,private,M,True,4,5409.404291208846,0.5743736296449131,2704.702145604423
HEALTH,HAI,IC5,public,M,False,1,5405.468711421089,0.8292987412660536,2702.7343557105446
LEGAL,QAS,IC3,private,M,True,1,5395.580192905694,0.8417533721749995,2697.790096452847
SWE,EST,IC4,private,M,True,4,5386.876924765498,0.24607730971345954,2693.438462382749
DESIGN,EST,IC2,public,F,False,1,5377.875252010342,0.47112519465774233,2688.937626005171
HEALTH,RUH,IC4,mnc,M,True,2,5367.181939725258,0.30146687790684107,2683.590969862629
HEALTH,EST,M1,semigov,M,False,1,5362.856298544859,0.5336063921594533,2681.4281492724294
DESIGN,MAK,IC1,mnc,F,True,1,5362.0012188913215,0.4276542126076869,2681.0006094456608
FIN,RUH,M1,private,M,False,1,5359.632792251095,0.41380032089102065,2679.8163961255477
ENG_ELEC,ASR,IC4,mnc,M,False,1,5355.408144247027,0.42413967936114044,2677.7040721235135
HEALTH,RUH,IC3,mnc,F,True,3,5341.649417956681,0.42062550975348234,2670.8247089783404
MARKETING,EST,IC2,semigov,F,True,2,5336.184479754508,0.38221558345515505,2668.092239877254
DESIGN,RUH,IC1,mnc,M,False,1,5321.376971229522,0.48519507373873005,2660.688485614761
HEALTH,MAD,IC5,public,F,False,1,5318.781616884811,0.2580334519435928,2659.3908084424056
SWE,RUH,M5,private,F,False,1,5318.024095111003,0.203151007407873,2659.0120475555013
CUSTOMER,RUH,IC4,semigov,M,True,2,5295.051566443661,0.34582871725673925,2647.5257832218304
PM,RUH,IC4,pif_backed,F,True,1,5283.252346979883,0.1561877103608696,2641.6261734899417
HR,EST,IC3,private,F,False,1,5277.2042665501085,0.36614070349787925,2638.6021332750543
CUSTOMER,RUH,IC5,semigov,M,True,1,5268.034517572796,0.36625641657659536,2634.017258786398
PM,RUH,M2,semigov,M,False,1,5257.858718671818,0.25938718838892044,2628.929359335909
SALES,RUH,IC4,startup,M,True,2,5250.343798883616,0.3154300399218818,2625.171899441808
PM,EST,M1,private,F,False,1,5243.667525983223,0.17911520652613758,2621.8337629916114
HEALTH,RUH,M2,semigov,M,True,1,5239.033639963174,0.16984202232159082,2619.516819981587
OPS,RUH,M1,private,F,False,1,5224.8978770549165,0.6003697519252329,2612.4489385274583
HEALTH,JED,IC4,pif_backed,F,False,1,5222.536048831611,0.2574915369232974,2611.2680244158055
SALES,RUH,M3,semigov,M,True,1,5216.074195467016,0.11934305045894748,2608.037097733508
HEALTH,EST,IC3,semigov,F,False,1,5204.222443240694,0.7734825205833114,2602.111221620347
FIN,QAS,IC4,mnc,M,True,1,5202.291753817488,0.2381117521752448,2601.145876908744
SWE,RUH,IC1,private,F,False,1,5197.49525657316,0.46486396682251524,2598.74762828658
SWE,RUH,M1,pif_backed,M,True,2,5196.004670469212,0.14862238282689824,2598.002335234606
CUSTOMER,EST,M2,private,F,False,1,5191.073630976516,0.3029537796888168,2595.536815488258
FIN,EST,M2,mnc,F,False,1,5190.253000228942,0.33072291614759985,2595.126500114471
ENG_ELEC,MAK,M1,private,M,True,1,5187.764946499412,0.566320208820871,2593.882473249706
ENG_MECH,RUH,M3,mnc,M,True,1,5187.14621547961,0.11462693521097016,2593.573107739805
SWE,QAS,IC5,private,F,False,1,5186.36884126646,0.3144526900142882,2593.18442063323
SUPPLY,EST,IC6,public,M,False,1,5177.804090576996,0.5370748220394674,2588.902045288498
DATA,MAK,IC3,private,F,False,1,5173.498889693261,0.28682478983326964,2586.7494448466305
SALES,EST,M3,public,F,False,1,5157.580906537012,0.18724716697708893,2578.790453268506
SALES,EST,IC3,pif_backed,M,False,1,5152.968430148964,0.40431135461602463,2576.484215074482
SUPPLY,MAD,IC3,private,M,False,1,5149.373945433602,0.4994649687416804,2574.686972716801
MARKETING,TAB,D1,public,M,False,1,5147.171395101366,0.18151914492769683,2573.585697550683
SUPPLY,EST,IC5,mnc,M,False,1,5139.173275872447,0.7375773254462697,2569.5866379362237
SWE,EST,IC3,semigov,F,False,1,5139.1158603754375,0.4893934629378218,2569.5579301877187
ENG_CIVIL,RUH,M2,semigov,M,True,1,5138.172911425834,0.23661729299335368,2569.086455712917
OPS,EST,M1,private,M,False,2,5137.858763932817,0.4545149389226609,2568.9293819664085
SWE,RUH,IC3,semigov,M,True,3,5134.682489315225,0.27099318564715374,2567.3412446576126
MARKETING,MAD,IC5,private,M,True,1,5132.10142447802,0.20754245091297543,2566.05071223901
SALES,RUH,IC4,semigov,F,True,1,5126.670404019005,0.37332824587936253,2563.3352020095026
LEGAL,EST,IC4,private,F,True,1,5126.644117598498,0.17745933824216517,2563.322058799249
LEGAL,RUH,IC2,private,F,True,1,5123.4592021361295,1.2808648005340324,2561.7296010680648
FIN,MAD,IC4,semigov,F,True,2,5119.9284187436015,0.2277002299928305,2559.9642093718007
HR,RUH,IC3,mnc,F,False,1,5119.7183870852095,0.9152814622220411,2559.8591935426048
ENG_MECH,TAB,IC4,private,M,False,1,5116.574199133163,1.2831984569071173,2558.2870995665817
OPS,RUH,M3,private,F,True,1,5111.539040985637,0.23190049160739576,2555.7695204928186
FIN,MAD,IC4,private,F,False,1,5111.469710437569,1.1908768508471361,2555.7348552187846
EDU,EST,M2,private,M,True,1,5109.114915633425,0.4691918873260819,2554.5574578167125
CUSTOMER,RUH,IC5,semigov,F,True,1,5101.134777432915,0.32285234040768546,2550.5673887164576
HEALTH,RUH,IC4,private,F,True,2,5098.898117209214,0.5200492116766907,2549.449058604607
ENG_ELEC,RUH,IC3,private,M,False,1,5094.849687869933,0.21723362354966944,2547.4248439349667
LEGAL,NJR,M1,public,M,True,1,5087.714680359008,0.24661442040223513,2543.857340179504
HEALTH,EST,IC3,pif_backed,M,True,1,5071.247226701042,0.3185404777749259,2535.623613350521
EDU,EST,IC3,private,M,True,1,5068.664459634474,0.3521590858149819,2534.332229817237
CUSTOMER,EST,IC3,semigov,M,True,1,5065.220379624479,0.8754678112570894,2532.6101898122397
HEALTH,JED,IC4,pif_backed,F,True,1,5058.989416638446,0.43430505608362696,2529.494708319223
OPS,RUH,IC3,mnc,M,True,1,5056.356545913819,0.23769730733297226,2528.1782729569095
PM,JED,IC4,private,M,False,1,5055.665294995504,0.2702024030683848,2527.832647497752
HEALTH,RUH,D1,startup,F,True,1,5049.5518927051235,0.1778277345273544,2524.7759463525617
OPS,NJR,IC3,pif_backed,F,True,1,5048.904094749059,0.2422181489436785,2524.4520473745297
DESIGN,RUH,IC2,private,F,False,1,5048.304033067084,1.160140282357435,2524.152016533542
CUSTOMER,RUH,IC4,mnc,M,False,2,5035.075572086096,0.32945156703031414,2517.537786043048
ENG_MECH,JED,IC5,semigov,M,True,1,5033.327531834817,0.1818877707255566,2516.6637659174085
HR,TAB,IC4,private,F,False,1,5030.484001612676,0.2732601306531797,2515.242000806338
HEALTH,RUH,IC4,private,M,False,3,5027.967128027939,0.3164289255425776,2513.9835640139695
ENG_ELEC,RUH,IC6,semigov,M,True,1,5023.462872314245,0.15589230960699843,2511.7314361571225
OPS,RUH,IC3,public,F,False,1,5013.194770706235,0.8874230453211159,2506.5973853531177
OPS,RUH,IC6,private,M,False,2,5006.835591938153,0.49394127137090743,2503.4177959690765
HEALTH,MAD,IC5,semigov,M,True,1,4998.612749840546,0.3445135634615403,2499.306374920273
LEGAL,JED,IC4,private,M,False,1,4993.62599083191,0.39471435138626015,2496.812995415955
SUPPLY,RUH,IC5,private,F,True,1,4993.577102477442,0.6399699983823103,2496.788551238721
PM,QAS,IC4,public,M,True,1,4992.858106524134,0.4436018066669333,2496.429053262067
LEGAL,EST,IC2,public,M,True,1,4989.343017612384,0.9771663570813512,2494.671508806192
CUSTOMER,RUH,IC3,private,M,True,2,4981.127163725453,0.4486422785115919,2490.5635818627266
SALES,TAB,IC4,private,M,False,2,4968.159022235714,0.35367145119540666,2484.079511117857
SWE,JED,M3,private,M,True,1,4947.905724555116,0.11398125411612202,2473.952862277558
PM,EST,IC3,public,M,True,1,4944.946329176279,0.2392551188414739,2472.4731645881393
MARKETING,NJR,D3,pif_backed,M,False,1,4943.938776788302,0.0943719127230013,2471.969388394151
CUSTOMER,RUH,IC5,semigov,F,False,1,4940.19405726826,0.3344569963602664,2470.09702863413
ENG_MECH,RUH,M1,private,M,False,2,4932.286602096716,0.22443609319196633,2466.143301048358
HEALTH,RUH,M1,public,M,True,1,4931.987596508316,0.21670150639158198,2465.993798254158
SALES,MAK,IC4,private,M,True,2,4922.81363268709,0.30370602899165394,2461.406816343545
DESIGN,ASR,M1,mnc,F,False,1,4915.439247161319,0.5788051711192397,2457.7196235806596
HR,RUH,IC4,public,F,True,2,4909.7806924046,0.5789519912424912,2454.8903462023
SWE,QAS,IC3,semigov,M,False,1,4895.959888173835,0.5818210206162927,2447.9799440869174
HEALTH,EST,IC3,startup,F,False,1,4893.824879611406,0.3497612818567461,2446.912439805703
DATA,ASR,IC3,private,F,True,1,4884.916501321659,0.5029903468810111,2442.4582506608294
SALES,JED,IC4,private,M,False,1,4884.628866464207,0.6820507012969312,2442.3144332321035
HEALTH,EST,IC4,public,M,True,1,4873.398013473161,0.22131769840549653,2436.6990067365805
DESIGN,RUH,M3,private,M,False,1,4864.10021490494,0.5873531152264222,2432.05010745247
HEALTH,RUH,M2,mnc,F,True,1,4863.440963525987,0.218237144943621,2431.7204817629936
ENG_CIVIL,RUH,M3,startup,M,False,1,4856.780957231502,0.3097423007187788,2428.390478615751
CUSTOMER,NOR,IC4,semigov,F,False,1,4853.907182730523,0.2837956364990457,2426.9535913652617
HR,RUH,IC5,public,F,True,3,4843.116430775451,0.5240305986236921,2421.5582153877253
SWE,BAH,IC1,private,M,False,1,4842.171725149707,0.6379513194201604,2421.0858625748533
SWE,EST,IC4,public,F,True,2,4831.190921977712,0.3303110081613304,2415.595460988856
LEGAL,RUH,D1,semigov,F,True,1,4828.295638310199,0.11786625436290084,2414.1478191550996
CUSTOMER,RUH,IC2,private,F,True,2,4826.428584620428,0.33434116106853484,2413.214292310214
SALES,QAS,IC3,private,F,False,1,4819.008226702115,0.9072799208324058,2409.5041133510576
OPS,JED,IC5,public,F,False,1,4814.001164674124,0.6733791715052027,2407.000582337062
HEALTH,RUH,IC4,pif_backed,M,True,1,4813.824615665026,0.32774128163254507,2406.912307832513
ENG_ELEC,JED,IC4,private,F,False,1,4805.005089236345,0.3718051363402454,2402.5025446181726
FIN,RUH,IC4,public,M,True,3,4803.7322526974285,0.21602806636886504,2401.8661263487143
ENG_ELEC,JED,IC6,startup,M,False,1,4797.912635506327,0.22717841147912632,2398.9563177531636
HR,JED,IC4,public,F,False,1,4797.09149420895,0.811160814461105,2398.545747104475
SALES,EST,IC4,semigov,M,False,1,4795.9139909834885,0.3254459008406025,2397.9569954917442
DESIGN,RUH,M3,private,M,True,1,4789.046024218638,0.12390429640858577,2394.523012109319
EDU,EST,IC5,semigov,F,True,1,4788.1997607702015,0.2497560056964841,2394.0998803851007
FIN,ASR,VP,private,M,False,1,4780.214142854027,0.11472190885954317,2390.1070714270136
ENG_MECH,JED,IC3,pif_backed,M,False,1,4768.597325695238,0.5812867312684358,2384.298662847619
HEALTH,HAI,IC4,startup,M,False,1,4765.905352741507,0.31814209289997064,2382.9526763707536
ENG_MECH,ASR,IC4,private,F,False,1,4753.452548567446,0.34818088949202114,2376.726274283723
CUSTOMER,RUH,IC4,public,F,True,2,4741.065059571277,0.7962351590981805,2370.5325297856384
SALES,MAK,IC3,public,F,True,1,4734.4790434764145,0.45357975053495864,2367.2395217382073
EDU,RUH,M3,semigov,M,True,1,4730.242888756948,0.16247804731189744,2365.121444378474
CUSTOMER,EST,IC6,mnc,F,False,1,4711.560203226562,0.6040415334275072,2355.780101613281
HEALTH,RUH,IC5,semigov,F,False,2,4692.938960638372,0.20314229032857445,2346.469480319186
SUPPLY,RUH,IC4,startup,F,True,1,4688.661654892434,0.26734742762267333,2344.330827446217
SALES,EST,IC3,mnc,M,True,1,4688.601124070763,0.29336871018604516,2344.3005620353815
SWE,HAI,IC3,private,M,True,1,4683.368898168101,0.20845704080941105,2341.6844490840504
OPS,RUH,IC4,public,M,False,1,4677.509516219305,0.3130134022476227,2338.7547581096524
ENG_ELEC,RUH,M3,pif_backed,M,True,1,4666.720801477997,0.09387088815536787,2333.3604007389986
FIN,JAZ,IC3,semigov,F,True,1,4663.441659325565,0.5000076832125228,2331.7208296627823
FIN,JAZ,M2,public,M,True,1,4661.0035444462155,0.24386855199148086,2330.5017722231078
DATA,RUH,IC3,private,M,False,1,4658.193040057467,0.5519715802177065,2329.0965200287337
SALES,QAS,M5,private,M,True,1,4656.016217599983,0.22399953322046715,2328.0081087999915
ENG_ELEC,MAK,M4,private,F,True,1,4648.221939525261,0.114363270562638,2324.1109697626307
HEALTH,RUH,M1,semigov,F,True,1,4647.38688512467,0.219879735519268,2323.693442562335
ENG_MECH,JED,IC4,private,M,False,1,4646.282216444466,0.16913666243830547,2323.141108222233
ENG_MECH,EST,IC4,mnc,M,False,1,4643.963721277407,0.1711887433777162,2321.9818606387034
HEALTH,RUH,IC3,private,F,False,2,4636.9356370163,0.26890859355944874,2318.46781850815
SUPPLY,MAD,IC5,semigov,M,False,1,4631.10189807069,0.7700125530518314,2315.550949035345
FIN,QAS,IC3,private,M,True,1,4629.149307184349,0.29647959020555953,2314.5746535921744
LEGAL,MAK,M1,private,F,True,2,4624.88381210926,0.26695183775824166,2312.44190605463
ENG_CIVIL,RUH,IC5,public,M,True,1,4621.924457402332,0.19958658979890878,2310.962228701166
HEALTH,QAS,IC5,semigov,M,False,1,4598.586390792148,0.2965572909284354,2299.293195396074
SALES,RUH,IC3,private,M,True,4,4598.16487735392,0.2744539131874356,2299.08243867696
MARKETING,RUH,IC6,private,F,True,2,4594.607582780556,0.1370738403184852,2297.303791390278
DATA,RUH,IC5,public,M,False,1,4584.634566854813,0.15589334232570645,2292.3172834274064
FIN,EST,D1,public,M,True,1,4582.468626719259,0.1364879199312823,2291.2343133596296
HEALTH,EST,IC3,public,M,False,1,4557.00116661251,0.34600377260280346,2278.500583306255
EDU,ASR,M2,private,M,True,1,4551.884703923935,0.65168246338831,2275.9423519619677
SALES,RUH,M1,public,M,False,1,4546.322763108947,0.2904805535676189,2273.1613815544733
PM,RUH,IC3,private,F,True,1,4546.274945614936,0.26582501314806634,2273.137472807468
SALES,RUH,M4,mnc,M,True,1,4546.274277885586,0.13673708566322015,2273.137138942793
PM,RUH,IC2,private,M,True,3,4540.273311343571,0.3095292948015697,2270.1366556717853
HEALTH,RUH,IC4,public,M,False,2,4539.173892023864,0.5659399512477342,2269.586946011932
HEALTH,JED,IC5,private,F,True,1,4533.252240117286,0.20521878781962244,2266.626120058643
EDU,RUH,IC6,semigov,M,True,1,4513.280709976814,0.16322270140735343,2256.640354988407
SALES,RUH,IC2,private,F,False,1,4507.050582130405,0.7667777461938691,2253.5252910652025
CUSTOMER,RUH,IC3,mnc,M,True,1,4505.021603142612,0.6307866667519769,2252.510801571306
HR,JED,IC4,mnc,F,False,1,4503.51937016798,0.5272892368556416,2251.75968508399
FIN,QAS,M3,private,M,False,1,4500.700786929499,0.3010993624999331,2250.3503934647497
ENG_ELEC,EST,IC4,semigov,M,True,1,4498.331012279985,0.34958912019136495,2249.1655061399924
DATA,TAB,IC1,mnc,M,False,1,4498.127046581673,1.0078278196943606,2249.0635232908367
ENG_ELEC,EST,M5,private,M,True,1,4485.395747858394,0.15647005904726669,2242.697873929197
SALES,MAK,IC5,private,F,True,1,4478.1829433851935,0.5922065395795735,2239.0914716925968
HR,HAI,M3,private,F,False,1,4477.813032950253,0.2239159541503316,2238.9065164751264
HEALTH,MAK,IC4,private,M,True,1,4476.211448881919,0.4656061121835041,2238.1057244409594
MARKETING,EST,M2,semigov,F,True,1,4473.1043015084615,0.19254379597757115,2236.5521507542308
SALES,RUH,IC4,public,M,True,2,4464.016843293531,0.3045873609307548,2232.0084216467653
MARKETING,JED,IC5,public,F,False,1,4462.649984606574,0.23844967155732052,2231.324992303287
HEALTH,JED,IC4,private,M,False,3,4458.044575748268,0.20209330244378587,2229.022287874134
DESIGN,JED,M2,private,M,False,1,4457.752335787694,0.5436820388096499,2228.876167893847
FIN,JAZ,IC2,private,F,True,2,4456.113030968963,0.407655702122801,2228.0565154844817
ENG_MECH,RUH,IC6,private,M,False,1,4452.910449209372,0.13478763782742575,2226.455224604686
EDU,ASR,D2,private,F,True,1,4444.289481617579,0.17221195731938702,2222.1447408087897
DESIGN,BAH,M2,private,F,True,1,4444.089527672302,0.20609161560107617,2222.044763836151
SALES,QAS,IC3,private,M,False,1,4437.047782775652,0.729543613935605,2218.523891387826
PM,TAB,IC5,mnc,M,False,1,4436.9951108081805,0.1925061407577722,2218.4975554040902
OPS,RUH,IC6,public,M,False,1,4434.233264216888,0.36128661983524496,2217.116632108444
HR,ASR,IC2,private,M,False,1,4431.913317228638,0.4657053932543523,2215.956658614319
HEALTH,JED,IC3,private,F,True,1,4425.979859032785,0.27894051651704593,2212.9899295163923
SUPPLY,EST,IC3,private,M,True,1,4422.97728739557,0.4438186954087227,2211.488643697785
FIN,TAB,IC4,private,M,True,1,4419.120521829784,0.31260159075348326,2209.560260914892
SALES,EST,IC3,private,F,True,2,4419.035344760949,0.32589755395328596,2209.5176723804743
SUPPLY,MAK,M1,public,M,False,1,4416.581541348838,0.5533003277708464,2208.290770674419
SWE,RUH,IC2,semigov,M,False,1,4413.201506495801,0.3256194275539669,2206.6007532479007
EDU,RUH,IC3,public,F,True,3,4412.950561503182,0.35821312718508835,2206.475280751591
ENG_MECH,RUH,IC4,public,M,True,2,4409.995150740544,0.23458174811866714,2204.997575370272
ENG_ELEC,EST,M3,public,M,False,1,4408.246387309482,0.1422527991485149,2204.123193654741
CUSTOMER,EST,IC4,private,F,True,1,4398.728647285032,0.38958037570698556,2199.364323642516
HEALTH,EST,IC2,pif_backed,F,True,1,4396.542418771716,0.33684791988143714,2198.271209385858
FIN,TAB,IC2,mnc,M,False,1,4388.896727410861,0.8389846932655721,2194.4483637054304
DESIGN,MAK,M1,startup,M,True,1,4381.910543143798,0.37612836892781465,2190.955271571899
OPS,JED,IC5,public,M,True,1,4370.620616003778,0.5137572913205893,2185.310308001889
OPS,MAK,IC4,private,M,True,1,4365.627100300921,0.1714189328594076,2182.8135501504603
ENG_MECH,MAK,IC4,private,M,True,1,4351.088929999447,0.2787715676751687,2175.5444649997235
EDU,RUH,M2,mnc,F,True,1,4346.281615558775,0.20471846984313513,2173.1408077793876
CUSTOMER,NJR,M3,semigov,F,False,1,4341.470746518861,0.7452772035340369,2170.7353732594306
DESIGN,EST,IC5,startup,M,False,1,4340.796193330902,0.5281969147922647,2170.398096665451
HEALTH,RUH,M1,mnc,M,True,1,4336.750330038314,0.2550308018753702,2168.375165019157
FIN,MAK,M1,private,M,False,1,4334.092679598975,0.785062162334301,2167.0463397994877
HEALTH,RUH,IC5,semigov,F,True,1,4324.574422386591,0.2771988953505864,2162.2872111932957
SUPPLY,RUH,IC5,private,M,False,1,4323.122522612784,0.41938878679615493,2161.561261306392
ENG_CIVIL,MAD,IC4,private,M,False,2,4321.8749231498105,0.35414884489956167,2160.9374615749052
DESIGN,JED,IC3,semigov,F,True,2,4317.199002973184,0.3165074626189193,2158.599501486592
SWE,TAB,M5,private,F,False,1,4315.174537656792,0.11876749204184829,2157.587268828396
HR,JAZ,IC2,private,M,False,1,4307.40823694727,0.4402142340106359,2153.704118473635
FIN,RUH,IC3,private,F,True,1,4299.152936587487,0.3534644646085627,2149.5764682937433
ENG_CIVIL,EST,M1,public,M,False,1,4297.583091321354,0.26906678307665916,2148.791545660677
HEALTH,RUH,IC4,private,M,True,3,4277.667419722875,0.4158416090154038,2138.8337098614375
HR,JAZ,M2,mnc,M,False,1,4272.456387899435,0.529302587990802,2136.2281939497175
HEALTH,RUH,D2,public,M,False,1,4267.153043593418,0.10832212691621794,2133.576521796709
DATA,JED,IC6,pif_backed,M,True,1,4265.9592567431755,0.08866668960071084,2132.9796283715878
ENG_MECH,EST,IC3,semigov,F,True,1,4252.763408555098,0.3348229235812613,2126.381704277549
SWE,ASR,IC4,private,M,False,1,4250.361378335996,0.491738498154228,2125.180689167998
EDU,RUH,IC5,public,F,True,2,4249.694153385107,0.27909828328259734,2124.8470766925534
SUPPLY,JED,IC3,private,F,True,1,4248.922023969539,0.4247809097985866,2124.4610119847694
OPS,JED,M2,private,F,True,1,4242.927554792559,0.3660709942057952,2121.4637773962795
PM,EST,M4,private,M,True,1,4229.810034205708,0.10103123448529339,2114.905017102854
SWE,EST,M2,public,F,True,1,4229.334997182883,0.13902426427779782,2114.6674985914415
SALES,RUH,IC4,private,F,False,1,4227.214616146026,0.4190244092517742,2113.607308073013
HEALTH,QAS,IC3,semigov,M,True,1,4217.096440921067,0.8203621885138435,2108.5482204605337
MARKETING,RUH,M3,pif_backed,F,False,1,4216.224961815358,0.10710514165691039,2108.112480907679
SWE,EST,IC3,semigov,M,False,2,4212.936822527925,0.34675000101470654,2106.4684112639625
FIN,RUH,IC4,mnc,F,False,1,4198.024178685311,0.17381309191278224,2099.0120893426556
CUSTOMER,JED,IC4,startup,F,False,1,4194.091143514119,0.41047552502477275,2097.0455717570594
CUSTOMER,JED,IC4,semigov,F,False,1,4186.932295669983,0.35450001275695603,2093.4661478349917
EDU,RUH,SVP,private,F,True,1,4184.596473666941,0.08683897388700385,2092.2982368334706
PM,JAZ,IC4,semigov,M,False,1,4183.474228415909,0.28925615928345544,2091.7371142079546
SALES,QAS,IC3,public,M,False,1,4180.359499640897,0.43328767616510133,2090.1797498204487
EDU,RUH,IC5,private,F,True,6,4170.814881922773,0.2458849879026764,2085.4074409613863
FIN,EST,IC5,public,M,True,3,4165.602817404705,0.20721426725832004,2082.8014087023525
EDU,QAS,IC5,private,M,True,1,4160.661724899715,0.292537111493735,2080.3308624498577
ENG_ELEC,ASR,M2,semigov,M,True,1,4158.838350874681,0.24923580402644321,2079.4191754373405
SWE,EST,IC6,pif_backed,M,False,1,4149.874267552092,0.10880007622927078,2074.937133776046
MARKETING,NJR,IC3,pif_backed,F,False,1,4143.543860729073,0.6339639287337949,2071.7719303645363
SALES,MAD,IC3,semigov,M,True,1,4140.537658833882,0.2510571625877529,2070.268829416941
OPS,EST,IC4,semigov,M,False,1,4129.772184571373,0.5986556589955327,2064.8860922856866
SWE,RUH,M1,semigov,M,False,1,4129.564106339676,0.2160884133689477,2064.782053169838
CUSTOMER,RUH,IC4,private,F,False,1,4126.3828758348,0.5505301163577127,2063.1914379174
SWE,EST,IC3,private,M,False,1,4124.660550914354,0.31198999060657767,2062.330275457177
ENG_CIVIL,EST,M1,private,M,True,1,4124.381407350418,0.23817996328015884,2062.190703675209
MARKETING,BAH,IC3,private,M,False,1,4123.1512484786435,0.7074132834539724,2061.5756242393218
EDU,NJR,IC4,private,F,True,2,4122.595595408586,0.2817093659070945,2061.297797704293
PM,RUH,IC3,mnc,M,False,1,4122.063422598694,0.18039996457697227,2061.031711299347
HEALTH,EST,IC5,semigov,M,True,1,4119.73883737317,0.15832416458045356,2059.869418686585
ENG_MECH,TAB,IC3,semigov,M,True,1,4118.531197623162,0.3435241126179336,2059.265598811581
ENG_MECH,RUH,IC3,pif_backed,M,False,1,4106.636831289103,0.23999546681633974,2053.3184156445514
SWE,EST,IC5,private,F,True,1,4096.639278337912,0.13703197064233455,2048.319639168956
CUSTOMER,RUH,M1,private,F,True,3,4093.9219852511596,0.328156198460504,2046.9609926255798
DESIGN,RUH,IC3,semigov,F,False,1,4084.0808670195984,0.2588874063037961,2042.0404335097992
ENG_CIVIL,JED,IC3,private,M,True,1,4075.5979172176303,0.31375032657715357,2037.7989586088152
SALES,EST,M1,startup,M,False,1,4075.3531976488375,0.22522383361567253,2037.6765988244188
PM,RUH,IC4,public,M,False,1,4072.4682646693127,0.26070337420135564,2036.2341323346564
DESIGN,JED,M5,private,M,True,1,4071.397034348978,0.10729500731171386,2035.698517174489
DATA,RUH,IC3,pif_backed,M,False,1,4070.363927960396,0.25273584932828547,2035.181963980198
SALES,RUH,IC3,pif_backed,F,False,1,4066.36327313352,0.19730997622561786,2033.18163656676
HEALTH,EST,M2,public,M,True,1,4061.614254493379,0.3410301275662292,2030.8071272466896
CUSTOMER,EST,IC3,pif_backed,M,False,1,4051.6796328153814,0.3780959174931137,2025.8398164076907
OPS,JAZ,IC4,private,M,True,3,4049.6024380927374,0.309171341262124,2024.8012190463687
ENG_CIVIL,ASR,IC6,public,M,True,1,4043.8048813252353,0.24310638589802117,2021.9024406626177
EDU,RUH,M1,mnc,F,True,3,4042.899372573198,0.3362530351909225,2021.449686286599
FIN,RUH,IC2,public,M,True,1,4039.6692732863276,0.4029414413603706,2019.8346366431638
ENG_CIVIL,MAK,M3,mnc,F,False,1,4032.395684739742,0.2163550796464692,2016.197842369871
HR,RUH,IC5,public,M,True,1,4026.0050336265012,0.38474303990834424,2013.0025168132506
CUSTOMER,JAZ,IC4,mnc,M,False,1,4025.0684427004344,0.9091741321657931,2012.5342213502172
FIN,RUH,IC5,mnc,M,True,1,4021.8230639864632,0.10707084887827471,2010.9115319932316
HEALTH,RUH,IC2,mnc,F,False,1,4007.3197198136786,0.8823644069812155,2003.6598599068393
SALES,RUH,IC2,pif_backed,M,True,1,3996.4777840960196,0.4679365696360015,1998.2388920480098
HR,RUH,IC3,semigov,F,False,1,3993.166414233161,0.29032215577087833,1996.5832071165805
CUSTOMER,JED,IC3,public,M,True,1,3988.5988136911965,0.5615166576601724,1994.2994068455982
FIN,RUH,IC3,public,F,True,1,3981.230874555813,0.27533764247988773,1990.6154372779065
OPS,JED,IC4,pif_backed,M,True,1,3981.070118142132,0.26796733549458873,1990.535059071066
SALES,EST,M3,semigov,M,False,2,3977.6710993221186,0.13258896884970672,1988.8355496610593
DATA,RUH,IC1,startup,M,True,1,3971.921740403356,0.992980435100839,1985.960870201678
SWE,EST,M1,private,M,True,2,3968.9374590028056,0.1160661678953543,1984.4687295014028
MARKETING,RUH,IC3,public,F,True,1,3963.6709390125197,0.2702454391622868,1981.8354695062599
ENG_MECH,EST,IC4,startup,M,True,1,3958.35739493819,0.23408520422581974,1979.178697469095
EDU,RUH,IC6,private,M,True,1,3956.939994688255,0.2897872074758657,1978.4699973441275
CUSTOMER,RUH,IC4,private,M,True,2,3953.473135471797,0.44283435244638475,1976.7365677358985
HEALTH,EST,M4,public,F,True,1,3938.020506287259,0.12529571468256598,1969.0102531436296
CUSTOMER,RUH,M3,private,F,False,1,3934.457039968507,0.3954736930950421,1967.2285199842536
FIN,RUH,M2,private,M,False,1,3933.6528413636843,0.13130962167753613,1966.8264206818421
MARKETING,QAS,IC2,private,M,True,1,3933.2099366422626,0.9833024841605656,1966.6049683211313
SWE,JED,IC4,semigov,F,True,1,3932.9352302628613,0.13418975181013668,1966.4676151314306
SUPPLY,QAS,IC3,private,F,False,1,3929.745705222144,0.9972986697312053,1964.872852611072
EDU,JED,IC6,public,F,True,2,3914.9757482796977,0.19346724371643642,1957.4878741398488
ENG_MECH,EST,IC4,private,M,False,1,3909.0273707904926,0.24809675583810245,1954.5136853952463
ENG_CIVIL,RUH,IC3,semigov,F,False,1,3908.4176126969433,0.3256545191982275,1954.2088063484716
MARKETING,QAS,M4,private,M,False,1,3903.769287152023,0.17472932081832326,1951.8846435760115
HEALTH,RUH,IC4,public,F,False,4,3896.0115365921356,0.1966681307295979,1948.0057682960678
OPS,JED,D1,pif_backed,M,False,1,3890.2056711464866,0.15259927435414444,1945.1028355732433
CUSTOMER,EST,IC3,pif_backed,F,False,1,3889.9369358193244,0.45591681033779696,1944.9684679096622
HR,RUH,IC5,semigov,M,True,1,3887.647373411168,0.2484880275439683,1943.823686705584
SWE,JED,M1,private,F,False,1,3886.0599171436916,0.15742130847026567,1943.0299585718458
SWE,EST,IC2,startup,M,True,2,3877.718250455734,0.7655141919364454,1938.859125227867
MARKETING,EST,IC4,public,F,True,1,3875.780073803817,0.1785808775750242,1937.8900369019084
HR,TAB,IC3,mnc,M,False,1,3871.4238836725817,0.5676216724858376,1935.7119418362909
SALES,JED,IC5,public,M,True,1,3868.589927185847,0.23933118293026162,1934.2949635929235
SWE,EST,IC3,pif_backed,M,False,1,3866.937685972918,0.2613042913500546,1933.468842986459
SWE,EST,IC3,semigov,M,True,1,3863.3106600571045,0.15373564529982425,1931.6553300285523
ENG_MECH,MAD,IC4,private,M,False,1,3862.9424651698228,0.274168218523758,1931.4712325849114
OPS,JAZ,IC4,mnc,M,True,1,3861.0050335647866,0.5033747358055011,1930.5025167823933
MARKETING,QAS,IC4,private,M,False,1,3860.9156998789877,0.31722724515513234,1930.4578499394938
HR,JED,M2,startup,F,False,1,3848.419451430851,0.17925421287335594,1924.2097257154255
MARKETING,EST,IC3,public,F,True,1,3843.738543495845,0.4438579169471774,1921.8692717479225
SALES,EST,IC4,pif_backed,M,True,1,3841.4617324530755,0.2555043380933776,1920.7308662265377
ENG_CIVIL,EST,IC4,public,M,True,3,3824.1561361674017,0.21694233808252508,1912.0780680837008
DATA,RUH,IC1,public,M,True,1,3823.083976468967,0.37377949708246894,1911.5419882344836
MARKETING,ASR,IC3,private,M,True,1,3813.318282364381,0.6574924751351999,1906.6591411821905
EDU,EST,IC4,mnc,F,True,1,3804.3111964767268,0.46047614912647733,1902.1555982383634
DATA,QAS,IC3,private,M,False,1,3803.2865218307197,0.5945199057454027,1901.6432609153599
HR,EST,IC4,private,F,True,1,3793.7022515256103,0.1724716643515102,1896.8511257628052
HEALTH,EST,M1,private,F,False,2,3772.7409072163073,0.1878777832759927,1886.3704536081536
CUSTOMER,RUH,IC3,startup,F,False,1,3770.501449175058,0.5809288771344845,1885.250724587529
FIN,RUH,IC4,semigov,F,True,2,3757.230884702196,0.27206677598490175,1878.615442351098
HEALTH,RUH,IC4,pif_backed,M,False,1,3755.942832672292,0.3125823668464813,1877.971416336146
SALES,EST,M1,pif_backed,M,False,1,3735.4149726532796,0.38567721656165704,1867.7074863266398
ENG_MECH,MAD,IC2,private,M,False,1,3733.7151872793565,0.4491320033103285,1866.8575936396783
SUPPLY,MAK,IC1,private,M,False,1,3731.0131981909344,2.0727851101060746,1865.5065990954672
HR,MAD,IC3,semigov,F,False,1,3727.130057595341,0.3731888215069555,1863.5650287976705
OPS,TAB,IC2,private,M,False,1,3724.0391080119116,2.068910615562173,1862.0195540059558
FIN,MAK,IC4,public,F,True,1,3721.627223619951,0.27082274641334597,1860.8136118099756
MARKETING,ASR,M3,private,M,True,1,3720.6378117811037,0.15365583737496352,1860.3189058905518
SWE,RUH,D2,private,F,True,1,3718.2006583781476,0.05486182086528487,1859.1003291890738
MARKETING,RUH,M1,pif_backed,F,False,1,3715.967401884046,0.5391210627399727,1857.983700942023
CUSTOMER,JED,IC4,semigov,M,False,1,3709.1370242009875,2.0016713387880256,1854.5685121004938
ENG_MECH,JED,M2,public,M,True,1,3705.9130750007844,0.23120296833897325,1852.9565375003922
CUSTOMER,TAB,M2,public,M,False,1,3702.247085573914,0.324879348597541,1851.123542786957
ENG_MECH,EST,IC3,public,M,False,3,3696.3452788944305,0.3783083943556444,1848.1726394472153
SALES,HAI,M1,startup,F,True,1,3693.444021005891,0.39004939408690426,1846.7220105029455
DESIGN,RUH,IC3,private,F,True,1,3691.958649724196,0.30462358513666105,1845.979324862098
ENG_ELEC,RUH,IC4,private,M,True,2,3683.930543412299,0.27599889851956566,1841.9652717061495
SUPPLY,EST,IC6,private,M,False,1,3677.862237219608,0.3320715919374916,1838.931118609804
OPS,MAD,IC6,public,F,False,1,3677.5234279669676,0.3591405124486896,1838.7617139834838
DESIGN,RUH,IC4,private,M,False,1,3675.5074218686623,0.2536456036600433,1837.7537109343311
ENG_CIVIL,RUH,IC4,pif_backed,M,True,1,3675.204376203332,0.14174845680975065,1837.602188101666
OPS,JED,IC3,private,M,False,2,3665.8974355455744,0.8450114903724553,1832.9487177727872
FIN,EST,IC2,public,F,False,1,3664.4323221346276,0.9023472844458575,1832.2161610673138
SUPPLY,EST,M1,semigov,M,False,1,3659.6960516970576,0.302139095562897,1829.8480258485288
MARKETING,JED,IC5,semigov,M,False,1,3652.0387704725545,0.2421816522470568,1826.0193852362772
FIN,JED,IC4,mnc,F,True,1,3647.669862300416,0.2242893854603554,1823.834931150208
EDU,EST,M2,private,F,True,3,3645.995577748745,0.16447496525694466,1822.9977888743724
HEALTH,RUH,IC6,mnc,M,False,1,3644.941295965691,0.11966175381210704,1822.4706479828455
HR,RUH,M1,private,M,True,1,3643.371229348093,0.18181093934970377,1821.6856146740465
SALES,RUH,IC5,pif_backed,M,False,1,3641.309082159458,0.3779243927007373,1820.654541079729
SWE,EST,IC3,private,F,True,2,3632.022797188465,0.23153009809416464,1816.0113985942326
EDU,ASR,IC3,semigov,F,True,1,3618.808151430537,0.3483434904184133,1809.4040757152684
OPS,TAB,IC2,semigov,M,True,1,3618.5391677531734,0.7532769676383089,1809.2695838765867
FIN,MAK,M2,semigov,M,True,1,3610.9099034877872,0.12455906176806486,1805.4549517438936
ENG_ELEC,RUH,IC3,public,M,True,2,3609.4419297021423,0.5211830117602445,1804.7209648510711
FIN,BAH,IC4,mnc,M,True,1,3607.8845642718134,0.2677683940263631,1803.9422821359067
DESIGN,RUH,IC2,public,F,True,1,3607.7100487126245,0.3649430336317405,1803.8550243563122
ENG_MECH,TAB,IC3,public,M,False,1,3600.4362448356032,0.3204729112892134,1800.2181224178016
FIN,JED,IC3,public,M,True,2,3598.6758790876006,0.2050980729566622,1799.3379395438003
HEALTH,QAS,IC4,public,F,True,1,3598.4629024553296,0.46491588565617054,1799.2314512276648
DATA,MAK,IC3,private,M,False,1,3591.087116172139,0.31248066001102826,1795.5435580860694
HR,ASR,M1,semigov,F,False,1,3587.1581218288393,0.4056930374549838,1793.5790609144196
PM,HAI,M3,pif_backed,M,True,1,3586.00641230341,0.11822686436288692,1793.003206151705
ENG_ELEC,MAK,IC4,private,M,True,1,3584.408713537323,0.1468258155210175,1792.2043567686615
DATA,RUH,IC4,semigov,M,True,3,3578.923972467859,0.16960115729807992,1789.4619862339296
HEALTH,MAK,IC2,semigov,F,True,2,3578.509656401767,0.8289069511912903,1789.2548282008836
HR,EST,M2,private,M,False,1,3574.7824750227774,0.2449026307241528,1787.3912375113887
SUPPLY,JED,M1,public,M,False,1,3573.0804440436623,0.2344764064851093,1786.5402220218311
MARKETING,TAB,M2,public,F,False,1,3571.7124745264327,0.5848823058084263,1785.8562372632164
PM,EST,IC3,private,M,True,1,3550.530418935821,0.2821414770987651,1775.2652094679106
SALES,QAS,IC5,semigov,M,False,1,3530.8611101085316,0.48716113790038285,1765.4305550542658
DESIGN,RUH,M2,private,F,False,1,3527.9263192920225,0.1323274407117933,1763.9631596460113
OPS,EST,IC3,private,F,True,1,3526.787427787005,0.24220195433713254,1763.3937138935025
SWE,EST,IC5,private,M,True,2,3523.9424791163146,0.09675667402740631,1761.9712395581573
LEGAL,EST,IC3,private,M,True,1,3522.629029551912,0.21357033039601747,1761.314514775956
SWE,EST,IC3,mnc,M,True,1,3508.49137498263,0.2657555417936464,1754.245687491315
HEALTH,JAZ,IC6,semigov,F,False,1,3508.071075545009,0.2148931850313518,1754.0355377725045
SWE,RUH,IC6,semigov,M,True,1,3506.6999316923175,0.09530054803706244,1753.3499658461587
HR,QAS,IC4,private,F,False,1,3505.4419925618968,0.542059099810094,1752.7209962809484
CUSTOMER,TAB,M1,startup,F,True,1,3497.7262982901484,0.22903649798776204,1748.8631491450742
FIN,EST,M1,private,F,False,1,3493.8388570425304,0.24104051357950843,1746.9194285212652
ENG_CIVIL,JED,IC4,private,M,False,3,3492.164359180351,0.27111866934649564,1746.0821795901754
MARKETING,RUH,IC5,pif_backed,M,False,1,3492.111661510102,0.15251920127873136,1746.055830755051
SUPPLY,HAI,IC4,private,F,True,1,3486.795094505912,0.360310326799685,1743.397547252956
LEGAL,MAK,IC1,public,M,True,1,3484.7734479306664,0.7017221901459851,1742.3867239653332
SALES,EST,M2,private,M,False,1,3480.8380550310394,0.11253983791799177,1740.4190275155197
DATA,RUH,IC1,private,M,True,1,3468.585741404603,0.6601134147877362,1734.2928707023016
EDU,JED,IC5,private,F,True,1,3455.3712418548675,0.4158958965962629,1727.6856209274338
SWE,RUH,IC4,private,M,True,2,3452.185938636537,0.17910941470159628,1726.0929693182684
HEALTH,JED,IC2,public,M,False,1,3451.918544168386,0.36982081096465147,1725.959272084193
DATA,JED,IC1,private,M,True,1,3450.868428596854,0.8627171071492135,1725.434214298427
ENG_CIVIL,JED,IC4,semigov,M,False,2,3444.573029897251,0.24407565456269317,1722.2865149486256
ENG_CIVIL,RUH,IC4,pif_backed,M,False,1,3434.292283861516,0.3586728233797928,1717.146141930758
HEALTH,NJR,IC3,private,M,False,1,3433.4259903085267,0.34225013659484194,1716.7129951542634
SALES,RUH,IC4,pif_backed,M,False,1,3431.77652659269,0.25619966111003867,1715.888263296345
ENG_CIVIL,RUH,M4,semigov,M,False,1,3431.173100259788,0.1317228370485203,1715.586550129894
ENG_ELEC,RUH,IC6,private,M,True,1,3423.115792849643,0.20083038724688881,1711.5578964248216
ENG_CIVIL,NJR,IC3,private,M,True,1,3421.679999953636,0.6776972774607221,1710.839999976818
HEALTH,TAB,IC4,private,M,False,1,3418.6246621249948,0.45379692277901745,1709.3123310624974
EDU,RUH,M3,private,F,True,4,3418.4612450777304,0.14829633482407492,1709.2306225388652
CUSTOMER,JED,IC2,semigov,F,True,1,3417.7883521359217,0.6169827624299437,1708.8941760679609
SALES,HAI,IC4,semigov,F,False,1,3417.0426590304523,0.16487277447598914,1708.5213295152262
CUSTOMER,RUH,IC4,semigov,F,True,2,3416.8578101806097,0.29407654987895965,1708.4289050903049
LEGAL,JED,IC3,public,M,True,1,3416.1095568685723,0.3698008765026546,1708.0547784342862
MARKETING,MAK,IC3,private,M,True,1,3407.643130355764,0.8519107825889409,1703.821565177882
SWE,MAK,IC4,mnc,M,True,1,3406.7604036957273,0.16604250069188722,1703.3802018478636
EDU,JED,IC6,pif_backed,F,False,1,3395.6836647778327,0.1455232710978188,1697.8418323889164
SALES,RUH,M1,private,M,False,3,3395.217914540768,0.5552238571532516,1697.608957270384
ENG_MECH,RUH,IC4,private,M,True,2,3376.873207306414,0.22510118850285907,1688.436603653207
PM,RUH,IC4,private,F,False,2,3375.36276286296,0.21274414056252225,1687.68138143148
ENG_MECH,ASR,IC3,private,M,False,1,3374.8043730211884,0.36101114364489295,1687.4021865105942
EDU,RUH,M2,pif_backed,M,True,1,3374.23992754324,0.20385730082541473,1687.11996377162
HEALTH,EST,IC3,startup,M,False,1,3367.3341673548357,0.5442921537824043,1683.6670836774178
EDU,HAI,M1,pif_backed,F,True,1,3364.342120949621,0.4335592991782826,1682.1710604748105
EDU,JED,IC5,public,F,True,1,3362.3887880202838,0.33388233726560773,1681.1943940101419
SWE,RUH,IC3,private,M,True,5,3361.234682559225,0.3263127062640545,1680.6173412796124
OPS,RUH,IC3,public,M,False,2,3344.2786831425046,0.46359623363500624,1672.1393415712523
CUSTOMER,RUH,M2,public,F,True,2,3336.6181007054083,0.30676880295234155,1668.3090503527042
HEALTH,MAK,IC2,private,F,True,1,3332.8536574681084,0.8332134143670271,1666.4268287340542
HEALTH,RUH,IC4,semigov,F,False,1,3329.7635283953114,0.36174444127648486,1664.8817641976557
HEALTH,EST,IC2,mnc,M,False,1,3326.7196268659272,0.34018042502780643,1663.3598134329636
HEALTH,QAS,IC3,public,M,False,1,3326.375694633148,0.9186726030167359,1663.187847316574
MARKETING,JAZ,IC3,private,M,False,1,3325.9843202204165,1.8265105138638713,1662.9921601102083
EDU,EST,M1,public,M,True,1,3318.15089390544,0.25228194486281674,1659.07544695272
OPS,BAH,IC4,public,M,False,1,3317.125027134134,0.24001205638038517,1658.562513567067
OPS,RUH,IC2,semigov,M,True,1,3314.9057721002628,0.42419554397750137,1657.4528860501314
MARKETING,NJR,M2,mnc,F,True,1,3311.1538729723798,0.18131615243059024,1655.5769364861899
MARKETING,TAB,IC1,mnc,F,False,1,3307.4422600839835,1.8374679222688797,1653.7211300419917
LEGAL,ASR,IC2,public,F,True,1,3306.7069722320903,0.5090687499587552,1653.3534861160451
ENG_ELEC,BAH,IC4,semigov,M,True,1,3306.099824202267,0.45788256126761046,1653.0499121011335
MARKETING,TAB,IC2,private,F,False,1,3303.0799034228767,0.7969310340606495,1651.5399517114383
OPS,HAI,IC6,public,M,True,1,3298.731749854702,0.3322062595462636,1649.365874927351
DATA,JED,M2,public,F,False,1,3290.173150305047,0.1426465106469848,1645.0865751525234
HEALTH,MAK,IC3,private,F,True,1,3283.7998974904367,0.5642170920586307,1641.8999487452184
ENG_CIVIL,RUH,IC3,semigov,M,False,1,3281.9056042871516,0.30552659743126404,1640.9528021435758
SUPPLY,NJR,IC4,public,M,False,1,3277.124483047586,1.1514681743923438,1638.562241523793
OPS,MAK,IC1,mnc,M,True,1,3275.2297485147938,0.2573308412764909,1637.6148742573969
ENG_CIVIL,JED,IC3,mnc,M,False,2,3274.5741862497666,0.29567864677249356,1637.2870931248833
FIN,RUH,M1,semigov,F,False,1,3268.957065724444,0.12759220954141703,1634.478532862222
EDU,TAB,IC3,public,F,False,1,3266.142283687227,0.3371888065303201,1633.0711418436135
SALES,EST,IC5,mnc,F,False,1,3262.552288200386,0.17162475608372452,1631.276144100193
HR,EST,M1,public,M,False,1,3259.911388020726,0.20289281914294288,1629.955694010363
ENG_MECH,RUH,IC2,private,M,False,2,3258.0021665350496,0.35991079382657565,1629.0010832675248
ENG_MECH,RUH,M1,public,M,False,2,3253.688897478223,0.3257643319800729,1626.8444487391116
SWE,QAS,IC2,private,M,True,1,3251.34226840235,0.2450431111699068,1625.671134201175
FIN,QAS,IC4,private,M,True,1,3247.4729594391083,0.17476614020796177,1623.7364797195542
HEALTH,JED,IC1,mnc,M,False,1,3243.5302418609426,0.6944717357586859,1621.7651209304713
DESIGN,JED,IC3,private,M,False,1,3239.6314657121166,0.20631599141730478,1619.8157328560583
FIN,JED,IC3,private,F,False,1,3226.0803892664153,0.19706681896915823,1613.0401946332076
OPS,JED,IC4,semigov,F,True,1,3225.206650659222,0.32873138716360417,1612.603325329611
EDU,JED,M2,public,M,True,1,3220.745793481128,0.3355730034102918,1610.372896740564
HEALTH,TAB,IC3,pif_backed,M,True,1,3209.973523795631,0.4811623424848314,1604.9867618978155
DESIGN,MAK,M1,private,M,True,1,3208.7994421245457,0.2667100634795118,1604.3997210622729
ENG_MECH,EST,IC4,public,M,False,1,3207.8438310801175,0.25002699386984073,1603.9219155400588
SWE,RUH,IC1,public,F,False,1,3207.81709478268,1.1668014050365485,1603.90854739134
CUSTOMER,RUH,IC4,semigov,M,False,1,3206.3621548656974,0.7582741290920415,1603.1810774328487
EDU,RUH,M1,pif_backed,F,True,1,3192.877918554983,0.22257263642976377,1596.4389592774914
SALES,ASR,IC1,private,M,False,1,3188.863590537334,1.7023069891725302,1594.431795268667
ENG_CIVIL,JED,IC4,mnc,M,False,1,3187.370663001888,0.20906658806549563,1593.685331500944
ENG_ELEC,QAS,IC3,mnc,M,True,1,3183.0889656200734,0.4809468428255968,1591.5444828100367
SWE,MAD,IC2,semigov,M,False,1,3179.200959270426,0.5087104085059878,1589.600479635213
CUSTOMER,JED,IC1,private,F,False,1,3177.3793476011924,1.7652107486673292,1588.6896738005962
SALES,EST,VP,public,M,False,1,3173.932290950317,0.08610664567988037,1586.9661454751586
CUSTOMER,EST,IC3,private,F,True,1,3172.809424873847,0.5166306145837393,1586.4047124369235
LEGAL,MAK,M1,public,M,False,1,3172.3673521710116,0.24267877718219313,1586.1836760855058
CUSTOMER,EST,IC5,pif_backed,F,True,1,3171.7280596274213,0.2740797889117288,1585.8640298137107
FIN,HAI,IC3,public,F,True,1,3167.80664234082,0.21470992682884446,1583.90332117041
HEALTH,RUH,IC6,semigov,F,True,1,3167.5353964710557,0.11145989886454882,1583.7676982355279
DATA,MAD,IC3,public,M,True,1,3167.357449889698,0.2949957390071024,1583.678724944849
OPS,EST,IC6,public,M,True,1,3151.9108197432943,0.12682806664389012,1575.9554098716471
FIN,RUH,M3,public,M,True,1,3150.473036514708,0.13663170734997307,1575.236518257354
HR,QAS,M3,private,F,False,1,3145.3108264571783,0.22230953076171328,1572.6554132285892
SALES,JED,IC4,mnc,M,False,1,3143.472807923099,0.47963832011814433,1571.7364039615495
PM,RUH,IC3,semigov,M,False,1,3142.916457231213,0.23393445769984977,1571.4582286156065
SALES,ASR,IC4,private,M,True,1,3138.7948640814575,0.18515986576545262,1569.3974320407287
ENG_MECH,EST,M1,public,M,True,1,3135.8756314829025,0.19837307582712407,1567.9378157414512
PM,RUH,IC1,private,M,True,1,3131.7705203441456,0.5025515378279816,1565.8852601720728
HEALTH,RUH,IC3,pif_backed,F,True,1,3128.49699420252,0.209681833848352,1564.24849710126
ENG_MECH,RUH,IC4,private,M,False,2,3124.1140702050347,0.41018802590608316,1562.0570351025174
ENG_CIVIL,JED,M2,public,M,True,1,3121.8262112550583,0.2419455779120576,1560.9131056275291
SWE,RUH,M3,startup,M,False,1,3114.487706121159,0.07758710756316378,1557.2438530605796
ENG_ELEC,JED,IC3,pif_backed,M,True,1,3101.0552366557004,0.1924250797613314,1550.5276183278502
SWE,QAS,IC4,private,M,False,1,3098.0750693894133,0.23264987413251512,1549.0375346947067
HEALTH,RUH,IC2,startup,F,True,1,3097.0585312098674,0.6202167475803327,1548.5292656049337
MARKETING,MAK,IC4,private,F,False,2,3094.451932369042,0.2644473046137806,1547.225966184521
SUPPLY,EST,IC2,semigov,M,False,1,3093.9976139355767,0.3395478779268003,1546.9988069677884
HEALTH,JAZ,IC2,private,M,False,1,3092.5249394133866,1.196478084185487,1546.2624697066933
HEALTH,RUH,IC4,private,F,False,7,3082.605695516921,0.33282602078153084,1541.3028477584605
FIN,QAS,IC3,public,F,False,1,3078.2505158334025,0.4670916150120864,1539.1252579167012
MARKETING,JED,IC4,private,F,True,2,3073.2266682565423,0.12636414312064476,1536.6133341282712
SUPPLY,JED,IC5,pif_backed,M,False,1,3071.464271703362,0.17077931495671456,1535.732135851681
EDU,RUH,IC5,public,M,True,2,3062.7715672200957,0.1846807828696092,1531.3857836100478
MARKETING,ASR,M4,public,F,False,1,3061.196044354234,0.22161526581300184,1530.598022177117
SALES,NJR,IC5,startup,M,True,1,3054.3849582064395,0.17979704203485525,1527.1924791032197
HEALTH,RUH,M2,startup,F,False,1,3052.591827468161,0.14463681626953714,1526.2959137340804
EDU,RUH,IC4,public,M,True,3,3049.5564456673305,0.42153506901862475,1524.7782228336653
SUPPLY,JED,IC4,semigov,F,True,1,3047.937930211461,0.2677679165871424,1523.9689651057306
HEALTH,RUH,IC3,private,F,True,2,3044.4594409360143,0.21804527485297515,1522.2297204680071
ENG_ELEC,RUH,IC4,public,M,True,2,3043.248874655983,0.21720499155511597,1521.6244373279915
SWE,RUH,M1,private,F,False,1,3041.139950456658,0.1479188925444555,1520.569975228329
CUSTOMER,QAS,IC2,private,F,True,1,3040.48990581011,0.2946465253117866,1520.244952905055
CUSTOMER,ASR,IC3,private,M,True,1,3035.9661764894363,0.4198914267739693,1517.9830882447181
DESIGN,EST,IC2,private,M,False,1,3030.845879526614,0.691206989396837,1515.422939763307
HEALTH,EST,IC2,pif_backed,F,False,1,3028.052134050643,0.5266379120680519,1514.0260670253215
ENG_ELEC,HAI,IC2,startup,M,True,1,3027.939010322536,0.26921953306385965,1513.969505161268
EDU,EST,M1,private,F,True,3,3025.209068150931,0.3188587504515965,1512.6045340754656
PM,RUH,IC4,pif_backed,F,False,1,3024.3995319080786,0.16864524671191228,1512.1997659540393
CUSTOMER,RUH,M2,private,M,False,1,3022.41086637872,0.5747186441333654,1511.20543318936
ENG_MECH,JAZ,IC3,startup,M,False,1,3016.709451282125,0.7146229808315073,1508.3547256410625
MARKETING,RUH,IC4,public,F,False,1,3014.1684730194556,0.21456057922562166,1507.0842365097278
DATA,MAK,IC3,public,F,True,1,3009.0851343057057,0.17459953977035825,1504.5425671528528
SUPPLY,RUH,IC3,public,M,False,1,3005.409770459717,0.8242467659814102,1502.7048852298585
EDU,MAK,IC3,semigov,F,True,2,3004.820343389134,0.28149703474765936,1502.410171694567
DESIGN,RUH,IC2,public,F,False,1,3003.0784970956684,0.37571779203014527,1501.5392485478342
SUPPLY,EST,IC5,public,F,True,1,3003.0780596758204,0.3761318493452396,1501.5390298379102
OPS,MAK,M1,private,M,False,2,2996.9764293290955,0.3658553323333083,1498.4882146645477
SUPPLY,MAK,D2,private,M,True,1,2991.674919916055,0.05986292701324081,1495.8374599580275
ENG_MECH,RUH,M1,semigov,M,True,1,2987.708056312389,0.35413105033732134,1493.8540281561945
MARKETING,RUH,M2,semigov,M,False,1,2980.6238872114664,0.1346983473175543,1490.3119436057332
DATA,QAS,IC4,private,M,False,1,2971.8951826301363,0.16592143703696607,1485.9475913150682
SWE,EST,IC4,mnc,M,True,1,2967.6507931513843,0.10963727489577633,1483.8253965756921
ENG_CIVIL,JAZ,IC4,public,F,True,1,2959.248098844899,0.23110549591713223,1479.6240494224494
ENG_ELEC,JED,IC5,private,M,True,3,2959.1417449041533,0.09815659240619024,1479.5708724520766
OPS,EST,IC4,public,M,False,1,2957.7113891146237,0.26504500192795805,1478.8556945573118
SWE,JED,IC2,private,M,False,1,2945.238345262336,0.21183080693183315,1472.619172631168
MARKETING,EST,IC3,private,M,False,1,2940.3161594461135,1.633508977470063,1470.1580797230567
HR,MAK,IC4,semigov,F,False,1,2935.3158297259915,0.6230875985425334,1467.6579148629958
SWE,EST,IC4,startup,M,True,1,2933.7026786522983,0.12788913924817186,1466.8513393261492
FIN,MAD,IC4,semigov,M,True,1,2933.350798496296,0.20703720919947632,1466.675399248148
SWE,EST,IC1,public,M,True,1,2916.8130049570564,0.5183261461316844,1458.4065024785282
CUSTOMER,EST,M1,private,F,True,2,2914.8239937788603,0.36999340303178085,1457.4119968894302
FIN,NOR,IC3,public,M,True,1,2910.2635549120123,0.7275658887280031,1455.1317774560061
EDU,RUH,IC4,semigov,F,True,3,2906.986398510682,0.1749315697601117,1453.493199255341
SALES,JED,M2,semigov,M,True,1,2904.152855152104,0.09557605087485345,1452.076427576052
OPS,EST,M1,private,F,False,1,2902.855693744139,0.19211563340053892,1451.4278468720695
ENG_MECH,JED,M4,private,M,False,1,2901.894088330966,0.09743271502815029,1450.947044165483
HEALTH,JED,M2,private,F,True,1,2898.476377691117,0.1666132866163412,1449.2381888455584
FIN,RUH,D1,pif_backed,F,True,1,2897.717737521816,0.05894089567404943,1448.858868760908
LEGAL,EST,IC2,private,F,False,1,2893.69142176863,0.3083683318380702,1446.845710884315
HEALTH,JED,IC4,mnc,M,False,2,2891.3793708397097,0.14803427608882166,1445.6896854198549
SALES,JED,IC4,pif_backed,M,True,1,2891.249661671751,0.3514269987944519,1445.6248308358754
EDU,JED,IC2,pif_backed,F,True,1,2890.6161373729374,0.31582079377287575,1445.3080686864687
OPS,RUH,IC5,pif_backed,M,True,1,2889.308642809603,0.17731683316198443,1444.6543214048015
DATA,EST,M1,private,M,True,3,2888.7001849123276,0.10795950286090629,1444.3500924561638
LEGAL,JED,IC2,public,M,True,1,2881.8546912348875,0.5753135120118996,1440.9273456174437
SALES,EST,IC3,semigov,M,True,3,2875.8686090455135,0.24708411882179002,1437.9343045227567
MARKETING,RUH,IC4,pif_backed,F,True,1,2875.400174129325,0.13003093962562293,1437.7000870646625
HR,EST,IC5,private,M,False,1,2875.244391170778,0.20087317499846497,1437.622195585389
PM,EST,IC2,private,M,True,2,2873.972654061826,0.19714835911836326,1436.986327030913
EDU,MAD,IC4,public,F,True,1,2872.66110113784,0.2741795215501933,1436.33055056892
SWE,MAK,IC3,private,M,False,2,2872.2359833359033,0.24321051281122827,1436.1179916679516
MARKETING,RUH,IC3,private,M,True,1,2869.783816591892,0.2806651008799946,1434.891908295946
HEALTH,RUH,IC3,mnc,F,False,3,2865.8438806723884,0.20959485627178162,1432.9219403361942
HEALTH,RUH,IC4,mnc,M,False,2,2863.4966428905145,0.23560127248795434,1431.7483214452573
HEALTH,RUH,IC5,private,F,True,3,2859.5901856159785,0.1355032028287703,1429.7950928079892
PM,JED,IC4,semigov,F,False,1,2858.306694143168,0.1752456083946495,1429.153347071584
SUPPLY,TAB,IC1,mnc,M,True,1,2854.9188817462,0.71372972043655,1427.4594408731
ENG_ELEC,EST,IC4,mnc,M,False,1,2851.5918347663337,0.3044858113825158,1425.7959173831669
CUSTOMER,NJR,M1,pif_backed,F,False,1,2848.751990634353,0.6279846728054672,1424.3759953171766
ENG_ELEC,JED,IC3,private,M,True,3,2847.5137661753015,0.2372146806278641,1423.7568830876507
EDU,EST,M2,public,F,True,1,2842.5528658148214,0.1488122914213899,1421.2764329074107
ENG_MECH,EST,D2,semigov,M,True,1,2837.868291332212,0.0554316188841166,1418.934145666106
SWE,QAS,IC3,pif_backed,M,True,1,2832.798509672866,0.18411401645203798,1416.399254836433
SWE,EST,IC1,mnc,M,True,1,2829.926197925255,0.25491431754371985,1414.9630989626276
ENG_CIVIL,RUH,IC4,public,M,False,1,2825.989191789683,0.38969163659939426,1412.9945958948415
CUSTOMER,EST,IC3,mnc,M,False,1,2819.5463805023464,0.3016306057227404,1409.7731902511732
OPS,JED,IC2,private,M,False,2,2812.6088287926286,0.3767907712462506,1406.3044143963143
HEALTH,EST,IC3,public,M,True,1,2810.7503773239623,0.33473786986388526,1405.3751886619812
SUPPLY,RUH,IC4,private,M,False,3,2810.032439044029,0.21828089905437512,1405.0162195220146
SWE,JED,IC2,semigov,M,True,2,2807.190156203529,0.2847493363642041,1403.5950781017646
CUSTOMER,EST,IC4,private,M,False,2,2800.054660463502,0.25912632503193517,1400.027330231751
DATA,RUH,IC4,private,M,False,1,2788.5405723664117,0.1007526648345766,1394.2702861832058
MARKETING,RUH,M2,private,M,False,1,2783.1896356017787,0.11175336574756939,1391.5948178008894
OPS,EST,IC6,private,F,True,1,2777.1812261579907,0.16215497466577006,1388.5906130789954
DESIGN,EST,IC3,private,M,False,1,2775.2569756055755,0.37162133425891847,1387.6284878027877
ENG_MECH,JED,IC4,semigov,M,False,2,2773.9241602929824,0.19195976639716528,1386.9620801464912
EDU,MAK,M1,public,M,True,1,2770.273179620217,0.20487549528538612,1385.1365898101085
FIN,HAI,M4,public,M,True,1,2767.165962386669,0.1284418190386365,1383.5829811933345
CUSTOMER,JAZ,IC4,private,F,False,1,2765.9958143330705,1.2600658799214033,1382.9979071665352
ENG_CIVIL,JED,IC4,public,M,True,1,2762.6715069841994,0.17499306449632993,1381.3357534920997
LEGAL,EST,IC4,public,F,True,3,2761.728213116712,0.11897513151591417,1380.864106558356
SWE,RUH,M1,startup,M,False,1,2759.267221668915,0.20949294722252582,1379.6336108344576
OPS,MAD,IC5,private,M,True,1,2758.643908157963,0.3312719420226844,1379.3219540789814
MARKETING,RUH,IC3,semigov,M,True,1,2754.3002432290123,0.18915728033493895,1377.1501216145061
FIN,JED,IC4,public,M,True,1,2753.676595482044,0.22218536950377968,1376.838297741022
DESIGN,JED,IC3,private,M,True,1,2743.076811755027,0.2951484052162256,1371.5384058775135
DESIGN,TAB,IC5,semigov,M,False,1,2739.46287447292,0.27284617168306585,1369.73143723646
SWE,JAZ,IC3,private,M,False,1,2738.5771605593036,0.19696453447694237,1369.2885802796518
SWE,QAS,IC5,public,M,False,1,2731.16879362699,0.21483140148783694,1365.584396813495
OPS,MAD,IC4,startup,M,False,1,2728.324955609787,0.2164890542911611,1364.1624778048936
DESIGN,NJR,M2,private,M,False,1,2726.120291993011,0.1562147216992507,1363.0601459965055
HEALTH,MAK,IC3,mnc,F,False,1,2725.9883557991825,0.4800280966961709,1362.9941778995913
SUPPLY,RUH,D1,public,M,True,1,2721.235244915668,0.10026906504013429,1360.617622457834
MARKETING,HAI,IC4,public,F,True,1,2717.694689059188,0.23217364653179956,1358.847344529594
FIN,RUH,IC5,startup,F,True,1,2710.7593922959895,0.11425534151284757,1355.3796961479948
SALES,NJR,IC4,private,F,True,1,2709.046869043337,0.18781848472438425,1354.5234345216686
EDU,QAS,IC4,private,M,True,1,2707.818370183566,0.2231207833633319,1353.909185091783
SWE,MAD,M2,mnc,M,False,1,2707.12192051479,0.14103912659266432,1353.560960257395
PM,EST,IC5,public,M,True,1,2706.131420004396,0.15425511508174644,1353.065710002198
DESIGN,RUH,IC5,private,M,True,1,2704.1137992850818,0.1127194079847786,1352.0568996425409
MARKETING,JED,M3,startup,F,False,1,2702.157960757293,0.09452107031184509,1351.0789803786465
SALES,RUH,IC3,mnc,F,False,1,2700.208359754981,0.24805551970556988,1350.1041798774904
SALES,RUH,IC5,private,F,False,1,2699.7759271294017,0.22174022431537377,1349.8879635647008
ENG_MECH,RUH,IC2,pif_backed,F,False,1,2699.4983318923496,0.25803111782574595,1349.7491659461748
EDU,RUH,IC5,semigov,F,True,1,2696.8429880776093,0.17323846233900375,1348.4214940388047
ENG_MECH,RUH,IC2,semigov,M,False,1,2696.398305372648,0.49011344111557914,1348.199152686324
HEALTH,EST,IC2,private,F,False,1,2694.5930466075747,0.7191449680559535,1347.2965233037874
ENG_MECH,RUH,IC5,private,F,True,1,2689.9560344212478,0.1887011769408477,1344.9780172106239
MARKETING,RUH,IC4,private,F,True,1,2680.8318396343393,0.3560414420030864,1340.4159198171697
EDU,QAS,IC4,semigov,F,True,1,2664.9976748869676,0.4159431499467729,1332.4988374434838
SALES,NJR,M1,public,M,False,1,2664.915575545566,0.3246243040511188,1332.457787772783
ENG_ELEC,RUH,M2,private,M,True,2,2664.7104633902454,0.11874330029861457,1332.3552316951227
EDU,MAK,IC3,public,F,True,2,2660.3822052443747,0.23616858631884693,1330.1911026221874
ENG_CIVIL,MAD,M3,pif_backed,M,False,1,2659.0367421699466,0.21397219463475126,1329.5183710849733
LEGAL,ASR,IC4,private,F,True,1,2655.4529151128154,0.22447263550279342,1327.7264575564077
CUSTOMER,ASR,IC3,private,M,False,1,2650.8220956436967,0.41847443056089706,1325.4110478218483
HR,MAK,IC4,semigov,F,True,1,2649.848083824925,0.5236812522875165,1324.9240419124626
FIN,RUH,M1,public,F,True,1,2648.6549841854376,0.21774969122914606,1324.3274920927188
OPS,ASR,IC4,private,M,True,1,2646.467020163409,0.26783880489305634,1323.2335100817045
ENG_ELEC,RUH,M1,private,F,True,1,2640.160374051211,0.17682751684623244,1320.0801870256055
HEALTH,RUH,M4,mnc,M,False,1,2632.217741535358,0.09667631910886491,1316.108870767679
PM,HAI,IC3,private,M,True,1,2628.682744275955,0.1444417684507454,1314.3413721379775
CUSTOMER,JAZ,IC5,public,M,False,1,2624.321475134305,0.3894721066070516,1312.1607375671524
DATA,EST,IC2,semigov,M,False,1,2622.2428509259353,0.2651738134192559,1311.1214254629676
LEGAL,EST,IC2,semigov,F,True,1,2619.5245530250595,0.24322803173541824,1309.7622765125298
EDU,MAK,IC4,private,M,False,1,2613.7192739983093,0.4179449855603702,1306.8596369991546
SWE,EST,IC2,private,M,True,1,2612.2368473328534,0.17978551903426032,1306.1184236664267
EDU,QAS,IC4,semigov,M,True,1,2604.7596347617036,0.2205533762819909,1302.3798173808518
ENG_CIVIL,TAB,IC5,private,M,False,1,2604.6201803072636,0.2628852946770595,1302.3100901536318
SUPPLY,MAK,IC4,private,M,False,1,2604.199514619936,0.24444177067974163,1302.099757309968
HEALTH,JED,VP,mnc,F,True,1,2600.2494726055156,0.04364474292616833,1300.1247363027578
EDU,RUH,IC6,public,M,True,1,2594.163989744573,0.17599926115815479,1297.0819948722865
ENG_CIVIL,RUH,IC4,mnc,M,True,1,2594.084702416716,0.1555320414572718,1297.042351208358
OPS,EST,IC3,public,M,False,2,2593.2667449697583,0.2793356220940585,1296.6333724848791
MARKETING,RUH,IC3,mnc,M,True,1,2591.3627943920073,0.11762902857708354,1295.6813971960037
SALES,MAD,IC4,pif_backed,M,False,1,2587.319205300111,0.1515372192807533,1293.6596026500556
SUPPLY,RUH,IC3,semigov,M,True,1,2578.5929464581823,0.12821484953674178,1289.2964732290911
SUPPLY,MAK,IC2,public,F,False,1,2578.4459068204856,1.1181998737235885,1289.2229534102428
ENG_MECH,RUH,IC3,public,M,False,1,2578.307109618494,0.2574101028537863,1289.153554809247
ENG_MECH,JED,IC4,private,M,True,2,2566.332350062563,0.11298131451072921,1283.1661750312815
FIN,QAS,IC4,private,F,False,1,2563.3620217986563,0.2950384625865863,1281.6810108993282
FIN,RUH,IC4,private,M,False,1,2560.6050734450746,0.21129091956215967,1280.3025367225373
PM,JED,IC1,public,M,False,1,2559.476366942569,0.6623715077838283,1279.7381834712844
SUPPLY,MAK,IC2,mnc,M,True,1,2558.4411086386663,0.19356438338195564,1279.2205543193331
SUPPLY,EST,IC4,private,F,False,2,2558.192860654824,0.36207575075152143,1279.096430327412
DESIGN,RUH,IC3,private,M,False,1,2554.9229662617327,0.2248986575444316,1277.4614831308663
HR,JED,IC2,private,F,False,1,2552.3327600281746,0.6710766747196344,1276.1663800140873
ENG_ELEC,EST,IC4,pif_backed,M,True,1,2552.3166164446448,0.12598371183540458,1276.1583082223224
HR,EST,IC3,public,F,True,1,2539.0331016469963,0.2557575524197428,1269.5165508234982
SALES,RUH,IC1,mnc,M,True,1,2535.6507408695343,0.25103464486669713,1267.8253704347671
PM,ASR,IC3,public,F,True,1,2535.618949319094,0.46939825232449883,1267.809474659547
HEALTH,JED,IC1,public,F,False,1,2532.3807656611466,0.723025046727218,1266.1903828305733
ENG_ELEC,MAK,IC2,private,M,True,1,2532.27315459464,0.41430967364274063,1266.13657729732
EDU,EST,IC4,private,M,True,1,2531.784561745034,0.3504350445133333,1265.892280872517
SUPPLY,EST,IC2,public,M,False,1,2531.6812323223967,0.4529522054361818,1265.8406161611983
OPS,TAB,M2,semigov,M,False,1,2529.8211765567776,0.1860240595787307,1264.9105882783888
HEALTH,QAS,IC4,startup,M,False,1,2528.913231591974,0.3171051074096519,1264.456615795987
ENG_MECH,JED,IC6,private,M,False,1,2523.5491220675594,0.17063332380398813,1261.7745610337797
ENG_ELEC,RUH,IC6,pif_backed,M,False,1,2521.8749465579713,0.07731735770487805,1260.9374732789856
HEALTH,RUH,IC3,private,M,False,1,2520.528359184669,0.2541821195338016,1260.2641795923346
ENG_CIVIL,JAZ,IC5,public,M,False,1,2512.6514215880534,0.3690267418610536,1256.3257107940267
CUSTOMER,EST,IC3,semigov,F,True,1,2512.5330742448605,0.39022547734933777,1256.2665371224302
ENG_ELEC,RUH,IC4,private,F,False,1,2507.513562512775,0.25894916904490095,1253.7567812563875
SALES,RUH,IC5,mnc,F,False,1,2506.3973170120044,0.20249837542321222,1253.1986585060022
EDU,JED,IC5,semigov,M,True,1,2505.0951693971238,0.26376530616641153,1252.5475846985619
OPS,RUH,IC4,private,M,False,2,2500.2431284506893,0.16487146797079533,1250.1215642253446
ENG_ELEC,JED,IC6,mnc,M,False,1,2499.9014180248305,0.11085801357775225,1249.9507090124152
FIN,EST,M1,mnc,F,False,1,2493.282627592842,0.1745949776961707,1246.641313796421
SUPPLY,EST,M2,private,F,False,1,2489.483180874897,0.11452881990928247,1244.7415904374484
HEALTH,JAZ,IC3,pif_backed,M,True,1,2488.9510481090583,0.20717381951542999,1244.4755240545292
HEALTH,JED,IC5,private,F,False,1,2487.0360843696362,0.26194906279730956,1243.5180421848181
OPS,NJR,IC3,startup,F,True,1,2482.4704089363368,0.6206176022340842,1241.2352044681684
ENG_CIVIL,HAI,M1,mnc,F,False,1,2477.049312776311,0.1955694425692048,1238.5246563881556
MARKETING,MAK,IC3,private,F,False,1,2476.654953593689,1.0900098381233942,1238.3274767968444
DATA,RUH,IC6,public,F,True,1,2475.6099908348915,0.07415756024033984,1237.8049954174458
SALES,EST,IC6,private,F,True,1,2468.1379361483414,0.09365279507038712,1234.0689680741707
EDU,NOR,M3,public,M,True,1,2463.3860302008143,0.12120702045242615,1231.6930151004071
ENG_ELEC,RUH,M2,mnc,M,False,1,2462.6377727898653,0.12715284299347596,1231.3188863949326
SWE,RUH,IC3,private,F,False,2,2460.122979057617,0.2587498917727762,1230.0614895288086
HR,RUH,IC4,private,F,True,1,2458.927603738104,0.17611268705724184,1229.463801869052
EDU,RUH,IC4,mnc,F,True,4,2454.5763563855576,0.12938661907158988,1227.2881781927788
ENG_MECH,RUH,IC3,semigov,M,False,2,2451.5985595081784,0.22636387151722265,1225.7992797540892
ENG_MECH,EST,IC2,semigov,M,False,1,2447.0493917342956,0.23288597589667337,1223.5246958671478
HEALTH,EST,IC4,semigov,F,True,1,2445.400942927341,0.16479242543623013,1222.7004714636705
HR,EST,IC2,mnc,F,True,1,2444.343734751468,0.18931157548368488,1222.171867375734
SALES,RUH,D1,pif_backed,F,True,1,2442.9585977434326,0.04535814880924826,1221.4792988717163
MARKETING,RUH,M3,mnc,M,True,1,2440.2435637288036,0.09395019457025171,1220.1217818644018
CUSTOMER,MAD,IC3,private,F,True,1,2436.4461408090683,0.34145032930876934,1218.2230704045342
OPS,HAI,IC5,public,M,False,2,2431.8706099514407,0.35182861398792287,1215.9353049757203
CUSTOMER,MAK,IC2,public,M,False,1,2430.4593540320957,1.3502551966844976,1215.2296770160478
MARKETING,HAI,IC4,private,F,False,1,2422.65352934369,0.2972730566008462,1211.326764671845
HR,RUH,IC1,public,F,True,2,2421.0849321842243,0.2728898734995368,1210.5424660921121
SUPPLY,MAD,IC1,semigov,M,False,1,2419.1800021640593,1.0306224181672812,1209.5900010820296
EDU,NOR,M1,public,M,True,1,2414.82472157104,0.470488529489213,1207.41236078552
ENG_ELEC,RUH,M3,public,M,False,1,2411.01589567092,0.11663382279568706,1205.50794783546
OPS,RUH,M2,private,M,True,1,2410.0348875529653,0.2224371082074381,1205.0174437764827
SALES,MAK,IC1,private,M,False,1,2400.756966791412,1.3337538704396734,1200.378483395706
SALES,EST,M3,mnc,F,False,1,2397.6973610515706,0.06055551318060804,1198.8486805257853
FIN,RUH,IC3,public,M,False,1,2395.855856187629,0.20266850423063212,1197.9279280938144
HEALTH,NJR,IC3,public,F,False,1,2394.192993035662,0.2869651142596815,1197.096496517831
SWE,MAD,IC4,private,M,False,1,2393.161782050771,0.21304193001789953,1196.5808910253854
FIN,RUH,IC3,private,F,False,1,2392.885566959436,0.2290745793518053,1196.442783479718
EDU,EST,IC2,public,M,True,1,2391.3603588824626,0.3429880006543848,1195.6801794412313
MARKETING,ASR,IC3,semigov,F,False,1,2390.9572949331287,0.343528840549071,1195.4786474665643
HEALTH,RUH,IC3,public,M,True,3,2378.3467454178153,0.22137151357719495,1189.1733727089077
DATA,RUH,IC5,semigov,F,True,1,2377.1209369529315,0.08113397951489781,1188.5604684764658
HEALTH,JED,IC1,semigov,F,False,1,2376.89734753863,0.6143520457846781,1188.448673769315
SALES,HAI,IC1,mnc,F,False,1,2373.013928450766,0.37614108591290407,1186.506964225383
ENG_MECH,QAS,IC4,semigov,M,True,1,2366.005622167386,0.1500445263472987,1183.002811083693
SALES,JED,M3,mnc,F,False,1,2363.2947650156893,0.1436839399275219,1181.6473825078447
CUSTOMER,JED,IC3,mnc,F,True,1,2362.7844838466735,0.15659266776240768,1181.3922419233368
ENG_MECH,RUH,M2,private,M,False,3,2361.4970123906933,0.09669302737970896,1180.7485061953466
HR,RUH,IC4,mnc,M,True,1,2358.5163317095084,0.16853009559448937,1179.2581658547542
FIN,JED,IC3,private,M,True,1,2354.835145096831,0.16160287962157102,1177.4175725484156
OPS,EST,M2,public,M,False,1,2353.0724817529826,0.21850122635054603,1176.5362408764913
SUPPLY,EST,M2,pif_backed,F,False,1,2352.0339237698936,0.11718603731414143,1176.0169618849468
HR,EST,IC4,public,F,True,1,2351.7234014144924,0.15004685696622735,1175.8617007072462
FIN,EST,IC3,pif_backed,M,False,2,2334.3155631685618,0.19693127038799466,1167.1577815842809
ENG_CIVIL,RUH,IC2,private,M,True,2,2330.5510714703114,0.3146808134496601,1165.2755357351557
HEALTH,RUH,M1,public,F,True,1,2328.905746991015,0.17472025974211888,1164.4528734955074
SALES,MAD,M1,semigov,F,False,1,2327.6954828031185,0.40516963176665555,1163.8477414015592
FIN,MAD,D1,private,M,False,1,2324.066817940311,0.11977095843594712,1162.0334089701555
HEALTH,MAK,IC2,semigov,F,False,1,2323.7823300447617,0.22702409670772128,1161.8911650223808
SALES,RUH,M3,startup,M,True,1,2322.893464835004,0.10422713425658389,1161.446732417502
LEGAL,RUH,IC4,private,F,False,2,2322.596775447071,0.11243775224470579,1161.2983877235356
OPS,NJR,M1,public,M,False,1,2319.949124612649,0.17119955403107406,1159.9745623063245
EDU,JED,IC3,public,M,True,1,2319.0098266055884,0.2177034520360292,1159.5049133027942
CUSTOMER,JED,IC4,public,M,False,1,2311.507845227283,0.26406549181557204,1155.7539226136414
ENG_ELEC,MAK,IC4,private,M,False,1,2311.0965759134615,0.28009557221624526,1155.5482879567307
ENG_ELEC,EST,IC1,private,M,False,1,2308.766684303713,0.9965325812775004,1154.3833421518566
ENG_MECH,JED,IC3,public,M,False,2,2302.8431483106046,0.3202707337519776,1151.4215741553023
MARKETING,RUH,IC4,private,F,False,2,2301.2519457954304,0.34020695466457296,1150.6259728977152
FIN,EST,IC2,semigov,F,True,1,2299.529361023471,0.2241562553392735,1149.7646805117356
FIN,HAI,IC4,public,F,False,1,2298.74702245993,0.6764084386633741,1149.373511229965
SUPPLY,EST,M3,public,M,True,1,2295.5829376298407,0.1708521337793345,1147.7914688149203
ENG_CIVIL,RUH,IC3,public,M,True,4,2295.558741087566,0.24057041872035803,1147.779370543783
EDU,RUH,IC3,public,F,False,1,2293.8145770841493,0.43917483923717343,1146.9072885420746
OPS,RUH,IC3,private,M,False,2,2290.0526040073764,0.2075308703455188,1145.0263020036882
EDU,NJR,IC3,public,M,True,1,2289.5190423809336,0.4377406009167589,1144.7595211904668
SWE,TAB,IC3,semigov,M,False,1,2289.4517753264754,0.1793945961343725,1144.7258876632377
ENG_ELEC,EST,M2,public,F,True,1,2287.6621873814875,0.07064381481613027,1143.8310936907437
SALES,QAS,IC5,public,M,False,1,2285.0901778097104,0.2919970632528481,1142.5450889048552
SALES,TAB,IC3,pif_backed,F,False,1,2277.770303893647,0.19252689595514524,1138.8851519468235
ENG_CIVIL,RUH,IC3,private,F,False,1,2275.9993898763196,0.4354129709245678,1137.9996949381598
SALES,RUH,M3,private,M,False,1,2275.498474502152,0.12284314312934422,1137.749237251076
SALES,RUH,IC6,public,M,True,1,2268.754051487689,0.10959672108874766,1134.3770257438446
EDU,MAD,IC6,public,F,True,1,2265.583729326796,0.1667367341802306,1132.791864663398
FIN,EST,IC4,mnc,M,False,1,2263.057073225049,0.13266782661960286,1131.5285366125245
ENG_CIVIL,JAZ,D1,private,M,False,1,2262.6881699753467,0.1295425236263249,1131.3440849876733
CUSTOMER,QAS,M3,private,F,False,1,2261.6607771467716,0.28238744038281244,1130.8303885733858
DATA,ASR,IC5,pif_backed,M,False,1,2259.856432391505,0.09820194001963752,1129.9282161957526
DATA,TAB,IC2,mnc,M,True,1,2257.8670240841075,0.2609213242460926,1128.9335120420537
CUSTOMER,RUH,IC5,pif_backed,F,False,1,2256.155046674059,0.08732010514360032,1128.0775233370296
ENG_CIVIL,RUH,IC2,pif_backed,M,False,1,2252.9441307916723,0.36683282246701965,1126.4720653958361
SALES,EST,IC3,public,F,False,1,2252.171247326257,0.2799293079766648,1126.0856236631284
SWE,RUH,IC1,pif_backed,M,False,1,2250.18986083848,0.4911212466963381,1125.09493041924
PM,RUH,IC4,private,F,True,1,2249.538097635781,0.10991677824137994,1124.7690488178905
HEALTH,RUH,IC4,pif_backed,F,True,1,2242.9784148129293,0.11121631632014391,1121.4892074064646
ENG_ELEC,JED,M2,startup,F,False,1,2242.5842803610794,0.16173481970119882,1121.2921401805397
HEALTH,TAB,IC3,mnc,M,True,1,2238.2639303409205,0.2841529078238105,1119.1319651704603
HEALTH,NOR,IC6,private,F,True,1,2236.526579746973,0.13996434000992367,1118.2632898734864
MARKETING,RUH,IC2,private,F,True,1,2236.5109023545474,0.26819957624967894,1118.2554511772737
DESIGN,EST,IC3,semigov,F,False,1,2229.354066280257,0.23738680303647736,1114.6770331401285
SUPPLY,RUH,M1,semigov,M,False,1,2229.130581929072,0.19524712615773468,1114.565290964536
EDU,MAK,IC4,private,F,True,2,2227.577146631685,0.3158085715736053,1113.7885733158425
HR,MAK,IC3,public,F,False,1,2227.4873387059315,0.39288747721697065,1113.7436693529658
CUSTOMER,EST,IC5,public,F,True,1,2225.061942066286,0.19429750023064316,1112.530971033143
CUSTOMER,EST,IC5,public,M,True,1,2223.4932561454216,0.4009378848493204,1111.7466280727108
ENG_ELEC,RUH,IC2,public,M,False,1,2221.3504417844815,0.39355501491490236,1110.6752208922408
OPS,EST,IC4,public,M,True,1,2220.83847588372,0.11116693100810462,1110.41923794186
OPS,BAH,IC3,mnc,F,False,1,2216.167036901943,0.3994857255729003,1108.0835184509715
HEALTH,RUH,IC2,public,F,True,2,2211.673580756398,0.19981438173633276,1105.836790378199
FIN,RUH,IC4,mnc,M,True,1,2200.5242198391434,0.2747523098466677,1100.2621099195717
DATA,NJR,M1,public,M,True,1,2199.76631448666,0.1042912497688357,1099.88315724333
ENG_ELEC,BAH,M2,semigov,M,True,1,2197.2332676523256,0.10317702996522903,1098.6166338261628
HR,RUH,M1,private,F,False,3,2196.6249659597647,0.20699629294785804,1098.3124829798824
OPS,MAD,IC4,semigov,M,True,1,2196.4710617357014,0.2300605677104143,1098.2355308678507
DESIGN,MAD,IC4,private,F,False,1,2189.753269685205,0.22960488512540095,1094.8766348426025
EDU,MAK,IC2,startup,F,True,1,2187.9182112655053,0.5469795528163763,1093.9591056327527
HEALTH,QAS,IC3,private,F,True,1,2186.7188550998617,0.3903677024433451,1093.3594275499308
HR,ASR,IC2,public,F,True,1,2181.577437171887,0.5453943592929718,1090.7887185859436
HEALTH,TAB,IC4,mnc,M,False,1,2175.6804343285858,0.1826684965021389,1087.8402171642929
ENG_CIVIL,TAB,IC3,public,M,False,1,2170.9814405530033,0.5856959050989171,1085.4907202765016
PM,BAH,IC4,semigov,M,True,1,2170.048429569626,0.16914164708873394,1085.024214784813
HEALTH,EST,M4,mnc,M,False,1,2169.8618345963223,0.06625503996612907,1084.9309172981611
SWE,HAI,IC4,private,M,False,1,2166.3287600577005,0.18896763613965262,1083.1643800288502
FIN,NJR,IC2,startup,F,True,1,2163.8880827604034,0.21144583890007332,1081.9440413802017
EDU,EST,IC5,private,F,True,1,2158.8010610671263,0.19619275201978342,1079.4005305335631
HEALTH,RUH,M2,private,F,True,2,2154.4049389438296,0.09996134087594664,1077.2024694719148
SWE,TAB,IC1,public,F,False,1,2150.766164576281,0.49784064232737013,1075.3830822881405
SALES,MAD,M2,public,M,False,1,2150.533718232624,0.2305947673589538,1075.266859116312
EDU,MAK,IC5,private,M,True,1,2149.122051430946,0.20930411079836325,1074.561025715473
HEALTH,RUH,IC1,semigov,F,False,1,2146.5247626708533,0.3518068326065944,1073.2623813354267
SALES,EST,IC4,private,F,False,2,2141.5021981243553,0.18069052669118796,1070.7510990621777
HEALTH,NJR,M4,semigov,M,False,1,2140.9205693690456,0.1060460670789315,1070.4602846845228
EDU,JED,IC4,semigov,F,True,1,2140.314842212747,0.16922668788378736,1070.1574211063735
ENG_CIVIL,EST,M3,semigov,M,True,1,2138.7092157400693,0.07397692725858569,1069.3546078700347
OPS,EST,IC2,private,F,False,1,2135.13692014734,0.32287940360321493,1067.56846007367
CUSTOMER,TAB,IC2,semigov,F,False,1,2132.3941698931358,0.20140505723145075,1066.1970849465679
ENG_MECH,RUH,IC6,private,M,True,1,2126.62683200822,0.11075454590002011,1063.31341600411
FIN,RUH,IC3,public,M,True,4,2126.276646750132,0.2632078375635946,1063.138323375066
EDU,RUH,IC4,pif_backed,M,True,1,2117.470018424081,0.14200343485012012,1058.7350092120405
EDU,RUH,M2,private,F,True,2,2101.967317438809,0.16388096400340188,1050.9836587194045
DATA,EST,IC4,semigov,M,True,1,2099.562986641242,0.11400086151774558,1049.781493320621
HR,ASR,M1,public,M,True,1,2098.899904584452,0.16669895739359447,1049.449952292226
LEGAL,RUH,IC3,private,M,False,1,2098.448122422482,0.22016435593356629,1049.224061211241
SALES,RUH,IC3,semigov,M,False,1,2098.1780460444716,0.400503554414513,1049.0890230222358
DESIGN,RUH,IC5,private,F,True,1,2093.62261394957,0.24416221333752827,1046.811306974785
ENG_MECH,TAB,M2,public,M,True,1,2093.6148429562927,0.12220036392268166,1046.8074214781464
CUSTOMER,JAZ,IC3,private,F,False,1,2090.5974855411905,0.23851844630147537,1045.2987427705953
LEGAL,HAI,IC5,private,F,True,1,2081.8182422787286,0.08862542155151147,1040.9091211393643
DESIGN,NJR,IC4,private,F,False,1,2076.327754244121,0.19826438662748994,1038.1638771220605
HEALTH,RUH,IC3,semigov,F,False,3,2067.246186011454,0.22028169494819086,1033.623093005727
EDU,EST,IC2,private,F,True,1,2065.9160885599804,0.3079940200457657,1032.9580442799902
ENG_MECH,QAS,IC4,mnc,M,True,1,2065.0133768097767,0.10615507159944979,1032.5066884048883
EDU,JED,IC3,semigov,M,True,1,2061.734144002019,0.42133732463343193,1030.8670720010095
SWE,ASR,IC3,private,M,False,1,2058.73539609816,0.20699191693702676,1029.36769804908
MARKETING,JED,M1,mnc,F,False,1,2057.9288282582365,0.17454881880800888,1028.9644141291183
ENG_ELEC,RUH,IC5,public,M,True,1,2057.717615600406,0.1012835247762969,1028.858807800203
CUSTOMER,RUH,IC5,public,F,True,1,2056.486455850525,0.10364158853895014,1028.2432279252625
HR,RUH,IC3,semigov,M,False,1,2050.0877884416823,0.17701202580653003,1025.0438942208411
CUSTOMER,RUH,M1,private,M,False,1,2048.5366266852843,0.36333940396115066,1024.2683133426422
MARKETING,RUH,IC3,private,F,True,1,2046.1130646627043,0.511528266165676,1023.0565323313522
EDU,EST,M3,semigov,F,True,1,2035.3743305888893,0.096003513534661,1017.6871652944446
ENG_MECH,RUH,IC3,private,M,False,3,2034.3609746930479,0.1882982450924613,1017.1804873465239
SALES,JED,IC3,private,F,False,1,2029.1013747298152,0.558130829543372,1014.5506873649076
SALES,QAS,IC2,private,F,True,2,2024.9407071793667,0.49721912914269273,1012.4703535896833
SALES,EST,M4,mnc,M,True,1,2019.2149500573723,0.05013174506332766,1009.6074750286862
EDU,JED,IC4,private,F,True,2,2004.724685044706,0.37855508803981763,1002.362342522353
EDU,RUH,IC4,mnc,M,False,1,2002.5667722780017,0.1577432845962617,1001.2833861390009
DESIGN,JED,IC5,pif_backed,M,False,1,1993.3302573659057,0.0632406747314273,996.6651286829529
SWE,JED,M1,private,M,True,1,1993.1453627350857,0.07796679016317402,996.5726813675428
FIN,MAD,IC2,public,F,True,1,1991.7967632795744,0.24501123246085194,995.8983816397872
ENG_MECH,RUH,IC2,public,M,False,2,1989.928037388861,0.2684200130159952,994.9640186944305
CUSTOMER,EST,IC4,mnc,M,False,1,1987.5827671693978,0.2411804752264148,993.7913835846989
HEALTH,RUH,M3,private,F,False,2,1987.4015456938323,0.0833006076832782,993.7007728469162
HEALTH,EST,IC2,public,M,True,1,1987.3524350792486,0.36738666274991055,993.6762175396243
HR,EST,IC4,mnc,M,False,1,1985.9470936426333,0.1588075437706068,992.9735468213166
CUSTOMER,RUH,IC3,mnc,M,False,1,1984.102735957431,0.16370092926468185,992.0513679787155
DATA,EST,M2,semigov,M,False,1,1983.902919594584,0.06558515030592751,991.951459797292
SWE,RUH,IC2,mnc,M,False,2,1982.4904582128765,0.1647346245331325,991.2452291064383
SALES,MAK,M3,public,M,True,1,1974.5567582317235,0.12774473513585863,987.2783791158618
SUPPLY,JAZ,IC3,private,F,False,1,1974.339114422255,0.3848876852070327,987.1695572111275
HR,RUH,IC4,mnc,M,False,2,1966.4130641357424,0.12948286552547533,983.2065320678712
HEALTH,RUH,M1,pif_backed,M,True,1,1965.68605142639,0.11015073063152282,982.843025713195
HEALTH,MAK,M1,private,M,True,1,1960.229945611809,0.11861138969084233,980.1149728059045
DATA,QAS,IC2,semigov,M,False,1,1953.2560174980117,0.1699497280549973,976.6280087490059
FIN,RUH,IC3,private,M,True,2,1947.1089030631047,0.1079836168221609,973.5544515315523
OPS,RUH,IC3,semigov,M,False,2,1945.250973576146,0.2290189831081948,972.625486788073
MARKETING,JED,IC3,pif_backed,M,True,1,1938.4245245248494,0.13222008967748566,969.2122622624247
SALES,ASR,IC1,mnc,M,False,1,1938.234806034076,0.6130530982740047,969.117403017038
FIN,RUH,IC3,semigov,F,True,1,1936.8363722220583,0.13781722143712444,968.4181861110292
HR,JED,IC2,public,F,True,1,1929.8151862927216,0.2619621878099522,964.9075931463608
HEALTH,MAK,IC3,public,M,False,1,1925.351065142535,0.3142219593989149,962.6755325712675
MARKETING,JED,IC3,pif_backed,F,False,1,1924.7034353033996,0.21014822212359924,962.3517176516998
HEALTH,MAK,IC1,public,F,True,1,1923.2859475248579,0.392586654757769,961.6429737624289
HEALTH,JED,IC2,private,F,False,1,1922.829884938671,0.4204276113835262,961.4149424693355
ENG_MECH,TAB,M3,private,M,False,1,1921.6214575749182,0.14092152802924868,960.8107287874591
EDU,RUH,IC5,private,F,False,1,1920.6447756420876,0.12075008255665882,960.3223878210438
ENG_CIVIL,QAS,IC4,public,M,False,1,1913.617294918161,0.35276912688184126,956.8086474590805
HEALTH,NOR,IC5,private,M,False,1,1905.673181901937,0.15982136370476258,952.8365909509685
CUSTOMER,RUH,IC3,private,M,False,2,1901.4868409644075,0.2749467779092163,950.7434204822038
EDU,RUH,M3,semigov,F,True,1,1897.1022425299197,0.10971546896236967,948.5511212649599
CUSTOMER,HAI,IC4,mnc,F,False,1,1896.6979908204894,0.2337432593485066,948.3489954102447
PM,EST,IC6,public,F,False,1,1893.2649883600134,0.08678507397288969,946.6324941800067
HR,JED,M1,public,F,True,2,1885.793756472286,0.1854900923418716,942.896878236143
EDU,RUH,IC5,private,M,True,1,1881.5558654591205,0.124140697770688,940.7779327295602
OPS,TAB,IC4,semigov,F,False,1,1880.7302021948617,0.207721156711688,940.3651010974309
SALES,MAK,IC6,semigov,M,False,1,1880.5005390600145,0.17052069679606296,940.2502695300072
SALES,JAZ,IC3,semigov,F,False,1,1879.8472848845486,0.19305473185646949,939.9236424422743
HR,RUH,IC5,private,F,True,1,1877.3883031398145,0.08915634337704975,938.6941515699073
OPS,EST,IC4,semigov,M,True,1,1872.9564722942814,0.09400150427454705,936.4782361471407
HR,JED,M2,public,F,True,2,1870.9674481482853,0.16029327962031506,935.4837240741426
HR,RUH,IC4,semigov,M,False,1,1870.642918219044,0.10311958633043838,935.321459109522
ENG_ELEC,ASR,IC3,private,M,True,1,1867.348311550937,0.22753394235959218,933.6741557754685
EDU,HAI,M3,private,F,True,1,1867.0857988879798,0.16837202455467148,933.5428994439899
LEGAL,EST,IC4,public,M,True,1,1866.1059633014902,0.1274368324322315,933.0529816507451
ENG_MECH,JED,IC4,mnc,M,True,1,1858.9694971160643,0.08676462956010984,929.4847485580322
SWE,RUH,IC2,startup,F,True,1,1857.932499635378,0.23370837464076133,928.966249817689
SUPPLY,EST,M4,public,M,False,1,1856.119148294354,0.07166699029138152,928.059574147177
OPS,MAK,IC3,private,F,True,1,1851.4125206746467,0.153267700973099,925.7062603373233
OPS,EST,IC4,mnc,M,False,1,1850.9723807841474,0.10714603399110445,925.4861903920737
ENG_ELEC,MAD,IC1,public,M,True,1,1850.5868051516845,0.2590461453070381,925.2934025758423
SALES,JED,M5,private,M,True,1,1848.7121164742712,0.036798895591989594,924.3560582371356
ENG_ELEC,MAK,M1,mnc,M,True,1,1847.0830390457013,0.11626775499675204,923.5415195228506
CUSTOMER,JED,IC3,pif_backed,F,True,1,1845.0547444339354,0.1062631021935011,922.5273722169677
DATA,JED,IC2,private,M,True,1,1845.0110137727352,0.16671705923460026,922.5055068863676
HR,QAS,M3,public,F,True,1,1843.6852637522643,0.07908036922563347,921.8426318761321
CUSTOMER,JED,IC6,public,F,True,1,1843.1041363341647,0.07966982920299075,921.5520681670823
ENG_MECH,JAZ,IC5,mnc,F,False,1,1838.6775740568773,0.1978789739114347,919.3387870284387
SWE,RUH,IC2,private,M,False,1,1838.6440853536787,0.19702319358877496,919.3220426768394
ENG_MECH,JED,IC4,semigov,M,True,1,1838.5173145304125,0.1191396181690848,919.2586572652062
ENG_CIVIL,RUH,M2,private,M,True,1,1832.9339353007235,0.1375719171522055,916.4669676503618
FIN,EST,M1,semigov,F,True,1,1830.6682654049655,0.1974136674055257,915.3341327024827
HEALTH,RUH,IC2,private,M,False,3,1827.149267301342,0.2555735797745879,913.574633650671
HEALTH,QAS,M2,private,M,False,1,1826.1021688506153,0.11009575677859602,913.0510844253076
ENG_MECH,JAZ,IC3,public,M,True,1,1823.7807333347992,0.2003313700550757,911.8903666673996
HEALTH,RUH,M3,public,F,True,1,1822.438749546527,0.06756264164706859,911.2193747732636
MARKETING,EST,IC4,mnc,M,True,1,1821.7848549160117,0.11632324408520386,910.8924274580058
EDU,RUH,M1,private,F,True,3,1818.5040392043782,0.1716576100018663,909.2520196021891
PM,EST,IC3,public,M,False,1,1817.5982991767814,0.13183679517744828,908.7991495883907
SUPPLY,EST,IC4,private,M,False,1,1817.1025299842458,0.19909285070020916,908.5512649921229
EDU,MAK,IC3,private,F,True,3,1816.960369451351,0.20564316025131757,908.4801847256755
ENG_ELEC,RUH,IC5,private,M,False,1,1805.1900321802696,0.1385897753915244,902.5950160901348
DESIGN,EST,IC5,public,M,False,1,1794.5975126003977,0.13525105154713654,897.2987563001989
FIN,QAS,IC4,private,F,True,1,1790.7559044380268,0.20021689256335218,895.3779522190134
EDU,RUH,IC4,private,F,True,5,1790.5947039542862,0.14477857348019788,895.2973519771431
CUSTOMER,EST,IC2,private,M,True,1,1790.356930790209,0.20860017928934058,895.1784653951045
FIN,EST,IC2,private,M,False,1,1790.029980594902,0.8304900647191006,895.014990297451
CUSTOMER,RUH,M4,private,M,True,1,1787.5875714066788,0.06839136736270092,893.7937857033394
HEALTH,ASR,IC4,public,F,True,1,1787.3122159218674,0.2583448316819499,893.6561079609337
CUSTOMER,RUH,M2,semigov,M,False,1,1777.9100854098851,0.2742097309909505,888.9550427049426
SALES,RUH,IC5,semigov,F,True,1,1770.877153102123,0.09867161042025115,885.4385765510615
SUPPLY,RUH,IC3,mnc,M,False,2,1766.1475051610678,0.2799404196891063,883.0737525805339
SUPPLY,QAS,D1,private,F,False,1,1764.5305066985711,0.06979885881921008,882.2652533492856
SWE,JED,IC4,semigov,M,True,1,1762.0054669570127,0.11864485818596565,881.0027334785063
SALES,RUH,IC4,public,F,False,1,1761.8641211420636,0.16582422228767202,880.9320605710318
FIN,JED,IC3,public,F,False,2,1761.4551983120327,0.17171106671895703,880.7275991560164
HEALTH,JED,IC3,private,F,False,1,1759.9647524314996,0.17878643760192803,879.9823762157498
SUPPLY,RUH,IC1,startup,F,False,1,1758.8289905845286,0.3935964406346781,879.4144952922643
CUSTOMER,JED,M1,private,F,False,1,1751.3801039538594,0.16087322101478405,875.6900519769297
HEALTH,QAS,IC4,private,F,False,1,1750.3289390456612,0.1468703562275728,875.1644695228306
HEALTH,JED,IC3,semigov,F,True,2,1742.4310513432474,0.15945235275520803,871.2155256716237
HEALTH,MAK,M1,public,F,False,1,1741.7716736955263,0.1299675392021041,870.8858368477631
ENG_CIVIL,QAS,IC2,private,F,False,1,1739.5842789469389,0.5980501240896254,869.7921394734694
ENG_CIVIL,NOR,IC6,private,M,False,1,1734.7274938767587,0.115042455933924,867.3637469383793
SUPPLY,EST,M2,semigov,M,False,1,1731.263107919438,0.10379661042073733,865.631553959719
SUPPLY,JAZ,IC3,private,M,True,1,1730.9590930657523,0.1529159033705681,865.4795465328762
DESIGN,RUH,IC2,public,M,False,1,1729.4333863623624,0.2106206315528268,864.7166931811812
HEALTH,TAB,IC2,startup,M,False,1,1726.2641266989276,0.22054175556813743,863.1320633494638
EDU,NJR,IC4,semigov,F,True,1,1724.7495588526344,0.1857925670946047,862.3747794263172
SALES,JED,IC3,public,M,False,2,1724.5893670139735,0.7316213591079419,862.2946835069868
MARKETING,JED,IC3,private,F,True,1,1720.8151283373645,0.18565372866801141,860.4075641686823
CUSTOMER,EST,IC6,private,M,True,1,1718.0321908858296,0.16371223310411157,859.0160954429148
SUPPLY,RUH,M3,private,M,True,1,1714.6281586080768,0.051162571985776305,857.3140793040384
SUPPLY,RUH,IC1,startup,M,False,1,1712.7711163341178,0.37043461405938943,856.3855581670589
EDU,RUH,IC2,semigov,M,False,1,1706.9077841058897,0.4057670491049559,853.4538920529449
SALES,MAK,IC2,private,M,False,1,1706.1409467863705,0.19950921359244433,853.0704733931852
CUSTOMER,NOR,IC1,semigov,F,False,1,1697.8287031628383,0.7508230714162439,848.9143515814192
PM,MAK,IC4,private,M,True,1,1693.2071169344163,0.08046854800953417,846.6035584672081
HR,RUH,IC3,mnc,M,False,1,1691.6509860687347,0.1114797766826563,845.8254930343674
ENG_MECH,JED,M3,semigov,M,True,1,1686.7376399228815,0.06394437982587445,843.3688199614407
SWE,RUH,IC2,private,M,True,1,1684.0836304418117,0.146928323690563,842.0418152209058
SWE,RUH,IC1,startup,M,True,1,1682.511182201857,0.16960541747875357,841.2555911009285
HEALTH,BAH,M1,semigov,M,True,1,1681.895714795046,0.10104145929224817,840.947857397523
ENG_ELEC,MAD,IC1,private,M,False,1,1680.6848806307926,0.29240693428932185,840.3424403153963
SALES,JED,M1,private,M,False,2,1670.4422666743899,0.15030601939383637,835.2211333371949
HEALTH,MAD,IC4,private,M,False,1,1665.7804499950198,0.15760675338341146,832.8902249975099
ENG_MECH,RUH,IC3,startup,M,False,2,1659.0452498496775,0.25451092569968203,829.5226249248387
CUSTOMER,MAK,IC3,private,M,True,1,1657.1136898560126,0.41427842246400315,828.5568449280063
CUSTOMER,RUH,IC4,semigov,F,False,1,1647.8398795354478,0.33470978766520243,823.9199397677239
EDU,QAS,D1,mnc,F,True,1,1647.2083969998166,0.07396043715998293,823.6041984999083
SALES,EST,IC1,private,F,True,1,1638.4896460330501,0.26708466662423874,819.2448230165251
SWE,RUH,IC2,mnc,M,True,1,1631.806449392322,0.21738752982669843,815.903224696161
OPS,ASR,IC2,private,M,False,1,1630.7356349946112,0.19364439830413288,815.3678174973056
EDU,JAZ,IC3,private,M,True,1,1626.7960621214543,0.29310109239723586,813.3980310607271
CUSTOMER,RUH,IC4,pif_backed,M,False,1,1622.5107257171694,0.2505537201718995,811.2553628585847
ENG_ELEC,EST,IC3,semigov,F,False,1,1619.959269111474,0.21055495220951445,809.979634555737
HR,JED,IC2,public,F,False,1,1617.9515473899228,0.19665715934810973,808.9757736949614
EDU,RUH,IC4,private,F,False,2,1616.1222994566733,0.2336345380759906,808.0611497283367
OPS,RUH,IC4,pif_backed,M,False,1,1611.7301725380967,0.09603160830050392,805.8650862690483
CUSTOMER,QAS,D1,private,M,False,1,1604.3269769793242,0.09831537341376663,802.1634884896621
EDU,RUH,IC3,mnc,F,True,2,1602.1542155807556,0.17557196412418602,801.0771077903778
ENG_CIVIL,QAS,IC2,private,M,False,1,1599.7678050007507,0.23776277417294858,799.8839025003754
HR,ASR,IC5,mnc,F,False,1,1595.6700563241975,0.18939501611545959,797.8350281620988
ENG_ELEC,NJR,IC5,private,M,False,1,1594.135702573345,0.1290868170640306,797.0678512866725
SALES,EST,IC1,private,M,False,1,1592.1696924405433,0.32359067955753756,796.0848462202716
SWE,RUH,IC2,private,F,True,1,1591.8046737627083,0.13546074847525905,795.9023368813541
LEGAL,RUH,IC4,mnc,M,False,1,1589.036858413252,0.07779382316749381,794.518429206626
DATA,RUH,M3,semigov,M,True,1,1584.2210583505766,0.04658087235065846,792.1105291752883
SWE,RUH,IC3,mnc,M,True,1,1579.536478784892,0.08391501264592573,789.768239392446
ENG_MECH,MAK,IC2,pif_backed,M,False,1,1577.0242129266708,0.23117759692256634,788.5121064633354
MARKETING,MAD,IC1,private,F,False,1,1571.246036027669,0.2694499239497933,785.6230180138346
SALES,QAS,M2,public,M,True,1,1570.9496385410457,0.07152344999667848,785.4748192705229
ENG_ELEC,RUH,IC3,public,M,False,3,1570.7690776343413,0.20916264633539983,785.3845388171707
HR,MAD,IC4,semigov,M,True,1,1566.5457221994857,0.10948908371525741,783.2728610997428
SWE,RUH,IC2,public,F,True,1,1565.8422722006471,0.17378976115381467,782.9211361003236
PM,RUH,IC5,mnc,F,False,1,1562.287361173585,0.07098715156120675,781.1436805867925
ENG_MECH,HAI,IC3,mnc,M,False,1,1560.7035513346254,0.15807858548344422,780.3517756673127
FIN,ASR,IC4,private,M,True,1,1555.2900541281979,0.14423992355580142,777.6450270640989
CUSTOMER,JAZ,IC3,private,M,True,1,1554.1143487221289,0.15459009768322193,777.0571743610644
CUSTOMER,JED,IC3,semigov,F,True,1,1553.6414942356687,0.22092432722485,776.8207471178343
SALES,RUH,IC3,mnc,F,True,1,1545.3258228804843,0.09675769298654534,772.6629114402422
HEALTH,JED,IC4,semigov,F,False,1,1543.029287714884,0.09128222696690146,771.514643857442
ENG_MECH,JED,IC3,mnc,M,True,1,1537.5498872251665,0.12995908954885302,768.7749436125832
ENG_MECH,TAB,IC4,private,M,True,1,1534.9984765351528,0.12683034351104358,767.4992382675764
CUSTOMER,RUH,IC2,private,F,False,1,1533.8135638978695,0.8173756408960621,766.9067819489347
EDU,JAZ,IC4,mnc,M,True,1,1531.2967828961282,0.1794459678063119,765.6483914480641
HEALTH,HAI,IC4,public,F,False,1,1529.9787983689057,0.15253493630520426,764.9893991844529
HEALTH,JAZ,M2,private,F,False,1,1527.5076750786684,0.09292025292909739,763.7538375393342
OPS,EST,IC4,private,M,False,1,1524.2442435495195,0.10753941023305781,762.1221217747598
LEGAL,RUH,IC6,public,M,True,1,1523.7028438832422,0.06914541311247452,761.8514219416211
CUSTOMER,RUH,IC4,pif_backed,F,False,1,1519.9230511342057,0.19008114513857938,759.9615255671029
HEALTH,JED,IC3,private,M,False,1,1517.1499582676433,0.1916575868775715,758.5749791338217
EDU,JAZ,M3,semigov,F,False,1,1514.8803669766567,0.09993787970993011,757.4401834883283
EDU,JAZ,IC4,private,F,True,1,1512.9057531182161,0.28267199656180236,756.4528765591081
EDU,RUH,IC3,private,F,True,2,1509.6956092182427,0.1690429990390563,754.8478046091213
DESIGN,MAD,IC2,private,M,True,1,1509.2771976931072,0.1328770384773545,754.6385988465536
ENG_ELEC,EST,M3,private,M,False,1,1508.8805675916446,0.06305949114575689,754.4402837958223
OPS,ASR,IC1,semigov,F,True,1,1505.224998733659,0.37630624968341475,752.6124993668295
SUPPLY,RUH,IC5,public,F,False,1,1503.2024899153676,0.13993692886942538,751.6012449576838
PM,RUH,IC3,public,M,False,2,1501.8813913581707,0.10719293271002339,750.9406956790854
ENG_CIVIL,RUH,IC3,private,M,False,3,1500.1809073995526,0.15283132680635172,750.0904536997763
SALES,EST,IC2,private,F,True,1,1493.539274363995,0.11615000838839938,746.7696371819975
OPS,NOR,M3,private,M,False,1,1487.763415927424,0.07079322027746143,743.881707963712
SALES,RUH,IC1,semigov,M,True,1,1478.7160961379723,0.17495271538021628,739.3580480689861
SUPPLY,RUH,IC4,public,M,False,1,1474.6452769839125,0.14555887095978573,737.3226384919562
SUPPLY,RUH,D1,mnc,M,True,1,1472.4298714005236,0.053823137023986105,736.2149357002618
DESIGN,EST,IC2,private,F,False,1,1468.5975945748542,0.16554629403564045,734.2987972874271
HEALTH,RUH,IC1,semigov,M,False,1,1467.4701192364296,0.4714975514517696,733.7350596182148
HR,BAH,IC4,public,F,False,1,1466.4431037197073,0.22917291446427204,733.2215518598537
EDU,RUH,IC4,private,M,True,2,1463.4697125197672,0.16379519828377118,731.7348562598836
HEALTH,MAD,IC6,mnc,F,True,1,1461.783587884005,0.05619020115702855,730.8917939420026
ENG_ELEC,TAB,IC1,private,M,True,1,1461.468947956957,0.25069454034474564,730.7344739784785
MARKETING,EST,IC3,semigov,F,False,2,1461.1965812835274,0.0822415016046856,730.5982906417637
MARKETING,JAZ,D1,pif_backed,F,False,1,1460.091335550478,0.05124943701278271,730.045667775239
SALES,EST,IC1,pif_backed,M,False,1,1459.4737135842888,0.2089326154889625,729.7368567921444
DESIGN,EST,IC1,private,M,True,1,1455.3617361779252,0.3638404340444813,727.6808680889626
HR,MAD,IC4,startup,F,False,1,1455.2684280476878,0.12771539797270007,727.6342140238439
HEALTH,JAZ,IC2,private,F,True,1,1454.9065133532094,0.29627394034089155,727.4532566766047
CUSTOMER,JED,IC4,private,F,False,2,1452.5926822544657,0.279443468724029,726.2963411272328
OPS,TAB,IC3,private,M,True,2,1452.1872812494812,0.1212184613883583,726.0936406247406
EDU,TAB,IC4,pif_backed,M,True,1,1451.463557894509,0.12920032275473836,725.7317789472545
MARKETING,ASR,IC2,private,F,True,1,1450.6646766406056,0.3000259924015705,725.3323383203028
CUSTOMER,RUH,IC5,private,M,False,1,1448.4200659986873,0.23065189086047175,724.2100329993436
OPS,RUH,IC3,private,F,True,2,1442.5574903405568,0.1147232538870489,721.2787451702784
HEALTH,EST,IC4,startup,F,True,1,1438.520233033125,0.10697600402711396,719.2601165165624
ENG_CIVIL,MAK,IC3,private,M,False,1,1431.9719873338145,0.2687857081541671,715.9859936669072
MARKETING,ASR,M1,private,F,True,1,1431.855959231385,0.09322743657561655,715.9279796156925
DESIGN,RUH,IC1,private,M,False,1,1427.2327176936133,0.40484507136638126,713.6163588468066
ENG_ELEC,BAH,M5,private,F,False,1,1425.7144151073153,0.06274604656404571,712.8572075536576
EDU,ASR,IC2,mnc,F,True,1,1417.0142904833983,0.2904717793181666,708.5071452416992
EDU,MAK,IC4,startup,F,True,1,1412.580522066477,0.13847050252040935,706.2902610332385
SALES,RUH,IC3,public,F,False,1,1409.9637652404472,0.28345766224657976,704.9818826202236
OPS,ASR,IC2,semigov,F,True,1,1408.2614398103533,0.301965507662529,704.1307199051766
SUPPLY,RUH,IC6,private,F,False,1,1404.4028303661871,0.07272621413105125,702.2014151830936
SALES,QAS,IC2,mnc,M,True,1,1401.5109262629403,0.17758920588693686,700.7554631314702
EDU,ASR,M2,private,F,True,1,1400.631270791997,0.13481167316281537,700.3156353959985
OPS,RUH,M2,semigov,M,False,1,1400.1195754473265,0.08667973615996533,700.0597877236632
OPS,RUH,IC2,private,M,False,3,1396.1353487297577,0.18170655172754316,698.0676743648788
ENG_ELEC,EST,IC2,pif_backed,M,False,2,1393.1448093823515,0.31997474499816286,696.5724046911757
ENG_ELEC,RUH,IC3,mnc,M,True,1,1392.6713019109466,0.1196322481920741,696.3356509554733
MARKETING,ASR,IC5,mnc,M,False,2,1386.6471695443743,0.11600902161451729,693.3235847721871
HR,HAI,IC1,semigov,F,False,1,1383.6127748412528,0.5887262996201367,691.8063874206264
PM,EST,M1,public,M,False,1,1383.2248705159764,0.06409822118196702,691.6124352579882
ENG_ELEC,RUH,IC2,private,M,True,2,1380.1830417520882,0.17006549409889915,690.0915208760441
EDU,MAD,IC3,private,F,True,2,1378.3152552827833,0.22550751912185418,689.1576276413916
LEGAL,NOR,IC6,mnc,M,True,1,1377.3228816157207,0.05255619586981943,688.6614408078603
SWE,BAH,IC3,mnc,M,False,1,1375.870598671514,0.10817698339228962,687.935299335757
EDU,EST,IC1,startup,F,False,1,1375.1297506694427,0.7639609725941349,687.5648753347214
SUPPLY,RUH,IC3,mnc,M,True,1,1364.6332801507524,0.07070668065726451,682.3166400753762
HEALTH,RUH,IC3,public,M,False,1,1364.0150450732308,0.17591341712857153,682.0075225366154
EDU,EST,IC2,pif_backed,F,True,1,1361.949744783139,0.16484943254155146,680.9748723915695
FIN,JAZ,IC5,public,F,True,1,1356.2527383232336,0.08494119972262934,678.1263691616168
ENG_CIVIL,RUH,M3,pif_backed,M,False,1,1355.6418663535333,0.06459269959002023,677.8209331767666
EDU,RUH,IC3,private,M,True,3,1348.2105882537883,0.14225986209826658,674.1052941268941
CUSTOMER,RUH,IC4,private,M,False,2,1345.9566654721716,0.38078550509880316,672.9783327360858
HEALTH,RUH,IC1,public,M,True,1,1345.9207409130076,0.16923115255125426,672.9603704565038
CUSTOMER,EST,IC2,semigov,M,True,1,1345.0018225092144,0.16462327910880964,672.5009112546072
OPS,MAD,M1,public,M,False,1,1344.2803238068118,0.14329146951926483,672.1401619034059
EDU,MAK,IC4,public,M,False,1,1340.9451863447312,0.2556933054324618,670.4725931723656
SUPPLY,QAS,IC2,semigov,M,False,1,1340.8209455791462,0.3443795064465219,670.4104727895731
CUSTOMER,JAZ,M1,private,M,False,1,1337.9764025155673,0.2633765154781839,668.9882012577837
SUPPLY,TAB,IC4,private,M,False,1,1336.6753962089624,0.31354834231959255,668.3376981044812
DESIGN,JED,IC4,private,F,True,2,1333.672154849277,0.07009576906908205,666.8360774246385
MARKETING,RUH,M3,mnc,F,False,2,1333.6186390929706,0.036320028053571374,666.8093195464853
ENG_MECH,ASR,IC3,public,F,True,1,1330.903336488067,0.16124382861214434,665.4516682440335
DATA,RUH,IC2,mnc,F,True,1,1329.2349749850982,0.09575806775685483,664.6174874925491
FIN,TAB,IC3,private,F,False,1,1326.9500627978177,0.20691790847519273,663.4750313989089
PM,JED,IC4,mnc,M,True,1,1325.56945621872,0.06000745385343647,662.78472810936
DATA,JED,M3,private,M,False,1,1324.3967406956908,0.04357277716916705,662.1983703478454
OPS,QAS,IC3,mnc,M,True,1,1324.0275955860834,0.09841129978891687,662.0137977930417
HEALTH,EST,D2,private,F,False,1,1320.2792391256226,0.028973385873625565,660.1396195628113
ENG_MECH,HAI,M1,private,M,True,1,1319.681274770015,0.11837946685606111,659.8406373850075
ENG_MECH,RUH,IC4,startup,M,True,1,1319.2320483317071,0.09172047129575707,659.6160241658536
EDU,MAK,IC2,private,F,True,1,1318.0520885209044,0.3295130221302261,659.0260442604522
SUPPLY,RUH,IC2,mnc,M,False,1,1317.367114371163,0.26731961753127254,658.6835571855815
SALES,MAK,IC3,semigov,M,True,1,1314.1875484203083,0.11993344811659339,657.0937742101542
SWE,NOR,IC4,private,M,True,1,1311.2772770265874,0.11044688064291487,655.6386385132937
SWE,RUH,IC3,public,M,True,1,1307.895900239746,0.11905808277923945,653.947950119873
PM,TAB,IC1,pif_backed,M,False,1,1306.9320626120152,0.12142710395815473,653.4660313060076
EDU,MAK,IC1,private,M,False,1,1303.3284758762202,0.2697620722515669,651.6642379381101
CUSTOMER,MAD,M2,semigov,M,False,1,1302.3725257740116,0.07430948326169891,651.1862628870058
OPS,NJR,IC4,private,M,True,1,1301.6301306434116,0.22528283117391715,650.8150653217058
PM,NJR,IC1,public,F,False,1,1301.1536436012802,0.2065615052922207,650.5768218006401
PM,RUH,IC3,private,M,False,2,1298.6153689616758,0.09080169538223476,649.3076844808379
EDU,RUH,M3,private,M,True,1,1295.0049853578166,0.0623494824462962,647.5024926789083
HR,QAS,IC3,private,F,True,1,1294.7435054739217,0.14301706553400356,647.3717527369608
SALES,EST,IC3,private,F,False,1,1289.9465411224019,0.25951160328937584,644.9732705612009
HEALTH,JAZ,IC4,pif_backed,F,False,1,1288.9279829904644,0.09997649629821688,644.4639914952322
OPS,MAK,M1,public,M,False,1,1288.5268555907132,0.11492103796825562,644.2634277953566
EDU,NOR,M2,private,F,False,1,1285.9377134447805,0.11143587780323601,642.9688567223902
EDU,RUH,IC5,private,M,False,1,1284.4521686167718,0.10307322673477792,642.2260843083859
DESIGN,EST,D1,private,F,True,1,1284.1993869436556,0.03223626687042118,642.0996934718278
ENG_ELEC,ASR,IC4,public,M,True,1,1274.7099779289974,0.14665222949784026,637.3549889644987
SUPPLY,JED,M1,private,M,False,1,1274.1667357108545,0.10203578278278226,637.0833678554272
HR,ASR,IC4,semigov,F,False,1,1272.6989714350875,0.10492696011132371,636.3494857175438
HEALTH,JED,IC3,pif_backed,M,False,1,1266.3961169952545,0.1066929398270914,633.1980584976272
EDU,MAD,M2,private,F,True,1,1261.5877816293869,0.11680319282706896,630.7938908146934
DATA,EST,M1,semigov,F,True,1,1260.4344220155617,0.05622689735015284,630.2172110077809
CUSTOMER,RUH,IC6,pif_backed,F,True,1,1259.8878675056476,0.04191586761610057,629.9439337528238
MARKETING,TAB,IC2,private,F,True,1,1255.5197850266995,0.11820906763906643,627.7598925133498
FIN,ASR,IC2,private,F,False,1,1247.3015019722807,0.14968935289972884,623.6507509861403
PM,RUH,M5,private,M,True,1,1245.8205279832036,0.030629513107022634,622.9102639916018
FIN,HAI,IC3,mnc,M,False,1,1245.4998037124606,0.27212321769914605,622.7499018562303
DATA,RUH,M3,private,M,True,1,1240.9256889139651,0.027883407770251348,620.4628444569826
DESIGN,RUH,IC5,private,F,False,1,1239.950389609865,0.04843524045386671,619.9751948049325
MARKETING,HAI,IC5,semigov,F,False,1,1238.649834363161,0.06687556572061441,619.3249171815805
OPS,ASR,IC1,private,F,True,1,1238.2171714859123,0.30955429287147807,619.1085857429562
EDU,RUH,M2,public,F,True,1,1238.2082567590987,0.09988796816700095,619.1041283795494
DATA,NJR,IC3,semigov,M,True,1,1236.8764359605939,0.11336891804456145,618.4382179802969
FIN,RUH,IC2,private,M,False,1,1229.0540738172158,0.2054611260608559,614.5270369086079
EDU,JED,IC3,public,F,False,1,1226.546262116436,0.26517224457545635,613.273131058218
CUSTOMER,EST,IC4,private,F,False,3,1224.751923531013,0.20670281097586254,612.3759617655065
CUSTOMER,NJR,IC5,private,F,False,1,1216.9329971773277,0.08714532136891767,608.4664985886639
OPS,ASR,IC5,mnc,M,False,1,1215.6151984523822,0.1063755579442351,607.8075992261911
FIN,RUH,IC5,private,F,True,1,1212.5944527652318,0.049457718586709734,606.2972263826159
EDU,JED,IC2,private,F,True,3,1211.6223745982363,0.22309092238003161,605.8111872991182
OPS,QAS,IC2,semigov,M,False,1,1211.3862713334147,0.1881841086138492,605.6931356667073
CUSTOMER,EST,IC4,pif_backed,F,False,1,1209.599862822739,0.07359019714842449,604.7999314113695
ENG_ELEC,JAZ,IC3,private,M,False,2,1208.1706892623997,0.12818698474087922,604.0853446311999
PM,MAD,IC4,private,F,True,1,1206.7797583418615,0.08864398854262823,603.3898791709307
DATA,RUH,IC4,public,M,True,1,1206.2545636306932,0.061168754313778835,603.1272818153466
SALES,ASR,IC4,private,M,False,2,1205.2031073143921,0.25957304062698633,602.6015536571961
ENG_CIVIL,RUH,M1,private,M,True,1,1199.8514503688966,0.09500590696098628,599.9257251844483
ENG_MECH,RUH,M3,semigov,M,False,1,1199.5997817250463,0.05595772018079657,599.7998908625232
ENG_ELEC,ASR,IC1,semigov,M,True,1,1198.8931134643744,0.2045330742687375,599.4465567321872
ENG_ELEC,JAZ,IC2,startup,M,True,1,1188.2840180985368,0.24372257096590683,594.1420090492684
DATA,EST,IC5,public,F,True,1,1187.0659816899097,0.039833346197298315,593.5329908449548
HR,EST,IC5,public,F,True,1,1185.681557770673,0.07636502481374895,592.8407788853365
ENG_ELEC,ASR,IC4,semigov,M,True,1,1185.2844472857232,0.08193820281687254,592.6422236428616
OPS,JED,IC2,mnc,M,False,1,1182.1658308396418,0.12998861174039814,591.0829154198209
SUPPLY,EST,IC3,semigov,M,False,2,1173.5806593489938,0.11583705660710879,586.7903296744969
DATA,EST,IC2,pif_backed,M,False,1,1169.1821352285842,0.07939825196417817,584.5910676142921
EDU,JED,M1,startup,M,True,1,1165.3411954611656,0.08707167640197894,582.6705977305828
SALES,EST,IC3,mnc,F,False,1,1164.340715426917,0.18944536985981517,582.1703577134585
OPS,TAB,IC2,private,F,True,1,1162.1624089605875,0.15153613070454292,581.0812044802938
FIN,EST,IC2,public,M,True,1,1161.076282632448,0.1798735054334106,580.538141316224
CUSTOMER,RUH,IC2,public,F,False,2,1155.996477483413,0.5301922305361235,577.9982387417065
OPS,RUH,IC2,startup,F,True,1,1151.0098560106399,0.12516105578162354,575.5049280053199
DATA,JED,IC5,private,M,True,1,1149.948808981586,0.0509655209099384,574.974404490793
FIN,EST,IC2,pif_backed,F,True,1,1148.3097200699358,0.09285520840047772,574.1548600349679
DATA,JED,D1,semigov,M,True,1,1147.588949379904,0.02364445755844733,573.794474689952
EDU,TAB,IC3,private,F,False,2,1146.564580526825,0.23908637143276043,573.2822902634125
HEALTH,QAS,IC1,private,F,False,1,1144.4990060372938,0.29077127650792,572.2495030186469
ENG_CIVIL,ASR,IC3,public,F,True,1,1143.240496944377,0.14587619553051487,571.6202484721885
SUPPLY,ASR,M1,private,M,True,1,1139.784545433121,0.13999343447107127,569.8922727165605
CUSTOMER,RUH,IC2,pif_backed,F,False,1,1134.955182752025,0.534561939925123,567.4775913760125
ENG_CIVIL,EST,IC2,startup,M,False,1,1130.097133590676,0.19453341531563795,565.048566795338
CUSTOMER,ASR,IC6,pif_backed,F,False,1,1125.8823619236518,0.10834511639883752,562.9411809618259
SUPPLY,EST,IC4,semigov,M,True,1,1125.0059644978428,0.04801916507270246,562.5029822489214
CUSTOMER,RUH,IC1,private,F,True,2,1124.923576754908,0.2472902926002056,562.461788377454
HR,JAZ,IC4,private,F,True,1,1124.7245115420137,0.07621029650302265,562.3622557710069
ENG_CIVIL,JED,IC6,private,M,True,1,1123.591557383308,0.03664955919353755,561.795778691654
DESIGN,NJR,M2,pif_backed,M,True,1,1123.564558852573,0.09959786923800024,561.7822794262866
HEALTH,TAB,IC4,semigov,F,False,1,1123.4090291553039,0.0883468659413776,561.7045145776519
SALES,EST,IC4,startup,M,False,1,1121.6630309634693,0.131719078225353,560.8315154817346
ENG_MECH,TAB,IC5,public,M,False,2,1117.8891446202488,0.11023840484340555,558.9445723101244
EDU,JED,IC2,public,F,True,1,1114.0035319965855,0.2785008829991464,557.0017659982927
HEALTH,RUH,IC3,startup,M,True,2,1111.399835684666,0.10078198970938515,555.699917842333
OPS,RUH,IC4,semigov,M,True,1,1110.1385991801271,0.06758106427375114,555.0692995900636
SALES,RUH,IC2,private,M,False,1,1104.5899560451235,0.2987905866435995,552.2949780225617
HEALTH,EST,IC2,private,M,False,1,1102.0259106991534,0.13889723115751526,551.0129553495767
SWE,MAD,IC4,mnc,M,False,1,1100.4121320786217,0.0818952796925628,550.2060660393108
SALES,RUH,IC4,mnc,M,False,2,1100.0225726283516,0.09646649777707428,550.0112863141758
DESIGN,RUH,IC1,public,F,True,1,1091.347747208857,0.27283693680221427,545.6738736044285
DATA,EST,IC1,private,F,True,1,1079.7296648699357,0.1404170213565256,539.8648324349679
DATA,ASR,IC3,mnc,F,False,1,1079.0755608553682,0.08394078356271144,539.5377804276841
DATA,JED,IC3,public,M,False,1,1076.7999626926176,0.08948136561238126,538.3999813463088
HR,EST,IC2,public,F,True,1,1076.1525218788147,0.26903813046970365,538.0762609394073
EDU,RUH,IC4,startup,M,True,1,1073.9051405586633,0.0915737963725953,536.9525702793317
CUSTOMER,EST,IC3,public,F,False,1,1070.353387053458,0.44391084363051353,535.176693526729
SALES,RUH,IC5,private,M,False,2,1066.6023647573847,0.08339368406101218,533.3011823786924
DESIGN,EST,IC3,mnc,F,False,1,1065.1810239478336,0.18202248560264556,532.5905119739168
SALES,RUH,IC2,private,M,True,1,1062.1120501200294,0.08963084343852701,531.0560250600147
EDU,EST,IC3,private,F,True,2,1059.769259878828,0.12438426671624954,529.884629939414
ENG_ELEC,ASR,IC3,semigov,M,True,1,1051.4038913924214,0.13231597292181652,525.7019456962107
SUPPLY,NOR,IC4,mnc,M,False,1,1044.9255261967764,0.12421430648965279,522.4627630983882
ENG_ELEC,RUH,M1,semigov,M,True,1,1043.801374517334,0.05179325470494476,521.900687258667
CUSTOMER,TAB,IC2,private,F,False,1,1043.301433693769,0.40608343272708375,521.6507168468845
CUSTOMER,JED,IC4,private,F,True,1,1043.1796206014633,0.22988968530622367,521.5898103007316
FIN,EST,IC3,private,F,True,1,1041.575942801206,0.05626366004216664,520.787971400603
HR,RUH,IC2,mnc,F,True,1,1041.1820687419504,0.14951134690933965,520.5910343709752
HEALTH,RUH,M5,semigov,M,False,1,1040.185709004094,0.027122057951682703,520.092854502047
HR,EST,IC3,semigov,F,True,2,1035.478849580487,0.08014211592925005,517.7394247902434
SALES,RUH,M1,private,M,True,1,1033.390681027835,0.043206882768302354,516.6953405139175
CUSTOMER,RUH,IC4,startup,F,False,1,1033.136950642945,0.27023539814363867,516.5684753214725
ENG_MECH,EST,IC3,private,M,True,1,1032.4665151964691,0.07808364903316595,516.2332575982346
FIN,RUH,M4,semigov,F,True,1,1028.5176237686683,0.020228053356475095,514.2588118843341
SUPPLY,RUH,IC2,private,M,False,2,1024.8982038049521,0.26983215562465424,512.4491019024761
ENG_MECH,EST,IC4,mnc,M,True,2,1017.6672245214868,0.05560655363031963,508.8336122607434
OPS,MAK,IC3,private,M,True,1,1016.5098702800315,0.146187003976425,508.25493514001573
FIN,RUH,IC3,mnc,F,False,1,1010.241985263805,0.16036070695208346,505.1209926319025
SUPPLY,EST,IC3,private,M,False,1,1009.285487973867,0.1327011962046711,504.6427439869335
FIN,MAK,IC2,pif_backed,F,False,1,1008.5536931737397,0.15137675618814142,504.27684658686985
SALES,MAD,IC4,private,F,False,1,1007.5509582176055,0.15639469980218515,503.77547910880276
ENG_CIVIL,MAK,IC6,public,M,False,1,1006.2136978888811,0.10014757162751833,503.10684894444057
SWE,TAB,IC5,public,M,False,1,1002.6291751921235,0.04942997329360991,501.31458759606176
EDU,QAS,IC2,public,F,True,2,1001.7973540750268,0.23543191532306113,500.8986770375134
ENG_MECH,JED,M3,private,M,False,2,1001.5762014194606,0.047582857909807645,500.7881007097303
EDU,RUH,IC2,public,F,False,1,1000.7081903316139,0.19890168496226798,500.35409516580694
DESIGN,JAZ,IC3,pif_backed,M,False,1,999.4267047376416,0.10215545989045123,499.7133523688208
ENG_ELEC,RUH,IC2,public,M,True,1,997.7453088757702,0.09558430607774102,498.8726544378851
CUSTOMER,JAZ,IC2,private,M,True,1,993.3931673400921,0.14981317220943405,496.69658367004604
ENG_CIVIL,JED,M1,public,M,True,1,989.6676830768192,0.07352460729704252,494.8338415384096
EDU,RUH,M4,private,F,True,1,988.5218343546221,0.041933533714267016,494.26091717731106
FIN,RUH,IC4,semigov,M,True,1,986.816344519244,0.050412949421305094,493.408172259622
ENG_MECH,RUH,IC1,private,M,False,1,985.8326005042209,0.2705016931189314,492.91630025211043
ENG_CIVIL,MAD,IC3,public,M,False,1,984.800408805907,0.11464885412963965,492.4002044029535
SALES,MAD,IC4,private,M,False,1,983.6425776968626,0.11543691588079184,491.8212888484313
CUSTOMER,RUH,M4,mnc,F,True,1,981.8606652400813,0.0338957067253199,490.93033262004064
CUSTOMER,JED,M3,private,F,True,1,981.8482388560406,0.034541192124658816,490.9241194280203
OPS,MAD,IC3,private,F,True,1,980.8608157623967,0.14831190984537637,490.43040788119833
FIN,BAH,IC3,semigov,M,True,1,973.390838149211,0.060599830547309344,486.6954190746055
OPS,HAI,IC4,private,M,False,1,968.2237214121324,0.1576706164363165,484.1118607060662
CUSTOMER,JED,M1,private,M,False,2,966.6123310610255,0.16540831726458524,483.30616553051277
ENG_ELEC,JED,IC4,mnc,M,False,1,965.7996121315336,0.04982429485447274,482.8998060657668
DATA,RUH,IC4,pif_backed,F,True,1,959.2719610134882,0.04032931854422957,479.6359805067441
OPS,JAZ,IC4,public,M,False,1,957.873444840674,0.18683979488613048,478.936722420337
FIN,NJR,IC2,private,M,True,1,951.3123595682346,0.23782808989205864,475.6561797841173
ENG_MECH,EST,M1,semigov,M,True,1,948.5131431316222,0.05955206562324578,474.2565715658111
CUSTOMER,JED,IC5,private,F,False,1,947.4685310367531,0.14619555381590832,473.73426551837656
HR,JED,IC3,public,M,True,2,944.5248603196965,0.0976274072648399,472.26243015984824
SUPPLY,EST,IC4,semigov,F,False,1,942.8800730885005,0.12659302925953134,471.44003654425023
OPS,MAK,IC5,private,M,True,1,937.756143434166,0.058157187005010755,468.878071717083
HEALTH,JED,IC3,mnc,M,False,1,936.2927362620612,0.084663800474915,468.1463681310306
HEALTH,MAK,IC5,private,F,True,1,935.8172906849068,0.07110409062716075,467.9086453424534
CUSTOMER,JED,IC2,private,M,False,3,935.2727004645103,0.22682311952867937,467.63635023225515
EDU,ASR,IC2,private,F,True,1,927.8008249602308,0.1929160541362618,463.9004124801154
SUPPLY,RUH,IC3,private,M,False,1,926.8170877378625,0.10483929248784693,463.40854386893125
MARKETING,RUH,IC4,public,F,True,1,924.5949683922026,0.07808261367831432,462.2974841961013
FIN,NJR,IC4,public,F,False,1,923.5622093716429,0.08112217831725577,461.78110468582145
LEGAL,JAZ,IC3,public,F,True,1,919.3356024722752,0.12320131471366824,459.6678012361376
ENG_CIVIL,QAS,IC4,startup,M,False,1,918.9476623151986,0.1302671780757632,459.4738311575993
EDU,EST,IC3,semigov,F,False,1,910.8302849639231,0.12179138703100217,455.41514248196154
EDU,TAB,IC3,private,F,True,1,910.2357499118225,0.1549231967035134,455.11787495591125
DATA,BAH,IC4,public,M,False,1,908.0798519022737,0.07271590455693834,454.03992595113687
CUSTOMER,QAS,IC5,public,M,False,1,902.7402416330124,0.11580273768623082,451.3701208165062
FIN,BAH,IC2,private,M,False,1,901.2978604201171,0.26234532574795144,450.64893021005855
HEALTH,RUH,M1,mnc,F,False,1,897.1580684826222,0.04999214690324085,448.5790342413111
PM,JED,IC6,public,M,False,1,896.5340878592069,0.02924809920223115,448.26704392960346
PM,NJR,M4,public,M,True,1,889.2032358653887,0.028734028173766843,444.60161793269435
SWE,MAK,IC3,semigov,M,False,1,886.266425123411,0.06360600997463062,443.1332125617055
LEGAL,JED,M3,public,M,False,1,885.4700012005123,0.026232145352650258,442.73500060025617
SALES,RUH,D1,public,M,False,1,884.6100398226008,0.03918708496858782,442.3050199113004
SWE,RUH,IC6,pif_backed,M,False,1,880.4487229959923,0.027624815368763104,440.22436149799614
SUPPLY,RUH,M1,public,M,False,1,877.3832578458023,0.09244254185447051,438.69162892290115
CUSTOMER,EST,M4,public,F,True,1,874.8232459459578,0.05486649669956548,437.4116229729789
OPS,JED,M1,pif_backed,M,False,1,874.1829160209891,0.05167384172085112,437.09145801049453
MARKETING,EST,IC2,public,F,False,2,873.2654017596017,0.2537049742633366,436.63270087980084
DESIGN,RUH,IC4,public,M,False,1,867.9337082809234,0.059140308716974524,433.9668541404617
FIN,JED,IC4,private,F,True,1,867.2066877365542,0.05162900321050826,433.6033438682771
HR,JED,M1,private,M,False,1,856.0898148782535,0.099199743090148,428.04490743912675
ENG_ELEC,TAB,M2,private,M,True,1,853.9836295035602,0.04751636700384424,426.9918147517801
CUSTOMER,JAZ,IC1,semigov,F,False,1,853.3355976335556,0.28468243457332965,426.6677988167778
HEALTH,QAS,M2,private,F,True,1,852.7079377238697,0.050589869763526724,426.35396886193485
HEALTH,RUH,M1,private,F,False,1,851.9276218447139,0.05920653869772869,425.96381092235697
ENG_CIVIL,TAB,IC3,mnc,M,True,1,851.6628618761042,0.062220444137317914,425.8314309380521
OPS,JAZ,M1,mnc,M,False,1,850.2079692069219,0.06142375558508229,425.10398460346096
SUPPLY,QAS,IC5,startup,M,True,1,849.4311112971554,0.03854352692104382,424.7155556485777
ENG_CIVIL,RUH,IC2,mnc,M,False,1,847.0223410681283,0.21201636539646973,423.51117053406415
ENG_ELEC,TAB,IC4,public,M,False,1,845.6311174854063,0.10318476268565879,422.81555874270316
HEALTH,JAZ,M2,semigov,F,False,1,842.97526456981,0.06373188461164823,421.487632284905
PM,MAK,M1,private,M,True,1,835.638475621312,0.03271938916783232,417.819237810656
SALES,TAB,M2,public,M,False,1,832.4413249207155,0.08402116018142941,416.22066246035774
ENG_ELEC,EST,IC4,private,M,False,2,828.8367144397689,0.06462805947701049,414.41835721988446
SALES,MAD,IC3,public,M,True,2,822.1186035235614,0.06834790610833442,411.0593017617807
ENG_MECH,NJR,IC4,semigov,M,True,1,821.1987536192228,0.07880660909571129,410.5993768096114
EDU,ASR,IC4,public,M,False,1,820.6024670412326,0.09850732524980672,410.3012335206163
EDU,MAK,IC3,public,M,True,1,819.235300065674,0.12959672036752407,409.617650032837
SALES,EST,IC4,semigov,F,True,1,817.3749285520717,0.04656064568005302,408.6874642760358
ENG_ELEC,JED,IC3,private,F,True,1,816.9818219045283,0.06408620389471809,408.49091095226413
EDU,RUH,IC2,pif_backed,M,True,1,816.0044453289547,0.1061889118206035,408.00222266447736
FIN,RUH,M2,private,M,True,1,813.2448299795033,0.031558951486394475,406.62241498975163
DATA,EST,IC3,private,M,False,1,808.7915908431787,0.04707611071168311,404.39579542158936
DESIGN,JAZ,IC2,semigov,M,False,1,803.0091350610019,0.09557948540745224,401.50456753050094
EDU,EST,IC4,private,F,False,1,802.8469712403548,0.09124909742105163,401.4234856201774
HEALTH,EST,IC3,public,F,False,1,802.4505061141945,0.10073936661651707,401.22525305709723
HEALTH,JED,IC3,public,F,True,2,797.0666553603796,0.08672929371535919,398.5333276801898
OPS,JED,IC5,private,M,False,1,795.8466085102264,0.08706997995803495,397.9233042551132
FIN,JAZ,IC2,private,F,False,1,795.438053807638,0.21218414745149475,397.719026903819
EDU,RUH,IC2,public,M,True,1,792.7778209828948,0.11883515223300238,396.3889104914474
SALES,RUH,IC4,public,F,True,1,791.1214717466755,0.03818402607055361,395.56073587333776
SALES,MAD,IC4,public,M,True,2,782.2471250217945,0.1162803336750308,391.1235625108973
HEALTH,ASR,IC4,private,F,True,1,775.9021915395515,0.06945993389190738,387.95109576977575
CUSTOMER,MAD,IC2,public,M,False,1,769.1346483609277,0.4044607249364638,384.56732418046386
DATA,NJR,M2,mnc,M,True,1,766.4327783735462,0.026856324750476945,383.2163891867731
SALES,TAB,M1,private,M,False,1,762.9489082814343,0.045865179101477305,381.47445414071717
SUPPLY,ASR,IC4,semigov,M,False,1,760.4175062056684,0.09713686685959912,380.2087531028342
EDU,QAS,IC3,semigov,M,True,1,759.3137567431686,0.12188354365097741,379.6568783715843
ENG_MECH,EST,IC1,private,F,True,1,755.0156515281387,0.1887539128820347,377.50782576406937
SALES,EST,IC3,semigov,M,False,1,753.454885594887,0.04705822488338648,376.7274427974435
HEALTH,BAH,IC3,private,M,False,1,751.8197430020718,0.08846530528460675,375.9098715010359
CUSTOMER,RUH,D2,public,M,False,1,747.9286475867721,0.04808287550083749,373.96432379338603
EDU,ASR,IC4,private,F,True,1,739.4210076552918,0.1164765364345538,369.7105038276459
HEALTH,EST,IC1,private,F,False,1,738.5348327924294,0.14000766504247034,369.2674163962147
ENG_CIVIL,NOR,IC4,private,M,False,1,737.6656269608793,0.09142446712567506,368.83281348043965
CUSTOMER,EST,IC2,private,F,True,2,730.5445529579463,0.18263613823948657,365.27227647897314
MARKETING,EST,IC1,public,F,True,1,724.8849429668121,0.181221235741703,362.44247148340605
HEALTH,RUH,IC3,public,F,False,1,724.3555911441435,0.07010939935327214,362.1777955720718
SUPPLY,JED,IC3,semigov,M,True,1,708.538332722339,0.07875544591648027,354.2691663611695
SALES,NJR,M2,semigov,M,False,1,707.8153356553248,0.0654447135127114,353.9076678276624
HEALTH,ASR,IC1,public,F,True,1,705.8266476641529,0.138183603731512,352.91332383207646
PM,HAI,IC2,pif_backed,M,False,1,702.110479379764,0.0610833081219981,351.055239689882
SUPPLY,ASR,IC3,private,M,True,1,701.0949964406391,0.0878491400397008,350.54749822031954
ENG_ELEC,EST,IC4,private,M,True,1,698.1933753699741,0.06289877411720382,349.09668768498705
EDU,ASR,IC4,mnc,F,True,1,697.8980728663319,0.07484876013542653,348.94903643316593
ENG_CIVIL,QAS,M4,private,M,False,1,695.0643545430357,0.03975199082088758,347.53217727151787
MARKETING,EST,M1,semigov,M,False,1,694.4908543873007,0.059224911322408695,347.24542719365036
PM,JED,M1,pif_backed,M,True,1,694.2999864816447,0.0281958507663255,347.14999324082237
ENG_CIVIL,RUH,IC4,public,M,True,1,686.9372250491961,0.04408553150376822,343.46861252459803
DESIGN,HAI,IC1,private,F,True,1,686.8343113319629,0.17170857783299073,343.41715566598145
MARKETING,RUH,IC2,public,M,True,1,680.6905057358981,0.07151627821616542,340.34525286794906
OPS,EST,M1,pif_backed,M,True,1,676.6140430916385,0.0355327567349424,338.3070215458192
CUSTOMER,QAS,IC4,private,F,True,1,671.2043040162935,0.07074139968595462,335.60215200814673
EDU,RUH,IC5,startup,M,True,1,670.232147866418,0.04808543816248238,335.116073933209
ENG_ELEC,QAS,IC3,startup,M,False,1,670.025329644488,0.0585383551208193,335.012664822244
HEALTH,EST,IC5,semigov,M,False,1,669.487261158938,0.03312838675091374,334.743630579469
HEALTH,NJR,IC3,private,F,False,1,667.8378842374386,0.10030562857743787,333.9189421187193
SALES,ASR,IC3,private,M,False,1,667.5148057165588,0.06884392276002406,333.7574028582794
FIN,TAB,IC4,private,F,False,1,667.2850030171103,0.07559726957972618,333.64250150855514
SUPPLY,EST,IC3,startup,F,True,1,666.1193660736426,0.047460828041162584,333.0596830368213
PM,RUH,IC5,private,M,False,1,664.5349618584733,0.02714449473083323,332.2674809292366
HEALTH,EST,IC1,public,M,False,1,659.336614440268,0.36629811913348226,329.668307220134
CUSTOMER,RUH,IC3,mnc,F,True,1,656.8010006865425,0.0630492442536809,328.40050034327123
CUSTOMER,EST,IC1,private,F,True,2,649.4743504986407,0.16236858762466017,324.73717524932033
SALES,QAS,IC4,private,M,False,1,644.8974525278891,0.08160232376193248,322.44872626394454
ENG_CIVIL,MAK,IC3,private,M,True,1,642.4782230714845,0.11405856738852674,321.23911153574227
FIN,MAD,M1,public,M,True,1,641.9691300290942,0.04602024916855578,320.9845650145471
OPS,MAD,IC2,mnc,F,True,1,637.4418550723585,0.120496899889106,318.72092753617926
FIN,RUH,IC4,public,F,False,1,628.2034550450962,0.07483779931918422,314.1017275225481
PM,EST,IC3,private,M,False,1,628.1387219872595,0.04668871170492557,314.06936099362974
HEALTH,RUH,SVP,private,F,True,1,626.9549552259123,0.0097598462476519,313.47747761295614
SWE,JED,IC4,private,M,True,1,621.3858604943489,0.029162598585311873,310.69293024717444
CUSTOMER,ASR,M2,mnc,F,False,1,620.9650700598404,0.08999624198319402,310.4825350299202
FIN,EST,IC5,public,F,True,1,619.9394578738265,0.044244824660892856,309.96972893691327
HEALTH,NJR,IC3,pif_backed,F,True,1,619.7294491779876,0.08777092680929356,309.8647245889938
HR,QAS,IC3,public,F,True,1,619.1000341950794,0.0911351237772834,309.5500170975397
ENG_CIVIL,MAD,IC3,public,F,True,1,613.6934487522467,0.09343033964616465,306.84672437612335
FIN,JED,IC3,public,M,False,1,612.8329160232597,0.09590769630807437,306.41645801162986
CUSTOMER,NJR,IC4,private,M,True,1,612.6544958313707,0.09965685951541903,306.32724791568535
ENG_MECH,NJR,IC6,mnc,M,False,1,612.6319912286963,0.04238394774363245,306.31599561434814
HR,RUH,IC4,public,M,True,1,607.620396934306,0.04627390987965882,303.810198467153
CUSTOMER,RUH,IC1,pif_backed,M,True,1,606.5097028729651,0.15162742571824128,303.25485143648257
HEALTH,EST,IC6,mnc,F,False,1,602.8083438160211,0.021539700814410288,301.40417190801054
SWE,EST,IC5,private,M,False,1,602.6160225857711,0.04151148648541324,301.30801129288557
ENG_ELEC,JED,IC3,mnc,M,False,1,597.3240651523911,0.08296974221832554,298.66203257619554
LEGAL,NJR,IC3,private,F,True,1,595.8426830897133,0.06788265084405348,297.92134154485666
FIN,RUH,IC1,private,F,False,1,594.4131153600792,0.09361544106642379,297.2065576800396
ENG_MECH,JED,IC2,mnc,M,False,1,592.0582595796195,0.07269870574405937,296.02912978980976
SALES,EST,M3,private,M,False,1,590.9155719293722,0.05237652061451242,295.4577859646861
ENG_CIVIL,JED,M4,private,M,False,1,589.2042623743728,0.03137052099469031,294.6021311871864
ENG_CIVIL,TAB,IC3,startup,M,False,1,579.9471719427002,0.10658520829064026,289.9735859713501
CUSTOMER,NJR,IC5,pif_backed,M,True,1,574.3254085538465,0.03302288376860777,287.16270427692325
FIN,RUH,IC3,private,M,False,1,570.7454091866275,0.07168016251233958,285.37270459331376
OPS,ASR,IC3,private,M,False,1,569.2637696560278,0.09019740270340511,284.6318848280139
SWE,JAZ,IC3,mnc,M,False,1,568.517827977541,0.055298180418885505,284.2589139887705
OPS,RUH,IC4,public,F,False,1,568.1044926605919,0.05291362532872521,284.05224633029593
ENG_ELEC,EST,IC3,private,M,True,2,566.4303207579323,0.03888734344974419,283.2151603789662
DATA,JED,IC4,semigov,M,False,1,565.7009215752441,0.028180945665473946,282.85046078762207
PM,QAS,IC6,private,M,False,1,561.1389305719131,0.02849468183088166,280.56946528595654
SUPPLY,RUH,IC1,public,M,False,2,560.3292852388029,0.13404041183181414,280.16464261940143
PM,RUH,IC5,semigov,F,True,1,560.0487127449233,0.02487288011537007,280.0243563724616
DESIGN,RUH,M2,public,M,False,1,559.4115994959211,0.026140325849924793,279.70579974796055
CUSTOMER,JED,IC4,public,F,False,1,558.4450957686727,0.12303100108142934,279.22254788433634
ENG_ELEC,EST,IC5,private,M,False,1,554.5897041583539,0.044213877974953554,277.29485207917696
MARKETING,QAS,IC5,private,M,False,1,554.445218153407,0.02428355208880674,277.2226090767035
ENG_CIVIL,EST,IC3,semigov,M,True,1,551.7886358095238,0.05973147731927271,275.8943179047619
SWE,JED,IC5,pif_backed,M,True,1,543.9045818481718,0.01814977868896139,271.9522909240859
CUSTOMER,RUH,IC3,pif_backed,M,True,1,541.5416527825237,0.046860027169155896,270.77082639126183
CUSTOMER,EST,IC3,private,F,False,1,540.7784082005519,0.10482659852417948,270.38920410027595
ENG_ELEC,JED,IC4,semigov,M,False,1,539.8031315519474,0.043554709460946826,269.9015657759737
HEALTH,EST,M1,pif_backed,F,True,1,535.1425745680463,0.02752281339710991,267.57128728402313
HR,NJR,IC4,private,F,True,1,527.6537663249183,0.059075595434414215,263.8268831624591
ENG_CIVIL,RUH,IC3,public,M,False,3,524.4097505123354,0.057780292962787146,262.2048752561677
OPS,MAK,IC2,semigov,M,False,1,522.4299868941262,0.15668120829970644,261.2149934470631
DATA,EST,IC3,private,F,True,1,520.7587778915149,0.02997196972473533,260.37938894575746
HEALTH,EST,IC4,semigov,F,False,1,513.1086062825652,0.03483837237274228,256.5543031412826
LEGAL,EST,M1,private,M,False,1,509.1584387902876,0.022882507195872523,254.5792193951438
ENG_CIVIL,EST,IC5,private,M,False,1,507.4097060322001,0.03516070129027744,253.70485301610006
HR,MAK,IC5,public,F,True,1,506.43413604324087,0.03643230199675274,253.21706802162043
SALES,JED,IC3,semigov,M,True,1,503.1006963282198,0.030398741775899154,251.5503481641099
DATA,EST,IC2,private,M,True,1,501.335077056965,0.04967796080511361,250.6675385284825
DATA,RUH,IC3,semigov,F,True,1,499.20074661131184,0.038525234809975786,249.60037330565592
FIN,EST,IC1,mnc,M,True,1,498.25322225405944,0.12456330556351486,249.12661112702972
EDU,JED,VP,public,F,True,1,496.02378674508145,0.01611997190661139,248.01189337254073
HEALTH,RUH,M1,public,F,False,1,492.14136292816875,0.032519738365848275,246.07068146408437
HR,NJR,IC3,mnc,F,True,1,488.3038815045529,0.050105780692194415,244.15194075227646
OPS,BAH,IC3,public,M,False,1,487.5749866766437,0.10130838863954797,243.78749333832184
ENG_ELEC,RUH,M1,private,M,True,1,485.47557303998656,0.03190907874018765,242.73778651999328
SWE,MAK,IC3,pif_backed,M,False,1,484.50055029788564,0.02989509580906932,242.25027514894282
CUSTOMER,EST,IC1,pif_backed,F,True,1,478.53236569862656,0.11963309142465664,239.26618284931328
FIN,EST,IC2,public,F,True,1,478.4925707922648,0.07299435117040896,239.2462853961324
CUSTOMER,RUH,IC1,pif_backed,F,True,1,477.68741217116894,0.08096108649881427,238.84370608558447
FIN,HAI,M1,mnc,F,True,1,476.3366804853358,0.026333806038526097,238.1683402426679
PM,EST,IC6,private,M,True,1,464.5713507290275,0.013072943156177205,232.28567536451374
ENG_MECH,EST,IC2,private,M,True,2,463.4247410628791,0.04991771230886219,231.71237053143955
HEALTH,NJR,IC1,semigov,M,True,1,462.01227772402035,0.11550306943100509,231.00613886201018
OPS,JED,IC4,public,M,True,1,460.27986323682853,0.03063004719062522,230.13993161841427
CUSTOMER,RUH,IC2,private,M,True,1,455.8642281514858,0.11396605703787145,227.9321140757429
OPS,EST,IC1,private,M,False,2,453.9775161774271,0.14790809791035658,226.98875808871355
HR,EST,IC4,private,F,False,1,451.6955841868066,0.05894469873402809,225.8477920934033
SWE,MAD,IC3,private,M,True,1,450.86988510961964,0.03086610820834677,225.43494255480982
DATA,EST,IC3,semigov,M,True,1,448.1200095959539,0.034178595559341864,224.06000479797694
ENG_ELEC,RUH,M1,public,M,True,1,447.72832327368997,0.03334279040527806,223.86416163684498
HR,RUH,M2,public,M,True,1,447.2217851609603,0.025527173537565145,223.61089258048014
OPS,EST,IC2,public,M,True,1,443.8890962692567,0.11097227406731418,221.94454813462835
EDU,JED,IC2,mnc,F,True,1,443.0285684796381,0.07701549745320056,221.51428423981906
CUSTOMER,JED,IC2,private,F,False,1,440.22015221104084,0.07591573294665117,220.11007610552042
OPS,RUH,IC2,semigov,M,False,2,439.37559708858726,0.08817631745728413,219.68779854429363
ENG_MECH,RUH,IC1,semigov,M,False,1,437.69256314367885,0.051419017858183404,218.84628157183943
HEALTH,RUH,IC1,private,M,False,1,434.219455381487,0.08163462254260846,217.1097276907435
MARKETING,RUH,IC2,public,F,True,1,434.04016549387006,0.10851004137346752,217.02008274693503
CUSTOMER,EST,M2,startup,M,False,1,433.4341299840644,0.05888666635655072,216.7170649920322
SALES,RUH,IC4,semigov,F,False,1,423.93102228150383,0.027560309186065203,211.96551114075191
EDU,NJR,IC1,private,F,True,1,422.35663612407006,0.10558915903101751,211.17831806203503
HR,RUH,M1,public,F,True,1,421.4247445479141,0.0352584697808911,210.71237227395704
EDU,RUH,IC2,public,F,True,1,419.0700358531749,0.09371038621752267,209.53501792658744
EDU,TAB,IC4,mnc,F,True,1,418.56782486022166,0.03925279154754929,209.28391243011083
CUSTOMER,BAH,M1,startup,M,True,1,414.05723196552026,0.030437283014779905,207.02861598276013
EDU,EST,IC1,public,F,False,1,413.02943102671406,0.22946079501484115,206.51471551335703
SWE,EST,M2,mnc,F,False,1,410.1819458044847,0.012222029578031937,205.09097290224236
EDU,JAZ,IC2,private,F,True,1,402.8508408566013,0.10071271021415032,201.42542042830064
CUSTOMER,MAD,IC3,pif_backed,F,True,1,400.65850177828906,0.06913209303315286,200.32925088914453
ENG_CIVIL,NOR,CXO,mnc,F,False,1,399.43112746517,0.00953040359009025,199.715563732585
SUPPLY,TAB,IC2,private,F,False,1,395.9261293893287,0.08039566297968792,197.96306469466435
EDU,RUH,M2,private,F,False,1,395.61661552166333,0.029309168029579336,197.80830776083167
ENG_CIVIL,JED,M2,public,M,False,1,391.8066200229641,0.029043731650458454,195.90331001148206
HR,RUH,IC1,private,M,True,1,391.36998693222995,0.09784249673305749,195.68499346611497
FIN,MAK,IC5,public,F,False,1,391.1315149097536,0.025895529452368157,195.5657574548768
HEALTH,QAS,IC5,private,F,True,1,390.6955506353661,0.025542768812451447,195.34777531768304
PM,MAK,IC5,semigov,F,False,1,380.19444307817685,0.018296796621933512,190.09722153908842
MARKETING,EST,IC3,startup,M,True,1,377.4016949076249,0.03855794494510319,188.70084745381246
HEALTH,ASR,D1,startup,F,False,1,375.07458571213647,0.015448410539245637,187.53729285606823
SALES,RUH,IC1,private,M,False,1,372.90060235403325,0.20716700130779625,186.45030117701663
SWE,RUH,IC3,semigov,F,True,1,371.75678752524254,0.022940798548924106,185.87839376262127
ENG_ELEC,TAB,IC2,semigov,M,True,1,371.1464700177539,0.05143225539378704,185.57323500887696
SALES,NOR,IC3,mnc,M,True,1,369.9105360990179,0.032751212627939286,184.95526804950896
SALES,RUH,IC3,private,F,True,1,364.56115034054164,0.02864121603329065,182.28057517027082
SALES,RUH,IC3,semigov,M,True,1,363.632151747448,0.047999365311704026,181.816075873724
ENG_CIVIL,RUH,IC1,private,M,False,1,363.09192985379696,0.11760252954826701,181.54596492689848
EDU,JED,IC1,public,F,True,1,352.21188842374886,0.08805297210593721,176.10594421187443
HEALTH,QAS,IC4,private,F,True,1,349.7468681662649,0.0370648869885731,174.87343408313245
HR,EST,IC2,private,M,False,1,347.20231515086016,0.09787708365189034,173.60115757543008
CUSTOMER,MAK,IC3,public,F,False,1,347.04463604419516,0.10144597046583001,173.52231802209758
MARKETING,HAI,IC2,semigov,F,True,1,342.657766424315,0.04774892790992428,171.3288832121575
HEALTH,ASR,IC3,private,F,False,1,337.259924412735,0.05090754260979102,168.6299622063675
SUPPLY,QAS,IC3,public,F,False,1,336.84258038973076,0.04888060164149142,168.42129019486538
OPS,JED,M2,mnc,M,False,1,336.4534566550428,0.01650081616308312,168.2267283275214
SALES,JED,IC1,private,M,False,1,336.0663763319867,0.09538370916325464,168.03318816599335
HEALTH,JED,IC3,public,M,True,1,335.0639487452099,0.03458703210562927,167.53197437260496
SUPPLY,ASR,IC3,startup,M,True,1,334.21757825931854,0.044505199092274655,167.10878912965927
SALES,RUH,M2,private,F,False,1,333.4239362927983,0.0217271050152384,166.71196814639916
DATA,EST,IC1,public,M,True,1,332.92856625448167,0.08323214156362041,166.46428312724083
SALES,EST,IC3,startup,M,True,1,332.8485952405099,0.022883426735635315,166.42429762025495
MARKETING,EST,IC5,pif_backed,F,True,1,332.2781851320615,0.011929482012946349,166.13909256603074
DATA,RUH,IC1,semigov,F,True,1,330.4902665902546,0.08262256664756365,165.2451332951273
LEGAL,ASR,IC4,private,M,False,1,329.06671813361754,0.027979270470136486,164.53335906680877
CUSTOMER,HAI,IC2,semigov,F,True,1,328.32133520658635,0.08208033380164659,164.16066760329318
CUSTOMER,JED,IC2,mnc,M,True,1,327.7104074406284,0.0819276018601571,163.8552037203142
OPS,JED,IC2,private,F,True,1,325.5097834244989,0.08137744585612472,162.75489171224945
HEALTH,ASR,IC1,semigov,F,False,1,322.59269955381023,0.07010598708112795,161.29634977690512
HEALTH,MAK,IC2,public,F,False,1,319.9184399383439,0.06954431209408786,159.95921996917195
ENG_ELEC,EST,IC2,private,M,False,1,319.47945987983985,0.03905416346347007,159.73972993991993
SUPPLY,RUH,IC2,public,M,True,1,318.5876743884637,0.07964691859711592,159.29383719423186
CUSTOMER,EST,IC4,public,F,False,1,317.95989903759164,0.05855712139567537,158.97994951879582
OPS,RUH,IC1,private,M,False,1,315.9579469766959,0.17553219276483106,157.97897348834795
HEALTH,MAK,IC4,pif_backed,F,True,1,314.1992758438755,0.022319664639082342,157.09963792193776
EDU,JED,M1,public,F,True,1,313.5552447907485,0.0416455590931698,156.77762239537424
SWE,EST,IC2,public,M,False,1,312.6270517780922,0.03610887764678412,156.3135258890461
SALES,TAB,IC3,mnc,M,True,1,308.1695819016504,0.04307901094438602,154.0847909508252
ENG_ELEC,ASR,D1,private,M,False,1,308.1612758197589,0.015698397809271517,154.08063790987944
HEALTH,TAB,IC3,private,F,False,1,306.69772310898134,0.041326517364000975,153.34886155449067
OPS,JED,M1,private,F,False,1,303.33881238081267,0.030420823952938766,151.66940619040633
ENG_CIVIL,RUH,M3,private,M,False,1,301.4228654111357,0.014524520214542584,150.71143270556786
SALES,RUH,IC1,startup,F,True,1,297.6016175142604,0.05900333627045039,148.8008087571302
SUPPLY,RUH,IC2,private,F,False,1,295.1843219770458,0.08322858398921969,147.5921609885229
OPS,MAK,IC2,private,F,False,1,290.3305306298903,0.07189691582281249,145.16526531494515
HR,EST,IC3,public,F,False,1,284.55511584383567,0.029411928681240134,142.27755792191783
EDU,JED,IC6,private,F,True,1,280.95116750960915,0.01767989223520289,140.47558375480457
ENG_CIVIL,RUH,IC2,semigov,M,True,1,280.92222657357524,0.04796227287564349,140.46111328678762
DATA,RUH,IC1,private,F,False,1,280.4878054304836,0.1558265585724909,140.2439027152418
OPS,JAZ,IC3,public,F,True,1,278.13150493112516,0.056443948017202226,139.06575246556258
SUPPLY,RUH,IC4,semigov,M,False,1,275.7114462919162,0.018496142020048813,137.8557231459581
HR,JED,IC4,private,F,True,1,275.20985285169627,0.034401962648168305,137.60492642584813
OPS,RUH,IC1,public,F,True,1,273.85167359355637,0.05753283113866543,136.92583679677819
SUPPLY,TAB,IC3,public,M,True,1,265.4446054494583,0.036761565753154236,132.72230272472916
DESIGN,JED,IC3,public,M,False,1,263.66984245096864,0.027945573818983608,131.83492122548432
SUPPLY,RUH,IC4,public,M,True,1,261.4155587364312,0.0360988445655321,130.7077793682156
ENG_CIVIL,EST,IC2,public,M,True,1,259.28871149387123,0.04128051778719647,129.64435574693562
FIN,JED,IC3,public,F,True,1,255.8234563227088,0.029424408324884327,127.9117281613544
SALES,RUH,IC3,public,M,False,1,255.5083111717213,0.047537756620504995,127.75415558586064
CUSTOMER,EST,IC1,private,M,True,1,252.70730653017154,0.06317682663254288,126.35365326508577
PM,RUH,IC4,pif_backed,M,True,1,250.73734426227384,0.0138379836232939,125.36867213113692
OPS,RUH,IC5,public,M,False,1,248.8278474201761,0.015457958959001615,124.41392371008806
SALES,MAD,IC4,private,M,True,1,247.751401489616,0.029999818547788864,123.875700744808
ENG_MECH,QAS,IC2,pif_backed,M,True,1,247.47273803406824,0.02244565177871394,123.73636901703412
EDU,RUH,IC2,mnc,F,True,1,247.43884017360688,0.0439683350048878,123.71942008680344
SALES,RUH,IC4,pif_backed,F,False,1,244.21950095395187,0.01654677654650898,122.10975047697593
ENG_ELEC,RUH,M2,semigov,M,False,1,240.63763731411018,0.01241500904482893,120.31881865705509
ENG_CIVIL,ASR,M1,public,M,True,1,238.12674943283855,0.023929330429125845,119.06337471641928
DATA,RUH,IC4,mnc,F,True,1,235.8228926014017,0.010016573424227038,117.91144630070085
EDU,TAB,M1,public,M,True,1,231.1944900244489,0.019003531192134132,115.59724501222445
OPS,JAZ,IC1,semigov,F,False,1,230.4803899061444,0.056303991671221305,115.2401949530722
CUSTOMER,NJR,IC5,public,F,True,1,229.7118138193373,0.038274904287558094,114.85590690966865
OPS,NJR,IC1,private,F,False,1,228.5648977732278,0.12698049876290435,114.2824488866139
DATA,RUH,IC3,public,M,True,1,226.04780254629077,0.018167715446549246,113.02390127314538
MARKETING,JED,IC5,private,M,True,1,225.98981962589642,0.022555449944197344,112.99490981294821
LEGAL,MAK,IC4,public,F,True,1,221.1233286458264,0.016474570197348135,110.5616643229132
FIN,JED,M2,private,F,True,1,220.39979032942574,0.007070495548837337,110.19989516471287
EDU,NJR,IC4,private,M,False,1,217.2857510234653,0.029495349531744576,108.64287551173265
CUSTOMER,EST,IC1,mnc,F,False,1,212.6337138229137,0.08239317470431264,106.31685691145685
CUSTOMER,RUH,IC3,private,F,False,1,210.49565091965087,0.031753995869579776,105.24782545982544
ENG_MECH,JAZ,M2,mnc,M,True,1,210.47492228755436,0.013746405248392482,105.23746114377718
SUPPLY,ASR,IC5,pif_backed,M,False,1,209.98323051713487,0.017445553522425133,104.99161525856744
MARKETING,JAZ,IC3,private,F,False,1,209.6175063037681,0.02138275570750181,104.80875315188405
OPS,RUH,IC3,startup,F,False,1,205.3149460082568,0.03531522451971984,102.6574730041284
SWE,RUH,IC1,private,M,True,1,205.31459069112043,0.029581677476172148,102.65729534556021
CUSTOMER,BAH,IC3,startup,M,False,1,205.02875694007525,0.02200233481140476,102.51437847003763
SWE,JED,IC1,public,M,True,1,204.2014871627316,0.051050371790682905,102.1007435813658
OPS,EST,IC3,semigov,M,False,1,202.41259340407123,0.02478617661551014,101.20629670203562
SUPPLY,ASR,IC3,private,M,False,1,201.95222220612868,0.04022816402753864,100.97611110306434
SWE,HAI,IC1,pif_backed,M,False,1,201.75008036966483,0.04051792234412703,100.87504018483241
OPS,ASR,M2,semigov,M,True,1,201.62767547168733,0.01771333250211172,100.81383773584366
PM,JED,IC4,public,F,False,1,200.1618501150333,0.016554190581089503,100.08092505751665
HEALTH,JED,IC2,private,M,False,1,200.13238919861124,0.02989745818597829,100.06619459930562
DATA,JED,IC3,private,F,False,1,199.1266729840827,0.017024044458700437,99.56333649204134
HR,TAB,IC3,private,M,False,1,192.27128587774132,0.032722961381435385,96.13564293887066
EDU,EST,IC2,public,F,False,1,188.14158489130887,0.04471310911801055,94.07079244565443
FIN,RUH,IC3,public,F,False,1,186.84298788439992,0.01441221546738289,93.42149394219996
EDU,RUH,IC4,startup,M,False,1,186.01430489519407,0.01851927896801728,93.00715244759704
SWE,TAB,IC3,public,F,False,1,181.3247482081424,0.021297620724835698,90.6623741040712
EDU,MAK,IC4,pif_backed,F,True,1,174.4911224546613,0.016350444150756076,87.24556122733065
FIN,JAZ,IC6,private,M,False,1,173.26135458957106,0.0137258351684401,86.63067729478553
OPS,NJR,SVP,startup,F,False,1,166.86255004825944,0.004042534146324113,83.43127502412972
HR,RUH,IC3,pif_backed,F,False,1,162.5612529189657,0.009964616134080288,81.28062645948285
EDU,JED,IC3,private,F,True,1,155.95050391246605,0.022561761289157954,77.97525195623302
HEALTH,EST,IC2,mnc,F,False,1,155.94880416361775,0.019068352425913808,77.97440208180888
CUSTOMER,RUH,IC4,public,M,False,1,153.4251186414249,0.029335025839166532,76.71255932071244
ENG_MECH,HAI,IC1,private,M,True,1,151.8475388215693,0.03796188470539232,75.92376941078464
EDU,TAB,IC2,private,M,False,1,150.896391277548,0.05013702163603705,75.448195638774
FIN,EST,IC5,private,F,False,1,150.23337378686847,0.004795754044181634,75.11668689343423
FIN,RUH,IC5,startup,F,False,1,150.22669946117458,0.0076920481052186835,75.11334973058729
PM,RUH,M2,mnc,M,False,1,149.67783997876904,0.004957299967303109,74.83891998938452
ENG_CIVIL,ASR,M1,private,M,False,1,146.85909860672837,0.014386892683146323,73.42954930336418
OPS,JED,IC3,public,F,True,1,146.32523831734943,0.018129236599297684,73.16261915867472
SWE,RUH,IC4,public,F,True,1,141.06281539784504,0.008935615909072455,70.53140769892252
EDU,RUH,IC2,private,F,False,2,138.05938920240123,0.02881061276088197,69.02969460120062
ENG_ELEC,EST,IC1,private,F,False,1,137.60248408500593,0.018461979083734287,68.80124204250296
EDU,RUH,IC2,semigov,F,False,1,137.07269368442485,0.022786507847106292,68.53634684221242
EDU,JED,D1,semigov,F,False,1,135.85276932969282,0.0049155853382021235,67.92638466484641
CUSTOMER,RUH,IC2,public,F,True,1,134.51789992798695,0.01756938656754066,67.25894996399347
CUSTOMER,RUH,IC1,private,M,False,1,132.95396188121686,0.030850578563075746,66.47698094060843
OPS,MAD,IC1,private,M,False,1,125.80009074789541,0.0321208669941466,62.900045373947705
ENG_CIVIL,RUH,IC4,semigov,M,False,1,125.52465196770572,0.010425973263893573,62.76232598385286
ENG_ELEC,JED,IC4,pif_backed,M,True,1,122.1179002060926,0.006746070076261545,61.0589501030463
FIN,JED,M2,private,F,False,1,120.46094117383836,0.010872671877659331,60.23047058691918
CUSTOMER,RUH,IC2,public,M,True,1,117.90034240833938,0.029475085602084845,58.95017120416969
HEALTH,JED,IC6,private,M,False,1,117.19056556465148,0.0063240315581979956,58.59528278232574
HR,RUH,IC3,private,M,False,1,114.19105061307164,0.010767397556785184,57.09552530653582
CUSTOMER,RUH,IC5,public,M,False,1,111.57237911228367,0.012585219885541312,55.786189556141835
CUSTOMER,NJR,IC2,semigov,M,False,1,110.4015541065337,0.0451040172677865,55.20077705326685
SWE,MAD,IC1,mnc,M,True,1,110.27227948064137,0.027568069870160344,55.13613974032069
CUSTOMER,RUH,IC2,semigov,M,True,1,109.83311418864105,0.01494328084199198,54.916557094320524
ENG_CIVIL,TAB,IC4,public,M,False,1,109.00563825738573,0.015115990262115148,54.50281912869286
SALES,MAK,IC2,public,M,False,1,107.25749349023135,0.018987491877148686,53.62874674511568
PM,JAZ,IC2,public,M,True,1,106.70243579503585,0.01187926795487939,53.35121789751793
MARKETING,NJR,IC1,public,M,False,1,105.80961956880878,0.05878312198267155,52.90480978440439
ENG_MECH,JED,IC3,private,M,True,1,104.72592713072481,0.010199183208794331,52.362963565362406
SALES,MAD,IC5,private,F,False,1,100.44919280813701,0.011079891991764415,50.22459640406851
SALES,JED,IC2,startup,F,False,1,99.64034087875552,0.02005852884737443,49.82017043937776
EDU,EST,IC4,pif_backed,F,True,1,98.82434010556244,0.007419445278217913,49.41217005278122
SALES,ASR,IC4,private,F,False,1,97.38892725480036,0.014874465589311216,48.69446362740018
HR,QAS,IC2,private,M,False,1,95.4443864907098,0.012797292967404846,47.7221932453549
FIN,RUH,M1,mnc,F,True,1,89.60842953133033,0.003505986790846101,44.804214765665165
CUSTOMER,HAI,IC2,public,F,True,1,88.64469737033505,0.016977482158756146,44.322348685167526
HEALTH,JED,IC3,public,M,False,1,86.27924395295304,0.0097641601880594,43.13962197647652
SALES,BAH,IC4,startup,F,False,1,85.94691059955403,0.01305832786614452,42.973455299777015
SALES,MAK,IC4,private,M,False,1,85.51312654994581,0.009653108845512536,42.756563274972905
FIN,RUH,M4,public,F,False,1,83.38079368818944,0.003172962631021958,41.69039684409472
OPS,ASR,M3,private,M,False,1,81.8702762027242,0.005518854587248381,40.9351381013621
OPS,JAZ,IC3,public,M,False,1,81.61686359805208,0.011811737746486818,40.80843179902604
OPS,JED,IC3,private,F,True,1,80.34764247597286,0.01585594886399654,40.17382123798643
EDU,EST,M3,public,M,True,1,80.04066817092462,0.004507639561411268,40.02033408546231
PM,RUH,IC1,private,M,False,1,78.37184042018725,0.011880677626919897,39.18592021009363
FIN,NJR,M4,mnc,F,True,1,59.89653160075977,0.0016613015151381281,29.948265800379886
ENG_CIVIL,JED,IC3,public,M,False,1,58.23298353345035,0.00791047796419892,29.116491766725176
HEALTH,HAI,IC2,private,F,False,1,58.13411483504751,0.010737619242314918,29.067057417523756
HEALTH,MAD,IC2,mnc,F,False,1,54.40622183560299,0.007690544939394833,27.203110917801496
SALES,EST,IC4,mnc,F,True,1,52.65731335936107,0.004731918839709625,26.328656679680535
SWE,RUH,M2,private,F,False,1,41.33406609956364,0.001339808364326019,20.66703304978182
SWE,RUH,M1,public,M,True,1,40.92431726779614,0.0015407370236265145,20.46215863389807
OPS,QAS,IC3,pif_backed,F,True,1,38.13740937785951,0.0023984645625655322,19.068704688929756
EDU,NJR,M2,private,F,False,1,30.822736908625302,0.0030012372829846612,15.411368454312651
HEALTH,JED,M4,private,F,False,1,29.345116819924442,0.0012016222273603702,14.672558409962221
ENG_CIVIL,JAZ,IC2,private,M,False,1,26.300449341109925,0.0056031362840784004,13.150224670554962
ENG_MECH,MAD,IC5,semigov,F,True,1,25.11421947884446,0.0014687408133646678,12.55710973942223
ENG_CIVIL,RUH,M3,private,M,True,1,23.948975478080683,0.0012640323077298583,11.974487739040342
EDU,JED,M3,semigov,F,False,1,22.381917860788235,0.0010490001307992122,11.190958930394117
HR,RUH,IC2,private,F,True,1,21.658516268550102,0.005414629067137525,10.829258134275051
HR,RUH,IC4,private,F,False,1,20.278303139284617,0.0015293034027800219,10.139151569642308
CUSTOMER,MAD,IC1,private,M,False,1,17.53856089264923,0.009743644940360683,8.769280446324615
ENG_CIVIL,EST,IC3,semigov,M,False,1,16.894164170968907,0.0021943664755092827,8.447082085484453
CUSTOMER,JED,M4,public,F,False,1,12.969362621737673,0.0005196106623473563,6.484681310868837
ENG_MECH,JED,M1,public,M,False,1,10.980197583474364,0.0013005459806359962,5.490098791737182
OPS,RUH,IC1,private,M,True,1,10.434547805444254,0.0026086369513610634,5.217273902722127
FIN,RUH,IC1,public,F,True,1,9.785613707968878,0.0024464034269922196,4.892806853984439
SWE,JED,IC1,semigov,M,True,1,9.568328489898704,0.002392082122474676,4.784164244949352
CUSTOMER,RUH,IC1,public,M,False,1,9.562824023271787,0.00531268001292877,4.781412011635894
HEALTH,MAK,IC2,public,M,False,1,9.38521645734727,0.00184500296989427,4.692608228673635
ENG_CIVIL,RUH,IC6,private,M,False,1,4.202804699369153,0.00021618164728344068,2.1014023496845766
SUPPLY,RUH,IC3,public,M,True,1,2.9270558595517286,0.00036493634114996126,1.4635279297758643
