family,region,level,ownership,gender,is_saudi,n,mae,mape,pinball_p50
FIN,EST,CXO,private,M,True,1,263912.51771,0.9350875830085602,131956.258855
OPS,EST,SVP,semigov,M,True,1,233130.92771,0.9271412848250764,116565.463855
PM,TAB,SVP,private,M,True,1,129881.66771,0.8763821597252778,64940.833855
DATA,RUH,D2,semigov,M,False,1,121533.2342050783,0.6568230370027395,60766.61710253915
ENG_MECH,EST,D2,semigov,M,True,1,116637.14178162761,2.2782542835829553,58318.570890813804
ENG_MECH,RUH,D3,public,M,True,1,111982.39953593412,1.3725035449976652,55991.19976796706
SWE,MAK,M5,semigov,M,True,1,94824.80771,0.8380804715320301,47412.403855
SALES,JED,IC5,private,M,True,1,94092.4380831332,0.7870217963433183,47046.2190415666
FIN,RUH,D1,mnc,M,True,1,93272.13108341032,0.6514493322249355,46636.06554170516
SALES,JED,M5,pif_backed,M,True,1,92809.22770999999,0.8351437056627101,46404.613854999996
LEGAL,MAD,VP,pif_backed,M,True,1,92616.68771,0.8348575847162415,46308.343855
SUPPLY,MAK,M4,pif_backed,F,True,1,91945.10771,0.8338517731697295,45972.553855
PM,RUH,D2,private,F,True,1,83935.94550921192,0.6128599138509229,41967.97275460596
ENG_MECH,RUH,CXO,public,M,False,1,81238.42213124312,0.7840997062488008,40619.21106562156
SALES,RUH,SVP,public,F,True,1,80380.97373855812,2.435129597995151,40190.48686927906
FIN,MAK,D3,private,M,True,1,76726.21771,0.8072480806265219,38363.108855
ENG_CIVIL,RUH,D3,private,M,False,1,75015.04723316291,0.5521216999638169,37507.52361658146
SWE,JED,D1,pif_backed,M,True,1,72936.30721970863,0.5795020925558626,36468.153609854315
SWE,JAZ,D3,pif_backed,M,False,1,72192.45771,0.7975932012107007,36096.228855
DATA,RUH,M1,private,M,True,1,70839.7755415981,0.7051448517006009,35419.88777079905
HEALTH,EST,SVP,private,M,True,1,67984.39771,0.7877242280326869,33992.198855
HEALTH,EST,SVP,mnc,F,True,1,67540.44771,0.7866266404009183,33770.223855
HEALTH,TAB,VP,semigov,M,False,1,66963.7135661014,0.7162173325902891,33481.8567830507
DATA,RUH,D3,private,M,False,2,64527.461631279715,0.4858071364853179,32263.730815639858
MARKETING,RUH,D2,private,F,True,1,63745.23704492351,0.6405459511750301,31872.618522461755
PM,HAI,M3,private,M,True,1,62522.55421625332,0.6782083298441163,31261.27710812666
EDU,JED,D2,private,M,True,1,57187.10771,0.7573695988996064,28593.553855
DATA,EST,M1,mnc,M,True,1,55671.01954442868,0.7057196540963148,27835.50977221434
PM,RUH,M4,semigov,M,True,1,52579.777650729884,0.5622231459066109,26289.888825364942
SALES,RUH,M3,private,M,True,1,51446.811687123794,0.6374069654887324,25723.405843561897
ENG_ELEC,MAD,VP,private,M,False,1,51274.79771,0.7367574627970139,25637.398855
EDU,JED,VP,private,M,True,1,50882.387709999995,0.7352647632372153,25441.193854999998
EDU,JED,VP,private,F,True,1,50836.81771,0.7350903204060775,25418.408855
MARKETING,NJR,M4,private,F,True,1,50427.06771,0.7335114010707882,25213.533855
LEGAL,RUH,IC5,mnc,F,True,1,49098.63167209879,0.7071554702606738,24549.315836049394
PM,RUH,VP,public,F,False,1,48679.58770999999,0.7265609021550892,24339.793854999996
SWE,ASR,M4,semigov,M,True,1,47868.34758592516,0.6128938729485549,23934.17379296258
HEALTH,RUH,SVP,private,F,True,1,47676.57659756839,0.7421841925453763,23838.288298784195
ENG_MECH,JED,D1,private,M,True,1,47539.91111201844,0.5914429357522878,23769.95555600922
DATA,HAI,M5,private,F,True,1,47453.57771,0.721464069541156,23726.788855
SWE,RUH,IC6,public,M,True,1,46130.30555327337,0.5583661290459141,23065.152776636685
ENG_MECH,RUH,IC4,semigov,M,True,2,45798.5779159784,0.5561198894505847,22899.2889579892
SWE,RUH,D1,mnc,M,True,2,45520.959800848694,0.4092151794735632,22760.479900424347
FIN,RUH,M2,pif_backed,F,True,1,45390.47263527895,0.6056230512126939,22695.236317639476
ENG_CIVIL,RUH,M2,pif_backed,M,True,1,45315.65467734097,0.723811194263086,22657.827338670486
OPS,RUH,M5,mnc,M,False,1,44953.52526946657,0.6139045826666139,22476.762634733284
FIN,MAK,VP,semigov,M,True,1,44385.48475043257,1.0458570927453767,22192.742375216287
DATA,RUH,M2,public,M,False,1,44125.14770255772,0.5735298960807304,22062.57385127886
MARKETING,JED,D3,semigov,M,False,1,43790.21750244939,0.4162646550044325,21895.108751224696
ENG_CIVIL,RUH,CXO,public,M,False,1,43321.97770999999,0.7027951168351653,21660.988854999996
ENG_MECH,RUH,D2,private,F,False,1,42480.65735223911,2.029846954021864,21240.328676119556
SWE,RUH,IC5,mnc,M,False,2,42319.871043334584,0.5656148287418806,21159.935521667292
SALES,RUH,IC4,semigov,M,False,1,41689.8924883066,0.7158744317688103,20844.9462441533
SWE,RUH,M3,semigov,M,False,1,41392.53492726697,0.5210673147437406,20696.267463633485
FIN,EST,M2,semigov,M,True,1,41242.82358213988,0.5995903697338064,20621.41179106994
MARKETING,EST,VP,mnc,M,False,1,40976.824916871534,0.48079876645111025,20488.412458435767
OPS,RUH,IC5,private,F,True,1,40510.60326157486,0.6290403831635037,20255.30163078743
FIN,MAD,IC6,mnc,M,True,1,39983.59770999999,0.6857777166994659,19991.798854999994
SWE,QAS,M1,semigov,M,True,1,39429.835261184206,0.6707328465045233,19714.917630592103
ENG_ELEC,RUH,IC5,semigov,M,True,1,39144.73980426619,0.6495591415418804,19572.369902133094
DATA,HAI,IC6,private,M,True,1,38736.60771,0.6789103412848513,19368.303855
FIN,EST,M1,semigov,M,True,1,37874.103263420024,0.6394057001294378,18937.051631710012
MARKETING,RUH,D3,public,M,False,1,37422.56327927062,0.797551231042579,18711.28163963531
PM,EST,IC6,mnc,F,False,1,37237.802755405675,0.5461130159199823,18618.901377702838
MARKETING,JAZ,M3,private,M,False,1,36690.393126333925,2.891828573414057,18345.196563166963
LEGAL,RUH,D2,startup,F,True,1,36278.57771,0.6644549847066795,18139.288855
FIN,RUH,IC6,mnc,M,True,1,36269.22804553943,0.5687865807661897,18134.614022769714
DESIGN,TAB,M4,public,F,True,1,36017.80412252172,2.1317494445407563,18008.90206126086
MARKETING,RUH,IC5,private,M,True,1,35981.43994645767,0.6050394158905724,17990.719973228835
ENG_MECH,JED,IC5,private,M,True,1,35850.47118620438,0.6005128192509379,17925.23559310219
FIN,JED,D2,private,F,True,1,35568.432061377534,1.1906927064388797,17784.216030688767
MARKETING,NJR,M3,private,F,False,1,35179.01771,0.657558615753735,17589.508855
SWE,RUH,IC4,mnc,M,False,1,35010.232280143944,0.6211384425219924,17505.116140071972
ENG_MECH,MAK,IC6,public,M,True,1,34165.03770999999,0.6509429032345337,17082.518854999995
OPS,JED,M4,public,F,True,1,34164.20242803454,3.166386530428192,17082.10121401727
MARKETING,NJR,D3,pif_backed,M,False,1,34067.39770999999,0.650292333408796,17033.698854999995
ENG_CIVIL,MAK,D1,private,M,False,1,34025.32771,0.6500112752229168,17012.663855
SWE,MAK,IC4,semigov,M,False,1,33985.85708090618,0.6181186510695207,16992.92854045309
DATA,JAZ,M2,private,M,True,1,33435.48564572667,0.7362515124090032,16717.742822863336
PM,JED,M1,semigov,M,True,1,32860.64381335258,0.5853468051904349,16430.32190667629
SALES,RUH,M4,semigov,F,False,1,32621.6503445273,1.8988961896825243,16310.82517226365
SWE,QAS,M3,private,M,False,1,32533.309707488486,1.4832770891648575,16266.654853744243
ENG_ELEC,EST,M3,pif_backed,M,True,1,32286.1557751742,0.49582256645487965,16143.0778875871
DESIGN,RUH,IC3,mnc,F,True,1,32184.648174587208,0.666572532408645,16092.324087293604
ENG_MECH,RUH,M3,private,M,True,1,32179.446632341984,0.5250830451936858,16089.723316170992
SALES,QAS,IC6,pif_backed,F,True,1,31954.209456521556,0.6828660065683602,15977.104728260778
SALES,JED,M5,private,M,True,1,31917.827709999994,0.6353292105119106,15958.913854999997
FIN,JED,D1,semigov,M,False,1,31904.01101222376,1.1794035856098233,15952.00550611188
FIN,JED,M3,pif_backed,M,True,1,31884.576084930093,0.4965203572149033,15942.288042465047
ENG_CIVIL,RUH,VP,startup,M,True,1,31787.496458894333,0.4214502378934464,15893.748229447167
SWE,RUH,IC4,semigov,M,True,1,31756.43010518123,0.5638274356529065,15878.215052590615
SWE,RUH,M4,private,F,True,1,31667.358606048063,1.2026978305216036,15833.679303024031
SUPPLY,MAK,D2,private,M,True,1,31654.997709999992,0.6334113392143577,15827.498854999996
ENG_ELEC,RUH,M1,mnc,M,True,1,31637.192253924382,0.6458831756983544,15818.596126962191
HEALTH,RUH,D2,pif_backed,F,True,1,31356.014993832927,0.4369448571817367,15678.007496916463
SWE,RUH,M3,pif_backed,F,True,1,31348.896519814036,0.4061306053154332,15674.448259907018
EDU,EST,VP,pif_backed,M,True,1,31331.165899168886,0.5069914791895895,15665.582949584443
HEALTH,MAD,IC4,semigov,F,False,1,31283.783542827674,0.7043287687968687,15641.891771413837
OPS,RUH,VP,private,M,False,1,31107.069766849203,1.094225902666603,15553.534883424602
CUSTOMER,JED,IC6,pif_backed,M,True,1,31053.569724582812,0.7678345160561039,15526.784862291406
SALES,EST,IC4,mnc,M,False,1,30621.118989957715,0.5899479583567778,15310.559494978857
ENG_CIVIL,RUH,D2,private,M,True,1,30221.5704736965,0.4809030079810555,15110.78523684825
DATA,JED,D1,semigov,M,True,1,30214.797709999995,0.6225334449910805,15107.398854999998
ENG_ELEC,EST,M5,private,M,True,1,29887.183639169965,1.0425946007128253,14943.591819584983
EDU,RUH,SVP,private,F,True,1,29867.577709999994,0.6198135990288037,14933.788854999997
FIN,RUH,VP,mnc,F,True,1,29841.15358992509,0.3096668417634044,14920.576794962544
HEALTH,RUH,D2,semigov,F,False,1,29817.16360538875,0.43396015548645417,14908.581802694374
FIN,EST,IC6,public,M,False,1,29739.745882052368,0.5237649526054248,14869.872941026184
SWE,EST,M4,private,M,False,1,29735.640405426406,0.43371931949214443,14867.820202713203
PM,ASR,D2,private,F,False,1,29717.337709999996,0.6186245509782303,14858.668854999998
ENG_ELEC,JAZ,IC4,pif_backed,M,False,1,29638.228210479872,0.7429840517232011,14819.114105239936
HEALTH,EST,D1,private,F,True,2,29609.994096526672,0.5729257423519539,14804.997048263336
ENG_ELEC,EST,M2,pif_backed,M,True,1,29389.357001848097,0.5627257007724981,14694.678500924048
FIN,RUH,M3,private,M,True,1,29352.852651362326,1.8927359952026757,14676.426325681163
ENG_ELEC,MAK,M4,semigov,M,False,1,29298.92280633849,0.6723725458667531,14649.461403169245
DATA,JAZ,M3,private,M,False,1,29162.4733936093,2.0329236967916757,14581.23669680465
HR,EST,VP,public,F,True,1,29098.02037142851,0.4942265044943449,14549.010185714254
FIN,MAK,IC4,pif_backed,F,True,1,28057.311199239382,0.6310784220276784,14028.655599619691
MARKETING,QAS,M4,semigov,F,True,1,27896.539538425932,1.617716807519775,13948.269769212966
PM,EST,IC5,public,F,True,1,27727.797064533483,0.5797897841942872,13863.898532266741
FIN,RUH,M2,mnc,M,False,1,27601.44470320575,0.47391459412637216,13800.722351602875
OPS,EST,M3,pif_backed,M,True,1,27390.36720878297,0.5480882942352844,13695.183604391485
CUSTOMER,JED,D1,mnc,M,True,1,27293.701481490512,0.49780253327776314,13646.850740745256
FIN,JED,IC4,private,F,False,1,27198.398165630428,0.6499224865785594,13599.199082815214
HEALTH,RUH,VP,public,F,True,1,27131.666631452412,0.33556796530111893,13565.833315726206
DATA,RUH,VP,mnc,M,False,1,27121.085742005438,0.26363942318941974,13560.542871002719
HEALTH,RUH,M4,public,F,False,1,27107.789129711564,0.4458609614459436,13553.894564855782
DESIGN,MAK,M1,startup,M,True,1,26919.75079184182,2.3107002887407955,13459.87539592091
DATA,RUH,IC3,public,M,False,1,26700.352932470538,0.6357307111844634,13350.176466235269
MARKETING,RUH,IC5,private,M,False,1,26652.8969955265,0.5361023579810327,13326.44849776325
CUSTOMER,MAK,IC6,private,M,True,1,26642.360137132986,0.7435243935366268,13321.180068566493
ENG_ELEC,MAK,M4,private,F,True,1,26597.70233704104,0.654400815686138,13298.85116852052
DESIGN,MAK,M1,private,M,True,1,26558.445516570006,2.2074937425667276,13279.222758285003
SALES,TAB,IC5,semigov,F,True,2,26454.759188953063,0.49527554397861595,13227.379594476532
MARKETING,RUH,VP,public,F,True,1,26435.38088117119,1.290739662570368,13217.690440585595
SWE,EST,D1,public,F,False,1,26388.532549003008,0.3675583069732851,13194.266274501504
PM,RUH,M4,private,M,True,1,26346.229241489724,0.38904058667580405,13173.114620744862
SWE,EST,D1,private,F,True,1,26255.22409171385,1.3647116842708302,13127.612045856926
FIN,RUH,IC5,semigov,F,False,1,25923.624211640457,0.5047893609415119,12961.812105820229
MARKETING,RUH,IC6,private,M,True,1,25846.00062156927,0.5783959866661729,12923.000310784635
SWE,RUH,M3,private,M,True,2,25741.97493665866,0.33975342366683353,12870.98746832933
SWE,RUH,M5,private,F,False,1,25693.856326547477,0.9815173274092358,12846.928163273738
DESIGN,RUH,M2,public,F,True,1,25561.319675746272,0.48425631893918997,12780.659837873136
CUSTOMER,RUH,M3,private,M,True,1,25530.59580743073,0.5198405413103897,12765.297903715365
HEALTH,JED,VP,mnc,F,True,1,25197.521006616895,0.42293608297843593,12598.760503308447
DATA,RUH,M1,pif_backed,M,False,1,25162.45716506825,0.4655797384731373,12581.228582534124
CUSTOMER,TAB,M4,private,M,True,1,24904.389089575212,0.7139141742479268,12452.194544787606
DATA,EST,IC6,semigov,F,True,1,24841.936644887515,0.4615410860286671,12420.968322443758
SUPPLY,ASR,IC5,semigov,M,True,1,24798.769140583685,0.7111537131976516,12399.384570291842
FIN,QAS,M2,private,M,True,1,24641.56377873424,0.5392644230123982,12320.78188936712
SALES,EST,D2,private,F,False,1,24634.547709999995,0.5734970297965519,12317.273854999998
PM,QAS,M2,semigov,M,True,2,24582.967709999994,0.5618728779059596,12291.483854999997
SWE,RUH,VP,private,M,True,1,24530.550279224597,0.17957306841561835,12265.275139612299
EDU,MAK,D2,public,M,True,1,24498.697709999997,0.5721438859556197,12249.348854999998
SALES,RUH,IC5,mnc,M,True,1,24436.43412969519,0.4655984943520833,12218.217064847595
PM,RUH,M4,private,M,False,1,24400.55751635397,0.37558925014786904,12200.278758176984
SWE,RUH,M4,mnc,M,True,1,24370.534573254838,0.7589203753118321,12185.267286627419
ENG_ELEC,JED,IC6,public,M,False,1,24360.978882430365,0.45677566245616863,12180.489441215183
ENG_CIVIL,RUH,M5,private,M,True,1,24279.845113077645,0.39316480111495067,12139.922556538822
EDU,RUH,IC4,mnc,F,False,1,24262.447985607447,0.6467044055586298,12131.223992803723
SWE,MAK,M3,private,M,True,1,24115.630577017808,1.0993466353313341,12057.815288508904
CUSTOMER,RUH,D2,public,M,False,1,23987.519520785405,1.542110893082246,11993.759760392702
LEGAL,RUH,M4,public,M,True,1,23800.569590257364,0.8597021236033286,11900.284795128682
SWE,QAS,M3,private,F,True,1,23799.6409022155,0.7726315774815239,11899.82045110775
HEALTH,JED,CXO,private,M,True,1,23793.907709999996,0.5649836459466409,11896.953854999998
ENG_CIVIL,JED,M1,pif_backed,M,False,1,23790.551291030133,0.5935835897035253,11895.275645515067
SWE,MAK,M2,semigov,F,False,1,23652.63384023343,0.392693393079727,11826.316920116715
ENG_CIVIL,NOR,CXO,mnc,F,False,1,23590.827709999994,0.5628757841868232,11795.413854999997
LEGAL,JED,M3,public,M,False,1,23536.9844061802,0.6972857299161817,11768.4922030901
SWE,RUH,D1,startup,M,True,1,23529.394878632815,0.8715923909336063,11764.697439316407
MARKETING,RUH,D2,startup,F,False,1,23240.493738361605,0.39575424214947896,11620.246869180803
OPS,NJR,SVP,startup,F,False,1,22956.297709999995,0.556156053824044,11478.148854999998
FIN,RUH,M3,startup,F,False,1,22908.002205280154,0.943884926037227,11454.001102640077
DATA,NJR,M3,public,M,False,1,22808.337709999996,0.5545593329339371,11404.168854999998
CUSTOMER,QAS,M3,private,F,False,1,22746.756912503417,2.8401246227718597,11373.378456251708
MARKETING,QAS,M4,private,M,False,1,22722.03637021084,1.01701860190427,11361.01818510542
SUPPLY,QAS,M4,public,M,True,1,22716.437709999995,0.553561790790036,11358.218854999997
PM,EST,IC6,private,F,True,1,22658.802589342893,0.4330212508734533,11329.401294671447
FIN,RUH,M3,mnc,M,True,2,22650.083640520377,2.5913217352424427,11325.041820260189
FIN,EST,D1,public,M,True,1,22580.788609813666,0.6725643138702659,11290.394304906833
SUPPLY,MAD,IC5,semigov,M,False,1,22573.30523322564,3.7532597589130012,11286.65261661282
CUSTOMER,MAD,IC6,mnc,F,True,1,22554.927709999993,0.5517977879088496,11277.463854999996
SWE,QAS,D1,private,F,True,1,22495.487709999998,0.5511450733304732,11247.743854999999
OPS,ASR,M1,pif_backed,F,True,1,22407.371068434473,0.7278471409380837,11203.685534217237
SWE,TAB,M5,private,F,False,1,22375.795072623478,0.6158538988462123,11187.897536311739
HEALTH,JED,IC4,semigov,F,True,1,22373.276827086578,0.6259092630819258,11186.638413543289
ENG_MECH,RUH,IC6,private,M,True,1,22360.09111100218,1.164511657620499,11180.04555550109
DATA,RUH,IC3,pif_backed,M,True,2,22244.663327429505,0.5369840017826857,11122.331663714753
FIN,EST,IC5,private,M,False,2,22183.022565436073,0.45878199665860336,11091.511282718036
DATA,QAS,M4,public,F,True,1,22147.58211946048,0.4078220920714317,11073.79105973024
ENG_ELEC,RUH,IC5,pif_backed,M,True,1,22017.560274878382,0.4575733512935545,11008.780137439191
CUSTOMER,RUH,IC5,mnc,M,True,2,21917.700562820035,0.47918413711920005,10958.850281410017
LEGAL,RUH,D1,semigov,F,True,1,21888.509048061882,0.5343327684023993,10944.254524030941
OPS,QAS,M3,semigov,M,True,2,21781.782625051997,0.7976615402746069,10890.891312525999
ENG_CIVIL,TAB,IC5,pif_backed,M,True,1,21772.337252769772,0.6026585892540588,10886.168626384886
ENG_ELEC,ASR,D1,private,M,False,1,21496.997599128612,1.0951032673341419,10748.498799564306
HR,EST,D3,startup,F,False,1,21430.767709999996,0.5391226705414353,10715.383854999998
DATA,RUH,IC6,private,M,False,1,21396.692377508174,0.3681389519134171,10698.346188754087
ENG_CIVIL,MAK,IC4,pif_backed,M,False,1,21337.885671004988,0.7174433913690131,10668.942835502494
FIN,EST,IC4,public,M,True,2,21300.56682779166,0.4150685753907102,10650.28341389583
HR,RUH,IC4,private,M,True,2,21208.358803175062,0.560406291455068,10604.179401587531
HR,RUH,VP,private,M,True,1,21181.24760137619,0.4353550720169337,10590.623800688096
HR,EST,IC4,semigov,M,False,1,21155.280010694187,0.6240011471291221,10577.640005347093
HR,QAS,IC5,semigov,M,True,1,21154.500379823512,0.5964668024711738,10577.250189911756
SWE,JAZ,M3,private,M,True,1,21044.79293634242,0.49024675265328527,10522.39646817121
SALES,EST,M3,pif_backed,M,False,1,20980.720638565144,0.3831727667861099,10490.360319282572
ENG_MECH,EST,M3,pif_backed,M,True,2,20887.724841603642,0.30097443801032736,10443.862420801821
DESIGN,ASR,IC4,semigov,M,True,1,20714.117713038446,0.6564296789533453,10357.058856519223
DESIGN,RUH,M3,private,M,False,1,20676.63364789038,2.496758834916648,10338.31682394519
DATA,JED,M3,private,M,True,1,20580.30069251544,0.36257876578292064,10290.15034625772
SALES,RUH,D1,pif_backed,F,True,1,20510.903852494506,0.380823739711751,10255.451926247253
SALES,MAK,M4,private,M,False,1,20439.645016377028,0.4528824567123493,10219.822508188514
DESIGN,TAB,M4,mnc,M,True,1,20427.29799190139,0.2735229080214995,10213.648995950694
SALES,JAZ,M1,public,M,False,1,20207.781607737248,3.415570967964689,10103.890803868624
CUSTOMER,RUH,M3,mnc,F,True,1,20201.414203917644,0.42645711363880395,10100.707101958822
DATA,JED,M2,public,F,False,1,20186.31062527944,0.8751839620553993,10093.15531263972
HEALTH,RUH,D1,private,F,False,2,20177.73260458846,0.77831524938742,10088.86630229423
DATA,EST,M4,public,M,False,1,20104.56681302977,0.1857340330469562,10052.283406514885
ENG_MECH,MAK,IC5,private,M,False,1,20056.062691502368,0.5273805992993446,10028.031345751184
PM,RUH,IC4,private,M,True,3,20015.86623054737,0.3372056309154545,10007.933115273685
SWE,EST,IC6,private,M,True,1,20015.291336180057,0.7400446252126948,10007.645668090028
FIN,RUH,M3,public,M,True,1,19979.916905261634,0.8665016738237185,9989.958452630817
DATA,EST,M1,semigov,M,False,1,19979.124754337725,0.46189445952831354,9989.562377168862
SWE,RUH,M3,private,F,False,1,19867.486083162577,0.33220487684228284,9933.743041581289
SALES,EST,M4,public,M,True,1,19843.24138594268,0.35861411393034665,9921.62069297134
SALES,EST,VP,public,M,False,1,19834.150332606318,0.538087141909338,9917.075166303159
OPS,RUH,IC6,public,M,True,1,19816.223007935612,0.4713466292039339,9908.111503967806
OPS,RUH,M3,startup,F,True,1,19649.1570619803,0.4717042616762688,9824.57853099015
DESIGN,JED,M5,private,M,True,1,19625.397709999994,0.5171952460112864,9812.698854999997
SALES,RUH,IC6,private,F,False,1,19591.807368515772,0.4313492957153017,9795.903684257886
DESIGN,RUH,D2,pif_backed,M,False,1,19497.53761544206,0.23708455704205206,9748.76880772103
LEGAL,MAK,M1,public,M,False,1,19285.333853309516,1.4752835083454785,9642.666926654758
FIN,QAS,M3,private,M,False,1,19268.786049585266,1.289092403682291,9634.393024792633
PM,RUH,M4,public,M,True,3,19241.324270382484,0.391687105763731,9620.662135191242
ENG_CIVIL,TAB,D1,private,M,True,1,19217.298026925848,0.36393985298182596,9608.649013462924
SWE,RUH,M4,public,M,True,1,19207.34724495602,0.5035951921111582,9603.67362247801
FIN,RUH,M4,public,M,True,1,19183.154269248203,0.312174094026221,9591.577134624102
HR,MAK,IC4,private,F,False,1,19166.912163305304,0.5758262474055946,9583.456081652652
FIN,TAB,IC3,private,F,False,1,18976.643607007627,2.959122212001008,9488.321803503813
SALES,ASR,IC6,private,F,False,1,18931.440661894932,3.2497370474265748,9465.720330947466
SWE,EST,M3,public,M,True,1,18921.65668156994,0.8815490368368551,9460.82834078497
SWE,JAZ,IC3,semigov,M,True,1,18892.590863547062,3.645022855644296,9446.295431773531
MARKETING,RUH,IC5,private,F,True,2,18889.13987719527,0.4991064868688313,9444.569938597635
SWE,MAK,M2,public,M,True,1,18796.742639244134,1.0151950613675174,9398.371319622067
PM,RUH,M2,private,M,False,1,18521.713308270857,1.0496231628063633,9260.856654135428
EDU,EST,M3,private,F,True,1,18357.43596313134,0.45829394383645455,9178.71798156567
MARKETING,MAK,IC4,private,F,True,1,18297.20585040457,0.5777438609415371,9148.602925202285
ENG_MECH,RUH,IC3,public,M,True,1,18291.35129120735,0.5498856205524589,9145.675645603675
MARKETING,JED,M1,mnc,M,True,1,18229.01513874419,0.42078400100513924,9114.507569372096
CUSTOMER,EST,IC4,public,M,True,1,18159.932527547473,0.6466959103292775,9079.966263773737
DATA,EST,M3,startup,M,True,1,18121.207594409687,0.8019447011189165,9060.603797204843
HR,EST,M3,semigov,M,True,1,18085.205211397308,0.5451230864436738,9042.602605698654
DATA,JED,IC4,mnc,M,True,1,17906.231934645984,0.47397052332872985,8953.115967322992
HR,RUH,IC6,private,F,False,1,17889.22057416172,2.3278070652037828,8944.61028708086
DATA,QAS,IC4,startup,M,True,1,17867.71061497314,0.5131901486739828,8933.85530748657
SWE,JED,M2,private,F,False,1,17768.242791385142,1.3544798527980089,8884.121395692571
DATA,JED,IC6,pif_backed,M,True,1,17745.876266548075,0.36884274038282666,8872.938133274038
FIN,NJR,M4,mnc,F,True,1,17733.557709999997,0.4918613065741978,8866.778854999999
LEGAL,BAH,M1,private,M,True,1,17627.474365766142,0.4771518793562898,8813.737182883071
OPS,MAD,IC4,semigov,M,False,1,17569.501101982984,0.5978823102114863,8784.750550991492
DATA,EST,M2,private,F,False,1,17551.907208058878,1.3633851783944313,8775.953604029439
ENG_MECH,JED,M1,public,M,False,1,17548.98676625151,2.078584108307178,8774.493383125755
DATA,HAI,IC6,private,M,False,1,17547.357709999993,0.4892234119312652,8773.678854999996
MARKETING,RUH,D2,mnc,F,False,1,17500.601299532063,0.3281433704666125,8750.300649766032
ENG_ELEC,EST,M5,public,M,True,1,17498.63964645002,0.43117620822378605,8749.31982322501
ENG_ELEC,TAB,IC4,public,M,True,1,17458.749890974286,0.529388948350083,8729.374945487143
HEALTH,MAD,IC3,private,M,False,1,17130.37461609061,0.6345706616241915,8565.187308045304
SUPPLY,RUH,VP,semigov,M,True,1,17125.717000568977,0.27254049464814906,8562.858500284488
ENG_CIVIL,RUH,D1,pif_backed,M,False,1,17090.89855094543,1.0198668783238918,8545.449275472714
HEALTH,EST,IC4,private,M,True,1,17077.70397115057,0.5446679461647278,8538.851985575286
OPS,TAB,D1,startup,M,False,1,17040.803253915732,0.9516142198145184,8520.401626957866
OPS,HAI,IC5,public,M,False,2,17018.66084505516,2.447190223186003,8509.33042252758
SALES,RUH,M4,mnc,M,True,1,16948.900110074683,0.5097675733120315,8474.450055037341
HR,QAS,M1,private,F,True,1,16843.607447573297,0.6513846092519072,8421.803723786648
FIN,MAD,M1,pif_backed,M,True,1,16829.636596819655,0.43564509603475854,8414.818298409828
SWE,EST,IC5,mnc,M,False,1,16779.477129895116,0.38410860516834733,8389.738564947558
SALES,MAD,M2,public,M,False,1,16759.779634110055,1.7970969034101385,8379.889817055027
FIN,RUH,M1,private,M,True,1,16713.345494604582,0.4502118614649882,8356.672747302291
MARKETING,RUH,IC5,startup,M,False,1,16692.589759651935,0.4442822311392178,8346.294879825968
SWE,MAK,IC5,public,F,True,2,16672.90469884582,0.29639518712951873,8336.45234942291
ENG_ELEC,MAK,IC6,private,M,True,1,16670.789377704805,0.5995543791185424,8335.394688852402
SUPPLY,EST,IC3,semigov,M,True,1,16652.025492833196,0.5498102309989611,8326.012746416598
SWE,RUH,M2,startup,M,True,1,16617.415416967655,0.3403787972265599,8308.707708483827
OPS,NJR,IC1,private,F,False,1,16520.422290000006,9.178012383333337,8260.211145000003
SWE,EST,M4,semigov,F,False,1,16382.993648356081,0.7468480678201984,8191.496824178041
HEALTH,RUH,M4,private,F,True,1,16266.640315231904,0.32872179653822864,8133.320157615952
HR,ASR,M1,semigov,F,False,1,16260.21106672698,1.838963935594911,8130.10553336349
MARKETING,JAZ,D1,pif_backed,F,False,1,16243.620825717422,0.5701536623756988,8121.810412858711
ENG_MECH,RUH,IC4,private,F,True,1,16192.428065897373,0.4461367995241564,8096.2140329486865
PM,MAD,M1,public,F,False,1,16191.745808799467,2.5511347006402305,8095.872904399734
SWE,RUH,IC5,startup,F,True,1,16127.94771257232,0.37357659080542566,8063.97385628616
ENG_ELEC,BAH,M2,semigov,M,True,1,16116.094664179047,0.7567748070122432,8058.0473320895235
FIN,RUH,IC4,pif_backed,M,False,2,16098.235816056967,0.42601778785825484,8049.117908028484
SWE,RUH,D1,private,M,False,2,16079.05397975767,0.6371213518090457,8039.526989878835
ENG_CIVIL,ASR,IC4,pif_backed,M,True,1,16063.82312207265,0.6006314896816795,8031.911561036325
CUSTOMER,NOR,IC1,semigov,F,False,1,16059.132290000005,7.101757089979616,8029.5661450000025
PM,RUH,M2,public,M,False,1,16049.610444313406,0.8177587081602279,8024.805222156703
DATA,EST,IC4,private,M,True,1,16038.827821596264,0.44109052536500604,8019.413910798132
PM,MAK,M1,startup,M,True,1,16034.277627761232,0.4620606912509177,8017.138813880616
PM,RUH,IC6,public,M,True,1,15977.293048900381,0.6792246620263701,7988.646524450191
PM,EST,M3,private,F,False,1,15922.564551521224,0.8147718367444476,7961.282275760612
ENG_ELEC,RUH,M3,pif_backed,M,True,1,15820.957479629666,0.3182378790714869,7910.478739814833
ENG_MECH,JED,IC6,private,M,False,1,15742.227951996598,1.0644328878085996,7871.113975998299
SUPPLY,RUH,D1,private,M,False,1,15725.250750930427,0.28954379214991494,7862.625375465213
DESIGN,RUH,M2,private,M,False,1,15686.642472236392,1.5026080928536978,7843.321236118196
SUPPLY,HAI,IC6,private,M,True,1,15679.213665328545,0.5970209015516676,7839.606832664273
SWE,NJR,IC4,public,F,True,1,15645.302816681302,2.9064065689055445,7822.651408340651
OPS,RUH,M2,pif_backed,M,True,1,15549.826325013957,0.40188581727854245,7774.913162506979
OPS,EST,D2,private,M,True,1,15521.864188805572,0.6019875687744652,7760.932094402786
ENG_CIVIL,JED,M4,private,M,False,1,15475.864673295255,0.8239688146317641,7737.932336647627
PM,RUH,M2,semigov,M,False,1,15409.32215550821,0.7601917363626016,7704.661077754105
FIN,EST,D2,public,F,False,1,15372.034265595881,0.327970874953934,7686.017132797941
ENG_ELEC,RUH,D3,public,M,True,1,15346.607709999993,0.4558349135638039,7673.3038549999965
SALES,JED,VP,private,M,True,1,15328.2438793939,0.22495459123421763,7664.12193969695
DATA,RUH,IC4,pif_backed,M,True,1,15279.36067625873,0.40177959721642204,7639.680338129365
HEALTH,MAK,IC4,private,F,True,1,15087.664136946123,0.5419405963040367,7543.832068473062
SUPPLY,EST,IC4,startup,M,True,1,15082.36020628407,0.4851138763727031,7541.180103142035
HR,RUH,M2,mnc,M,False,1,15076.42107140199,0.4635430063227145,7538.210535700995
FIN,TAB,M1,public,M,True,1,15022.529745959859,0.426819580217768,7511.264872979929
ENG_ELEC,MAD,D1,private,M,False,1,15008.502731285083,0.3382546153211741,7504.251365642542
DATA,RUH,IC5,public,M,True,1,15004.031423991997,0.31392694129411103,7502.015711995999
ENG_CIVIL,RUH,VP,private,M,True,1,15000.836230005967,0.5224332969974286,7500.4181150029835
FIN,RUH,IC6,private,M,True,1,14897.82377720522,0.38290345355358607,7448.91188860261
FIN,BAH,IC2,private,M,False,1,14884.882290000005,4.332617955255944,7442.4411450000025
DATA,ASR,IC6,private,M,True,1,14798.897709999994,0.4468357958436343,7399.448854999997
ENG_MECH,ASR,IC3,startup,M,True,1,14754.407933627785,0.6074332530921585,7377.203966813892
SUPPLY,EST,M3,public,M,True,1,14743.519879804842,1.0973081345008993,7371.759939902421
SWE,JED,M2,public,F,True,1,14682.523827670295,0.873631619770806,7341.261913835147
ENG_MECH,RUH,IC4,public,M,False,3,14672.255987952149,0.4729319933532004,7336.127993976074
SWE,EST,IC3,mnc,F,False,1,14650.171308890447,0.45148840917655475,7325.085654445224
SWE,RUH,M4,private,M,False,2,14641.249898265207,0.3528357188393605,7320.624949132603
LEGAL,MAK,M1,private,F,True,2,14498.182021921051,1.1846249847775754,7249.091010960526
ENG_ELEC,RUH,IC3,semigov,M,True,2,14480.989920385693,0.4969816776684105,7240.4949601928465
OPS,RUH,VP,pif_backed,F,True,1,14446.512795840441,0.1954623230972554,7223.2563979202205
OPS,EST,IC6,private,F,True,1,14421.268694252587,0.8420337995010476,7210.6343471262935
OPS,MAD,IC1,private,M,False,1,14403.962290000007,3.6778014559066112,7201.981145000003
HR,RUH,M4,pif_backed,F,True,1,14381.18183403965,1.2088368829734986,7190.590917019825
EDU,TAB,D1,private,F,True,1,14375.603905333963,0.4587672207703826,7187.801952666981
PM,RUH,IC4,public,M,True,2,14326.033788123064,1.1965799260659349,7163.016894061532
CUSTOMER,HAI,IC2,semigov,F,True,1,14320.422290000006,3.5801055725000013,7160.211145000003
DESIGN,HAI,IC1,private,F,True,1,14320.422290000006,3.5801055725000013,7160.211145000003
ENG_MECH,HAI,IC1,private,M,True,1,14320.422290000006,3.5801055725000013,7160.211145000003
SUPPLY,TAB,IC1,mnc,M,True,1,14320.422290000006,3.5801055725000013,7160.211145000003
SWE,MAD,IC1,mnc,M,True,1,14320.422290000006,3.5801055725000013,7160.211145000003
EDU,NJR,IC1,private,F,True,1,14320.422290000006,3.5801055725000013,7160.211145000003
HEALTH,ASR,M2,private,M,True,1,14258.143528438162,0.4395173042687484,7129.071764219081
LEGAL,RUH,D1,public,M,True,1,14252.130855607276,0.297015056424575,7126.065427803638
PM,JED,IC5,public,F,True,1,14244.805994197155,0.38096344263519455,7122.4029970985775
ENG_ELEC,RUH,IC6,private,M,True,1,14242.431070682189,0.8355875524973401,7121.215535341094
FIN,EST,IC6,public,M,True,1,14223.177844137248,0.33588547315588235,7111.588922068624
SALES,EST,M3,private,M,False,1,14218.706174908817,1.260292320018296,7109.3530874544085
OPS,RUH,M3,private,M,True,2,14200.810601347035,0.36546100292811523,7100.405300673518
MARKETING,TAB,IC2,private,F,False,1,14175.672290000006,3.4201513456782693,7087.836145000003
MARKETING,HAI,M3,private,F,True,1,14119.449083593838,0.43195902848237994,7059.724541796919
DATA,RUH,IC4,private,F,False,1,14111.092927520738,0.3436461300435658,7055.546463760369
CUSTOMER,JED,IC6,public,F,True,1,14099.054248353777,0.6094442640252378,7049.527124176889
ENG_CIVIL,QAS,M4,private,M,False,1,14095.763159224116,0.8061622554177299,7047.881579612058
SUPPLY,RUH,D2,semigov,M,False,1,14037.995072567148,0.54244693472037,7018.997536283574
SUPPLY,EST,M4,public,M,False,1,14008.761069021071,0.5408950952585085,7004.380534510536
EDU,RUH,M4,private,M,True,2,13979.42844296188,0.26720984267709424,6989.71422148094
ENG_CIVIL,RUH,D1,private,M,False,1,13977.314219665415,0.29289577067062583,6988.657109832708
SALES,QAS,M1,private,F,True,1,13959.598316068856,0.5480974587754402,6979.799158034428
SALES,JAZ,IC3,semigov,M,False,1,13866.66414551481,0.5622000464429276,6933.332072757405
FIN,MAK,M2,semigov,M,True,1,13849.129773229864,0.4777285108087215,6924.564886614932
SALES,TAB,IC4,pif_backed,M,True,1,13843.45867093787,0.4781398469000816,6921.729335468935
MARKETING,NJR,D1,private,M,False,1,13776.122290000007,3.0315169090949112,6888.061145000003
HEALTH,RUH,IC6,startup,M,True,1,13672.757013223694,0.3744319480015252,6836.378506611847
PM,RUH,M2,private,M,True,1,13649.198087680401,0.5813911564434661,6824.5990438402005
MARKETING,QAS,IC5,private,M,False,1,13631.267903818738,0.5970212986619617,6815.633951909369
SUPPLY,QAS,IC5,startup,M,True,1,13618.39264789586,0.6179440294386555,6809.19632394793
DATA,EST,D2,pif_backed,M,True,1,13613.344917866154,0.1379597185448426,6806.672458933077
SALES,RUH,M3,private,F,True,2,13578.087549736278,0.35792820264678793,6789.043774868139
SWE,RUH,M2,private,M,True,2,13573.543618337439,0.36830463336289065,6786.771809168719
SWE,RUH,IC4,private,F,False,1,13569.848136552102,1.7407819798893305,6784.924068276051
PM,QAS,IC3,private,M,True,1,13554.548710399618,0.5127683265604912,6777.274355199809
SWE,HAI,IC4,mnc,M,True,1,13553.700173153808,0.39824222363449197,6776.850086576904
HEALTH,EST,M1,public,F,True,1,13537.49633226369,0.4692893607701267,6768.748166131845
FIN,EST,M1,pif_backed,M,True,1,13519.22302486148,3.2733086589949685,6759.61151243074
PM,ASR,IC3,public,F,True,1,13486.784853135881,2.4966974005453464,6743.392426567941
MARKETING,MAD,IC5,private,M,True,1,13477.966515043136,0.5450496731248002,6738.983257521568
DESIGN,RUH,IC5,public,M,True,2,13469.084428213868,0.6547686442046279,6734.542214106934
FIN,EST,IC5,semigov,M,True,1,13427.865325071445,0.35532599595270015,6713.932662535723
ENG_ELEC,JED,M2,public,M,True,1,13389.206781026169,0.3746915895931478,6694.603390513084
LEGAL,MAK,IC1,public,M,True,1,13354.392290000007,2.6891485331341145,6677.1961450000035
OPS,RUH,D1,startup,M,True,1,13345.31637385147,0.27861041675229314,6672.658186925735
SWE,HAI,IC1,pif_backed,M,False,1,13341.142290000007,2.6793316081843175,6670.5711450000035
SWE,JAZ,IC3,mnc,M,False,1,13329.331268683905,1.2965077418608109,6664.665634341953
LEGAL,ASR,IC3,semigov,F,False,1,13327.557709999994,0.4211187478632126,6663.778854999997
MARKETING,ASR,M3,private,M,True,1,13305.150725037896,0.5494794654782914,6652.575362518948
MARKETING,RUH,IC6,private,F,True,2,13287.494314659985,0.4028343495914752,6643.747157329993
HR,RUH,M4,public,F,False,1,13278.466564898516,0.9678831645342484,6639.233282449258
PM,MAK,M2,public,M,True,1,13264.120364458962,0.7031405332379297,6632.060182229481
DATA,RUH,IC5,private,M,False,1,13257.870788498636,0.2841417196570771,6628.935394249318
ENG_CIVIL,RUH,M2,semigov,M,False,1,13215.810506148053,0.4131368687473875,6607.905253074026
ENG_ELEC,JED,IC4,semigov,M,True,1,13197.853839122108,0.42555958380992287,6598.926919561054
EDU,NOR,M1,public,M,True,1,13187.832290000006,2.5694303051675673,6593.916145000003
SALES,EST,M2,semigov,F,True,1,13173.87508452739,0.3105994807070576,6586.937542263695
HR,MAK,IC5,semigov,F,True,1,13103.70242192957,0.43639746847518085,6551.851210964785
CUSTOMER,HAI,IC2,public,F,True,1,13099.112290000005,2.5087788869076926,6549.556145000002
SALES,MAD,IC5,private,M,True,2,13094.94103855564,0.5308195978328298,6547.47051927782
ENG_CIVIL,EST,M4,private,M,False,1,13066.934362910779,0.3940838676602236,6533.467181455389
ENG_MECH,RUH,M3,mnc,M,True,1,13042.03875700946,0.28820643751228026,6521.01937850473
ENG_CIVIL,RUH,IC5,public,M,False,1,13004.225033028863,0.45314662207162415,6502.112516514431
ENG_CIVIL,RUH,IC5,private,F,True,1,12990.38979628745,0.43223525790219636,6495.194898143725
SWE,RUH,IC6,mnc,M,True,2,12985.014093456219,0.4125653022759469,6492.507046728109
HEALTH,RUH,M3,private,M,False,1,12955.532289440067,0.32582296253177473,6477.7661447200335
SWE,RUH,M3,semigov,M,True,2,12914.52139814057,0.3467386824249122,6457.260699070285
DATA,JED,IC4,semigov,F,True,1,12901.190472807837,0.40234368434241086,6450.5952364039185
ENG_MECH,RUH,M2,semigov,M,False,1,12893.886564674664,1.4994007187365876,6446.943282337332
MARKETING,EST,IC5,private,M,True,3,12867.752779249035,0.39056329430806275,6433.876389624517
SWE,TAB,M2,private,M,True,1,12838.024505703826,0.346913253631093,6419.012252851913
FIN,EST,IC2,pif_backed,M,False,1,12803.942608169466,0.5535071217530686,6401.971304084733
SALES,RUH,M3,semigov,M,True,1,12780.491266723679,0.2924158585512948,6390.245633361839
SWE,RUH,IC5,public,M,False,2,12775.010247271135,0.2888796505375305,6387.5051236355675
EDU,EST,IC5,pif_backed,F,True,1,12685.035247575517,0.47264903857362545,6342.517623787759
MARKETING,JED,M1,mnc,F,False,1,12662.751769505585,1.07402565816473,6331.375884752792
EDU,ASR,D2,private,F,True,1,12621.705368690444,0.48907898444537695,6310.852684345222
SALES,MAK,M2,public,F,False,1,12619.472331267807,1.5345696739897572,6309.7361656339035
SALES,RUH,IC6,public,M,False,2,12596.067859898354,0.29862290917161566,6298.033929949177
HEALTH,EST,M4,private,M,False,1,12568.030946977717,0.6665138065798304,6284.015473488858
FIN,RUH,M1,private,F,True,1,12565.909405741975,0.35658773795129917,6282.954702870988
OPS,TAB,IC5,startup,M,True,1,12560.064216452389,0.4350420498014053,6280.032108226194
FIN,NOR,IC3,public,M,True,1,12552.007188017804,3.138001797004451,6276.003594008902
MARKETING,BAH,IC3,private,M,False,1,12491.932290000006,2.1432536197196885,6245.966145000003
EDU,MAK,IC4,startup,M,True,1,12488.198062540003,0.5181173513263686,6244.099031270001
SALES,EST,IC4,public,M,True,1,12482.010769537788,0.379739846167399,6241.005384768894
FIN,EST,IC4,private,M,False,1,12470.794735711963,1.534772596850897,6235.397367855981
OPS,RUH,IC4,public,M,True,2,12451.220082489404,0.43145256483944444,6225.610041244702
PM,NJR,IC5,private,F,False,1,12451.142981694014,2.3261294669624686,6225.571490847007
EDU,JED,VP,public,F,True,1,12450.337709999993,0.4046158661664513,6225.168854999996
SWE,EST,IC5,public,M,True,2,12401.709710633666,0.9658018584719911,6200.854855316833
EDU,MAD,IC4,pif_backed,M,True,1,12383.178690425339,0.6095700921861329,6191.589345212669
EDU,EST,IC6,mnc,F,False,1,12359.547070272994,0.40674507668291165,6179.773535136497
MARKETING,JED,D1,private,F,True,1,12343.770212863656,0.6333604188991441,6171.885106431828
HR,ASR,M1,public,M,True,1,12338.963551632565,0.9799859225692533,6169.481775816283
ENG_MECH,RUH,IC5,startup,M,False,1,12236.076547481895,0.3795920170611179,6118.038273740947
MARKETING,HAI,IC5,semigov,F,False,1,12193.665839994108,0.6583444962691948,6096.832919997054
DATA,MAD,IC3,public,M,False,1,12183.891931333601,4.675717800940064,6091.9459656668005
CUSTOMER,EST,M4,public,F,True,1,12154.967377337342,0.7623259676540456,6077.483688668671
HEALTH,EST,M2,public,M,True,1,12153.74632034144,1.0204793952178568,6076.87316017072
SUPPLY,RUH,IC5,startup,M,True,1,12151.454359123873,0.39095745956081823,6075.727179561936
ENG_CIVIL,EST,M3,public,M,True,1,12131.323114291969,0.3289691538765578,6065.661557145984
ENG_MECH,QAS,IC6,mnc,M,True,1,12117.447709999993,0.3981043256311954,6058.723854999997
ENG_CIVIL,EST,M4,semigov,M,False,1,12098.04142053661,0.3557102926451492,6049.020710268305
OPS,JED,IC5,public,F,False,1,12075.534543884773,1.6891174655945531,6037.767271942386
DESIGN,JAZ,IC4,pif_backed,M,False,1,12065.55153545949,0.5405279565599125,6032.775767729745
ENG_ELEC,JED,IC4,startup,F,True,1,12050.161855274437,1.6164754675004844,6025.080927637218
DESIGN,EST,IC5,startup,M,False,1,12038.516505754626,1.4648711880978695,6019.258252877313
ENG_MECH,ASR,IC4,semigov,F,False,1,12037.249156598506,0.5785687032676657,6018.624578299253
PM,NJR,IC1,public,F,False,1,12021.312290000005,1.908414409337193,6010.656145000003
LEGAL,RUH,M1,mnc,F,False,1,12003.483733131816,0.8640249381056724,6001.741866565908
ENG_MECH,TAB,IC4,private,M,False,1,11994.498165242292,3.0081302328463675,5997.249082621146
CUSTOMER,JED,M3,private,F,True,1,11976.002105877411,0.4213129618752438,5988.0010529387055
OPS,NJR,IC3,pif_backed,F,True,1,11949.995848606653,0.5732938911128216,5974.997924303327
LEGAL,RUH,M2,public,M,True,1,11879.3568570737,0.3217503314390304,5939.67842853685
PM,NJR,IC3,private,M,False,2,11875.579188289728,0.701335566379284,5937.789594144864
EDU,RUH,M1,mnc,M,False,2,11852.372845730715,0.387108768409385,5926.186422865358
DESIGN,JED,M2,private,M,False,1,11849.287510936143,1.4451778176790808,5924.6437554680715
SALES,RUH,M2,pif_backed,M,False,1,11798.673433123819,0.9287566276301384,5899.336716561909
LEGAL,JED,IC4,private,F,True,1,11768.695105298255,0.3350802461048156,5884.3475526491275
DESIGN,EST,M3,public,M,False,1,11741.859588355092,0.33670837925124053,5870.929794177546
PM,TAB,IC3,mnc,M,False,1,11706.862920430107,0.41198863016417475,5853.431460215053
SWE,EST,M3,private,F,True,1,11704.222593128925,0.36615721163724985,5852.1112965644625
HEALTH,MAK,IC4,public,M,True,1,11703.820726055703,0.4759631946816766,5851.910363027851
ENG_MECH,RUH,IC5,private,M,True,2,11695.03093435675,0.4059052347590453,5847.515467178375
SALES,JED,IC4,private,M,True,2,11626.274385676832,0.43270003803599627,5813.137192838416
HR,MAD,IC5,mnc,F,False,1,11624.205090722455,0.4570747062813026,5812.102545361227
EDU,RUH,M2,private,M,True,1,11608.177160777504,0.39554592241848735,5804.088580388752
HEALTH,JAZ,IC6,public,M,True,1,11563.480838797583,0.3315639239386649,5781.740419398791
ENG_MECH,QAS,IC3,public,M,True,2,11560.791229021537,0.46124655601891107,5780.395614510769
DESIGN,TAB,VP,mnc,M,True,1,11550.959682594665,0.14189914919910007,5775.479841297332
OPS,RUH,M2,public,M,True,1,11544.65795193207,1.4250869584240093,5772.328975966035
ENG_CIVIL,JED,IC6,private,M,True,1,11506.753817994639,0.37532985399087665,5753.376908997319
FIN,RUH,M3,pif_backed,F,False,1,11434.230538918833,0.3111395887325558,5717.115269459417
DATA,EST,IC4,startup,M,True,1,11420.393926477765,1.167686458011542,5710.196963238883
ENG_ELEC,RUH,IC4,mnc,M,False,1,11420.256681889628,0.43759042081265187,5710.128340944814
SUPPLY,RUH,D1,public,M,True,1,11410.02155220732,0.42042384805399835,5705.01077610366
EDU,TAB,IC3,mnc,M,True,1,11389.137659376507,0.6369749541598624,5694.568829688254
HR,MAK,IC6,private,F,False,1,11383.452290000005,1.6409833529624611,5691.726145000002
CUSTOMER,JAZ,D2,mnc,M,True,1,11375.167709999994,0.3830591582790574,5687.583854999997
DATA,ASR,IC4,private,M,True,1,11357.501784960907,2.352535805343027,5678.750892480453
PM,EST,IC3,private,F,False,1,11351.973464729439,0.3929202699058934,5675.9867323647195
PM,RUH,IC2,semigov,F,True,1,11348.699334867695,0.5078204058405456,5674.349667433848
SWE,JED,M2,public,M,False,2,11330.538086556826,0.645642719721168,5665.269043278413
SALES,QAS,IC5,semigov,M,False,1,11286.195467305928,1.5571826970701477,5643.097733652964
MARKETING,RUH,IC4,mnc,F,True,2,11281.330992164825,0.5568330769487666,5640.665496082413
HEALTH,RUH,IC4,public,M,True,1,11237.33628541004,0.4303426855004107,5618.66814270502
DATA,RUH,IC3,mnc,M,True,3,11225.360097407805,0.3148506993570606,5612.680048703903
FIN,MAD,D1,private,M,False,1,11212.727910297399,0.5778487770364549,5606.3639551486995
SUPPLY,RUH,D1,mnc,M,True,1,11212.136744441406,0.4098479554437031,5606.068372220703
DATA,RUH,M3,private,F,True,2,11145.657176826518,0.47797877436288116,5572.828588413259
HEALTH,RUH,IC6,startup,F,True,1,11127.507254573671,1.1677444841960982,5563.753627286836
FIN,JED,M2,private,F,False,1,11124.200718385904,1.0040581049228923,5562.100359192952
SUPPLY,EST,IC5,private,M,True,1,11100.004339792473,0.4403128179292323,5550.002169896236
OPS,MAK,IC4,private,M,True,1,11076.519545678191,0.4349260980594627,5538.259772839096
HEALTH,RUH,D1,startup,F,True,1,11038.950023566707,0.38875359951988264,5519.475011783354
OPS,ASR,M2,private,M,True,1,11018.08720600859,0.5243594496986118,5509.043603004295
SWE,RUH,IC5,semigov,F,True,2,10997.182674019043,0.22943874925383206,5498.591337009521
DATA,RUH,IC2,semigov,M,True,2,10974.586262088402,0.3539069365328902,5487.293131044201
PM,RUH,M5,private,M,True,1,10968.187699541253,0.2696618343953894,5484.093849770627
MARKETING,JED,IC4,pif_backed,F,True,1,10958.437663603578,0.4131357311793268,5479.218831801789
CUSTOMER,EST,M1,mnc,F,True,1,10957.409733575158,0.43498061907988417,5478.704866787579
OPS,JAZ,IC6,semigov,F,True,1,10955.14814160236,0.4607998646264589,5477.57407080118
FIN,MAK,M1,private,M,False,1,10926.19232724503,1.9791316911342818,5463.096163622515
ENG_ELEC,EST,M3,pif_backed,M,False,1,10906.661232430692,0.26530207678676276,5453.330616215346
SWE,RUH,D1,private,M,True,1,10898.540803282238,0.2917731393901831,5449.270401641119
SUPPLY,RUH,IC4,mnc,M,True,1,10847.81952019555,0.4382142923010491,5423.909760097775
ENG_MECH,EST,IC2,mnc,M,True,1,10808.50078433869,0.5795868535296528,5404.250392169345
DESIGN,RUH,IC5,private,F,True,1,10801.178381232678,1.2596537707625064,5400.589190616339
DESIGN,EST,IC5,private,M,False,1,10789.845714176958,0.32910590542102086,5394.922857088479
SALES,RUH,IC6,private,M,False,1,10759.018401086043,1.2321847622429232,5379.5092005430215
FIN,MAD,IC4,semigov,F,True,2,10724.264981745764,0.4789286538142403,5362.132490872882
HEALTH,RUH,M3,public,M,False,1,10722.944748548123,0.8194161084563233,5361.472374274062
SALES,RUH,M2,public,M,False,1,10709.084752204177,0.6873049983861506,5354.542376102088
ENG_CIVIL,MAK,IC6,public,M,False,1,10706.098262575788,1.0655686211111022,5353.049131287894
SALES,JED,M3,mnc,F,False,1,10703.659622710813,0.6507626594027563,5351.8298113554065
HR,MAK,IC5,private,F,True,1,10694.71643449098,0.3913586464190733,5347.35821724549
CUSTOMER,RUH,M3,private,F,False,1,10664.703868411789,1.071967435852229,5332.351934205894
DATA,JED,IC4,semigov,M,True,1,10630.193071826809,0.3582308728012609,5315.096535913404
HEALTH,QAS,M2,pif_backed,F,False,1,10628.844314816615,0.32334222894378545,5314.422157408308
SALES,RUH,IC4,private,F,True,2,10597.295088247029,0.3315449294120055,5298.647544123514
DATA,RUH,IC3,private,M,True,1,10592.334747867342,1.8583434647514232,5296.167373933671
HEALTH,RUH,M2,semigov,F,False,1,10590.323028076953,1.0270788526237187,5295.1615140384765
SALES,MAD,IC5,private,F,False,1,10589.598618269463,1.1680692063964375,5294.799309134732
PM,JED,IC3,pif_backed,M,True,1,10566.867458373246,0.3633064935746942,5283.433729186623
LEGAL,JED,IC4,private,M,False,1,10526.726651618517,0.8320707418101718,5263.363325809259
CUSTOMER,RUH,IC6,pif_backed,F,True,1,10520.24904897045,0.3500036612766863,5260.124524485225
FIN,RUH,M4,public,F,False,1,10505.527852722182,0.39977608537167725,5252.763926361091
ENG_MECH,EST,IC5,public,M,False,1,10497.56403979522,0.38850628119116354,5248.78201989761
DESIGN,EST,IC3,mnc,F,False,1,10493.890412330466,1.7932388707177243,5246.945206165233
HEALTH,JED,M2,public,F,False,1,10480.548695836887,1.0336580798475716,5240.274347918444
SWE,RUH,IC5,semigov,M,True,1,10472.160913503536,0.5697057896442405,5236.080456751768
ENG_CIVIL,EST,IC6,private,M,True,1,10458.882621706045,1.0260042988587226,5229.4413108530225
MARKETING,RUH,D1,private,M,True,1,10437.282889782018,0.34705313389370684,5218.641444891009
SWE,RUH,IC5,mnc,F,False,1,10399.838433497345,0.2854339798375456,5199.919216748673
PM,RUH,IC5,semigov,M,False,1,10395.949474377005,0.26921993880051537,5197.974737188502
HEALTH,RUH,M3,semigov,F,True,1,10373.64761191849,0.6773578627777114,5186.823805959245
EDU,EST,D1,public,M,True,1,10371.836437231552,0.29258094304487436,5185.918218615776
SALES,RUH,M2,startup,F,True,1,10349.26600250621,0.6774653798825127,5174.633001253105
HR,BAH,M3,semigov,F,True,1,10329.635509609881,1.2874017757062428,5164.817754804941
SWE,RUH,M1,private,F,True,3,10322.095573510238,0.46100668309215725,5161.047786755119
SWE,RUH,IC4,private,M,False,3,10302.659183053633,0.26815011433397,5151.329591526816
SALES,RUH,IC5,private,M,True,3,10301.823568443817,0.2782023520534331,5150.911784221908
LEGAL,MAK,IC4,public,F,True,1,10290.981420362446,0.7667191736287501,5145.490710181223
SALES,QAS,IC5,public,M,False,1,10261.982243858445,1.311313097162622,5130.991121929223
HEALTH,ASR,M3,private,F,True,1,10253.398819327163,1.0015138670359316,5126.699409663582
SWE,QAS,IC4,semigov,F,True,1,10252.572320324594,0.35567815908058215,5126.286160162297
ENG_CIVIL,NOR,IC4,private,M,False,1,10251.842290000006,1.2705881691697927,5125.921145000003
PM,RUH,IC4,pif_backed,F,True,1,10237.605925784039,0.30265225359510317,5118.802962892019
CUSTOMER,JED,M3,public,M,True,1,10232.542503778466,1.9827780487139302,5116.271251889233
PM,RUH,M3,semigov,M,False,1,10217.919685155444,0.22537780382085312,5108.959842577722
DATA,NJR,M2,mnc,M,True,1,10217.837709999993,0.35803996844937264,5108.918854999996
CUSTOMER,NJR,M3,semigov,F,False,1,10206.312379097679,1.7520633887462946,5103.156189548839
SWE,EST,IC4,semigov,M,True,2,10184.633602412105,0.25644259591889984,5092.316801206052
DESIGN,RUH,D2,semigov,M,False,1,10127.427956709129,0.14015891880978773,5063.7139783545645
HEALTH,MAK,IC4,private,F,False,1,10124.716333692344,0.4562547100861633,5062.358166846172
FIN,QAS,M3,semigov,F,True,1,10124.558614254704,0.409506241925993,5062.279307127352
EDU,EST,M3,public,F,True,1,10093.086712602828,0.9411005282726648,5046.543356301414
FIN,EST,M1,private,M,True,1,10061.988334641159,0.32154005577078015,5030.994167320579
PM,JED,IC4,mnc,F,True,1,10048.96703593188,0.3584910660883563,5024.48351796594
LEGAL,EST,IC5,private,F,False,1,10037.059543296287,0.8845008854911068,5018.529771648144
MARKETING,TAB,D1,public,M,False,1,10035.657709999996,0.35391555214966225,5017.828854999998
DESIGN,EST,IC2,private,M,True,1,10014.05736542264,0.47523321912532906,5007.02868271132
ENG_CIVIL,EST,D1,semigov,M,True,1,10003.59398836108,0.5613159920030593,5001.79699418054
HR,JED,M2,startup,F,False,1,9995.015545151335,0.46555440923595787,4997.507772575667
SWE,JED,M2,semigov,M,False,1,9986.915890388016,0.4506326322856393,4993.457945194008
FIN,MAD,D1,public,M,True,1,9970.435152661757,0.47940523421610365,4985.217576330879
FIN,EST,IC4,public,F,True,2,9949.952755348997,0.3135499683406284,4974.9763776744985
ENG_CIVIL,JAZ,IC5,public,M,True,1,9944.400877187669,0.542396817157226,4972.200438593834
SALES,RUH,M4,semigov,M,True,1,9939.34514205018,0.14924786496247883,4969.67257102509
ENG_CIVIL,RUH,M2,public,M,True,2,9938.269414809196,0.34978391408172116,4969.134707404598
SWE,HAI,IC3,private,M,True,1,9934.585550999833,0.4421890204804074,4967.292775499916
FIN,EST,IC4,private,F,True,1,9918.19042429117,1.0980620345854302,4959.095212145585
FIN,EST,M2,public,M,True,1,9908.127363603555,0.2805182035402243,4954.063681801777
ENG_ELEC,EST,M2,public,F,True,1,9902.292563768573,0.3057862852254057,4951.1462818842865
SWE,JAZ,IC3,private,M,False,1,9871.848479721695,0.7100052057098827,4935.924239860848
SALES,RUH,IC5,semigov,M,True,2,9852.85274584968,0.7466875965841041,4926.42637292484
SWE,JED,IC3,semigov,M,False,1,9834.058298395808,2.080458802208609,4917.029149197904
OPS,BAH,IC3,public,M,False,1,9829.67938483381,2.0424119500234394,4914.839692416905
SALES,TAB,IC4,semigov,M,True,1,9829.427149980635,0.4470805101099588,4914.713574990317
DESIGN,ASR,M1,mnc,F,False,1,9828.032290000006,1.1572751946154154,4914.016145000003
ENG_MECH,RUH,M2,private,M,True,3,9743.566414330266,0.2852693150999612,4871.783207165133
ENG_ELEC,JED,IC5,private,M,True,3,9733.62554493468,0.3174267949671663,4866.81277246734
MARKETING,JED,IC5,semigov,F,True,1,9696.7597702152,1.7811861833352376,4848.3798851076
ENG_MECH,EST,IC4,mnc,M,False,1,9695.677674446484,0.3574082350555735,4847.838837223242
PM,RUH,IC4,semigov,M,True,1,9688.511122157706,0.31664460453566545,4844.255561078853
HEALTH,RUH,VP,private,M,True,1,9608.5270753664,0.21589643730575667,4804.2635376832
HR,EST,IC5,public,M,True,1,9593.688463239607,0.36019753550053113,4796.844231619803
MARKETING,RUH,M3,startup,M,False,1,9593.440055000528,0.6876810916804317,4796.720027500264
OPS,MAK,M1,private,M,False,2,9556.282290000006,1.1289096166662465,4778.141145000003
LEGAL,NJR,IC3,private,F,True,1,9542.882290000005,1.0871932557413586,4771.4411450000025
ENG_ELEC,RUH,M3,public,M,False,1,9536.078436962525,0.46131146815726676,4768.039218481263
LEGAL,RUH,IC5,pif_backed,F,False,1,9505.754397425098,1.0530568237125697,4752.877198712549
DESIGN,NOR,IC5,pif_backed,M,False,1,9482.526229391286,0.24340726175330485,4741.263114695643
CUSTOMER,RUH,M2,private,M,False,1,9455.287348877791,1.7979454697862671,4727.643674438896
ENG_MECH,JED,M2,public,M,True,1,9445.987390525306,0.5893123447266773,4722.993695262653
PM,RUH,IC3,startup,F,False,1,9427.62451459041,0.3761602165836449,4713.812257295205
HEALTH,MAK,IC3,semigov,F,True,1,9424.991435154257,0.47873726190249893,4712.495717577129
HEALTH,RUH,M4,mnc,M,False,1,9421.75282885518,0.34604294647598355,4710.87641442759
SWE,TAB,IC6,private,M,False,1,9419.032624806692,0.3339499854921302,4709.516312403346
FIN,JAZ,IC6,private,M,False,1,9415.728665171422,0.7459178646908639,4707.864332585711
HEALTH,HAI,IC6,public,M,True,1,9410.192152888108,0.9737196420270037,4705.096076444054
SALES,RUH,IC3,private,M,False,1,9398.611239588048,1.5284258042233145,4699.305619794024
CUSTOMER,ASR,IC6,pif_backed,F,False,1,9372.020705717792,0.9018816784005774,4686.010352858896
CUSTOMER,TAB,M1,startup,F,True,1,9360.607796214197,0.6129469963758717,4680.303898107099
ENG_MECH,RUH,IC6,private,M,False,1,9360.380605412633,0.28333459775577347,4680.190302706316
SALES,EST,M1,pif_backed,M,True,1,9350.236223214426,0.3146387524607469,4675.118111607213
SWE,JED,IC3,private,M,True,1,9325.007296785116,0.3538921002534782,4662.503648392558
ENG_ELEC,MAK,IC4,private,M,True,1,9323.89327771301,0.38192860907877346,4661.946638856505
SWE,RUH,IC3,public,M,False,1,9316.135199491251,1.3186898787478647,4658.067599745626
LEGAL,JED,IC5,private,M,True,1,9309.656163304142,0.509625833417041,4654.828081652071
ENG_ELEC,RUH,IC5,private,M,True,4,9304.91995602094,0.30746654717378263,4652.45997801047
SWE,EST,IC6,private,F,True,1,9289.914205971814,0.168656508802931,4644.957102985907
SWE,TAB,IC4,semigov,M,False,1,9285.94351940335,0.31914461846256836,4642.971759701675
CUSTOMER,EST,IC4,semigov,M,False,1,9284.583578198224,0.45882604342256705,4642.291789099112
SUPPLY,JED,M4,public,M,True,1,9283.721790339903,0.6768006425818271,4641.860895169952
ENG_ELEC,ASR,IC4,public,F,False,1,9266.767926417495,0.4302841807014776,4633.383963208747
SALES,MAD,M4,public,M,True,1,9249.35813163402,0.2115061410012417,4624.67906581701
SWE,EST,IC4,private,F,False,1,9247.778959032112,0.9006310761213223,4623.889479516056
OPS,BAH,IC3,mnc,F,False,1,9241.215183211414,1.6658191784141492,4620.607591605707
FIN,RUH,M4,semigov,F,True,1,9227.971015015682,0.18148827569893625,4613.985507507841
FIN,RUH,IC5,semigov,M,False,1,9204.609266772262,0.2844375396474945,4602.304633386131
SALES,RUH,IC4,semigov,M,True,2,9194.682334235007,0.31470442844041685,4597.341167117504
HR,EST,IC4,private,F,True,1,9182.556799982296,0.417463140039084,4591.278399991148
ENG_CIVIL,RUH,IC6,semigov,M,False,2,9170.060431879961,0.26975204571143113,4585.030215939981
ENG_ELEC,MAK,M1,private,M,True,1,9159.942290000006,0.9999413011108595,4579.971145000003
OPS,QAS,M3,private,M,True,1,9125.767703493533,0.8465909332398404,4562.883851746767
SWE,QAS,IC4,mnc,M,True,1,9123.730366686897,0.31405637852715107,4561.865183343449
DESIGN,EST,IC3,private,M,False,1,9105.384925973725,1.2192583695400123,4552.692462986863
SALES,JED,IC5,startup,M,True,1,9087.50211544731,0.5897823510842783,4543.751057723655
SALES,EST,M3,public,F,True,1,9025.566900608894,0.43143987662354105,4512.783450304447
SWE,JAZ,M1,pif_backed,M,True,1,9022.283431030513,0.8127092337182228,4511.141715515257
FIN,MAD,M2,private,M,False,1,9020.80971664139,1.114609052808376,4510.404858320695
ENG_ELEC,RUH,M1,private,M,False,1,9006.870051866754,0.9710691242426591,4503.435025933377
PM,EST,M1,pif_backed,M,True,1,8976.804960231239,0.25248453784034935,4488.402480115619
MARKETING,RUH,M3,pif_backed,F,False,1,8951.227563296405,0.2273888383216891,4475.613781648202
ENG_ELEC,RUH,M5,semigov,M,True,1,8944.575326112943,0.20311938346225292,4472.2876630564715
SWE,RUH,IC4,public,F,False,2,8942.231338924283,0.3188446277925061,4471.115669462141
OPS,MAD,M1,public,M,False,1,8938.982290000005,0.9528369088327596,4469.491145000003
CUSTOMER,MAD,M2,semigov,M,False,1,8933.081392414642,0.5096949214361843,4466.540696207321
SALES,RUH,IC4,private,M,False,3,8923.00571707128,0.4579787575109635,4461.50285853564
DATA,EST,IC4,private,M,False,1,8904.9912096638,0.29515596413391776,4452.4956048319
SWE,JED,IC3,public,M,True,1,8897.859357092435,1.2981218452197103,4448.9296785462175
LEGAL,RUH,IC4,private,M,True,2,8876.319701890872,0.25764665908114925,4438.159850945436
FIN,HAI,IC3,mnc,M,False,1,8859.058161937912,1.9355726958966109,4429.529080968956
HEALTH,RUH,IC5,private,F,False,3,8853.928459611061,0.30588622166559654,4426.9642298055305
SALES,RUH,M2,mnc,F,False,2,8835.177271399632,0.552482564250175,4417.588635699816
OPS,MAK,IC4,public,M,True,1,8834.732506329601,0.4193888607861964,4417.366253164801
SWE,MAD,IC3,private,F,True,1,8828.995495686358,1.6605157580160237,4414.497747843179
SALES,RUH,D1,public,F,False,1,8818.845745174298,0.4396648410630063,4409.422872587149
FIN,EST,M2,mnc,F,False,1,8814.839636005738,0.5616815730687257,4407.419818002869
HEALTH,RUH,IC3,private,M,True,1,8810.501190774603,0.42326942332339373,4405.2505953873015
SWE,MAK,IC5,private,M,True,1,8783.224980475552,0.24426446465724597,4391.612490237776
MARKETING,EST,IC3,private,M,False,1,8782.82253546188,4.879345853034378,4391.41126773094
PM,RUH,M1,private,M,False,1,8756.549879351118,0.6893998346167141,4378.274939675559
LEGAL,RUH,IC3,semigov,F,True,1,8751.657542816507,1.367891055658168,4375.8287714082535
PM,RUH,M2,mnc,F,True,1,8711.104364947121,0.2793179082910387,4355.552182473561
SWE,MAK,IC4,private,M,True,2,8698.545826229132,0.6861985863928429,4349.272913114566
ENG_MECH,JAZ,IC3,startup,M,False,1,8680.145988667133,2.0562244726079344,4340.072994333566
CUSTOMER,EST,IC4,startup,M,True,1,8677.917257358782,0.45034376831822565,4338.958628679391
ENG_MECH,RUH,IC5,startup,M,True,1,8654.714129023501,0.2902002340128424,4327.357064511751
MARKETING,RUH,M1,private,F,True,1,8635.476982812446,1.022478723649088,4317.738491406223
ENG_MECH,NJR,IC4,semigov,M,True,1,8635.249570077118,0.8286845715653881,4317.624785038559
FIN,MAK,M3,private,F,True,1,8631.337719031111,0.43828157888079883,4315.668859515556
OPS,TAB,M2,private,M,True,1,8613.445862474822,0.38725100022186415,4306.722931237411
CUSTOMER,RUH,IC3,pif_backed,F,False,1,8611.122472588646,0.43190799565583504,4305.561236294323
SWE,MAD,IC3,private,M,False,2,8610.074992796292,0.9095824526173157,4305.037496398146
DATA,RUH,IC4,private,F,True,1,8603.29658217459,0.7188048835083779,4301.648291087295
ENG_ELEC,RUH,IC3,private,M,False,1,8597.086779768168,0.3665616117363413,4298.543389884084
FIN,ASR,IC5,private,F,True,1,8572.202699520109,0.23670349031422136,4286.101349760054
MARKETING,RUH,M1,pif_backed,F,False,1,8556.649800743413,1.2414183535979555,4278.3249003717065
HR,JAZ,IC2,private,M,False,1,8535.622290000007,0.8723348755212174,4267.811145000003
PM,JED,IC6,public,M,False,1,8533.666419150792,0.2783982509600545,4266.833209575396
CUSTOMER,RUH,M2,semigov,M,False,1,8508.029374448302,1.3122060925216699,4254.014687224151
SWE,RUH,M1,private,M,True,2,8497.594913591332,0.5438800399599073,4248.797456795666
OPS,MAK,IC1,mnc,M,True,1,8493.465135942683,0.6673212863237413,4246.732567971341
MARKETING,EST,M2,semigov,F,False,1,8480.859830670077,0.3023621728605438,4240.4299153350385
SALES,EST,M1,pif_backed,M,False,1,8478.928811077178,0.8754394591286602,4239.464405538589
SUPPLY,EST,M2,public,M,False,1,8469.310930484302,0.36564989867108916,4234.655465242151
DATA,EST,IC1,mnc,M,False,1,8454.538881672246,0.6664889435374831,4227.269440836123
HR,RUH,IC1,mnc,M,True,1,8452.826169742999,0.5919474561242575,4226.413084871499
HR,MAK,IC4,semigov,F,False,1,8448.30591201966,1.7933452302352109,4224.15295600983
SWE,RUH,IC4,private,F,True,1,8436.508825278039,1.003506449397473,4218.254412639019
DATA,JED,M1,private,M,True,1,8428.380359643052,0.21987144204538653,4214.190179821526
MARKETING,NJR,IC5,public,M,False,1,8424.333100371761,0.7134059893900943,4212.166550185881
EDU,EST,M1,pif_backed,F,True,1,8420.863060425236,0.40876606853582265,4210.431530212618
EDU,RUH,IC6,semigov,M,True,1,8404.747009302322,0.303957497806678,4202.373504651161
SUPPLY,ASR,M1,private,M,True,1,8397.59899362009,1.0314306586609787,4198.799496810045
OPS,HAI,IC6,public,M,True,1,8390.652290000005,0.844999661623583,4195.326145000003
EDU,QAS,D1,mnc,F,True,1,8388.442203662871,0.3766450277962161,4194.221101831436
DESIGN,JED,M3,semigov,M,False,1,8383.597025788426,0.37551816633102936,4191.798512894213
HR,JED,IC6,public,M,True,1,8373.079847059631,0.33163404740026936,4186.5399235298155
MARKETING,EST,IC5,pif_backed,F,True,1,8352.726770439396,0.2998803659873415,4176.363385219698
SWE,EST,M3,private,M,True,1,8347.67599433953,0.1616521067165984,4173.837997169765
DATA,JED,IC3,private,F,True,1,8338.317135495168,1.1845714843510062,4169.158567747584
DATA,RUH,M3,semigov,M,True,1,8323.462959443816,0.24473488948124308,4161.731479721908
ENG_ELEC,EST,IC4,mnc,M,False,1,8306.875368341392,0.8869872804885915,4153.437684170696
SALES,EST,M3,private,F,False,1,8295.851010648668,0.3979102148901803,4147.925505324334
OPS,JED,IC5,public,M,True,1,8271.53194473632,0.9723012405695807,4135.76597236816
HEALTH,MAD,M2,private,M,True,2,8263.142241450867,0.8911664755691111,4131.5711207254335
SWE,ASR,IC3,semigov,M,False,1,8260.965645771677,1.3121724948967344,4130.482822885839
ENG_CIVIL,RUH,IC3,pif_backed,M,True,1,8257.573300383723,0.41137857305255005,4128.786650191862
ENG_ELEC,JED,M2,startup,F,False,1,8249.16659633188,0.5949285758518168,4124.58329816594
FIN,EST,IC4,private,M,True,3,8238.302730974518,0.26693275546129075,4119.151365487259
SWE,MAD,M3,public,M,False,1,8232.521039355488,0.20902097540389855,4116.260519677744
HEALTH,MAK,IC4,public,F,False,1,8226.295697863143,0.3873870490353883,4113.147848931571
HEALTH,RUH,M2,semigov,M,True,1,8207.266601478477,0.26606791502437316,4103.633300739239
ENG_MECH,MAK,IC4,mnc,M,True,1,8200.841110831485,0.9118023049367346,4100.4205554157425
LEGAL,JED,IC3,public,M,True,1,8195.741916256557,0.8872058971666709,4097.870958128278
HEALTH,JED,M1,private,M,True,1,8190.012214833856,0.3085305834660197,4095.006107416928
SWE,EST,IC2,mnc,M,True,1,8149.535129670308,1.4227540380011012,4074.767564835154
SUPPLY,EST,IC6,public,M,False,1,8146.351187600008,0.8449914361019639,4073.175593800004
SWE,MAK,IC4,private,M,False,2,8141.179802651879,0.32923704100637097,4070.5899013259395
SALES,RUH,M3,pif_backed,M,False,1,8138.771497797108,0.3848344535470216,4069.385748898554
FIN,JAZ,M1,public,M,True,1,8123.582069198643,0.3767970358035268,4061.7910345993214
MARKETING,HAI,IC4,private,F,False,1,8106.939686353911,0.994766569404585,4053.4698431769557
DATA,RUH,IC5,public,F,True,1,8091.618898074863,0.21875939032343858,4045.8094490374315
HEALTH,EST,IC4,pif_backed,M,True,2,8074.907098843598,0.312423914929368,4037.453549421799
SWE,TAB,M5,private,M,True,1,8070.310134651012,0.36071810693522127,4035.155067325506
ENG_CIVIL,RUH,IC6,public,M,False,1,8056.841842008573,0.6889817067796868,4028.4209210042864
HR,JED,IC2,private,F,False,1,8054.597046686735,2.117769393923955,4027.2985233433674
OPS,EST,M2,public,M,False,1,8050.274221185771,0.7475310698788458,4025.1371105928856
SALES,EST,M1,private,F,True,1,8046.363587573262,0.7712349445440672,4023.181793786631
OPS,RUH,IC5,private,M,True,2,8036.79185444538,0.6860091464682916,4018.39592722269
SALES,EST,IC5,private,M,False,1,8013.6376750155,0.26434117964749726,4006.81883750775
SALES,RUH,IC5,pif_backed,F,False,1,8011.89494870706,0.259849567723843,4005.94747435353
DATA,RUH,M1,semigov,M,False,1,8006.524544276028,0.3713606532975708,4003.262272138014
HEALTH,RUH,IC5,public,M,True,1,7970.724237918945,0.30434204471470216,3985.3621189594724
SALES,ASR,IC4,private,M,False,2,7956.131336042007,1.6891913392362303,3978.0656680210036
HEALTH,JED,M3,public,F,False,1,7934.616644844438,0.443709458589279,3967.308322422219
ENG_ELEC,RUH,IC6,private,M,False,1,7925.249868857216,0.20294583217093765,3962.624934428608
MARKETING,MAK,IC3,private,F,False,1,7914.413166123852,3.4832418627918402,3957.206583061926
FIN,RUH,IC3,semigov,M,True,2,7911.825575757452,0.3024067255171667,3955.912787878726
LEGAL,NOR,IC6,mnc,M,True,1,7886.247709999992,0.3009252114061036,3943.123854999996
OPS,JED,IC5,private,M,False,1,7885.956411670102,0.8627668439768567,3942.978205835051
FIN,EST,IC5,pif_backed,F,True,1,7885.666428816858,0.44221450996100636,3942.833214408429
SWE,EST,IC2,semigov,F,True,2,7875.011864327419,0.8929286660148119,3937.5059321637095
PM,RUH,IC5,mnc,M,False,1,7869.915241263912,0.3520356441612185,3934.957620631956
HEALTH,JED,IC2,private,F,True,1,7841.336468713813,0.5298171677932696,3920.6682343569064
OPS,RUH,M3,mnc,M,False,1,7816.777098623803,0.4493924433356025,3908.3885493119014
ENG_ELEC,RUH,M1,public,M,False,1,7804.549847145581,0.5729644893601281,3902.2749235727906
SWE,EST,IC4,public,M,True,2,7802.903036095929,0.3986491508261294,3901.4515180479643
PM,BAH,IC4,semigov,M,True,1,7775.248099484277,0.606031760466811,3887.6240497421386
LEGAL,EST,IC4,private,F,True,1,7768.283234626055,0.2688999607681388,3884.1416173130274
FIN,RUH,IC5,mnc,M,True,1,7764.899654560992,0.2067207791693309,3882.449827280496
ENG_CIVIL,RUH,IC3,public,F,False,1,7752.986316082446,0.4718698211591626,3876.493158041223
FIN,RUH,IC2,public,F,False,1,7746.225078924717,0.4626885376471375,3873.1125394623587
SWE,ASR,IC3,semigov,M,True,1,7724.596138958599,1.0613274828747883,3862.2980694792996
SWE,RUH,IC2,pif_backed,M,False,1,7713.69853012093,0.3961028269578653,3856.849265060465
SWE,RUH,IC4,semigov,M,False,3,7709.514882116467,0.2522417615941319,3854.7574410582333
DATA,QAS,M1,private,F,True,1,7705.303267579566,0.26398593366932055,3852.651633789783
DESIGN,RUH,IC4,pif_backed,F,False,1,7704.905899983543,0.3002242026128414,3852.4529499917717
SUPPLY,RUH,M3,private,M,True,1,7704.190631094869,0.22988436634303033,3852.0953155474344
MARKETING,TAB,IC2,private,F,True,1,7699.242290000006,0.7248951896117009,3849.621145000003
ENG_CIVIL,RUH,IC4,pif_backed,M,True,1,7675.475128753074,0.29603435439590836,3837.737564376537
PM,EST,IC4,public,F,True,1,7670.73720249908,0.26682421357031033,3835.36860124954
HEALTH,RUH,IC5,public,F,False,2,7651.961563512605,0.24549182944286696,3825.9807817563023
DATA,RUH,IC2,private,M,False,2,7649.256922327109,1.1280219105774276,3824.6284611635547
OPS,RUH,IC3,semigov,M,True,1,7642.893859049074,0.4719691544792041,3821.446929524537
PM,EST,VP,private,M,True,1,7639.673251384316,0.048398395964112675,3819.836625692158
ENG_CIVIL,EST,IC4,private,M,False,2,7636.830608473679,0.32734316635368294,3818.4153042368393
ENG_MECH,JAZ,IC4,pif_backed,M,False,1,7619.991708886206,0.38136187922957837,3809.995854443103
CUSTOMER,JED,IC5,private,F,False,1,7619.721621354534,1.1757323709084384,3809.860810677267
SALES,RUH,IC4,private,M,True,7,7610.7059466728115,0.3125194643226159,3805.3529733364057
ENG_MECH,JED,IC4,private,M,False,1,7597.738715030722,0.2765772952384231,3798.869357515361
SWE,ASR,IC2,semigov,M,True,1,7580.3730245059805,0.5221530814474625,3790.1865122529903
OPS,RUH,M2,private,M,True,1,7577.897304128426,0.6994112704877694,3788.948652064213
DATA,EST,IC3,private,M,True,1,7571.4545093782435,0.7494552902050305,3785.7272546891218
DESIGN,RUH,IC4,mnc,F,True,1,7526.47288625116,0.6648727789645527,3763.23644312558
HEALTH,RUH,IC6,private,F,True,1,7519.181494719789,0.5393748090799709,3759.5907473598945
OPS,EST,IC5,semigov,F,False,1,7501.348514039566,0.8081660206852841,3750.674257019783
SWE,QAS,IC5,public,M,False,1,7500.062150274995,0.5899484743488592,3750.0310751374973
DATA,ASR,IC4,public,M,False,1,7488.369019310034,0.3048959288265153,3744.184509655017
ENG_ELEC,JED,IC4,public,M,True,1,7469.6609219402035,0.3192729019009869,3734.8304609701017
DESIGN,QAS,IC3,public,F,False,1,7464.318873346618,0.49082819599059796,3732.159436673309
FIN,EST,M1,semigov,F,True,1,7463.269047824675,0.8048161108202159,3731.6345239123375
SALES,EST,M3,private,M,True,1,7460.475624261286,0.32492115390443593,3730.237812130643
HEALTH,HAI,IC5,public,M,False,1,7444.088545234054,1.1420606778080267,3722.044272617027
SALES,RUH,M1,semigov,M,False,3,7441.295910217683,0.4964767707266775,3720.6479551088414
SALES,JED,IC2,startup,M,True,1,7433.402399509025,0.5233765783536057,3716.7011997545123
SUPPLY,RUH,IC5,private,F,True,1,7433.17488555194,0.9526255070983143,3716.58744277597
OPS,EST,M1,private,M,True,1,7422.398662091906,0.3092381352422092,3711.199331045953
CUSTOMER,NJR,IC5,pif_backed,M,True,1,7417.390745781211,0.42648928432584726,3708.6953728906055
ENG_MECH,JED,VP,pif_backed,M,False,1,7408.8658176502795,0.15957018043990992,3704.4329088251397
DATA,NJR,M1,public,M,True,1,7400.275030453015,0.3508481453127252,3700.1375152265073
SALES,MAD,M1,semigov,F,False,1,7388.905070511355,1.2861475947758578,3694.4525352556775
SWE,TAB,D1,startup,M,False,1,7386.342882303808,0.24995855815543508,3693.171441151904
HEALTH,TAB,IC3,pif_backed,F,False,1,7381.757144764299,0.4180633518074274,3690.8785723821493
SUPPLY,EST,IC5,public,M,False,1,7371.008985373004,1.203545971836145,3685.504492686502
SWE,JED,IC5,private,M,True,2,7365.473325844157,0.521456309508205,3682.7366629220787
MARKETING,QAS,IC4,private,F,True,1,7356.820107865198,0.340540392904681,3678.410053932599
FIN,RUH,M1,private,M,False,1,7348.864126423932,0.5673825897354996,3674.432063211966
ENG_MECH,MAD,M2,private,M,True,1,7345.927709999993,0.2862085068582012,3672.9638549999963
SALES,JED,IC4,private,F,False,1,7340.8951776155955,0.6454356975276493,3670.4475888077977
SWE,RUH,IC4,pif_backed,F,True,1,7340.892909484661,0.24761699017628794,3670.4464547423304
DATA,RUH,M1,public,F,True,2,7336.645548676779,0.18648825455247042,3668.3227743383895
SUPPLY,JED,M3,private,M,False,2,7336.367120869838,0.30380763555388834,3668.183560434919
EDU,RUH,IC5,mnc,F,True,1,7329.983414142533,0.3251947252738333,3664.9917070712663
CUSTOMER,JED,M4,public,F,False,1,7324.090719331867,0.29343582570399757,3662.0453596659336
OPS,RUH,IC6,public,M,False,1,7318.741884233641,0.5963068154621268,3659.3709421168205
SALES,RUH,IC5,private,F,True,1,7313.565926586265,0.9068648719149407,3656.7829632931325
ENG_ELEC,RUH,IC4,semigov,M,True,1,7313.537938081304,1.0164213617739861,3656.768969040652
SALES,HAI,M1,startup,F,True,1,7307.245774421508,0.7716880966781152,3653.622887210754
HEALTH,RUH,IC6,mnc,M,False,1,7302.9865046091545,0.23975370307744637,3651.4932523045773
DESIGN,MAD,IC2,private,M,True,1,7291.507725793283,0.6419456638707994,3645.7538628966413
SWE,MAD,IC4,private,M,False,1,7290.8410046206955,0.6490387949230096,3645.4205023103477
HEALTH,JED,IC6,public,F,True,1,7286.159292143198,0.25606909469440364,3643.079646071599
SALES,EST,IC5,private,M,True,1,7268.1430051184725,0.24272289809440467,3634.0715025592363
HEALTH,RUH,M1,private,M,False,1,7265.005299241084,0.8290489052044702,3632.502649620542
HEALTH,BAH,D2,private,M,False,1,7258.687709999995,0.28377405273287437,3629.3438549999973
HEALTH,RUH,IC5,public,F,True,1,7255.960473094057,0.6457669791178378,3627.9802365470287
PM,EST,IC3,semigov,F,True,1,7242.0278293293395,0.6957507516931924,3621.0139146646698
ENG_MECH,RUH,M1,semigov,M,True,1,7231.47530908306,0.8571419624763458,3615.73765454153
SALES,RUH,M1,pif_backed,F,False,1,7230.204000692764,0.5742741951407102,3615.102000346382
MARKETING,RUH,D3,private,F,True,1,7229.4056571033725,0.09273195743244726,3614.7028285516863
OPS,EST,IC6,public,M,True,1,7228.901336171508,0.2908799242298159,3614.450668085754
DATA,RUH,M2,private,M,False,2,7202.901890699375,0.162401396450265,3601.4509453496876
SWE,MAK,IC4,mnc,F,False,1,7189.15316987513,0.5618795380536615,3594.576584937565
LEGAL,QAS,M3,semigov,M,False,1,7176.922093677462,0.2042395925089176,3588.461046838731
LEGAL,RUH,IC2,private,F,True,1,7176.486024086649,1.7941215060216622,3588.2430120433246
HEALTH,NOR,IC6,private,F,True,1,7171.5554196776375,0.44880397588359144,3585.7777098388187
DATA,RUH,IC4,private,M,True,2,7170.898995522455,0.18979488166538871,3585.4494977612276
EDU,RUH,M3,semigov,M,True,1,7120.324862254678,0.2445744345592186,3560.162431127339
FIN,JAZ,IC5,public,F,True,1,7119.138189911708,0.44586685191869385,3559.569094955854
OPS,MAK,M1,public,M,False,1,7108.142290000005,0.6339604692355172,3554.0711450000026
ENG_ELEC,QAS,IC3,mnc,M,True,1,7102.0283604626975,1.0730765475029687,3551.0141802313487
EDU,JED,D1,semigov,F,False,1,7100.082984257959,0.25690358753554393,3550.0414921289794
SALES,RUH,M1,mnc,M,False,1,7078.444813759044,0.8362241163976155,3539.222406879522
CUSTOMER,JED,IC3,pif_backed,F,True,1,7068.9674563390145,0.4071263540995615,3534.4837281695072
SALES,MAK,IC2,semigov,M,False,1,7063.3028883802945,0.471133733301603,3531.6514441901472
SUPPLY,JED,IC5,private,M,False,1,7061.847132874453,0.34909418098885725,3530.9235664372263
PM,EST,IC6,public,F,False,1,7061.031993863155,0.3236695273402633,3530.5159969315773
DESIGN,EST,IC3,semigov,F,False,1,7057.2159865980575,0.7514687625154594,3528.6079932990287
MARKETING,EST,M1,semigov,M,False,1,7039.428181409463,0.6003095752387544,3519.7140907047315
DESIGN,NJR,M2,pif_backed,M,True,1,7039.412290000006,0.6240055003940255,3519.706145000003
HR,MAK,IC4,semigov,F,True,1,7035.475761057093,1.3903992381595982,3517.7378805285466
DATA,ASR,IC5,pif_backed,M,False,1,7024.984550423633,0.30527032672138654,3512.4922752118164
MARKETING,RUH,IC5,startup,M,True,1,7022.871237210258,0.48325013433335706,3511.435618605129
HEALTH,EST,IC5,private,F,False,1,7019.703091565167,0.2839327354947582,3509.8515457825833
SUPPLY,EST,M2,private,F,False,1,7017.442491299895,0.3228378538502045,3508.7212456499474
CUSTOMER,EST,IC5,public,M,True,1,7013.2305278521835,1.2646180985825461,3506.6152639260918
OPS,RUH,IC5,private,F,False,1,6996.856326305722,0.3101741757210566,3498.428163152861
OPS,JED,M2,private,F,True,1,6980.233077530076,0.6022400405100816,3490.116538765038
HEALTH,EST,M3,private,F,False,1,6968.818209768124,0.37328828526461755,3484.409104884062
SWE,RUH,IC4,mnc,M,True,3,6962.337967921663,0.23132696503634556,3481.1689839608316
SUPPLY,QAS,D1,private,F,False,1,6959.797709999995,0.2753060578586735,3479.8988549999976
HEALTH,JED,IC5,semigov,F,False,1,6950.534670348661,0.28359458765045314,3475.2673351743306
SWE,HAI,IC4,private,M,False,1,6950.03276302345,0.6062474387713428,3475.016381511725
SWE,RUH,IC4,startup,M,True,1,6942.741792998533,0.43041962936525363,3471.3708964992666
SALES,MAK,IC6,semigov,M,False,1,6937.665045405798,0.6290960587927444,3468.832522702899
HEALTH,RUH,IC4,semigov,F,True,1,6936.148784850884,0.31434331866418214,3468.074392425442
HEALTH,JAZ,IC6,semigov,F,False,1,6931.512472594919,0.4246022273334501,3465.7562362974595
ENG_ELEC,JAZ,IC2,startup,M,True,1,6927.153787260278,1.4207914141678653,3463.576893630139
SWE,RUH,IC4,mnc,F,False,1,6915.278500426855,0.5416555507413964,3457.6392502134277
OPS,MAD,IC3,public,M,False,1,6905.929920976418,0.5107959000540252,3452.964960488209
ENG_CIVIL,JED,M3,semigov,M,False,1,6885.439044376368,0.7735144688396751,3442.719522188184
ENG_ELEC,JED,IC6,startup,M,False,1,6880.902013172821,0.32580676382640283,3440.4510065864106
HR,RUH,IC3,mnc,F,False,1,6874.695285631553,1.2290287624484326,3437.3476428157765
HR,RUH,IC4,mnc,F,False,1,6860.310483471914,0.7372167441073058,3430.155241735957
DATA,RUH,IC3,private,M,False,1,6859.563807135803,0.8128225347617251,3429.7819035679013
SWE,JED,M2,semigov,M,True,1,6840.478595581564,0.3494074329484279,3420.239297790782
PM,TAB,IC5,public,M,True,1,6825.7759522083,0.20950391895708373,3412.88797610415
ENG_MECH,JED,IC4,mnc,M,True,1,6823.610906867823,0.3184818650952547,3411.8054534339117
HR,JED,IC4,public,F,False,1,6801.592785045762,1.1501105513227845,3400.796392522881
HR,QAS,M3,public,F,True,1,6798.064013120831,0.2915863259019481,3399.0320065604155
SALES,JED,M2,semigov,M,True,1,6794.8072938808,0.22361799808597313,3397.4036469404
SWE,EST,IC4,private,M,True,4,6794.712724155217,0.31392515352208583,3397.3563620776085
SWE,ASR,IC4,private,M,False,1,6788.998983383666,0.7854419582004208,3394.499491691833
HEALTH,TAB,M1,private,M,False,1,6786.338995724269,0.29251486405265303,3393.1694978621344
HEALTH,HAI,IC4,private,F,False,1,6782.043060646018,0.37303079605685624,3391.021530323009
EDU,NOR,M2,private,F,False,1,6780.712290000007,0.5875981536797725,3390.3561450000034
CUSTOMER,JED,IC4,semigov,M,False,1,6774.830764029972,3.656102343218083,3387.415382014986
LEGAL,EST,IC5,public,F,True,1,6769.172319097959,0.47290835208649756,3384.5861595489796
CUSTOMER,MAD,D1,pif_backed,F,False,1,6752.161809615789,0.29664354508727925,3376.0809048078945
OPS,JED,D1,pif_backed,M,False,1,6739.7117327241285,0.2643755129447211,3369.8558663620643
PM,RUH,IC3,private,F,False,1,6735.849271845935,0.2705826483325387,3367.9246359229674
SALES,TAB,IC4,private,M,False,2,6730.672080975506,0.7992836493844723,3365.336040487753
SWE,RUH,IC4,pif_backed,M,True,1,6728.197032367898,0.20259600241036108,3364.098516183949
SWE,EST,IC4,pif_backed,M,False,2,6722.701211941421,0.22498453467083218,3361.3506059707106
EDU,JED,IC6,pif_backed,F,False,1,6721.257146920143,0.2880419445588744,3360.6285734600715
ENG_MECH,RUH,IC6,public,M,True,1,6715.532048207344,0.17701870472132886,3357.766024103672
SUPPLY,EST,IC5,mnc,M,False,1,6713.726800519394,0.9635582206485113,3356.863400259697
HEALTH,RUH,M1,public,M,True,1,6705.784549778566,0.29463853771716625,3352.892274889283
ENG_MECH,QAS,M1,public,M,True,1,6702.804860605167,0.21849759575904673,3351.4024303025835
PM,JAZ,IC5,public,M,True,1,6700.4522900000065,0.5766324947482658,3350.2261450000033
PM,EST,IC3,mnc,M,False,1,6699.783873272281,0.2917117182754266,3349.8919366361406
SALES,RUH,M3,private,F,False,2,6693.920267854304,0.37480390521958773,3346.960133927152
ENG_CIVIL,RUH,IC6,public,M,True,1,6689.618643351143,0.24223767381185943,3344.8093216755715
EDU,RUH,IC6,mnc,F,True,1,6681.298143422946,0.5753713260182607,3340.649071711473
HEALTH,EST,IC5,semigov,M,True,1,6657.56391102319,0.2558543844555471,3328.781955511595
MARKETING,JED,M4,mnc,M,True,1,6652.959786742929,0.30315108556097775,3326.4798933714646
OPS,EST,M1,private,M,False,2,6650.288342425139,0.6410589285590335,3325.1441712125693
SWE,RUH,M1,startup,M,False,1,6646.71143465481,0.5046409267099893,3323.355717327405
ENG_MECH,ASR,IC4,public,M,False,1,6637.50645074796,0.42267446174715206,3318.75322537398
FIN,QAS,IC4,mnc,M,True,1,6603.506336490613,0.30224611357644265,3301.7531682453064
PM,TAB,IC1,pif_backed,M,False,1,6599.083582284735,0.613121088002967,3299.5417911423674
SWE,RUH,M1,pif_backed,M,True,2,6586.125448301973,0.19157083811690467,3293.0627241509865
ENG_CIVIL,EST,IC3,public,M,False,1,6584.438122857715,2.3182682177765668,3292.2190614288575
SWE,RUH,IC5,private,M,True,5,6580.164414329236,0.20385287585593953,3290.082207164618
ENG_CIVIL,MAK,IC5,private,M,True,1,6573.9246188682155,1.0703945751618418,3286.9623094341077
MARKETING,JED,D3,private,M,False,1,6571.875225112213,0.0963822986575183,3285.9376125561066
EDU,EST,M3,private,F,False,2,6571.499997226989,0.3085477542229391,3285.7499986134944
SWE,EST,IC3,semigov,F,False,1,6565.544258787284,0.6252309790588586,3282.772129393642
SWE,JAZ,IC3,private,F,True,1,6555.532077848697,0.37583349306720576,3277.7660389243483
SUPPLY,EST,IC6,private,M,False,1,6553.395792593141,0.5917014920841696,3276.6978962965704
PM,MAK,M1,private,M,True,1,6532.86328920901,0.25579398576752566,3266.431644604505
SWE,EST,IC5,private,M,True,2,6530.994582202915,0.22615906166273161,3265.4972911014574
CUSTOMER,MAD,IC3,mnc,M,True,1,6524.776812057137,0.48421564860824146,3262.3884060285686
SWE,RUH,IC2,semigov,M,True,2,6520.695475586397,0.3895125942669717,3260.3477377931986
SWE,TAB,IC3,public,F,False,1,6510.090257313186,0.7646470465551056,3255.045128656593
FIN,MAD,M1,public,M,True,1,6505.212281570959,0.46633315542552206,3252.6061407854795
ENG_MECH,RUH,M1,private,M,False,2,6492.994858096651,0.22582516429106855,3246.4974290483256
EDU,ASR,IC4,private,F,False,1,6492.400588412349,0.46805738528452256,3246.2002942061745
HEALTH,RUH,IC5,startup,F,False,1,6484.918858687164,0.6394147540206395,3242.459429343582
PM,RUH,M2,mnc,M,False,1,6474.861253083211,0.21444610292849273,3237.4306265416053
SWE,RUH,IC4,public,M,True,3,6468.552742972036,0.42320114720013996,3234.276371486018
PM,EST,IC4,private,M,True,1,6464.349517099343,0.40551413684228854,3232.1747585496714
DATA,RUH,IC3,semigov,M,True,1,6462.511080539258,0.29352129021696954,3231.255540269629
HR,RUH,M2,semigov,F,False,1,6460.6808183677385,0.6092079545469129,3230.3404091838693
FIN,RUH,IC4,private,F,True,2,6456.862447144078,0.24983795182810525,3228.431223572039
PM,RUH,IC2,pif_backed,F,False,1,6456.847050839759,0.38153458006210106,3228.4235254198793
SWE,EST,IC2,startup,M,True,2,6449.312969296728,1.2545363130446208,3224.656484648364
SUPPLY,RUH,M1,private,F,False,1,6437.755604719633,1.13473219703979,3218.8778023598165
OPS,RUH,M1,pif_backed,M,False,1,6435.026236872625,0.7498920599016958,3217.5131184363127
ENG_MECH,RUH,IC5,private,M,False,2,6429.594036507886,0.23843064424500215,3214.797018253943
ENG_MECH,EST,IC4,private,F,False,1,6415.820141133696,0.288160827584344,3207.910070566848
DATA,JED,IC4,mnc,M,False,1,6404.102131992211,0.2520053915068852,3202.0510659961055
DATA,ASR,IC3,semigov,M,True,1,6400.772137016102,0.6594587050428186,3200.386068508051
HEALTH,NOR,IC5,private,M,False,1,6396.652290000005,0.536462233840472,3198.3261450000027
OPS,EST,IC3,pif_backed,M,False,2,6392.41088175135,0.6673931952571306,3196.205440875675
SWE,RUH,IC5,private,M,False,2,6385.619741492243,0.3134476336715381,3192.8098707461213
DATA,EST,IC2,public,M,True,1,6370.28406586788,1.5354669987822578,3185.14203293394
DESIGN,EST,IC5,public,M,False,1,6369.223227076516,0.48002080296673333,3184.611613538258
LEGAL,RUH,IC4,public,M,True,1,6362.538357927791,0.2693525568940204,3181.2691789638957
MARKETING,NJR,M2,mnc,F,True,1,6362.288496157598,0.34839385755913027,3181.144248078799
DESIGN,RUH,M3,private,M,True,1,6360.62660966301,0.1645649176897623,3180.313304831505
FIN,ASR,VP,private,M,False,1,6352.417910678865,0.15245373675906565,3176.2089553394326
DESIGN,RUH,IC4,private,M,False,1,6350.210929677889,0.4382260460265528,3175.1054648389445
CUSTOMER,TAB,IC2,semigov,F,False,1,6348.309358953861,0.5995990928014648,3174.1546794769306
HEALTH,MAK,M4,private,F,False,1,6347.957494835187,0.424781885944844,3173.9787474175937
SWE,EST,IC4,public,F,True,2,6340.773893981846,0.4289572587134306,3170.386946990923
SALES,TAB,M4,public,F,True,1,6339.962290000007,0.5291918916302051,3169.9811450000034
SWE,JED,IC4,private,M,False,1,6334.5051644754,0.2975301035906211,3167.2525822377
SALES,ASR,IC4,private,F,False,1,6331.540022134451,0.9670326683051491,3165.7700110672254
DESIGN,EST,IC4,private,M,False,1,6330.357240547766,0.7069407208989998,3165.178620273883
FIN,JED,IC3,public,M,False,1,6328.758674250301,0.9904439677878721,3164.3793371251504
CUSTOMER,RUH,IC5,pif_backed,F,False,1,6324.528390126867,0.24477860456606582,3162.2641950634334
FIN,MAK,IC4,semigov,F,True,1,6315.504894526624,0.2665079236842513,3157.752447263312
PM,TAB,M2,private,M,False,1,6305.958173060248,0.5883960524260299,3152.979086530124
MARKETING,MAK,IC3,private,M,True,1,6305.195825247976,1.576298956311994,3152.597912623988
MARKETING,ASR,M4,public,F,False,1,6288.834614363157,0.4552801370844912,3144.4173071815785
SALES,JED,M1,private,M,False,2,6286.912832217616,0.785268300246417,3143.456416108808
DATA,JED,M3,private,M,False,1,6262.928175193334,0.20605092523925225,3131.464087596667
OPS,RUH,M1,private,M,True,2,6261.86910512785,0.398757387723426,3130.934552563925
HEALTH,ASR,D1,startup,F,False,1,6261.622383053989,0.2579010066264205,3130.8111915269947
HEALTH,JED,IC5,private,M,False,1,6258.268640360822,0.6895259619246425,3129.134320180411
HEALTH,RUH,IC3,mnc,M,False,2,6256.0050984187765,0.39471641509987315,3128.0025492093882
DESIGN,RUH,IC2,private,F,False,1,6234.974119243935,1.4328464743428493,3117.4870596219675
HEALTH,HAI,IC5,public,F,False,1,6225.9322504951615,0.30257268556811534,3112.9661252475807
PM,EST,M1,private,M,True,2,6221.494405535364,0.20609132854340093,3110.747202767682
EDU,JED,IC3,semigov,M,True,1,6220.711584150912,1.2712686472246622,3110.355792075456
CUSTOMER,RUH,M1,private,M,False,1,6216.669164408575,1.102621666313457,3108.3345822042875
FIN,EST,IC5,private,F,False,1,6203.979475707092,0.19804360982301764,3101.989737853546
ENG_CIVIL,RUH,IC5,public,M,True,1,6201.565259999374,0.26779954390563804,3100.782629999687
HR,JED,IC5,private,F,True,1,6191.482037188551,0.5498842355275672,3095.7410185942754
HEALTH,EST,IC4,public,M,True,1,6171.623498109402,0.2802745649443505,3085.811749054701
ENG_CIVIL,RUH,M2,semigov,M,True,1,6159.381490105856,0.2836448285851451,3079.690745052928
DATA,JED,IC4,private,M,True,1,6145.905004836903,0.2647347681397121,3072.9525024184513
DATA,ASR,IC3,private,F,True,1,6137.529124473338,0.6319694313046915,3068.764562236669
EDU,RUH,IC6,mnc,M,True,1,6137.491333663707,0.2622067321396359,3068.7456668318537
ENG_ELEC,JED,IC6,mnc,M,False,1,6136.3666282747035,0.2721168963265839,3068.1833141373518
SWE,MAD,IC2,semigov,M,False,1,6136.218800273457,0.9818688445808658,3068.1094001367287
DATA,JED,IC1,private,M,True,1,6123.209193703859,1.5308022984259646,3061.6045968519293
DATA,RUH,IC2,startup,M,False,1,6119.257630684375,0.3255379678478625,3059.6288153421874
SALES,EST,M3,semigov,M,False,2,6109.615449014218,0.31142383876927715,3054.807724507109
SUPPLY,TAB,IC4,private,M,False,1,6107.302493891203,1.4326100251676501,3053.6512469456015
ENG_MECH,EST,IC4,pif_backed,M,True,1,6104.7596702507835,0.5908439936481319,3052.3798351253918
OPS,JED,IC5,semigov,M,True,1,6096.929320620158,0.4583319980349574,3048.464660310079
ENG_MECH,JED,IC5,mnc,M,False,1,6095.893981737587,0.2103815572556873,3047.9469908687934
SUPPLY,EST,IC6,private,F,False,1,6094.077621590053,0.46201801055714037,3047.0388107950266
HEALTH,EST,IC4,private,F,False,2,6088.844323549418,0.30829778672087566,3044.422161774709
SALES,EST,M3,mnc,F,False,1,6064.05861912117,0.1531520147634986,3032.029309560585
HR,EST,IC5,public,F,False,1,6041.5926024722685,0.24951463209482808,3020.7963012361342
PM,RUH,IC3,private,M,True,1,6032.998786702896,0.2751970369535411,3016.499393351448
OPS,EST,IC4,semigov,M,False,1,6030.249884093837,0.8741506932892996,3015.1249420469185
SWE,QAS,IC3,semigov,M,False,1,6028.322816815484,0.7163875958943592,3014.161408407742
DESIGN,MAK,IC1,mnc,F,True,1,6017.129806830635,0.47990494680089957,3008.5649034153175
MARKETING,RUH,IC4,private,F,True,1,6016.017665092976,0.7989876772307742,3008.008832546488
PM,RUH,M3,private,M,False,2,6007.718324763733,0.179423929485295,3003.8591623818666
EDU,MAK,IC3,private,M,True,1,5999.32672000439,0.45169258568850124,2999.663360002195
ENG_CIVIL,JED,IC5,pif_backed,M,False,1,5979.8733476654415,0.2631460679804934,2989.9366738327208
ENG_ELEC,NJR,IC5,private,M,False,1,5971.092290000006,0.4835154854554867,2985.546145000003
EDU,EST,IC4,public,F,True,3,5966.447343079265,0.3307155704728621,2983.2236715396325
SUPPLY,RUH,IC3,public,M,False,1,5946.491994881686,1.6308514212908292,2973.245997440843
PM,JED,M2,pif_backed,F,False,1,5934.423770647514,0.2892302691758556,2967.211885323757
ENG_ELEC,ASR,M2,private,M,True,1,5918.849419255093,0.23860497875338096,2959.4247096275467
SALES,MAD,IC4,private,F,False,1,5907.669300932993,0.9170039086504004,2953.8346504664964
DESIGN,JED,IC5,pif_backed,M,False,1,5901.585482520204,0.18723452700355186,2950.792741260102
DESIGN,EST,IC2,private,M,False,1,5891.086480593652,1.3435061736506186,2945.543240296826
ENG_CIVIL,MAD,M3,pif_backed,M,False,1,5890.404035770316,0.47399972284347464,2945.202017885158
HR,EST,M1,private,F,True,1,5887.836431657641,0.24723112476312897,2943.9182158288204
ENG_ELEC,RUH,IC3,semigov,M,False,1,5880.942469473606,0.8328000494889447,2940.471234736803
FIN,RUH,IC4,private,M,True,5,5872.019706617641,0.2276024796000649,2936.0098533088203
ENG_ELEC,TAB,IC4,public,M,False,1,5868.5578178002415,0.7160873496914993,2934.2789089001208
SALES,EST,IC4,private,F,True,1,5868.110029626641,0.4466394610610945,2934.0550148133207
SALES,MAK,IC4,private,M,False,1,5855.852899342441,0.6610351849040019,2927.9264496712203
ENG_CIVIL,ASR,IC4,private,M,False,1,5844.362543302399,0.3587248101560208,2922.1812716511995
HR,RUH,M4,mnc,M,True,1,5838.366990547431,0.2724398535388324,2919.1834952737154
SWE,RUH,M4,private,M,True,1,5835.8906463763415,0.09091854764365027,2917.9453231881707
SUPPLY,RUH,IC4,startup,F,True,1,5804.077066016238,0.3309484001056146,2902.038533008119
CUSTOMER,RUH,M4,mnc,F,True,1,5789.806687758824,0.1998751925117426,2894.903343879412
SWE,EST,IC5,private,M,False,1,5777.631699561303,0.39799486111389887,2888.8158497806517
DESIGN,RUH,M1,private,F,True,1,5751.91247164374,0.21119390523167206,2875.95623582187
DESIGN,BAH,IC4,semigov,F,False,1,5749.359606998652,0.2809639459647936,2874.679803499326
CUSTOMER,BAH,M2,private,F,False,1,5749.162290000006,0.4573258599376678,2874.581145000003
OPS,MAD,IC4,private,M,False,1,5746.060149003666,0.3270967845119453,2873.030074501833
OPS,RUH,IC3,public,F,False,1,5744.039842176502,1.0167953894342703,2872.019921088251
EDU,RUH,IC6,semigov,F,True,2,5741.504384862003,0.5359271361798253,2870.7521924310013
SWE,NOR,IC4,private,M,True,1,5727.5387759807,0.48242183606113137,2863.76938799035
HEALTH,QAS,IC3,pif_backed,F,False,1,5726.883017970587,0.380584479782197,2863.4415089852937
SWE,RUH,IC3,semigov,M,False,2,5712.987210039967,0.2599169493182271,2856.4936050199835
HEALTH,EST,IC3,startup,M,False,1,5710.396687782079,0.9230221764970719,2855.1983438910397
SWE,RUH,IC4,public,M,False,3,5705.606824661017,0.3617170342370039,2852.8034123305083
ENG_MECH,EST,M3,mnc,F,False,1,5699.12270264592,0.195265578172592,2849.56135132296
ENG_MECH,RUH,IC5,private,F,True,1,5694.847506358645,0.39949516393480267,2847.4237531793224
ENG_MECH,QAS,IC4,private,M,True,1,5694.405121409,0.2907211772506697,2847.2025607045
CUSTOMER,NJR,M1,pif_backed,F,False,1,5690.44205836027,1.254412600986758,2845.221029180135
LEGAL,JED,IC2,public,M,True,1,5681.821005890261,1.1342793956488497,2840.9105029451307
OPS,RUH,IC6,private,M,False,2,5677.891947876026,0.6387334520625008,2838.945973938013
MARKETING,RUH,IC3,private,F,True,1,5672.3068308301845,1.418076707707546,2836.1534154150922
HEALTH,JED,IC5,private,F,False,1,5663.077895292941,0.5964682042786438,2831.5389476464707
HR,RUH,IC3,startup,F,False,1,5656.773414552183,0.34060984758662405,2828.3867072760913
ENG_CIVIL,HAI,M1,mnc,F,False,1,5654.592290000006,0.44644466963475793,2827.296145000003
HEALTH,EST,M1,semigov,M,False,1,5651.5835502049085,0.5623348716300365,2825.7917751024543
DESIGN,RUH,IC3,public,M,False,1,5649.605226127282,0.29417305176804015,2824.802613063641
HEALTH,EST,IC4,pif_backed,F,False,1,5648.024750454988,0.5657189397278579,2824.012375227494
FIN,QAS,IC3,private,M,True,1,5646.863036269149,0.3616603241424305,2823.4315181345746
EDU,JED,M2,public,F,True,3,5639.540772213357,0.22922736084129067,2819.7703861066784
CUSTOMER,EST,IC6,mnc,F,False,1,5635.836330607822,0.7225375613274541,2817.918165303911
DATA,NJR,IC3,semigov,M,True,1,5632.858854460238,0.5162933784343112,2816.429427230119
FIN,EST,IC3,semigov,M,False,1,5630.076375541072,0.6058327424525962,2815.038187770536
OPS,RUH,IC3,mnc,M,True,1,5625.687558409332,0.2644613314721918,2812.843779204666
FIN,RUH,M1,public,F,True,1,5603.678883783077,0.46068640648804954,2801.8394418915386
DESIGN,RUH,IC5,mnc,M,True,1,5598.807440979039,0.27014908848587005,2799.4037204895194
OPS,MAD,IC5,private,M,True,1,5598.497357891094,0.6722959373889776,2799.248678945547
HEALTH,EST,IC3,semigov,F,False,1,5597.073325767061,0.8318703574107963,2798.5366628835304
SUPPLY,BAH,IC3,public,M,False,1,5593.892290000005,0.4395457591346585,2796.9461450000026
SWE,JED,IC4,public,M,False,2,5582.493232331263,0.4563705267854111,2791.2466161656316
SUPPLY,MAD,IC5,private,F,False,1,5580.561418405163,0.241094086289398,2790.2807092025814
FIN,JED,IC3,public,F,False,2,5575.139248924504,0.5398281634030986,2787.569624462252
HEALTH,RUH,IC6,semigov,F,True,1,5575.072033115801,0.19617680221220535,2787.5360165579004
SWE,MAK,IC3,semigov,M,False,1,5563.767246992424,0.39930321738121227,2781.883623496212
ENG_MECH,RUH,M1,public,M,False,2,5560.3985937471725,0.5344089383679103,2780.1992968735863
SALES,RUH,IC4,public,M,False,1,5545.196313118607,0.7648325101091702,2772.5981565593033
HEALTH,RUH,IC3,pif_backed,M,False,1,5544.534729847041,0.29998867737701007,2772.2673649235203
FIN,EST,M2,startup,F,False,1,5541.995526772458,0.27725642621943686,2770.997763386229
CUSTOMER,ASR,IC5,public,F,False,1,5533.112884278422,1.018439936512788,2766.556442139211
HEALTH,ASR,IC5,startup,M,True,1,5529.448458737001,0.3082301453919457,2764.7242293685003
SUPPLY,RUH,IC5,private,M,False,1,5517.045751858963,0.5352120168855675,2758.5228759294814
MARKETING,JAZ,IC3,private,M,False,1,5516.525634147275,3.0294767204740793,2758.2628170736375
EDU,ASR,M2,private,M,True,1,5505.27313441596,0.788176808338076,2752.63656720798
SWE,MAD,IC4,private,M,True,2,5504.251801208635,0.20778393254986605,2752.1259006043174
OPS,JED,M2,private,M,False,1,5504.169593181818,0.24431898594684529,2752.084796590909
ENG_MECH,TAB,M3,private,M,False,1,5491.6633579690715,0.40272947035254714,2745.8316789845358
SALES,RUH,IC4,startup,M,True,2,5469.4436204621325,0.2760428421980346,2734.7218102310662
MARKETING,QAS,IC3,mnc,F,True,1,5468.630576244418,1.299999661545656,2734.315288122209
HEALTH,JED,IC4,pif_backed,F,False,1,5468.250524386607,0.26960622552733543,2734.1252621933036
DESIGN,RUH,IC4,public,M,True,1,5466.660680124984,0.21782614108315698,2733.330340062492
SWE,EST,IC2,startup,F,False,1,5466.589663883422,0.29419876692474484,2733.294831941711
MARKETING,RUH,IC3,private,M,False,3,5460.038298667507,0.5523651307230663,2730.0191493337534
ENG_ELEC,EST,IC3,semigov,F,False,1,5459.81741410141,0.709642283370083,2729.908707050705
CUSTOMER,TAB,D1,public,F,False,1,5457.591000296303,0.5847771883691876,2728.7955001481514
SWE,EST,IC6,pif_backed,M,False,1,5449.730720749016,0.14287929696632642,2724.865360374508
DATA,MAD,M2,semigov,M,False,1,5447.015855669526,0.36264457843403014,2723.507927834763
FIN,EST,IC2,private,M,False,1,5445.822331219346,2.5266064754960107,2722.911165609673
DESIGN,RUH,IC1,mnc,M,False,1,5435.127599161451,0.4955666833062641,2717.5637995807256
DESIGN,EST,D1,private,F,True,1,5411.8144685826555,0.13584860515907674,2705.9072342913278
CUSTOMER,RUH,IC2,private,F,True,2,5410.284849742995,0.4072766412603249,2705.1424248714975
SALES,RUH,D1,public,M,False,1,5408.723202180019,0.2395994688664234,2704.3616010900096
HEALTH,NJR,IC5,pif_backed,F,True,1,5406.919575751799,0.2397152801479278,2703.4597878758996
OPS,EST,IC4,private,M,True,3,5398.7138373877515,0.3468364506774173,2699.3569186938757
HEALTH,RUH,IC4,mnc,M,True,2,5394.480758415979,0.3049268784300088,2697.2403792079895
ENG_MECH,TAB,IC5,public,M,False,2,5388.323056805873,0.49247894617765064,2694.1615284029367
SALES,MAD,IC4,public,M,True,2,5376.415328411097,0.7898204671855741,2688.2076642055486
FIN,JAZ,IC2,private,F,True,2,5366.448457796181,0.4172979391634286,2683.2242288980906
OPS,JED,IC3,private,M,False,2,5350.29252249731,1.2369181377007505,2675.146261248655
SWE,MAD,IC4,mnc,M,False,1,5348.2478280729665,0.3980292828268122,2674.1239140364833
OPS,EST,IC3,private,M,True,2,5342.344098059958,0.29549023719648815,2671.172049029979
ENG_ELEC,HAI,IC2,startup,M,True,1,5340.312962805632,0.4748168828236285,2670.156481402816
FIN,MAD,IC4,private,F,False,1,5332.4601141790035,1.2423634820870009,2666.2300570895018
SALES,NOR,IC3,mnc,M,True,1,5318.294326384433,0.47087220098741633,2659.1471631922163
CUSTOMER,BAH,M1,startup,M,True,1,5310.779530103198,0.3903945810088196,2655.389765051599
ENG_MECH,QAS,IC4,mnc,M,True,1,5305.914667314333,0.27275840327944223,2652.9573336571666
SALES,JED,IC3,private,F,False,1,5303.650678951233,1.4588383754091516,2651.8253394756166
EDU,EST,IC5,semigov,F,True,1,5301.120622301256,0.27651033342189824,2650.560311150628
MARKETING,EST,IC4,public,F,True,1,5297.204010044345,0.24407456635671318,2648.6020050221723
OPS,RUH,M1,semigov,M,False,1,5282.100198239454,0.5233071550879266,2641.050099119727
SWE,EST,M2,mnc,F,False,1,5278.567698732571,0.1572833987537442,2639.2838493662857
HEALTH,JED,IC4,private,F,False,1,5278.178956732345,0.608058513190937,2639.0894783661724
MARKETING,EST,IC2,semigov,F,True,2,5267.012748518315,0.37604979947320233,2633.5063742591574
DATA,RUH,M2,semigov,M,True,1,5262.790595607548,0.18132903642359116,2631.395297803774
HR,RUH,M2,private,M,True,1,5252.18672564543,0.39451593711445965,2626.093362822715
ENG_MECH,QAS,IC2,pif_backed,M,True,1,5251.903453124163,0.4763449785245517,2625.9517265620816
HEALTH,JED,IC4,private,M,False,3,5243.271414736398,0.2349162686749264,2621.635707368199
SWE,QAS,IC6,public,M,True,1,5240.466373407275,0.16436940220364857,2620.2331867036373
SUPPLY,EST,IC4,semigov,M,True,1,5238.151984024371,0.2235825344348674,2619.0759920121855
SWE,HAI,IC5,private,F,True,1,5234.888507088439,0.16171482865704756,2617.4442535442195
MARKETING,RUH,IC3,mnc,M,True,1,5221.1524791068005,0.23700235856564428,2610.5762395534002
HEALTH,RUH,IC3,mnc,F,True,3,5213.349607998499,0.45266778460452445,2606.6748039992494
SWE,EST,M1,pif_backed,M,False,2,5209.812319664008,0.1306040954494624,2604.906159832004
HR,BAH,IC4,public,F,False,1,5190.240767666526,0.8111208682289045,2595.120383833263
MARKETING,RUH,IC4,pif_backed,F,True,1,5184.649459815315,0.2344594839197997,2592.3247299076575
ENG_ELEC,JED,M1,semigov,M,False,1,5179.983283698282,0.21163581051662927,2589.991641849141
SWE,RUH,IC5,private,F,False,1,5179.726526021699,0.18232894674206024,2589.8632630108496
HEALTH,EST,IC4,semigov,M,True,2,5176.775913285701,0.27909874861655404,2588.3879566428504
SUPPLY,EST,IC5,public,F,True,1,5173.848749108999,0.6480182198277578,2586.9243745544995
ENG_CIVIL,TAB,IC3,public,M,False,1,5172.893839577251,1.395563629774771,2586.4469197886256
MARKETING,HAI,IC2,semigov,F,True,1,5172.750583790579,0.720816274788828,2586.3752918952896
LEGAL,HAI,IC5,private,F,True,1,5169.657709999996,0.22007833562082357,2584.828854999998
LEGAL,HAI,IC6,public,M,True,1,5164.447709999993,0.21990531393190565,2582.2238549999965
CUSTOMER,RUH,IC4,semigov,M,True,2,5157.335122299033,0.31697778399728715,2578.6675611495166
ENG_MECH,MAD,IC2,private,M,False,1,5150.457050845867,0.6195531734962875,2575.2285254229337
SALES,EST,M2,private,M,False,1,5148.085928266446,0.1664440421517495,2574.042964133223
FIN,RUH,IC4,mnc,M,True,1,5135.608379003986,0.6412200565110756,2567.804189501993
SWE,EST,IC3,semigov,M,False,2,5135.22167027417,0.40390636179290595,2567.610835137085
SALES,RUH,IC6,private,M,True,1,5118.185557231838,0.21560467831001373,2559.092778615919
SALES,JED,IC5,public,M,True,1,5116.955352711584,0.31656158978231386,2558.477676355792
OPS,JED,IC3,private,M,True,1,5116.808484261834,0.3217242401447803,2558.404242130917
OPS,RUH,M1,private,M,False,3,5113.770248101943,0.40707552896910154,2556.8851240509716
FIN,JED,M2,private,F,True,1,5094.269397855725,0.1634257866047899,2547.1346989278627
SALES,RUH,IC5,mnc,F,False,1,5093.6792164576855,0.4115316271920194,2546.8396082288427
LEGAL,EST,IC2,public,M,True,1,5084.725275488108,0.9958470397142358,2542.362637744054
SWE,MAK,IC3,private,M,False,2,5074.385037837965,0.4107567784410254,2537.1925189189824
SALES,EST,IC3,public,M,True,2,5062.808703088821,0.23811355681374677,2531.4043515444105
PM,NJR,M4,public,M,True,1,5058.184860661713,0.16345197636727568,2529.0924303308566
SUPPLY,MAK,IC2,mnc,M,True,1,5054.454314349706,0.38240564904382257,2527.227157174853
CUSTOMER,NOR,M3,public,F,False,2,5053.505377301086,1.022235394058285,2526.752688650543
DESIGN,MAD,IC4,private,F,False,1,5052.951328822719,0.5298233026798349,2526.4756644113595
DATA,JED,IC6,private,M,True,1,5050.412959485431,0.14682845818843124,2525.2064797427156
SUPPLY,RUH,IC3,semigov,M,True,1,5049.537244768522,0.251077107364867,2524.768622384261
HEALTH,JED,M2,mnc,M,False,1,5043.775287718516,0.18718224315917567,2521.887643859258
HEALTH,JED,M4,private,F,False,1,5037.348594797768,0.20626907282787604,2518.674297398884
SALES,RUH,IC2,private,F,False,1,5037.31943885639,0.8569915903537805,2518.659719428195
OPS,JAZ,IC4,private,M,True,3,5030.588448141363,0.35953890267106164,2515.2942240706816
CUSTOMER,RUH,IC3,startup,F,False,1,5021.186497834146,0.7736244829471742,2510.593248917073
SALES,RUH,IC5,pif_backed,M,False,1,5002.628283037902,0.5192130668164573,2501.314141518951
EDU,RUH,D1,public,M,True,1,4995.52558709398,0.2782669157953185,2497.76279354699
EDU,NOR,M3,public,M,True,1,4979.845192261042,0.2450254205667861,2489.922596130521
FIN,RUH,M1,public,M,True,1,4977.622545451097,0.20511425728219468,2488.8112727255484
HEALTH,RUH,M1,semigov,F,True,1,4975.679754443194,0.23541210910100444,2487.839877221597
EDU,EST,M2,private,F,True,3,4975.261237595969,0.27507785338102847,2487.6306187979844
CUSTOMER,JED,IC3,mnc,F,True,1,4974.712743899625,0.32969724714403564,2487.3563719498125
HR,JAZ,IC4,private,F,True,1,4966.3209902907165,0.33651333398996736,2483.1604951453583
SALES,RUH,M1,private,M,False,3,4959.595626765741,0.9085075213995962,2479.7978133828706
HEALTH,EST,IC3,pif_backed,M,True,1,4952.941213235725,0.3111093168852597,2476.4706066178624
ENG_CIVIL,QAS,D1,pif_backed,M,True,1,4948.62559327839,0.11109509784760006,2474.312796639195
HEALTH,RUH,IC2,mnc,F,False,1,4947.294549669388,1.0893357472568712,2473.647274834694
PM,JED,IC3,private,F,False,1,4945.958204456423,0.2066713803038932,2472.9791022282116
HEALTH,QAS,IC3,public,M,False,1,4942.205572814801,1.3649296637018382,2471.1027864074003
SALES,EST,IC4,mnc,M,True,3,4941.897053610241,0.2705950506943117,2470.9485268051203
CUSTOMER,RUH,IC4,semigov,F,True,2,4941.507990488419,0.4701863196385699,2470.7539952442094
EDU,QAS,IC5,private,M,True,1,4927.9740175921215,0.34648702056097175,2463.9870087960608
PM,RUH,IC5,mnc,F,False,1,4926.575249059391,0.22385353205440886,2463.2876245296957
ENG_ELEC,EST,IC2,pif_backed,M,False,2,4924.507471093413,1.12420049336807,2462.2537355467066
SALES,EST,M1,private,F,False,1,4922.743916542775,0.2983671031515808,2461.3719582713875
DATA,EST,M2,private,M,True,1,4916.644774354245,0.1380627798410477,2458.3223871771224
HR,JED,IC4,private,F,True,1,4912.271899141684,0.6140470358922232,2456.135949570842
SWE,RUH,IC3,private,M,True,5,4908.972965804882,0.46889739148327986,2454.486482902441
DATA,JED,IC5,private,M,True,1,4906.0151812543445,0.21743369561479095,2453.0075906271722
OPS,RUH,IC2,mnc,M,True,1,4905.618963554638,0.3863689963671435,2452.809481777319
OPS,RUH,M1,private,F,False,1,4903.733535209225,0.563466187343065,2451.8667676046125
SUPPLY,EST,IC4,semigov,F,False,1,4894.346249697234,0.6571250529928673,2447.173124848617
SWE,EST,IC3,private,M,True,3,4883.7062930212105,0.4146461454838204,2441.8531465106053
SALES,EST,IC4,private,M,False,3,4875.310654954024,0.5279284121123861,2437.655327477012
DATA,EST,M1,private,M,True,3,4870.136200602359,0.16126689378334305,2435.0681003011796
PM,JED,IC4,public,F,False,1,4864.122805375044,0.40228253227938443,2432.061402687522
SALES,EST,IC2,public,M,True,2,4863.612630345654,0.3165867147416244,2431.806315172827
CUSTOMER,RUH,IC4,mnc,M,False,2,4863.206356939775,0.30512121789696955,2431.6031784698876
FIN,RUH,IC4,semigov,F,True,2,4855.1716181228685,0.3595819602164063,2427.5858090614342
PM,EST,IC6,private,M,True,1,4851.221218882063,0.13651237669512903,2425.6106094410316
FIN,EST,IC2,public,F,False,1,4850.493588744819,1.1944086650442796,2425.2467943724096
CUSTOMER,MAK,IC3,public,F,False,1,4849.959310901995,1.4177105130407062,2424.9796554509976
DESIGN,JED,IC4,semigov,F,False,1,4845.735903372275,0.2440362913412391,2422.8679516861375
SALES,JED,IC4,mnc,M,False,1,4841.292078752067,0.7386954943593477,2420.6460393760335
HEALTH,RUH,IC4,private,M,True,3,4837.313028868735,0.41868922080301924,2418.6565144343676
SUPPLY,EST,M1,semigov,M,False,1,4827.537101482836,0.39855432610639446,2413.768550741418
HR,QAS,IC4,private,F,False,1,4817.476344167204,0.7449436892741815,2408.738172083602
SALES,EST,IC4,startup,M,False,1,4814.0362210391395,0.5653216661995779,2407.0181105195697
LEGAL,RUH,IC1,public,M,False,1,4801.2764165217395,0.4101302942091963,2400.6382082608698
SALES,TAB,M2,public,M,False,1,4800.4473052979865,0.4845256234958886,2400.2236526489933
HR,RUH,IC4,public,F,True,2,4796.133945964964,0.5619351882821293,2398.066972982482
MARKETING,EST,IC3,semigov,F,False,2,4793.128761225782,0.5174784864979618,2396.564380612891
HEALTH,JED,IC5,private,F,True,1,4786.016369312143,0.2166613340204729,2393.0081846560715
ENG_ELEC,JED,IC3,mnc,M,False,1,4785.365620183974,0.6646987374027994,2392.682810091987
DATA,MAD,IC6,private,F,False,1,4776.692290000006,0.3526866151348267,2388.346145000003
OPS,HAI,IC4,private,M,False,1,4772.558468763641,0.7771883905620832,2386.2792343818205
ENG_MECH,RUH,IC4,private,M,True,2,4758.936011508381,0.3355189021921306,2379.4680057541905
HR,TAB,IC4,private,F,False,1,4744.8474173945815,0.2577441106642995,2372.4237086972907
HR,MAD,IC6,public,F,True,1,4744.647709999994,0.2057070587689521,2372.323854999997
HR,RUH,M1,private,F,False,3,4742.656511264247,0.5060389067000199,2371.3282556321233
FIN,JED,IC3,semigov,M,True,1,4741.657631349775,0.36048446401621576,2370.8288156748877
CUSTOMER,JED,IC4,public,F,False,1,4740.565759456095,1.0443937201658702,2370.2828797280476
CUSTOMER,JAZ,IC1,semigov,F,False,1,4739.829503914548,1.581260885375996,2369.914751957274
SUPPLY,MAD,IC3,private,M,False,1,4738.004050573463,0.4595640305199008,2369.0020252867316
EDU,MAD,IC6,public,F,True,1,4732.632290000005,0.34830037040607814,2366.3161450000025
ENG_CIVIL,RUH,M3,startup,M,False,1,4730.22677786311,0.301671279392446,2365.113388931555
SALES,JED,IC4,private,M,False,1,4724.446869482919,0.6596841620238434,2362.2234347414596
FIN,RUH,IC4,public,M,True,3,4723.052339387764,0.2102851691984103,2361.526169693882
ENG_ELEC,RUH,IC4,private,M,False,1,4719.030691388027,0.25062899509463066,2359.5153456940134
SWE,ASR,IC3,private,M,False,1,4710.463316908603,0.4736052206982932,2355.2316584543014
CUSTOMER,RUH,IC4,semigov,M,False,1,4710.221215830856,1.1139224821640903,2355.110607915428
FIN,RUH,IC4,public,F,True,6,4702.378456954341,0.23693667005321525,2351.1892284771707
HEALTH,RUH,IC4,public,M,False,2,4694.117915433342,0.5928405904526223,2347.058957716671
ENG_MECH,JED,M4,private,M,False,1,4683.012133604385,0.15723474833958404,2341.5060668021924
SALES,EST,M3,public,F,False,1,4677.420669327421,0.16981483857704627,2338.7103346637105
HEALTH,RUH,M5,semigov,M,False,1,4677.299500953937,0.12195705730634104,2338.6497504769686
SUPPLY,EST,M2,pif_backed,F,False,1,4675.660250949593,0.23295671507909413,2337.8301254747967
SALES,EST,IC3,semigov,M,True,3,4666.860825299637,0.5196918638899691,2333.4304126498187
HEALTH,MAK,M1,private,M,True,1,4653.135588039348,0.2815561917890216,2326.567794019674
ENG_CIVIL,QAS,IC4,public,M,False,1,4649.645523232496,0.8571470355627914,2324.822761616248
FIN,HAI,M2,startup,F,True,1,4646.530649406341,0.2536214795702104,2323.2653247031703
HEALTH,RUH,IC2,private,F,True,1,4641.655128549301,0.35805680956699065,2320.8275642746503
CUSTOMER,RUH,IC4,public,F,True,2,4628.499586760011,0.802894177040055,2314.2497933800055
HEALTH,RUH,IC5,semigov,F,False,2,4625.877865752693,0.1992147942262285,2312.9389328763464
EDU,RUH,IC3,semigov,F,True,1,4615.153621679934,0.34381226476313015,2307.576810839967
EDU,EST,M2,private,M,True,1,4612.323418285965,0.4235693980892928,2306.1617091429825
CUSTOMER,RUH,M2,startup,F,True,1,4611.5330162259,0.3004453723812381,2305.76650811295
SWE,EST,IC3,semigov,M,True,1,4609.634452934632,0.18343467289470658,2304.817226467316
MARKETING,RUH,IC4,private,M,True,1,4607.890815101748,0.4948979426130057,2303.945407550874
SWE,TAB,IC5,public,M,False,1,4606.056097032815,0.22708019624660702,2303.0280485164076
ENG_MECH,EST,IC3,public,M,False,3,4603.535327919611,0.6249152461417967,2301.7676639598053
OPS,JED,IC4,private,M,False,1,4595.120875519475,0.4616040772299536,2297.5604377597374
SALES,MAK,IC5,private,F,True,1,4592.423300709816,0.6073139810456444,2296.211650354908
SWE,QAS,IC4,private,M,False,1,4591.455537808421,0.34479524512189946,2295.7277689042103
SWE,QAS,IC5,private,F,False,1,4585.447519237918,0.2780184656114062,2292.723759618959
CUSTOMER,RUH,IC5,public,F,True,1,4584.606786045377,0.23105230223151543,2292.3033930226884
ENG_CIVIL,JED,IC3,private,M,True,1,4584.535612687281,0.35292969888138676,2292.2678063436406
ENG_MECH,EST,M1,semigov,M,True,1,4578.279167636796,0.287445654714361,2289.139583818398
ENG_CIVIL,EST,IC4,public,M,True,3,4573.143400926533,0.23580090272070917,2286.5717004632666
DESIGN,TAB,IC5,semigov,M,False,1,4568.999874262128,0.45506516468221414,2284.499937131064
FIN,RUH,IC3,mnc,F,False,1,4567.747639489343,0.72506117477977,2283.8738197446714
DATA,JED,IC3,private,M,True,4,4556.002450592762,0.2909539080997612,2278.001225296381
CUSTOMER,RUH,IC5,private,M,False,1,4553.485717420412,0.7251142920372394,2276.742858710206
SUPPLY,JED,IC5,pif_backed,M,False,1,4552.643659927993,0.2531357348504499,2276.3218299639966
PM,RUH,IC3,mnc,M,False,1,4551.1944282423065,0.19918066013652355,2275.5972141211532
SALES,MAD,IC4,private,M,True,1,4549.121670368504,0.5508458230400335,2274.560835184252
SWE,EST,IC1,mnc,M,True,1,4548.449827369079,0.409715625967806,2274.2249136845394
SALES,RUH,IC4,private,F,False,1,4528.273448179994,0.4488669913532894,2264.136724089997
CUSTOMER,QAS,IC2,private,F,True,1,4523.979399678324,0.4384079053017483,2261.989699839162
CUSTOMER,JED,IC3,private,F,False,1,4521.959250088802,0.8726467080715341,2260.979625044401
CUSTOMER,MAK,IC4,private,F,True,1,4520.169367539397,0.7628733201027136,2260.0846837696986
ENG_MECH,RUH,IC3,semigov,M,True,1,4518.49279126558,0.2551764038545382,2259.24639563279
OPS,RUH,IC3,private,M,True,4,4512.196698469329,0.49120050058302833,2256.0983492346645
HEALTH,TAB,M2,public,F,False,1,4498.717883354839,0.20258134645810927,2249.3589416774194
FIN,RUH,M1,semigov,F,False,1,4493.070706533006,0.1753711680961816,2246.535353266503
ENG_ELEC,EST,M3,private,M,False,1,4488.375231096674,0.18757923206336513,2244.187615548337
DATA,RUH,IC5,pif_backed,M,True,1,4487.272205077097,0.1562807577041913,2243.6361025385486
MARKETING,HAI,IC4,public,F,True,1,4487.225302416453,0.3833452909430532,2243.6126512082265
HEALTH,EST,IC6,mnc,F,False,1,4487.214730615899,0.1603382962080896,2243.6073653079493
HEALTH,EST,M2,private,M,False,1,4480.095817257748,0.15294850822943523,2240.047908628874
SALES,RUH,IC3,private,M,True,4,4474.567810425124,0.24922278732389086,2237.283905212562
DESIGN,RUH,M2,public,M,False,1,4473.132942040957,0.20902168060216625,2236.5664710204783
FIN,JED,IC3,public,M,True,2,4468.946689948014,0.37520617878953466,2234.473344974007
SWE,RUH,IC3,semigov,M,True,3,4457.892874998487,0.22554662608101253,2228.9464374992435
HEALTH,ASR,IC4,public,F,True,1,4454.851611106837,0.6439210113303283,2227.4258055534183
SALES,EST,M2,private,F,False,3,4454.733708724044,0.22212417451162558,2227.366854362022
CUSTOMER,JAZ,IC4,private,F,False,1,4449.695480303158,2.0270852984361483,2224.847740151579
HR,EST,M2,private,M,False,1,4449.187891409962,0.3048067474889932,2224.593945704981
FIN,RUH,IC4,mnc,F,False,1,4443.523169189419,0.1839776209351827,2221.7615845947093
HR,EST,IC3,private,F,False,1,4442.203204278618,0.30820702101766234,2221.101602139309
EDU,MAK,IC4,public,M,False,1,4441.55493384211,0.8469219128856978,2220.777466921055
OPS,JED,M1,pif_backed,M,False,1,4438.690317673787,0.2623755014194794,2219.3451588368935
SALES,HAI,IC1,mnc,F,False,1,4435.471855981553,0.703056640520532,2217.7359279907764
HR,JED,IC2,public,F,True,1,4421.889189260968,0.6002480312621363,2210.944594630484
HR,EST,IC4,public,F,True,1,4415.6372452704545,0.28173061923750736,2207.8186226352273
HEALTH,MAK,IC3,public,M,False,1,4409.980503845673,0.7197195046228185,2204.9902519228367
SALES,EST,IC2,private,M,False,1,4409.509289615112,0.39615990196557715,2204.754644807556
EDU,RUH,IC5,private,F,True,6,4409.4068374247645,0.26194164597789094,2204.7034187123822
ENG_ELEC,BAH,M5,private,F,False,1,4401.557709999994,0.19371365127510867,2200.778854999997
PM,MAD,IC4,private,F,True,1,4391.46643810543,0.32257509950252095,2195.733219052715
HR,JED,M1,private,M,False,1,4388.135166190525,0.5084768835765779,2194.0675830952623
ENG_ELEC,RUH,IC5,private,M,False,1,4386.804711520579,0.33678796626293656,2193.4023557602895
HEALTH,QAS,M2,private,M,False,1,4385.548828041159,0.2644048757778866,2192.7744140205796
SWE,RUH,IC3,private,F,False,2,4376.82909439796,0.46296134066010597,2188.41454719898
EDU,EST,IC3,private,M,True,1,4372.003689295823,0.30375670645856406,2186.0018446479116
SUPPLY,JED,M1,private,M,False,1,4370.117814964953,0.3499607858261657,2185.0589074824766
EDU,RUH,IC3,public,F,True,3,4368.327274385613,0.37680718610365654,2184.1636371928066
PM,EST,IC5,mnc,M,True,1,4367.489439037476,0.2552951253294572,2183.744719518738
DATA,MAD,IC3,public,M,True,1,4365.8124315486675,0.4066153204956215,2182.9062157743338
SALES,EST,IC3,mnc,F,False,1,4363.316855191974,0.7099383921692752,2181.658427595987
SWE,EST,IC3,mnc,M,True,1,4355.194659905956,0.3298902555990558,2177.597329952978
CUSTOMER,NJR,IC5,private,F,False,1,4350.184279803116,0.3115193753121769,2175.092139901558
PM,RUH,IC5,semigov,F,True,1,4350.1808230740135,0.19320020496463977,2175.0904115370067
SALES,QAS,IC3,private,F,False,1,4347.071953040539,0.8184279652301969,2173.5359765202693
CUSTOMER,MAK,IC3,private,M,True,1,4342.898380345374,1.0857245950863434,2171.449190172687
ENG_MECH,JED,M3,semigov,M,True,1,4337.491477652591,0.16443470280961517,2168.7457388262956
HEALTH,RUH,IC4,private,M,False,3,4324.387369485679,0.27888210529768215,2162.1936847428397
SUPPLY,MAK,IC2,public,F,False,1,4311.20012831557,1.869646916511876,2155.600064157785
SALES,MAK,IC3,public,F,True,1,4295.684548073039,0.41154169398565044,2147.8422740365195
ENG_MECH,RUH,IC4,private,M,False,2,4291.958360696868,0.5918059324801055,2145.979180348434
ENG_CIVIL,TAB,IC5,private,M,False,1,4290.410928711379,0.43303278912125764,2145.2054643556894
PM,RUH,IC2,private,M,True,3,4285.306022590364,0.3000552181660794,2142.653011295182
HEALTH,QAS,M2,private,F,True,1,4282.095372218595,0.25405022940655464,2141.0476861092975
CUSTOMER,TAB,IC6,public,F,True,1,4267.621069914554,0.35942220108497824,2133.810534957277
CUSTOMER,RUH,IC5,semigov,F,True,1,4267.272263092291,0.27007693335039795,2133.6361315461454
MARKETING,JED,IC4,private,F,True,2,4264.7585022043495,0.18035417071222204,2132.3792511021747
HEALTH,QAS,IC4,public,F,True,1,4259.1062296056125,0.5502699898586456,2129.5531148028062
MARKETING,EST,M1,public,F,True,1,4253.385640955847,0.17304598997115267,2126.6928204779233
CUSTOMER,EST,M2,startup,M,False,1,4250.037278664278,0.5774130598363528,2125.018639332139
EDU,TAB,IC3,public,F,False,1,4249.388429306969,0.4386968137053091,2124.6942146534843
EDU,EST,M2,public,F,True,1,4249.372030241706,0.2224615754827714,2124.686015120853
PM,RUH,IC5,private,M,True,1,4245.7941181233,0.13332787303541618,2122.89705906165
DATA,MAK,IC3,private,M,False,1,4235.481537762567,0.368553037999073,2117.7407688812837
LEGAL,RUH,IC3,private,M,False,1,4233.271801784185,0.44414515173032215,2116.6359008920926
EDU,JAZ,M3,semigov,F,False,1,4229.0923133417655,0.27899663109136597,2114.5461566708827
CUSTOMER,EST,M1,private,F,True,2,4228.942398760538,0.6761799443742349,2114.471199380269
ENG_MECH,EST,IC3,semigov,F,False,1,4226.295979249955,0.2862886407898165,2113.1479896249775
EDU,RUH,M3,private,F,True,4,4225.040840548183,0.19622140010240055,2112.5204202740915
ENG_ELEC,RUH,M2,mnc,M,False,1,4221.439584480046,0.2179646761788046,2110.719792240023
FIN,JED,IC4,private,F,True,1,4217.073732407609,0.2510627700965839,2108.5368662038045
SUPPLY,ASR,IC4,semigov,M,False,1,4216.707767325165,0.5386485419362755,2108.3538836625826
ENG_CIVIL,JED,IC4,startup,F,False,1,4216.238667785648,0.25865844281129424,2108.119333892824
SALES,QAS,IC4,private,M,False,1,4215.6605460346345,0.5334300754321036,2107.8302730173173
OPS,BAH,IC4,public,M,False,1,4213.555273261838,0.3048736654589461,2106.777636630919
EDU,NJR,IC4,private,F,True,2,4211.572425481871,0.2764484026496646,2105.7862127409353
EDU,RUH,M1,mnc,F,True,3,4210.920955789293,0.33377638715581953,2105.4604778946464
FIN,QAS,IC4,private,M,True,1,4210.1664783165415,0.2265744947651275,2105.0832391582708
HEALTH,JED,IC3,private,F,True,1,4208.837028222146,0.2652554263644826,2104.418514111073
SALES,EST,IC3,private,F,False,1,4203.781230332666,0.8457172232984017,2101.890615166333
EDU,RUH,IC5,public,M,True,2,4203.148352010561,0.19730737446196409,2101.5741760052806
HEALTH,QAS,IC3,semigov,M,True,1,4198.905846208435,0.816823527186581,2099.4529231042175
HEALTH,EST,IC2,pif_backed,F,True,1,4198.095950081326,0.3216436357374325,2099.047975040663
MARKETING,MAK,IC4,public,M,False,1,4197.764510063214,0.40087365469293096,2098.882255031607
ENG_MECH,JED,IC3,pif_backed,M,False,1,4185.841959412781,0.5102494977049828,2092.9209797063904
SWE,EST,D2,mnc,M,False,1,4170.368053423015,0.07624754851801221,2085.1840267115076
SALES,MAK,M3,public,M,True,1,4166.300297893264,0.26954045551339123,2083.150148946632
SALES,TAB,IC5,public,M,False,2,4162.640846353291,0.5259823191204347,2081.3204231766454
FIN,EST,IC5,public,F,True,1,4156.572843469534,0.29665289781727056,2078.286421734767
LEGAL,RUH,IC5,public,F,True,1,4151.668561432976,0.2642657993808466,2075.834280716488
ENG_MECH,JAZ,IC3,public,M,True,1,4151.088935324011,0.45597221115136405,2075.5444676620054
MARKETING,MAD,M3,public,F,False,1,4143.115795967596,0.6547844385917859,2071.557897983798
SALES,JED,IC4,pif_backed,M,True,1,4138.101728095395,0.502979971010128,2069.0508640476974
MARKETING,EST,IC3,private,F,True,2,4134.930414371231,0.22019330105541207,2067.4652071856153
SALES,JAZ,IC4,semigov,M,False,1,4133.352614672453,0.4661574237861489,2066.6763073362263
HEALTH,BAH,IC3,private,M,False,1,4133.30329556978,0.4863585204830729,2066.65164778489
CUSTOMER,NJR,M3,semigov,F,True,1,4131.51808120058,0.3345467125413438,2065.75904060029
HEALTH,QAS,IC4,startup,M,False,1,4115.816692938071,0.5160898674530497,2057.9083464690357
PM,RUH,M1,semigov,M,True,1,4102.777423350173,0.21647307675688396,2051.3887116750866
SALES,RUH,IC1,mnc,M,True,1,4096.785092572856,0.40559016044005,2048.392546286428
LEGAL,EST,IC4,public,M,True,1,4080.7253274515515,0.2786737302078859,2040.3626637257757
HEALTH,EST,IC2,private,F,False,1,4074.427041210762,1.0874011970329822,2037.213520605381
CUSTOMER,RUH,IC4,private,F,True,2,4072.9374026138776,0.6604880432412077,2036.4687013069388
ENG_CIVIL,JAZ,IC4,public,F,True,1,4072.2672307948305,0.31802785925495075,2036.1336153974153
ENG_MECH,ASR,IC4,private,F,False,1,4068.9600936629377,0.2980431865562774,2034.4800468314688
ENG_MECH,JED,IC4,private,M,True,2,4068.434071642001,0.16807629842980398,2034.2170358210005
HR,JED,IC4,mnc,F,False,1,4064.146547045315,0.47584578972979574,2032.0732735226575
ENG_ELEC,EST,M1,private,F,False,1,4063.6447994182854,0.1748462990536772,2031.8223997091427
ENG_CIVIL,RUH,IC4,public,M,False,1,4055.3849405410356,0.559219971226835,2027.6924702705178
DATA,RUH,IC4,public,M,True,1,4054.427700971035,0.20559863514813229,2027.2138504855175
EDU,RUH,IC6,private,M,True,1,4052.3861185121423,0.2967772214069461,2026.1930592560711
HEALTH,JAZ,IC2,private,M,False,1,4043.605749577772,1.5644451557354158,2021.802874788886
SWE,JED,IC4,semigov,M,True,1,4042.913719967295,0.27223010027999933,2021.4568599836475
SALES,MAD,IC4,private,M,False,1,4030.4617606537304,0.47300115486533684,2015.2308803268652
OPS,RUH,M1,public,M,False,1,4026.685378675482,0.29326852653464414,2013.342689337741
FIN,HAI,IC4,public,F,False,1,4026.0176380780695,1.1846594157583346,2013.0088190390347
DATA,EST,IC3,semigov,M,True,1,4024.1881844169275,0.30692916509995155,2012.0940922084637
SALES,RUH,IC5,private,F,False,1,4011.284946531452,0.32945816536060024,2005.642473265726
EDU,MAK,M1,public,M,True,1,4006.8970030786677,0.29632998438652625,2003.4485015393338
HEALTH,RUH,IC3,private,F,False,2,3998.7818353311222,0.2277151729757877,1999.3909176655611
SALES,RUH,IC3,mnc,F,False,1,3989.5425854110235,0.3665006279372581,1994.7712927055118
ENG_ELEC,TAB,M2,private,M,True,1,3989.380291562851,0.22197247289388852,1994.6901457814256
HEALTH,TAB,IC3,pif_backed,M,True,1,3973.850097497477,0.5956644213484164,1986.9250487487384
PM,JED,IC4,private,M,False,1,3971.815651760604,0.21227555050225935,1985.907825880302
MARKETING,RUH,M2,private,M,False,1,3967.635149870257,0.15931238618617963,1983.8175749351285
SWE,RUH,IC1,public,F,False,1,3964.3901341945348,1.4419949273961294,1982.1950670972674
HR,ASR,IC2,public,F,True,1,3963.575918407305,0.9908939796018262,1981.7879592036525
HR,RUH,IC5,public,F,True,3,3954.910643292253,0.4213142822891243,1977.4553216461265
DATA,HAI,IC3,private,F,True,1,3949.9699559430774,0.14578014769092001,1974.9849779715387
PM,JED,IC3,public,M,True,1,3949.3508975342374,0.17520347561162664,1974.6754487671187
ENG_ELEC,EST,IC5,private,M,False,1,3934.6138630683963,0.3136815125053133,1967.3069315341982
EDU,EST,IC4,mnc,F,True,1,3934.209561386773,0.47619912649673046,1967.1047806933866
CUSTOMER,RUH,IC4,startup,F,False,1,3930.8103682486685,1.0281735681119166,1965.4051841243343
HEALTH,MAK,IC4,private,M,True,1,3927.9115229503077,0.40857310564685173,1963.9557614751538
DATA,EST,IC2,pif_backed,M,False,1,3927.4221542862597,0.2667081923166322,1963.7110771431298
SWE,RUH,D2,private,F,True,1,3926.523862316375,0.05793561686141771,1963.2619311581875
HR,EST,IC2,mnc,F,True,1,3926.0389618173267,0.3040671451830563,1963.0194809086634
ENG_CIVIL,TAB,IC3,mnc,M,True,1,3921.910688620752,0.2865253797439588,1960.955344310376
HR,RUH,IC5,public,M,True,1,3917.721801518328,0.3743950101506983,1958.860900759164
ENG_ELEC,MAK,IC4,private,M,False,1,3907.55960555437,0.47358044449277914,1953.779802777185
CUSTOMER,JED,IC4,private,F,False,2,3896.452817971376,0.8701983155360614,1948.226408985688
DATA,RUH,IC1,private,F,False,1,3892.898883426915,2.1627216019038418,1946.4494417134574
OPS,JAZ,IC3,public,F,True,1,3888.9241804498033,0.78921743992471,1944.4620902249017
CUSTOMER,JED,IC4,private,F,True,1,3877.944144536419,0.854598135754014,1938.9720722682096
ENG_MECH,RUH,IC3,startup,M,False,2,3875.437152991512,0.5966287013241784,1937.718576495756
SALES,RUH,IC4,mnc,M,False,2,3874.1920105429544,0.34763680440597644,1937.0960052714772
HR,RUH,M1,private,M,True,1,3866.437024096398,0.19294233363456073,1933.218512048199
SALES,RUH,IC3,pif_backed,F,False,1,3860.8405716439192,0.18733750780090452,1930.4202858219596
SALES,EST,IC4,public,M,False,3,3852.2963545720013,0.17844251759383703,1926.1481772860006
ENG_MECH,TAB,IC4,private,M,True,1,3840.702094678956,0.31734074882683516,1920.351047339478
SALES,JED,IC3,public,M,False,2,3839.240850157877,1.5976789212766194,1919.6204250789385
SWE,RUH,IC3,public,M,True,1,3831.6958786329633,0.34880021033748215,1915.8479393164816
SWE,RUH,IC1,private,F,False,1,3827.8131417830136,0.3423596008277684,1913.9065708915068
SUPPLY,EST,IC4,private,M,False,1,3825.941237869123,0.41919348803364154,1912.9706189345616
MARKETING,JED,IC5,private,M,True,1,3823.0809083672484,0.38157165753767713,1911.5404541836242
EDU,QAS,IC4,private,M,True,1,3822.254023847914,0.31494886119587856,1911.127011923957
PM,EST,IC3,private,M,True,1,3817.919082983806,0.3033894101488854,1908.959541491903
ENG_MECH,RUH,IC2,semigov,M,False,1,3815.967435379598,0.6936130048785255,1907.983717689799
CUSTOMER,EST,IC3,public,F,False,1,3811.5495934386367,1.5807752991007082,1905.7747967193184
ENG_CIVIL,RUH,IC4,pif_backed,M,False,1,3809.1431033210247,0.39782173402830545,1904.5715516605123
CUSTOMER,JAZ,IC3,private,M,True,1,3805.0949333799163,0.3784985306446765,1902.5474666899581
SWE,RUH,M1,semigov,M,False,1,3804.3742071440356,0.19907214541637705,1902.1871035720178
FIN,EST,IC5,public,M,True,3,3797.7726605340736,0.19526136467954872,1898.8863302670368
OPS,RUH,IC4,public,M,False,1,3794.8233249579407,0.2539450867507395,1897.4116624789704
HEALTH,RUH,IC4,pif_backed,F,True,1,3793.3404475971656,0.18808979540052717,1896.6702237985828
HR,JED,IC3,private,M,False,1,3788.4484755454405,0.6312912903688552,1894.2242377727202
SWE,RUH,IC2,private,M,False,1,3785.7781291746487,0.40567182260565104,1892.8890645873244
HEALTH,TAB,IC4,private,M,False,1,3775.8181474767034,0.5012116934864169,1887.9090737383517
SALES,RUH,IC4,public,M,True,2,3767.5064729705246,0.3078594222825307,1883.7532364852623
PM,JED,IC4,semigov,F,False,1,3763.4764749171445,0.23074246226873613,1881.7382374585723
EDU,JED,IC3,public,F,False,1,3763.2487597413574,0.8135927288991945,1881.6243798706787
SALES,RUH,IC3,semigov,M,False,1,3762.9704474841947,0.71828176937385,1881.4852237420973
SALES,MAD,IC3,semigov,M,True,1,3760.419432288687,0.22800909219990814,1880.2097161443435
HR,RUH,IC3,semigov,F,False,1,3755.595059030584,0.2730495903836763,1877.797529515292
HEALTH,JED,M2,mnc,F,False,1,3745.295178319364,0.22128239010572648,1872.647589159682
ENG_MECH,NJR,IC6,mnc,M,False,1,3739.937118722246,0.25874146579658747,1869.968559361123
HEALTH,JED,M1,public,F,True,1,3730.8799712999535,0.17258074903194645,1865.4399856499767
EDU,RUH,M2,public,F,True,1,3726.4144618916107,0.30061499518727547,1863.2072309458053
ENG_MECH,RUH,M2,private,M,False,3,3725.913734097114,0.14338118086573542,1862.956867048557
CUSTOMER,QAS,IC4,private,F,True,1,3711.3644643739244,0.3911582738422836,1855.6822321869622
HEALTH,EST,M2,semigov,M,False,1,3710.660417422503,0.13343677040598922,1855.3302087112515
HEALTH,JED,M2,private,F,True,1,3704.971889389599,0.21297311513854272,1852.4859446947994
FIN,QAS,IC4,private,F,True,1,3704.805328916442,0.4142187154985691,1852.402664458221
OPS,JED,IC3,public,F,True,1,3701.972259248956,0.4586627142639915,1850.986129624478
ENG_CIVIL,EST,M3,semigov,M,True,1,3701.568429543502,0.12803547880176025,1850.784214771751
OPS,NJR,IC3,startup,F,True,1,3700.516121724546,0.9251290304311365,1850.258060862273
ENG_ELEC,EST,IC4,semigov,M,True,1,3700.4033974075173,0.2875779404675599,1850.2016987037587
ENG_CIVIL,RUH,IC3,private,F,False,1,3699.8449336632702,0.7078035616758563,1849.9224668316351
PM,EST,M1,private,F,False,1,3699.070125812952,0.12635425611112105,1849.535062906476
DESIGN,EST,IC4,mnc,F,False,1,3688.899717020242,0.19411910559757276,1844.449858510121
CUSTOMER,RUH,M4,private,M,True,1,3684.7972743681603,0.14097677119677157,1842.3986371840801
PM,RUH,IC3,semigov,M,False,1,3682.1026429932735,0.2740673182712114,1841.0513214966368
SALES,MAD,IC4,pif_backed,M,False,1,3678.184771033135,0.21542834415691012,1839.0923855165674
ENG_ELEC,RUH,IC4,public,M,True,2,3676.2114272577583,0.248658625373397,1838.1057136288791
MARKETING,RUH,IC4,private,M,False,3,3675.26761689938,0.6303076240884637,1837.63380844969
CUSTOMER,JED,IC4,semigov,F,False,1,3666.6824216574223,0.3104513933978637,1833.3412108287112
SALES,RUH,M2,private,F,False,1,3663.7576148102908,0.23874364669925438,1831.8788074051454
HEALTH,EST,IC2,public,M,True,1,3661.6542789416235,0.6769020541797608,1830.8271394708117
ENG_ELEC,RUH,M2,semigov,M,False,1,3658.296709733906,0.18873933124904071,1829.148354866953
MARKETING,EST,IC2,public,F,False,2,3656.470295654295,1.111768776662303,1828.2351478271476
SUPPLY,QAS,M2,semigov,M,False,1,3654.6608578736286,0.1947942136152006,1827.3304289368143
HEALTH,RUH,M4,private,M,True,1,3652.0693873424825,0.09528070454574462,1826.0346936712413
MARKETING,RUH,IC5,pif_backed,F,True,1,3650.537691430429,0.1590281669902854,1825.2688457152144
SALES,QAS,M2,public,M,True,1,3643.697709999993,0.1658931798769991,1821.8488549999965
HEALTH,RUH,IC4,public,F,False,4,3640.0787926185535,0.1797016696942892,1820.0393963092768
EDU,RUH,M3,semigov,F,True,1,3638.562453880997,0.21042966321311918,1819.2812269404985
SWE,ASR,IC4,public,M,True,1,3631.0990763017726,0.289525312345655,1815.5495381508863
FIN,QAS,IC4,private,F,False,1,3629.0804666522963,0.4177007821676333,1814.5402333261482
OPS,RUH,M2,semigov,M,False,1,3628.5773517922426,0.22464090425197394,1814.2886758961213
SUPPLY,JAZ,IC3,private,M,True,1,3626.755716825369,0.32039383770790064,1813.3778584126844
HEALTH,TAB,IC5,private,F,True,1,3625.8513465768774,0.1793232395125174,1812.9256732884387
ENG_ELEC,RUH,IC2,public,M,False,1,3624.6029225639722,0.6421682191236451,1812.3014612819861
DESIGN,RUH,IC3,private,F,True,1,3618.850476452664,0.2985914282363041,1809.425238226332
HEALTH,RUH,IC4,private,F,True,2,3616.4337550844357,0.3702252789041421,1808.2168775422178
OPS,NJR,IC4,private,M,True,1,3613.713129452877,0.6254522737969174,1806.8565647264386
MARKETING,RUH,D2,pif_backed,F,False,1,3606.9125005013484,0.09511779651790664,1803.4562502506742
HEALTH,MAK,IC3,mnc,F,False,1,3605.730413020113,0.634944717822944,1802.8652065100564
ENG_MECH,EST,IC4,mnc,M,True,2,3599.694867526423,0.15944324480393746,1799.8474337632115
HR,RUH,IC4,semigov,M,False,1,3592.7855750509298,0.19805306435818432,1796.3927875254649
ENG_ELEC,RUH,IC4,private,F,False,1,3586.33074546207,0.3703578637983347,1793.165372731035
CUSTOMER,RUH,IC4,private,M,True,2,3581.3926928217134,0.36318957678966046,1790.6963464108567
EDU,RUH,M2,mnc,F,True,1,3579.415538997411,0.1685975592223751,1789.7077694987056
PM,MAD,M2,semigov,F,True,1,3577.932290000006,0.24269524958131267,1788.966145000003
HR,JED,IC2,public,F,False,1,3573.5742445055785,0.43435723447821434,1786.7871222527892
CUSTOMER,RUH,IC5,semigov,F,False,1,3563.548756772474,0.24125647692320273,1781.774378386237
OPS,JAZ,IC4,public,M,False,1,3559.365332942295,0.6942786568661569,1779.6826664711475
FIN,NJR,IC2,startup,F,True,1,3553.18438769338,0.3472018999541107,1776.59219384669
MARKETING,EST,IC3,public,F,True,1,3543.883661515407,0.4092320021519343,1771.9418307577034
CUSTOMER,RUH,M2,public,F,True,2,3541.1321157086677,0.35413592568767377,1770.5660578543338
MARKETING,RUH,IC4,private,F,False,2,3540.414606026152,0.5666491338006628,1770.207303013076
CUSTOMER,RUH,M4,startup,F,False,1,3532.2829558348494,0.1404008399461197,1766.1414779174247
SALES,NJR,M3,private,M,True,1,3529.166746131532,0.23379830738629498,1764.583373065766
LEGAL,RUH,IC6,public,M,True,1,3528.2015586537855,0.16010927281296491,1764.1007793268927
FIN,EST,M1,mnc,F,False,1,3521.2278499517033,0.2465780217299332,1760.6139249758517
SALES,RUH,IC2,private,M,False,1,3499.6725326971255,0.9466582629892654,1749.8362663485627
EDU,MAK,IC3,semigov,F,True,2,3498.2114784687774,0.3248682091530195,1749.1057392343887
SWE,RUH,IC2,mnc,M,True,1,3494.4868241618324,0.4655318398817326,1747.2434120809162
HEALTH,RUH,IC2,startup,F,True,1,3494.269206157047,0.6997621324793676,1747.1346030785235
OPS,ASR,M3,private,M,False,1,3493.3378752057197,0.23548502156813406,1746.6689376028598
PM,EST,IC3,private,M,False,1,3492.033424976633,0.25955817741483667,1746.0167124883164
SALES,EST,M4,mnc,M,True,1,3490.06138561797,0.0866489561372319,1745.030692808985
OPS,ASR,IC2,semigov,F,True,1,3486.467038508701,0.7475833389102315,1743.2335192543505
HEALTH,JED,IC4,semigov,F,False,1,3484.618992272426,0.20614241367825645,1742.309496136213
CUSTOMER,NJR,IC5,public,F,True,1,3483.0495205962825,0.580350591522017,1741.5247602981412
SUPPLY,NJR,IC4,public,M,False,1,3480.3209235166305,1.222864374188919,1740.1604617583153
MARKETING,JED,IC3,pif_backed,M,True,1,3478.466024143472,0.23726644181055961,1739.233012071736
EDU,RUH,IC4,public,M,True,3,3476.5177480506427,0.5199485316645794,1738.2588740253213
OPS,JED,IC2,private,F,True,1,3474.0547289620463,0.8685136822405116,1737.0273644810231
EDU,MAK,IC4,private,M,False,1,3472.7903499287186,0.555314155997646,1736.3951749643593
EDU,JED,IC6,public,F,True,2,3471.561042615741,0.16433106200506992,1735.7805213078705
ENG_MECH,EST,M1,public,M,True,1,3462.391637249728,0.21902822672675415,1731.195818624864
FIN,EST,IC3,private,F,True,1,3457.7865814226316,0.18678208733615081,1728.8932907113158
CUSTOMER,RUH,IC3,private,M,True,2,3457.5619877796125,0.2819736572633692,1728.7809938898063
PM,RUH,IC4,public,F,False,1,3456.359325014644,0.16516891138025683,1728.179662507322
SUPPLY,NOR,IC4,mnc,M,False,1,3450.7816155783894,0.4102076506700192,1725.3908077891947
HEALTH,JED,IC4,mnc,M,False,2,3443.6545495899636,0.18883770356359963,1721.8272747949818
SALES,EST,M2,private,F,True,1,3432.348139339163,0.16595999664144784,1716.1740696695815
FIN,RUH,IC4,public,F,False,1,3432.1197988501735,0.408868003961089,1716.0598994250868
SALES,RUH,IC3,public,F,False,1,3427.549462015819,0.6890710113900275,1713.7747310079094
SUPPLY,EST,IC4,private,M,True,1,3426.5878208623017,0.25070294681724076,1713.2939104311508
HEALTH,NJR,IC3,private,M,False,1,3417.501156636212,0.3406627202605495,1708.750578318106
HEALTH,EST,IC3,public,M,True,1,3416.4095384537995,0.40686702764885,1708.2047692268998
CUSTOMER,RUH,IC2,pif_backed,F,False,1,3415.0549901905674,1.6084850294093997,1707.5274950952837
CUSTOMER,RUH,IC3,mnc,M,True,1,3410.0624372476886,0.477472054009038,1705.0312186238443
ENG_CIVIL,MAK,IC3,private,M,False,1,3406.206786635995,0.6393558752291846,1703.1033933179974
EDU,JAZ,M1,private,M,True,1,3403.182290000006,0.22813753013292043,1701.591145000003
MARKETING,MAD,IC1,private,F,False,1,3401.9512288530577,0.5833939936057349,1700.9756144265289
ENG_MECH,TAB,M2,public,M,True,1,3400.0844952086736,0.19845654231972853,1700.0422476043368
PM,JAZ,IC2,public,M,True,1,3399.945332770768,0.3785186471048166,1699.972666385384
ENG_ELEC,RUH,M1,public,M,True,1,3393.6592204391054,0.2527293052775465,1696.8296102195527
DESIGN,JED,IC3,private,M,True,1,3387.0129034540987,0.3644343653146421,1693.5064517270494
HEALTH,MAK,IC2,private,F,True,1,3385.9853818119645,0.8464963454529911,1692.9926909059823
CUSTOMER,RUH,IC4,private,F,False,1,3383.3214211321547,0.4513929976201261,1691.6607105660773
HR,QAS,IC2,private,M,False,1,3378.4955009959376,0.4529925572889781,1689.2477504979688
LEGAL,EST,IC3,private,M,True,1,3376.702329821219,0.20472307080279004,1688.3511649106094
LEGAL,EST,IC4,public,F,True,3,3372.2030118045436,0.18284908720164425,1686.1015059022718
EDU,JED,IC5,private,F,True,1,3369.694835045977,0.40558370044341135,1684.8474175229885
EDU,JED,M1,public,F,True,1,3367.733577688504,0.44729326027786753,1683.866788844252
SUPPLY,ASR,IC3,private,M,True,1,3363.8331956773636,0.42149759301880213,1681.9165978386818
ENG_ELEC,EST,IC4,private,M,False,2,3363.317442716956,0.27523854825275756,1681.658721358478
OPS,TAB,IC4,semigov,F,False,1,3362.037084430267,0.37132717455721953,1681.0185422151335
DATA,RUH,M1,private,M,False,2,3357.053199422033,0.11516822855320946,1678.5265997110164
ENG_CIVIL,RUH,M1,private,M,True,1,3355.886108031573,0.26572373042787034,1677.9430540157864
SUPPLY,RUH,IC3,mnc,M,False,2,3352.6478414314743,0.5047438659305901,1676.3239207157371
FIN,HAI,D1,mnc,F,False,1,3350.3777099999934,0.15460332382745415,1675.1888549999967
HEALTH,RUH,IC4,semigov,F,False,1,3349.8246123351328,0.36392387099854345,1674.9123061675664
ENG_MECH,JED,IC3,public,M,False,2,3341.072353179278,0.5089399145838365,1670.536176589639
EDU,RUH,IC3,public,F,False,1,3335.225919514871,0.6385639544084485,1667.6129597574354
HR,EST,IC2,public,F,True,1,3334.8642602105447,0.8337160650526362,1667.4321301052723
FIN,QAS,IC3,public,F,False,1,3316.629317967976,0.5032630504105271,1658.314658983988
DESIGN,JED,IC3,semigov,F,True,2,3311.1036491821396,0.29273744224224685,1655.5518245910698
HEALTH,JED,IC2,private,F,False,1,3309.041557342278,0.7235234114153632,1654.520778671139
HEALTH,JED,IC3,public,M,True,1,3307.9142598270155,0.3414600022943874,1653.9571299135077
CUSTOMER,RUH,IC2,private,F,False,1,3306.7142169458675,1.7621617880777973,1653.3571084729338
HEALTH,JED,IC4,pif_backed,F,True,1,3304.387153927304,0.28367563756676234,1652.193576963652
OPS,JED,IC4,public,M,True,1,3303.922202409678,0.21986469766958416,1651.961101204839
ENG_CIVIL,TAB,IC3,startup,M,False,1,3302.3928716211194,0.6069280946748707,1651.1964358105597
HEALTH,MAD,IC5,public,F,False,1,3301.4817156923637,0.16016689253124589,1650.7408578461818
HEALTH,MAD,M1,private,M,True,1,3299.9411861112403,0.16999744927733004,1649.9705930556202
ENG_MECH,RUH,IC5,mnc,F,False,1,3296.180124501796,0.13663823333856184,1648.090062250898
ENG_ELEC,TAB,IC2,semigov,M,True,1,3289.5880766624423,0.4558602809590675,1644.7940383312211
HEALTH,EST,IC3,public,F,False,1,3286.9191143262387,0.4126387199883297,1643.4595571631194
FIN,RUH,IC3,private,F,True,1,3283.790498884764,0.2699841730906909,1641.895249442382
DATA,RUH,IC1,startup,M,True,1,3282.5042421013513,0.8206260605253378,1641.2521210506757
MARKETING,RUH,M3,mnc,M,True,1,3278.9400583452334,0.12624029053681915,1639.4700291726167
SUPPLY,EST,IC4,private,F,False,2,3274.276942795732,0.5223581514579062,1637.138471397866
PM,QAS,IC4,public,M,True,1,3267.043012888067,0.2902678490065602,1633.5215064440335
SWE,EST,M2,public,F,True,1,3263.7301515612635,0.1072834579016087,1631.8650757806317
ENG_MECH,RUH,IC1,semigov,M,False,1,3258.768297662613,0.38283187653382855,1629.3841488313064
DATA,EST,IC1,private,F,True,1,3258.1341297925565,0.42371484693867006,1629.0670648962782
SALES,RUH,M3,private,M,False,1,3255.386300542981,0.17574254157494038,1627.6931502714906
HEALTH,RUH,IC4,pif_backed,M,True,1,3247.67028001612,0.22111225582018101,1623.83514000806
DATA,RUH,IC1,private,M,True,1,3247.2851373716085,0.6179972590072963,1623.6425686858042
DESIGN,BAH,M2,private,F,True,1,3243.237709999994,0.15040293299003946,1621.618854999997
MARKETING,EST,IC3,startup,M,True,1,3243.0269121273486,0.33132986634811196,1621.5134560636743
ENG_CIVIL,NOR,IC6,private,M,False,1,3241.4022900000055,0.21496107107756376,1620.7011450000027
EDU,RUH,IC4,mnc,M,False,1,3241.190631479849,0.255310366320852,1620.5953157399244
HEALTH,QAS,IC3,private,F,True,1,3240.063992810198,0.5784083004968498,1620.031996405099
SUPPLY,RUH,IC5,public,F,False,1,3230.7642176261797,0.30076002770677523,1615.3821088130899
OPS,RUH,IC3,public,M,False,2,3229.9096231241947,0.48070935795223174,1614.9548115620973
ENG_MECH,JED,IC5,semigov,M,True,1,3226.5250404635262,0.11659591852274412,1613.2625202317631
FIN,HAI,M4,public,M,True,1,3223.697709999993,0.1496323688319594,1611.8488549999965
HEALTH,EST,M1,private,F,False,2,3222.020497058773,0.16332812042700834,1611.0102485293864
FIN,MAD,IC4,semigov,M,True,1,3214.615204066413,0.2268889765388064,1607.3076020332064
HEALTH,MAD,IC5,semigov,M,True,1,3204.2874435380927,0.22084537066080825,1602.1437217690464
FIN,JED,IC3,public,F,True,1,3203.769145592376,0.3684924473839494,1601.884572796188
SALES,EST,IC2,private,F,True,1,3202.3506565649404,0.24904136235788354,1601.1753282824702
ENG_MECH,HAI,IC3,mnc,M,False,1,3195.615189842596,0.3236734667052836,1597.807594921298
SALES,RUH,M1,private,M,True,1,3193.036153127243,0.13350337028963769,1596.5180765636214
SWE,BAH,IC1,private,M,False,1,3191.877584905812,0.4205267041939414,1595.938792452906
HR,EST,IC2,private,M,False,1,3183.092813778603,0.897320749346298,1591.5464068893016
EDU,ASR,IC3,semigov,F,True,1,3181.503232999621,0.3062488793506376,1590.7516164998106
HEALTH,HAI,IC4,startup,M,False,1,3165.7494917920085,0.2113256756843434,1582.8747458960042
HEALTH,RUH,IC5,semigov,F,True,1,3160.440830838412,0.20257963479463545,1580.220415419206
SALES,RUH,IC2,pif_backed,M,True,1,3156.455937501876,0.36958072667878245,1578.227968750938
HEALTH,MAK,IC3,private,F,True,1,3155.221221495847,0.5421249156364748,1577.6106107479236
ENG_ELEC,RUH,IC3,public,M,True,2,3154.9988195948054,0.47095406681605184,1577.4994097974027
OPS,EST,IC4,public,M,True,1,3150.2191675098948,0.157688278845056,1575.1095837549474
SALES,RUH,M1,public,M,True,1,3146.217525880824,0.1879500184221787,1573.108762940412
FIN,RUH,IC3,public,M,True,4,3143.3209629922426,0.46065736007491803,1571.6604814961213
OPS,TAB,IC2,private,M,False,1,3134.301461215171,1.741278589563984,1567.1507306075855
CUSTOMER,JED,M1,private,M,False,2,3128.6513983548175,0.5190115899483204,1564.3256991774088
CUSTOMER,RUH,IC6,public,F,True,1,3118.4978700574284,0.2361485809915921,1559.2489350287142
SALES,NJR,M2,pif_backed,M,False,1,3108.657234616965,0.17168783690988376,1554.3286173084825
MARKETING,RUH,M3,mnc,F,False,2,3106.3127647341753,0.08710817325896583,1553.1563823670876
HEALTH,JAZ,M2,private,F,False,1,3105.5881380661613,0.18891691347334838,1552.7940690330806
CUSTOMER,RUH,IC4,pif_backed,M,False,1,3103.829385486807,0.47930407299393224,1551.9146927434035
HEALTH,EST,D2,private,F,False,1,3102.751615933601,0.06808955043328217,1551.3758079668005
ENG_ELEC,ASR,IC1,semigov,M,True,1,3101.652599396689,0.5291468725139832,1550.8262996983444
DATA,EST,IC4,semigov,M,True,1,3094.8830196930503,0.16804417528148055,1547.4415098465252
ENG_CIVIL,EST,M1,private,M,True,1,3093.2839421845274,0.17863485041698007,1546.6419710922637
EDU,RUH,IC4,semigov,F,True,3,3090.9461572940672,0.18525688495568635,1545.4730786470336
HR,JED,M1,public,F,True,2,3090.668655143966,0.2948407059306126,1545.334327571983
FIN,RUH,M1,mnc,F,True,1,3090.1039816539123,0.1209022833976981,1545.0519908269562
SWE,EST,IC3,private,M,False,1,3089.568717196362,0.23369547703574994,1544.784358598181
MARKETING,RUH,IC3,public,F,True,1,3088.595457922578,0.21058227304027347,1544.297728961289
EDU,JED,M2,public,M,True,1,3080.399794273024,0.32095020127353013,1540.199897136512
CUSTOMER,EST,IC4,private,M,False,2,3079.2642760787385,0.24116484946548106,1539.6321380393692
EDU,EST,M3,public,M,True,1,3075.936970961622,0.17322712935261073,1537.968485480811
DATA,BAH,IC6,startup,M,True,1,3069.9122900000057,0.20129899196813783,1534.9561450000028
HEALTH,JED,IC5,startup,F,False,1,3069.272398807956,0.2544982996650901,1534.636199403978
CUSTOMER,RUH,IC4,private,M,False,2,3067.359340884115,0.7793376362862606,1533.6796704420576
EDU,EST,IC4,private,M,True,1,3061.556139406229,0.42376297659916606,1530.7780697031144
CUSTOMER,RUH,IC4,semigov,F,False,1,3059.098261206458,0.6213650623287865,1529.549130603229
SALES,EST,IC5,mnc,F,False,1,3053.3902995258795,0.16062190551851568,1526.6951497629398
ENG_CIVIL,QAS,IC2,private,F,False,1,3050.1007253621137,1.0485914016151603,1525.0503626810569
SUPPLY,QAS,IC4,private,M,False,1,3038.917569852818,0.2559129425946872,1519.458784926409
SWE,EST,M1,private,M,True,2,3037.2405806090082,0.09249514152704312,1518.6202903045041
ENG_ELEC,EST,IC4,private,M,True,1,3032.0102702132026,0.27314743427080623,1516.0051351066013
ENG_CIVIL,QAS,IC4,startup,M,False,1,3030.1188480398177,0.42954027498569214,1515.0594240199089
FIN,EST,M3,private,M,True,1,3026.2628926503457,0.06926392740073518,1513.1314463251729
SALES,RUH,IC1,semigov,M,True,1,3025.3545372537465,0.3579415904532188,1512.6772686268732
EDU,EST,M1,private,F,True,3,3017.212539650552,0.3103565500538075,1508.606269825276
SALES,QAS,IC3,private,M,False,1,3015.5594607023277,0.49582115287076145,1507.7797303511638
PM,EST,IC3,public,M,False,1,3009.1158329158097,0.21826175118507504,1504.5579164579049
FIN,QAS,IC5,semigov,M,False,1,3006.5922147637793,0.1340793300191928,1503.2961073818897
EDU,MAD,IC4,public,F,True,1,3004.022415822338,0.2867172282765921,1502.011207911169
SWE,RUH,IC2,startup,F,True,1,3001.7655708090724,0.3775905490345119,1500.8827854045362
ENG_ELEC,RUH,M1,private,F,True,1,3000.817411587228,0.20098290112039066,1500.408705793614
FIN,EST,IC2,pif_backed,F,True,1,2994.0903022250095,0.24210966268405396,1497.0451511125048
SUPPLY,RUH,IC6,private,F,False,1,2986.502315918904,0.15465435004411537,1493.251157959452
OPS,ASR,IC4,private,M,True,1,2976.860902358412,0.30127670601816575,1488.430451179206
SALES,EST,IC4,mnc,F,True,1,2959.5888029967136,0.2659561060230995,1479.7944014983568
SUPPLY,ASR,IC3,startup,M,True,1,2950.3309900388103,0.3928730163854691,1475.1654950194052
DATA,HAI,IC4,private,F,True,1,2944.7577099999944,0.1384779113085332,1472.3788549999972
SWE,EST,IC3,pif_backed,M,False,1,2943.9627088953403,0.19893521744593004,1471.9813544476701
OPS,JED,IC3,private,F,True,1,2940.884576137474,0.5803594731245076,1470.442288068737
SALES,RUH,M1,public,M,False,1,2939.020530257407,0.18778436003341673,1469.5102651287034
SWE,RUH,IC1,pif_backed,M,False,1,2938.888963479094,0.6414351236602457,1469.444481739547
SUPPLY,JED,IC6,startup,F,True,1,2935.001796327553,0.13253737783549902,1467.5008981637766
HR,RUH,IC1,public,F,True,2,2930.6502515058933,0.32155900766178536,1465.3251257529466
EDU,QAS,IC4,semigov,M,True,1,2924.061979832839,0.24758973285031544,1462.0309899164195
SALES,EST,IC3,pif_backed,M,False,1,2923.9601607697405,0.22941927734844042,1461.9800803848702
ENG_ELEC,QAS,IC3,startup,M,False,1,2914.651505239104,0.25464545490787144,1457.325752619552
ENG_ELEC,ASR,IC4,public,M,True,1,2912.3690660855937,0.33506085623955584,1456.1845330427968
EDU,MAK,IC5,private,M,True,1,2910.9645128096327,0.2835003430882565,1455.4822564048163
EDU,JED,IC4,private,F,True,2,2910.5650556017313,0.5172586978819006,1455.2825278008656
DATA,RUH,IC1,public,M,True,1,2910.1871356321208,0.28452639038735345,1455.0935678160604
EDU,RUH,IC6,public,M,True,1,2907.87214560501,0.19728257395911633,1453.936072802505
FIN,RUH,IC2,private,M,False,1,2902.6444785010917,0.4852354471719147,1451.3222392505459
CUSTOMER,QAS,IC5,public,M,False,1,2902.287310704116,0.3723029068955315,1451.143655352058
HEALTH,MAK,IC2,semigov,F,False,1,2894.3788432067595,0.28276905883706266,1447.1894216033797
HEALTH,RUH,M2,startup,F,False,1,2893.1596997656306,0.13708266010805054,1446.5798498828153
DESIGN,RUH,IC3,semigov,F,False,1,2884.899475224347,0.1828720260216213,1442.4497376121735
CUSTOMER,EST,IC3,semigov,M,True,1,2869.5111145791943,0.49596353693988393,1434.7555572895972
SWE,JED,IC1,public,M,True,1,2861.8516344982863,0.7154629086245716,1430.9258172491432
FIN,RUH,IC4,private,M,False,1,2859.9016727815724,0.2359876814140581,1429.9508363907862
HEALTH,JED,IC3,public,F,True,2,2859.498181344251,0.3312112448568418,1429.7490906721255
DATA,EST,IC3,private,M,False,1,2850.76411080873,0.16593012144626268,1425.382055404365
FIN,RUH,IC3,public,M,False,1,2818.756782969622,0.23844223329171063,1409.378391484811
CUSTOMER,EST,IC4,public,F,False,1,2795.424112422692,0.5148196033493542,1397.712056211346
HR,MAK,IC3,public,F,False,1,2794.9022344329487,0.4929689470613876,1397.4511172164744
PM,EST,IC2,private,M,True,2,2788.1257787806644,0.17894429123429742,1394.0628893903322
FIN,RUH,IC5,public,M,True,3,2785.1839035135804,0.1389529594573384,1392.5919517567902
ENG_CIVIL,RUH,IC2,mnc,M,False,1,2783.9519765304876,0.6968451136223774,1391.9759882652438
HEALTH,RUH,IC3,private,M,False,1,2780.82777501517,0.28043195599690307,1390.413887507585
SWE,TAB,IC3,semigov,M,False,1,2780.5431668840447,0.217875049316652,1390.2715834420223
FIN,BAH,IC4,mnc,M,True,1,2775.464118149577,0.20598817848949283,1387.7320590747886
FIN,HAI,M1,mnc,F,True,1,2773.5717424790164,0.15333419258403677,1386.7858712395082
OPS,QAS,IC3,pif_backed,F,True,1,2768.822657971612,0.17413146654446782,1384.411328985806
ENG_MECH,EST,IC4,public,M,False,1,2764.369507631178,0.21546154810963827,1382.184753815589
ENG_MECH,JED,IC3,mnc,M,True,1,2762.5762887627225,0.2335026019512014,1381.2881443813612
DESIGN,ASR,M2,public,F,False,1,2761.262290000006,0.17746859663375184,1380.631145000003
SUPPLY,JED,IC4,semigov,F,True,1,2757.363233931863,0.24224030322451345,1378.6816169659314
EDU,JED,IC5,public,F,True,1,2749.99553061143,0.2730722094071473,1374.997765305715
SALES,NJR,IC4,private,F,True,1,2747.105730084262,0.19045710928740878,1373.552865042131
CUSTOMER,EST,IC4,private,F,True,1,2746.4183170322685,0.24324089199236454,1373.2091585161343
HR,RUH,IC4,mnc,M,False,2,2743.2248467744075,0.19123806012264533,1371.6124233872038
ENG_MECH,JAZ,IC5,mnc,F,False,1,2741.601384392614,0.2950518766706824,1370.800692196307
HEALTH,RUH,IC3,private,F,True,2,2736.8092504031792,0.19459004986257789,1368.4046252015896
SUPPLY,RUH,IC4,private,M,False,3,2735.429661800074,0.2008169307685327,1367.714830900037
EDU,EST,IC5,private,F,True,1,2729.4977617653185,0.2480579091655013,1364.7488808826593
OPS,TAB,IC2,private,F,True,1,2722.5402510329723,0.3549961796629604,1361.2701255164861
PM,RUH,IC5,private,M,False,1,2717.280526424096,0.11099371916480626,1358.640263212048
HEALTH,EST,IC2,pif_backed,F,False,1,2715.125858563769,0.47221386880259225,1357.5629292818844
HEALTH,JED,IC6,private,M,False,1,2715.089446736234,0.14651615735242607,1357.544723368117
EDU,RUH,M2,private,M,False,1,2713.726193619499,0.1441979544364739,1356.8630968097495
ENG_CIVIL,MAK,IC3,private,M,True,1,2708.7881635960775,0.4808886686022208,1354.3940817980388
HEALTH,RUH,M1,public,F,True,1,2704.0525039588956,0.20286469577330127,1352.0262519794478
OPS,EST,IC3,public,M,False,2,2703.3446500292525,0.4378979017423849,1351.6723250146263
OPS,NOR,M3,private,M,False,1,2695.197709999993,0.12824735649007707,1347.5988549999965
DESIGN,JED,IC3,public,M,False,1,2693.631309079812,0.2854898834439638,1346.815654539906
HEALTH,JED,IC3,private,M,False,1,2680.5930360183747,0.33863230848368925,1340.2965180091874
HEALTH,RUH,IC3,public,M,True,3,2680.238633339645,0.250457815840226,1340.1193166698224
ENG_ELEC,BAH,IC4,semigov,M,True,1,2672.5067048413193,0.3701322646278147,1336.2533524206597
ENG_MECH,RUH,IC4,public,M,True,2,2672.1779638022563,0.14029239412393504,1336.0889819011281
SWE,RUH,IC4,private,M,True,2,2665.290636577959,0.15026847544590344,1332.6453182889795
ENG_CIVIL,EST,M1,public,M,False,1,2660.344428467397,0.16656113495261116,1330.1722142336985
OPS,RUH,IC4,private,M,False,2,2660.1602764615645,0.1796425106515873,1330.0801382307823
LEGAL,RUH,IC4,private,F,False,2,2659.052081559439,0.12906141903161897,1329.5260407797196
HEALTH,RUH,IC3,mnc,F,False,3,2657.8976726469773,0.20983361225744868,1328.9488363234886
CUSTOMER,JAZ,IC4,mnc,M,False,1,2656.897518898175,0.60013451457662,1328.4487594490874
EDU,MAK,IC3,public,F,True,2,2656.49748008773,0.2303178922556614,1328.248740043865
PM,MAK,IC5,public,M,False,1,2652.3179565701903,0.11325462354270217,1326.1589782850951
PM,TAB,IC5,mnc,M,False,1,2647.678257843563,0.11487376268325147,1323.8391289217816
ENG_ELEC,JED,IC3,private,M,True,3,2641.71059808743,0.22565501794374065,1320.855299043715
SALES,EST,IC6,private,F,True,1,2638.3718453882284,0.10011227255038312,1319.1859226941142
EDU,RUH,IC2,semigov,M,False,1,2636.8673353246495,0.6268375406679589,1318.4336676623248
PM,EST,M4,private,M,True,1,2634.745941521127,0.06293229078241162,1317.3729707605635
HEALTH,RUH,IC3,pif_backed,F,True,1,2628.294941090944,0.17615669893995756,1314.147470545472
SWE,RUH,IC2,public,F,True,1,2626.3994427800862,0.2914989203949494,1313.1997213900431
HR,MAK,IC5,public,F,True,1,2626.1342958181795,0.1889211467789138,1313.0671479090897
HEALTH,EST,M4,public,F,True,1,2624.889194519241,0.08351591035769038,1312.4445972596204
ENG_CIVIL,RUH,IC3,semigov,F,False,1,2620.155008771315,0.21831477701725627,1310.0775043856574
ENG_MECH,RUH,IC3,pif_backed,M,False,1,2608.482196932964,0.15244199286512627,1304.241098466482
MARKETING,RUH,M3,pif_backed,M,False,1,2607.0850424935197,0.09507414018487323,1303.5425212467599
ENG_ELEC,EST,IC1,private,M,False,1,2606.6168150520816,1.1250935838449938,1303.3084075260408
HEALTH,EST,IC3,public,M,False,1,2606.538833143366,0.19790915927584216,1303.269416571683
SWE,EST,IC3,private,F,True,2,2604.3447845260534,0.19765954924478893,1302.1723922630267
HEALTH,EST,IC3,startup,F,False,1,2601.963131250255,0.18596210173387856,1300.9815656251276
HEALTH,JAZ,IC3,pif_backed,M,True,1,2599.3053897584923,0.21635942823882912,1299.6526948792462
OPS,MAD,IC4,semigov,M,True,1,2592.791080206396,0.27157152136364354,1296.395540103198
CUSTOMER,TAB,M2,public,M,False,1,2591.4028480317356,0.22740061637238196,1295.7014240158678
OPS,JED,M2,mnc,M,False,1,2590.349953814024,0.1270395281739051,1295.174976907012
PM,JED,IC1,public,M,False,1,2584.3740285529334,0.6688148185618249,1292.1870142764667
HR,ASR,IC4,semigov,F,False,1,2581.5157116260907,0.21283162961553606,1290.7578558130454
SUPPLY,QAS,IC2,semigov,M,False,1,2577.19348090248,0.6619322452387811,1288.59674045124
SWE,EST,IC2,public,M,False,1,2574.8582841824154,0.2973998641913646,1287.4291420912077
SWE,RUH,IC6,pif_backed,M,False,1,2574.7638467039105,0.08078537003419058,1287.3819233519553
EDU,RUH,IC4,private,F,False,2,2570.831764488401,0.36327143256820665,1285.4158822442005
SWE,RUH,IC2,semigov,M,False,1,2570.762956399305,0.18967870853111282,1285.3814781996525
DATA,RUH,IC4,semigov,M,True,3,2559.866183673228,0.12523189734285908,1279.933091836614
ENG_CIVIL,JED,IC3,mnc,M,False,2,2554.8012346424975,0.2306759134378072,1277.4006173212488
FIN,RUH,IC3,public,F,True,1,2544.384726464432,0.1759669092852378,1272.192363232216
ENG_MECH,RUH,M3,semigov,M,False,1,2533.3187692848624,0.11817169774451827,1266.6593846424312
SALES,MAK,IC4,private,M,True,2,2529.603183274201,0.15540845852130675,1264.8015916371005
SUPPLY,RUH,M1,public,M,False,1,2523.102948965812,0.2658382729294132,1261.551474482906
PM,RUH,IC4,private,F,False,2,2520.9742304622814,0.15902036683886467,1260.4871152311407
CUSTOMER,EST,IC2,private,M,True,1,2516.4663796665973,0.2932015001848595,1258.2331898332986
DATA,ASR,IC3,mnc,F,False,1,2512.121720665389,0.19541677458657888,1256.0608603326946
ENG_MECH,EST,IC2,semigov,M,False,1,2508.378083188147,0.23872263461224333,1254.1890415940734
SALES,EST,M1,startup,M,False,1,2503.455079456333,0.13835310043926352,1251.7275397281664
DATA,BAH,IC4,public,M,False,1,2499.5099166353066,0.2001521387754939,1249.7549583176533
HEALTH,TAB,IC3,mnc,M,True,1,2496.9261494684515,0.3169906892457952,1248.4630747342258
PM,RUH,IC4,pif_backed,F,False,1,2495.8358845880502,0.13917171129941452,1247.9179422940251
SUPPLY,RUH,IC3,mnc,M,True,1,2494.3455820725867,0.1292412394493131,1247.1727910362933
EDU,RUH,IC5,private,F,False,1,2489.4156309856135,0.15650845318799653,1244.7078154928067
DESIGN,NJR,IC4,private,F,False,1,2484.5930082739487,0.23724881960349073,1242.2965041369744
PM,EST,IC3,public,M,True,1,2481.316143751228,0.12005541604237392,1240.658071875614
HEALTH,MAD,IC4,private,M,False,1,2478.905969293877,0.23454010506866896,1239.4529846469386
EDU,RUH,IC4,mnc,F,True,4,2478.685941011408,0.13566674591585295,1239.342970505704
SWE,JED,M2,public,M,True,1,2476.796868582551,0.08425158315764063,1238.3984342912754
ENG_CIVIL,JED,IC4,public,M,True,1,2474.822915976096,0.15676016676523286,1237.411457988048
DATA,MAK,IC3,private,F,False,1,2473.104290331976,0.13711177549944037,1236.552145165988
FIN,EST,IC2,public,M,True,1,2471.271638727162,0.3828484822101395,1235.635819363581
CUSTOMER,EST,IC5,public,F,True,1,2469.6182153876125,0.21565271361761504,1234.8091076938063
HEALTH,EST,M4,mnc,M,False,1,2468.4230482073253,0.07537137393022825,1234.2115241036627
SALES,QAS,M5,private,M,True,1,2465.407709999996,0.11861001990298177,1232.703854999998
HR,RUH,M1,public,F,True,1,2458.681604535641,0.2057054128308229,1229.3408022678204
SALES,QAS,IC2,private,F,True,2,2456.70902649555,0.5869586381411429,1228.354513247775
HEALTH,MAK,IC2,public,F,False,1,2455.17222745066,0.5337087279603888,1227.58611372533
ENG_MECH,NOR,IC3,private,M,True,1,2453.7279700863783,0.26273005831095075,1226.8639850431891
EDU,EST,IC1,startup,F,False,1,2453.377246406474,1.362987359114708,1226.688623203237
EDU,RUH,M2,private,F,False,1,2449.1017105106985,0.18144114968537667,1224.5508552553492
SALES,RUH,M2,private,M,True,2,2447.0384644140286,0.10025016690663577,1223.5192322070143
HR,EST,IC5,private,M,False,1,2446.729856608981,0.17093586763261437,1223.3649283044906
SALES,ASR,IC3,mnc,F,True,1,2444.9780249486494,0.3696469537413521,1222.4890124743247
SUPPLY,RUH,IC4,public,M,True,1,2435.3426411293276,0.3362961863894919,1217.6713205646638
ENG_ELEC,MAK,M1,mnc,M,True,1,2433.9622900000068,0.15320985858397698,1216.9811450000034
DATA,JED,IC3,private,F,False,1,2429.463538339687,0.2077034415715497,1214.7317691698436
CUSTOMER,EST,IC2,semigov,M,True,1,2427.5614818447666,0.2971246021317482,1213.7807409223833
CUSTOMER,RUH,IC2,public,F,False,2,2419.543669518238,1.1135969230738383,1209.771834759119
HR,QAS,M3,private,F,False,1,2419.0566689526786,0.17097812668854995,1209.5283344763393
FIN,RUH,IC2,public,M,True,1,2414.656043299332,0.24085263437544766,1207.328021649666
PM,RUH,IC3,public,M,False,2,2412.817946301265,0.1654503473098755,1206.4089731506324
HEALTH,RUH,IC4,private,F,False,7,2406.9586069565185,0.2695626148552459,1203.4793034782592
PM,RUH,IC3,private,M,False,2,2404.904860877561,0.17211941925501628,1202.4524304387805
DATA,QAS,IC3,private,M,False,1,2403.5649463780555,0.37571905171262227,1201.7824731890278
HEALTH,MAK,IC2,semigov,F,True,2,2394.342986617333,0.5515747657198014,1197.1714933086664
ENG_CIVIL,RUH,IC3,public,M,True,4,2393.941728702356,0.2483071510481418,1196.970864351178
SWE,JED,IC1,semigov,M,True,1,2388.500435984637,0.5971251089961592,1194.2502179923185
ENG_CIVIL,RUH,IC4,mnc,M,True,1,2385.2898390357586,0.143013448168017,1192.6449195178793
SUPPLY,RUH,IC2,private,F,False,1,2380.9411668808316,0.6713173672433104,1190.4705834404158
SUPPLY,ASR,IC5,pif_backed,M,False,1,2374.9327251266513,0.19731107034747267,1187.4663625633257
DESIGN,RUH,IC3,private,M,False,1,2373.366248007236,0.20891701631970516,1186.683124003618
HEALTH,RUH,IC1,public,M,True,1,2370.784477439269,0.29809377132824966,1185.3922387196344
FIN,JED,IC4,public,M,True,1,2370.691123255885,0.19128349496965247,1185.3455616279425
SWE,EST,M2,private,M,True,1,2369.932126137399,0.0921544072313884,1184.9660630686994
CUSTOMER,EST,M2,private,F,False,1,2368.4376211621093,0.13822326175582944,1184.2188105810546
SUPPLY,QAS,IC3,public,F,False,1,2361.07171710529,0.34262475343017623,1180.535858552645
CUSTOMER,ASR,M2,mnc,F,False,1,2357.805603476031,0.34171590942999625,1178.9028017380156
EDU,JED,IC2,pif_backed,F,True,1,2348.870610557522,0.25663116285313553,1174.435305278761
FIN,NJR,IC4,public,F,False,1,2346.2990165797273,0.20608994746339887,1173.1495082898637
SUPPLY,JAZ,IC3,private,F,False,1,2343.418931900611,0.4568379776204246,1171.7094659503055
EDU,JED,IC4,semigov,F,True,1,2335.798657229703,0.18468286185303662,1167.8993286148516
ENG_ELEC,RUH,IC4,private,M,True,2,2335.4607198202184,0.17703216411113676,1167.7303599101092
CUSTOMER,JAZ,IC3,private,F,False,1,2332.0629447181645,0.2660674922353247,1166.0314723590823
FIN,NJR,IC2,private,M,True,1,2331.283678164379,0.5828209195410948,1165.6418390821896
CUSTOMER,EST,IC3,pif_backed,M,False,1,2326.9104928196502,0.2171433670572956,1163.4552464098251
MARKETING,RUH,IC2,public,F,True,1,2323.55734820244,0.5808893370506101,1161.77867410122
CUSTOMER,JED,IC2,mnc,M,True,1,2321.4614650341628,0.5803653662585407,1160.7307325170814
HEALTH,RUH,M3,private,F,False,2,2317.1084394232657,0.11644804883733866,1158.5542197116329
FIN,RUH,IC5,startup,F,True,1,2312.622858610066,0.09747435174506978,1156.311429305033
PM,EST,M1,public,M,False,1,2312.192487231525,0.10714629892865053,1156.0962436157624
LEGAL,NJR,M1,public,M,True,1,2309.8177099999957,0.11196271638138944,1154.9088549999979
SALES,EST,IC4,private,F,False,2,2308.4474024143165,0.24095571164027466,1154.2237012071582
EDU,RUH,M1,pif_backed,F,True,1,2307.286915116396,0.16083888729756624,1153.643457558198
SALES,NJR,M2,semigov,M,False,1,2304.4759348447333,0.2130721951838185,1152.2379674223666
OPS,RUH,IC3,startup,F,False,1,2303.882323196487,0.39627958457259943,1151.9411615982435
PM,HAI,IC2,pif_backed,M,False,1,2293.6182663412455,0.1995437974390151,1146.8091331706228
DATA,RUH,IC5,semigov,F,True,1,2282.594087430607,0.07790766513032851,1141.2970437153035
FIN,EST,IC4,mnc,M,False,1,2280.809424856314,0.13370852768550687,1140.404712428157
OPS,RUH,IC1,private,M,False,1,2269.6712467985076,1.2609284704436152,1134.8356233992538
HEALTH,RUH,IC3,semigov,F,False,3,2269.043469026201,0.24211728218939335,1134.5217345131005
HEALTH,RUH,IC4,pif_backed,M,False,1,2267.875784294125,0.18874035414008372,1133.9378921470625
LEGAL,RUH,IC4,mnc,M,False,1,2264.721201206343,0.11087302331441698,1132.3606006031714
ENG_ELEC,ASR,M2,semigov,M,True,1,2258.726690570591,0.1353636557386147,1129.3633452852955
ENG_CIVIL,RUH,M2,private,M,True,1,2258.0087398389805,0.16947615257890825,1129.0043699194903
FIN,BAH,IC3,semigov,M,True,1,2257.8222900000055,0.14056393672257328,1128.9111450000028
FIN,NJR,IC5,semigov,M,False,1,2253.5197289754997,0.1380528638888174,1126.7598644877498
MARKETING,TAB,IC1,mnc,F,False,1,2248.7739410439244,1.2493188561355135,1124.3869705219622
EDU,RUH,M2,private,F,True,2,2248.005766593121,0.1764776057792893,1124.0028832965604
SUPPLY,RUH,IC4,public,M,False,1,2245.0820301904005,0.22160692515491193,1122.5410150952002
ENG_MECH,EST,IC2,private,M,True,2,2244.7250368418872,0.18200119367059697,1122.3625184209436
OPS,EST,IC3,semigov,M,False,1,2238.0190514799306,0.2740537757357853,1119.0095257399653
SWE,EST,IC6,semigov,M,True,1,2232.147152491416,0.048301146286594654,1116.073576245708
EDU,RUH,IC5,semigov,F,True,1,2231.672628246979,0.1433570794705917,1115.8363141234895
ENG_ELEC,RUH,IC3,public,M,False,3,2231.3288741254605,0.31584732969421897,1115.6644370627303
DATA,QAS,IC2,semigov,M,False,1,2229.302536700772,0.19396810068447545,1114.651268350386
EDU,MAK,IC4,private,F,True,2,2226.9214527151075,0.3094302976872457,1113.4607263575538
CUSTOMER,RUH,D2,mnc,F,False,1,2222.454650317726,0.052092940162512806,1111.227325158863
ENG_CIVIL,JED,IC4,semigov,M,False,2,2217.3282854421295,0.15731181768833227,1108.6641427210648
ENG_CIVIL,MAD,IC3,public,M,False,1,2216.8556191799526,0.2580827081682563,1108.4278095899763
DATA,EST,IC2,semigov,M,False,1,2209.327168998627,0.22341779301152992,1104.6635844993134
CUSTOMER,RUH,IC4,public,M,False,1,2204.078738375176,0.42142191131626083,1102.039369187588
HEALTH,EST,M1,pif_backed,F,True,1,2204.0495623147435,0.11335604323863605,1102.0247811573718
OPS,RUH,IC4,semigov,M,True,1,2202.8339841607176,0.13410025124602812,1101.4169920803588
SWE,RUH,M1,public,M,True,1,2194.8488025812658,0.08263265063826414,1097.4244012906329
LEGAL,EST,M1,private,M,False,1,2186.9648825953445,0.09828618333815009,1093.4824412976723
ENG_CIVIL,RUH,IC2,private,M,True,2,2183.971865941641,0.3150660245581502,1091.9859329708206
ENG_ELEC,ASR,IC3,semigov,M,True,1,2183.709776689666,0.2748132150233151,1091.854888344833
HEALTH,JED,IC1,semigov,F,False,1,2183.4195073426845,0.5643442038130978,1091.7097536713422
SUPPLY,HAI,IC4,private,F,True,1,2180.886126901054,0.22536334134884614,1090.443063450527
HEALTH,RUH,IC5,private,F,True,3,2178.2186143732965,0.0999803026340335,1089.1093071866483
HR,QAS,IC3,mnc,F,False,1,2176.8078018823408,0.4120307321965696,1088.4039009411704
FIN,RUH,IC3,private,M,True,2,2174.9315839498086,0.11813433077589364,1087.4657919749043
MARKETING,MAK,IC4,private,F,False,2,2174.9050042921162,0.19118218571097534,1087.4525021460581
OPS,MAK,IC3,private,M,True,1,2173.9581705521123,0.3126427406312675,1086.9790852760561
SWE,RUH,IC1,startup,M,True,1,2173.406823639043,0.21909011694773195,1086.7034118195215
SUPPLY,EST,IC2,semigov,M,False,1,2170.974590811951,0.2382515784831341,1085.4872954059756
FIN,RUH,IC3,private,M,False,1,2167.504193496222,0.27221778806315966,1083.752096748111
MARKETING,JAZ,IC3,private,F,False,1,2166.9808739556693,0.22105034769126014,1083.4904369778346
ENG_MECH,MAK,IC2,pif_backed,M,False,1,2159.9363129823987,0.31662727956116493,1079.9681564911994
SWE,JED,IC2,private,M,False,1,2156.945501576087,0.15513430579967297,1078.4727507880434
EDU,TAB,IC2,private,M,False,1,2152.505244286355,0.7151940552770909,1076.2526221431774
SALES,RUH,IC4,pif_backed,M,False,1,2148.1638915980766,0.16037141602069413,1074.0819457990383
HEALTH,NJR,IC1,semigov,M,True,1,2141.348345810563,0.5353370864526408,1070.6741729052815
EDU,QAS,IC4,semigov,F,True,1,2137.1444525208544,0.3335577377231665,1068.5722262604272
OPS,MAK,IC5,private,M,True,1,2134.3299203201186,0.13236556771772404,1067.1649601600593
EDU,HAI,M3,private,F,True,1,2134.2064572072686,0.19246071189211597,1067.1032286036343
EDU,EST,IC1,public,F,False,1,2129.6454267094605,1.1831363481719226,1064.8227133547302
MARKETING,NJR,IC1,public,M,False,1,2128.1404179504075,1.1823002321946707,1064.0702089752037
HEALTH,MAK,IC5,private,F,True,1,2126.6302542903395,0.16158294128210962,1063.3151271451698
OPS,JAZ,IC4,mnc,M,True,1,2120.6057658514783,0.2764718921248199,1060.3028829257391
CUSTOMER,RUH,IC5,public,M,False,1,2110.6587102841895,0.23807956936660024,1055.3293551420948
SWE,JED,IC5,pif_backed,M,True,1,2110.1044205137478,0.070412953891266,1055.0522102568739
ENG_CIVIL,RUH,IC2,pif_backed,M,False,1,2107.272064537726,0.3431139496870895,1053.636032268863
LEGAL,JAZ,IC3,public,F,True,1,2100.8685239602682,0.28154002031078124,1050.4342619801341
SUPPLY,RUH,IC3,public,M,True,1,2099.9114304337345,0.2618105123141827,1049.9557152168672
CUSTOMER,EST,M2,private,M,True,1,2099.8730249696673,0.17149800519177638,1049.9365124848337
EDU,JED,IC5,semigov,M,True,1,2090.676701403683,0.22013055111732036,1045.3383507018416
EDU,ASR,M2,private,F,True,1,2087.0336179105216,0.2008783466746864,1043.5168089552608
DATA,RUH,IC1,semigov,F,True,1,2082.7005501825015,0.5206751375456253,1041.3502750912508
FIN,EST,M1,private,F,False,1,2081.703185179311,0.14361704285940155,1040.8515925896554
OPS,JED,IC4,semigov,F,True,1,2080.12772620712,0.2120184369500085,1040.06386310356
DATA,JED,IC3,public,M,False,1,2078.1427595514833,0.17269229058771038,1039.0713797757417
SUPPLY,EST,IC3,startup,F,True,1,2077.5302150136995,0.1480234764322764,1038.7651075068497
EDU,TAB,M1,public,M,True,1,2076.337985350541,0.17066909192277585,1038.1689926752706
CUSTOMER,EST,IC4,private,F,False,3,2073.185460492531,0.38987561612370397,1036.5927302462655
SUPPLY,EST,M2,semigov,M,False,1,2068.4036172965953,0.12400962249775442,1034.2018086482976
MARKETING,ASR,IC2,private,F,True,1,2062.564742867313,0.42657896330963446,1031.2823714336564
ENG_ELEC,RUH,IC3,mnc,M,True,1,2060.641971824516,0.17701178409439142,1030.320985912258
HEALTH,JED,IC1,public,F,False,1,2060.5754206850193,0.58831896846949,1030.2877103425096
SALES,MAK,IC2,public,M,False,1,2059.735735072164,0.364629213923571,1029.867867536082
ENG_CIVIL,JED,M2,public,M,True,1,2055.994904877418,0.15934227012746777,1027.997452438709
HEALTH,QAS,IC4,private,F,True,1,2053.35822555527,0.21760735407381146,1026.679112777635
CUSTOMER,MAD,IC2,public,M,False,1,2050.447270830715,1.0782577424791966,1025.2236354153574
ENG_MECH,EST,IC6,semigov,F,False,1,2049.2501478498925,0.10903949726901865,1024.6250739249463
LEGAL,ASR,IC4,private,F,True,1,2040.730998313682,0.1725085249814182,1020.365499156841
EDU,RUH,M2,pif_backed,M,True,1,2037.5543958301423,0.1231004161939722,1018.7771979150712
ENG_MECH,MAK,VP,private,M,True,1,2036.9302855428687,0.04732267585419816,1018.4651427714343
HEALTH,NJR,IC3,public,F,False,1,2032.751950689577,0.24364322236680114,1016.3759753447885
EDU,RUH,M1,private,F,True,3,2029.608173164599,0.19846233415872164,1014.8040865822995
HEALTH,EST,IC2,mnc,M,False,1,2020.360774506914,0.20659606581536819,1010.180387253457
CUSTOMER,RUH,IC3,private,M,False,2,2019.638604529607,0.47975094701147886,1009.8193022648035
SALES,RUH,IC3,public,M,False,1,2019.5077609386099,0.375732859696291,1009.7538804693049
SALES,RUH,IC1,private,M,False,1,2018.9690587034397,1.1216494770574665,1009.4845293517199
EDU,JED,IC3,public,M,True,1,2013.7287929620215,0.1890443518878369,1006.8643964810108
FIN,TAB,IC4,private,F,False,1,2012.0939803294423,0.22795179025896495,1006.0469901647211
SALES,JED,IC2,startup,F,False,1,2010.4093734723683,0.404714135431319,1005.2046867361842
CUSTOMER,EST,IC5,pif_backed,F,True,1,2009.2705502546614,0.1736278892538602,1004.6352751273307
HEALTH,RUH,IC3,public,M,False,1,2005.3391805747979,0.2586232967377446,1002.6695902873989
CUSTOMER,QAS,D1,private,M,False,1,2002.2522900000058,0.12270078630140548,1001.1261450000029
FIN,RUH,M2,private,M,False,1,1996.9435853557043,0.06666015463976142,998.4717926778521
DATA,RUH,IC3,pif_backed,M,False,1,1993.5324315483522,0.1237818340492519,996.7662157741761
MARKETING,QAS,IC4,private,M,False,1,1990.1607720772263,0.16351903750751604,995.0803860386131
ENG_ELEC,RUH,M2,private,M,True,2,1987.5290361397692,0.07412633274079365,993.7645180698846
HR,EST,IC4,private,F,False,1,1987.5058755289692,0.25936258658821687,993.7529377644846
SWE,EST,IC2,private,M,True,1,1987.4952608670574,0.13678808160827774,993.7476304335287
ENG_ELEC,EST,IC1,private,F,False,1,1984.259771851349,0.2662260252655336,992.1298859256744
HEALTH,RUH,IC4,mnc,M,False,2,1983.3655246487833,0.1755007860862642,991.6827623243917
HEALTH,RUH,IC1,semigov,M,False,1,1981.8509776881378,0.6367679117094867,990.9254888440689
SWE,MAD,M2,mnc,M,False,1,1981.5859379053109,0.10323921794306334,990.7929689526554
SALES,TAB,IC3,mnc,M,True,1,1980.8964849562071,0.2769094237936766,990.4482424781036
SALES,MAK,IC1,private,M,False,1,1977.5338649913497,1.0986299249951943,988.7669324956748
ENG_ELEC,JED,IC4,semigov,M,False,1,1977.429587531613,0.15955144779691044,988.7147937658065
DESIGN,JED,IC4,private,F,True,2,1964.4701196932747,0.10318758804229106,982.2350598466373
HEALTH,RUH,IC2,public,F,True,2,1963.557612567391,0.17387377327927453,981.7788062836955
OPS,RUH,IC3,private,F,True,2,1959.1305694607036,0.1333571323614141,979.5652847303518
EDU,RUH,IC2,mnc,F,True,1,1954.8795958775063,0.34736988302020844,977.4397979387531
EDU,EST,M1,public,M,True,1,1954.7424450203398,0.14862079558871397,977.3712225101699
PM,JED,IC4,mnc,M,True,1,1952.7254787436395,0.08839829818378382,976.3627393718198
SALES,RUH,IC4,semigov,F,True,1,1948.1416093690914,0.141865232682055,974.0708046845457
SALES,RUH,IC5,private,M,False,2,1947.9635380958553,0.17156693160346465,973.9817690479276
ENG_MECH,MAK,M3,semigov,M,False,1,1944.796879526948,0.062950226240749,972.398439763474
SUPPLY,RUH,IC4,semigov,M,False,1,1943.6989365184672,0.1303933226479088,971.8494682592336
FIN,JAZ,IC2,private,F,False,1,1943.4707089745812,0.5184233687422358,971.7353544872906
HEALTH,EST,IC1,public,M,False,1,1941.7287870146538,1.078738215008141,970.8643935073269
SALES,EST,IC3,mnc,M,True,1,1941.2857578201274,0.12146746626630606,970.6428789100637
OPS,MAD,IC2,mnc,F,True,1,1940.3293843543279,0.36678431721728433,970.1646921771639
EDU,JAZ,IC4,private,F,True,1,1939.1162830354006,0.36230536513022793,969.5581415177003
PM,MAD,IC4,mnc,M,False,1,1930.0945704275928,0.22992699525487206,965.0472852137964
HEALTH,MAK,M1,public,F,False,1,1920.304772579757,0.14328932407123013,960.1523862898785
ENG_CIVIL,RUH,IC3,private,M,False,3,1917.9787618773837,0.21564806662306668,958.9893809386919
SALES,QAS,IC3,public,M,False,1,1913.279767519245,0.1983084336151788,956.6398837596225
HEALTH,MAK,IC4,pif_backed,F,True,1,1909.9715932943564,0.1356779875383496,954.9857966471782
FIN,ASR,IC4,private,M,True,1,1906.2823544354633,0.17679147394385647,953.1411772177316
SALES,MAK,IC3,semigov,M,True,1,1904.6867657738294,0.17382271782736333,952.3433828869147
MARKETING,RUH,IC4,public,F,True,1,1901.5030385424234,0.16058310097104894,950.7515192712117
CUSTOMER,JED,IC1,private,F,False,1,1901.469857560197,1.0563721430889983,950.7349287800985
EDU,JED,IC2,public,F,True,1,1893.850387187622,0.4734625967969055,946.925193593811
OPS,ASR,IC3,private,M,False,1,1893.1329471023537,0.2999587957337468,946.5664735511768
EDU,RUH,IC4,pif_backed,M,True,1,1879.9356631755309,0.12607371964909606,939.9678315877654
CUSTOMER,NOR,IC4,semigov,F,False,1,1874.2350440408009,0.10958176727498949,937.1175220204004
HEALTH,TAB,IC3,private,F,False,1,1872.3351424986158,0.25229105059317075,936.1675712493079
HEALTH,NJR,M4,semigov,M,False,1,1868.1677099999943,0.09253581899478835,934.0838549999971
ENG_ELEC,ASR,IC3,private,M,True,1,1865.1977662292102,0.2272719012330125,932.5988831146051
LEGAL,ASR,IC4,private,M,False,1,1863.0555281917696,0.15840840672010584,931.5277640958848
HEALTH,JED,IC2,public,M,False,1,1862.6633389851868,0.19955617659094588,931.3316694925934
ENG_CIVIL,JED,M2,public,M,False,1,1861.9569827454325,0.1380226269489425,930.9784913727162
DATA,EST,IC3,private,F,True,1,1859.8427532333917,0.10704217203668931,929.9213766166959
SWE,EST,IC1,public,M,True,1,1855.7711185531389,0.3297759199329596,927.8855592765694
MARKETING,ASR,IC3,private,M,True,1,1853.6240049604712,0.31960191747640365,926.8120024802356
EDU,MAD,IC3,private,F,True,2,1851.2126341994453,0.45872293172394224,925.6063170997227
SUPPLY,EST,IC3,private,M,True,1,1837.0554882372926,0.18433727265712524,918.5277441186463
MARKETING,JED,IC5,public,F,False,1,1831.6125977339761,0.0978672815157877,915.8062988669881
HEALTH,EST,IC5,semigov,M,False,1,1829.3803393603775,0.09052363340257905,914.6901696801888
HR,ASR,IC5,mnc,F,False,1,1826.0948693376904,0.21674485012476905,913.0474346688452
ENG_CIVIL,RUH,IC3,semigov,M,False,1,1822.4364131963048,0.16965838250538132,911.2182065981524
ENG_CIVIL,MAD,IC4,private,M,False,2,1818.537718121388,0.1331330362345353,909.268859060694
OPS,TAB,IC3,private,M,True,2,1817.9438051265133,0.15400956790955367,908.9719025632567
HEALTH,TAB,IC2,startup,M,False,1,1815.0433736127516,0.23188389647784463,907.5216868063758
HEALTH,HAI,IC4,public,F,False,1,1813.0882469022927,0.18076021743032822,906.5441234511463
DESIGN,RUH,IC4,public,M,False,1,1810.2474755186777,0.12334881516278984,905.1237377593388
CUSTOMER,EST,IC5,private,F,False,1,1806.4230469652302,0.12029635832229411,903.2115234826151
EDU,ASR,IC4,mnc,F,True,1,1804.9970562589633,0.19358384406221754,902.4985281294817
MARKETING,JED,M3,startup,F,False,1,1797.835866385427,0.0628880223893903,898.9179331927135
SWE,RUH,IC2,mnc,M,False,2,1796.5857665727945,0.1575890996285584,898.2928832863972
OPS,RUH,IC3,semigov,M,False,2,1795.8498761808296,0.21419708441040072,897.9249380904148
SUPPLY,RUH,IC2,public,M,True,1,1795.319956767038,0.44882998919175954,897.659978383519
HR,HAI,IC1,semigov,F,False,1,1791.2173121432302,0.7621617544797549,895.6086560716151
EDU,EST,IC2,public,F,False,1,1789.975149931337,0.42539959596728344,894.9875749656685
FIN,MAK,IC2,pif_backed,F,False,1,1786.4603160398283,0.2681350229852021,893.2301580199141
EDU,MAK,IC3,private,F,True,3,1783.0235734216196,0.187848211221358,891.5117867108098
LEGAL,ASR,IC2,public,F,True,1,1782.6337426604641,0.2744371178429189,891.3168713302321
CUSTOMER,RUH,IC5,semigov,M,True,1,1782.421623309665,0.12392161714286166,891.2108116548325
HR,RUH,IC2,private,F,True,1,1775.1835657689508,0.4437958914422377,887.5917828844754
HEALTH,MAK,IC2,public,M,False,1,1775.0644528724506,0.34895297324118374,887.5322264362253
ENG_MECH,RUH,IC2,pif_backed,F,False,1,1769.4850262133477,0.16913594422178624,884.7425131066739
CUSTOMER,EST,M4,private,F,True,1,1766.7276231587966,0.057186699927422764,883.3638115793983
SWE,QAS,IC2,private,M,True,1,1762.0206829531671,0.1327977784106785,881.0103414765836
FIN,MAK,IC5,public,F,False,1,1760.872274260193,0.11658155403428536,880.4361371300965
FIN,NOR,D2,private,F,True,1,1758.4122900000075,0.10617143027929628,879.2061450000037
SUPPLY,RUH,IC2,private,M,False,2,1756.6315164231771,0.5589181180980684,878.3157582115886
EDU,JED,M1,startup,M,True,1,1756.6315078898224,0.13125156032261798,878.3157539449112
SALES,NJR,M1,public,M,False,1,1751.8918175864692,0.21340513270872777,875.9459087932346
HEALTH,JAZ,IC2,private,F,True,1,1751.430023390516,0.3566573312434359,875.715011695258
CUSTOMER,EST,IC3,private,F,True,1,1749.542687623295,0.28487916950235614,874.7713438116475
ENG_ELEC,TAB,IC1,private,M,True,1,1744.5914277106867,0.2992602385912583,872.2957138553434
ENG_ELEC,RUH,IC5,public,M,True,1,1736.4281761084567,0.08546924265204614,868.2140880542283
OPS,MAD,IC6,public,F,False,1,1734.1186506439808,0.16935099749545457,867.0593253219904
ENG_ELEC,JED,IC4,mnc,M,False,1,1730.7699401267237,0.08928807874732055,865.3849700633618
ENG_ELEC,MAK,IC2,private,M,True,1,1722.78692988467,0.2818682057981833,861.393464942335
CUSTOMER,JAZ,M1,private,M,False,1,1714.0208119954223,0.33739969409900655,857.0104059977111
HR,QAS,IC3,private,F,True,1,1704.6816617222667,0.18829873862924584,852.3408308611333
ENG_ELEC,JED,M5,private,M,True,1,1704.6577099999959,0.08512613732379574,852.3288549999979
FIN,JED,IC4,mnc,F,True,1,1702.2890513476232,0.10467103099123748,851.1445256738116
ENG_MECH,MAD,IC5,semigov,F,True,1,1699.2886087824372,0.09937854272185677,849.6443043912186
SALES,RUH,IC3,semigov,M,True,1,1698.0794278021986,0.22414611687025854,849.0397139010993
FIN,TAB,IC4,private,M,True,1,1695.1253429205099,0.11991048356927023,847.5626714602549
SALES,EST,IC3,private,F,True,2,1694.144492583203,0.1251234923634691,847.0722462916015
SWE,JED,IC2,semigov,M,True,2,1692.9289910578163,0.18037587103271985,846.4644955289082
SALES,EST,IC1,pif_backed,M,False,1,1691.690590358543,0.24217588597306702,845.8452951792715
SWE,JED,IC4,semigov,F,True,1,1690.7276281514678,0.057686767647333693,845.3638140757339
ENG_CIVIL,JAZ,IC5,public,M,False,1,1688.9422944773714,0.24805067140128767,844.4711472386857
MARKETING,EST,M2,semigov,F,True,1,1687.5191015592245,0.07263889051040025,843.7595507796123
ENG_CIVIL,ASR,IC6,public,M,True,1,1686.5322900000065,0.10139133359665156,843.2661450000032
SALES,RUH,IC5,semigov,F,True,1,1684.9095167732812,0.09388157452999754,842.4547583866406
EDU,RUH,IC2,public,F,True,1,1684.3497673342408,0.37664603459643975,842.1748836671204
OPS,NJR,M1,public,M,False,1,1683.3220828930425,0.12421996104335448,841.6610414465213
HR,HAI,M3,private,F,False,1,1677.3177099999957,0.0838753634160658,838.6588549999979
OPS,QAS,M4,private,M,True,1,1677.1003853229668,0.06465046834371199,838.5501926614834
ENG_ELEC,RUH,IC2,private,M,True,2,1675.9994651588072,0.21880531642336848,837.9997325794036
HEALTH,BAH,M1,semigov,M,True,1,1674.8222900000073,0.10061651667708028,837.4111450000037
SALES,EST,IC4,semigov,M,False,1,1673.4104748529408,0.11355595210599986,836.7052374264704
HR,ASR,IC2,private,M,False,1,1666.8271211955134,0.1751501720364831,833.4135605977567
OPS,ASR,M4,pif_backed,M,True,1,1662.0577099999937,0.08317574745477006,831.0288549999968
OPS,JAZ,IC3,public,M,False,1,1661.475168314043,0.2404516431441737,830.7375841570215
EDU,RUH,M4,private,F,True,1,1659.857402871865,0.07041188565110988,829.9287014359325
FIN,RUH,IC3,public,F,False,1,1650.833959442427,0.12733779840363793,825.4169797212135
EDU,NJR,IC3,public,M,True,1,1646.3740888805123,0.31477562302817846,823.1870444402562
ENG_MECH,QAS,IC4,semigov,M,True,1,1645.9408763642296,0.10438031798229463,822.9704381821148
SWE,RUH,IC4,public,F,True,1,1643.1277965680401,0.10408383554690377,821.5638982840201
EDU,JED,IC3,private,F,True,1,1642.8368911591624,0.23767344667356693,821.4184455795812
HEALTH,TAB,IC4,semigov,F,False,1,1637.2051567047001,0.12875269892274155,818.6025783523501
ENG_ELEC,MAD,IC1,public,M,True,1,1632.7923329249943,0.22855915688669193,816.3961664624971
SALES,RUH,IC5,pif_backed,M,True,1,1632.4575095868931,0.06819520543215135,816.2287547934466
FIN,MAK,IC4,public,F,True,1,1626.6545110195239,0.11837161963563515,813.3272555097619
HR,RUH,IC4,private,F,True,1,1625.6837358480298,0.11643430680521391,812.8418679240149
CUSTOMER,EST,IC6,private,M,True,1,1619.3615906316318,0.15430985729588592,809.6807953158159
SWE,EST,IC5,private,F,True,1,1616.72493769625,0.054079207161487515,808.362468848125
ENG_MECH,MAD,IC4,private,M,False,1,1615.4698215126682,0.11465624638122854,807.7349107563341
DESIGN,RUH,IC2,public,F,True,1,1614.9915747998602,0.16336676635293274,807.4957873999301
EDU,NJR,IC4,semigov,F,True,1,1614.7749596145932,0.17394594101329208,807.3874798072966
ENG_ELEC,JED,IC5,pif_backed,M,True,1,1612.883510578813,0.08251394144201675,806.4417552894065
PM,JED,M1,pif_backed,M,True,1,1609.8184158628865,0.06537548710690125,804.9092079314432
OPS,EST,IC2,public,M,True,1,1607.834487973716,0.401958621993429,803.917243986858
DESIGN,JED,IC3,private,M,False,1,1607.7660854912901,0.10239061368739381,803.8830427456451
OPS,RUH,IC2,semigov,M,False,2,1604.137787691875,0.3363860862952661,802.0688938459375
SALES,JED,M2,startup,M,True,1,1601.8506601066329,0.07181946884087873,800.9253300533164
CUSTOMER,JED,IC2,private,M,False,3,1601.8210184518496,0.4249245256736776,800.9105092259248
CUSTOMER,EST,IC4,mnc,M,False,1,1596.517152843835,0.1937271604434181,798.2585764219175
CUSTOMER,EST,IC3,semigov,F,True,1,1595.7863402121984,0.2478440951644048,797.8931701060992
PM,RUH,IC3,private,F,True,1,1583.3356471999905,0.09257913880477138,791.6678235999952
CUSTOMER,ASR,IC3,private,M,True,1,1577.9479630776914,0.21823919736744662,788.9739815388457
FIN,EST,IC2,public,F,True,1,1574.8745162897303,0.24024812611205307,787.4372581448652
EDU,RUH,IC5,private,M,True,1,1570.7596507174658,0.10363508341673787,785.3798253587329
FIN,JAZ,M2,public,M,True,1,1567.4283627781006,0.08200948176418701,783.7141813890503
ENG_ELEC,JED,IC3,pif_backed,M,True,1,1557.9525369267594,0.09667326709917128,778.9762684633797
PM,RUH,IC1,private,M,True,1,1557.5235202228123,0.24993397032334666,778.7617601114061
EDU,RUH,IC4,private,F,True,5,1556.1212660803535,0.12354241911343469,778.0606330401768
ENG_CIVIL,RUH,IC6,private,M,False,1,1543.3315571771273,0.07938507311204558,771.6657785885636
HR,JED,M2,public,F,True,2,1540.620062451706,0.10887464346184071,770.310031225853
HR,MAD,IC4,semigov,M,True,1,1538.6569680071188,0.10753988165928738,769.3284840035594
MARKETING,RUH,IC4,public,F,False,1,1538.312040283714,0.10950320970691509,769.156020141857
SWE,ASR,IC6,pif_backed,M,True,1,1537.2845987837718,0.042962043585791,768.6422993918859
HR,EST,IC5,public,F,True,1,1533.5981911743984,0.09877294890505899,766.7990955871992
ENG_MECH,TAB,IC3,semigov,M,True,1,1532.0124655209056,0.127784202057618,766.0062327604528
SALES,TAB,IC3,pif_backed,F,False,1,1529.3030268292696,0.12926323792479955,764.6515134146348
HEALTH,RUH,IC3,startup,M,True,2,1527.427610768299,0.13785034609873592,763.7138053841495
HR,TAB,IC3,private,M,False,1,1525.5447636762747,0.2596349327958015,762.7723818381373
SALES,JED,IC1,private,M,False,1,1520.3904238028294,0.4315233186415131,760.1952119014147
CUSTOMER,JAZ,IC5,public,M,False,1,1517.5810659418348,0.2252222146942165,758.7905329709174
SUPPLY,EST,IC3,semigov,M,False,2,1510.297119071351,0.17899635502383388,755.1485595356755
DATA,RUH,IC3,semigov,F,True,1,1509.1142056527078,0.1164641269519352,754.5571028263539
EDU,RUH,IC4,private,M,True,2,1508.0221173005884,0.17117861277675078,754.0110586502942
HEALTH,RUH,IC2,private,M,False,3,1504.4458931553318,0.26620205001967256,752.2229465776659
EDU,MAK,IC4,pif_backed,F,True,1,1503.0919890965051,0.1408451116334414,751.5459945482526
EDU,RUH,IC5,public,F,True,2,1497.7272558064515,0.09618459258565293,748.8636279032257
SALES,JAZ,IC5,startup,F,False,1,1495.4215383147002,0.1281165779225863,747.7107691573501
EDU,EST,IC3,semigov,F,False,1,1493.3191643928067,0.1996787055873761,746.6595821964033
SWE,JED,IC6,semigov,F,True,1,1489.7762813474692,0.050621266549012965,744.8881406737346
DATA,EST,M2,semigov,M,False,1,1487.9425622987,0.04918937092692485,743.97128114935
OPS,EST,IC4,semigov,M,True,1,1486.7864576491156,0.07462008093698118,743.3932288245578
DESIGN,EST,IC2,public,F,False,1,1485.5639427956958,0.1301418439307449,742.7819713978479
DESIGN,EST,IC2,private,F,False,1,1484.4240660292216,0.1673303182684255,742.2120330146108
SALES,HAI,IC4,semigov,F,False,1,1483.9873513232997,0.07160259215767853,741.9936756616498
CUSTOMER,NJR,IC2,semigov,M,False,1,1482.8689380877781,0.605818882991767,741.4344690438891
CUSTOMER,RUH,IC3,private,F,False,1,1479.5059998295155,0.2231885894190657,739.7529999147578
HR,RUH,IC5,semigov,M,True,1,1477.0725197370048,0.09441052691124023,738.5362598685024
CUSTOMER,MAD,IC1,private,M,False,1,1475.2723343018743,0.8195957412788191,737.6361671509371
ENG_CIVIL,EST,IC3,semigov,M,False,1,1473.8893214169375,0.19144204370206283,736.9446607084687
EDU,EST,IC4,private,F,False,1,1467.3469449113618,0.16677410406100213,733.6734724556809
HR,EST,M1,public,M,False,1,1467.2634140482405,0.0913206449707503,733.6317070241203
CUSTOMER,RUH,IC1,public,M,False,1,1460.688960610003,0.8114938670055573,730.3444803050015
HR,MAD,IC3,semigov,F,False,1,1455.6037379215886,0.14574620019741055,727.8018689607943
OPS,ASR,IC5,mnc,M,False,1,1455.4521684529227,0.12736311348972598,727.7260842264614
EDU,MAD,M2,private,F,True,1,1454.5193566388116,0.13466562323928422,727.2596783194058
CUSTOMER,JED,IC2,semigov,F,True,1,1453.3892632951993,0.262367364554185,726.6946316475996
FIN,MAD,IC2,public,F,True,1,1438.7871551818935,0.17698543377463968,719.3935775909467
HEALTH,ASR,IC3,private,F,False,1,1431.9566714820885,0.21614603453340606,715.9783357410442
HR,RUH,IC5,private,F,True,1,1428.9707432232353,0.06786119102025788,714.4853716116177
SWE,EST,IC4,startup,M,True,1,1427.4348713218933,0.062226284331595716,713.7174356609466
EDU,RUH,IC2,private,F,False,2,1427.1556631041944,0.29369694637160104,713.5778315520972
SWE,BAH,IC5,public,M,True,1,1425.716740358699,0.10122356750906465,712.8583701793495
DESIGN,RUH,IC1,public,F,True,1,1425.3788975323678,0.35634472438309195,712.6894487661839
SWE,JED,M3,private,M,True,1,1422.833255499274,0.032776760085604456,711.416627749637
OPS,RUH,IC2,semigov,M,True,1,1422.2394273008667,0.18199842439198405,711.1197136504334
CUSTOMER,BAH,IC3,startup,M,False,1,1414.9369692402015,0.15184170942106578,707.4684846201008
SALES,EST,IC3,public,F,False,1,1410.710888831889,0.1753416057214454,705.3554444159445
CUSTOMER,MAK,IC2,public,M,False,1,1410.6118802838846,0.7836732668243803,705.3059401419423
PM,EST,IC5,public,M,True,1,1409.515210739337,0.080345296401649,704.7576053696685
OPS,ASR,M2,semigov,M,True,1,1406.968311554192,0.1236045471644278,703.484155777096
ENG_ELEC,RUH,M1,private,M,True,1,1397.9198208084963,0.09188172610895355,698.9599104042481
ENG_CIVIL,NJR,IC3,private,M,True,1,1394.8374002875566,0.2762612250964664,697.4187001437783
EDU,JED,IC2,private,F,True,3,1383.0047395502088,0.2881498120991145,691.5023697751044
ENG_MECH,HAI,M1,private,M,True,1,1379.664390496635,0.12376013671615302,689.8321952483175
MARKETING,RUH,IC3,semigov,M,True,1,1378.5671962240285,0.09467596070462873,689.2835981120143
DATA,RUH,IC3,public,M,True,1,1378.4475235601349,0.11078737366142981,689.2237617800674
HEALTH,JED,M2,semigov,M,True,1,1378.2483618215774,0.07175962472113953,689.1241809107887
FIN,RUH,IC5,private,F,True,1,1372.8523708414396,0.05599410921214137,686.4261854207198
PM,QAS,IC6,private,M,False,1,1372.3377099999925,0.06968742370292395,686.1688549999963
ENG_CIVIL,RUH,M3,private,M,True,1,1371.312301079215,0.07237817142273925,685.6561505396076
HEALTH,RUH,M2,mnc,F,True,1,1369.9500765012745,0.06147375811758135,684.9750382506372
DATA,JED,M4,private,M,False,1,1364.3271108809931,0.02474236858053647,682.1635554404966
ENG_CIVIL,RUH,IC3,public,M,False,3,1356.9615359649472,0.19949036881436932,678.4807679824736
SUPPLY,RUH,IC3,private,M,False,1,1356.00798281477,0.15338832160848312,678.003991407385
HEALTH,RUH,IC6,mnc,F,True,1,1355.4217456158149,0.06247089995164344,677.7108728079074
OPS,RUH,M3,private,F,True,1,1351.7064450940488,0.061324267820861984,675.8532225470244
OPS,RUH,IC5,pif_backed,M,True,1,1350.3582211622415,0.08287146615735151,675.1791105811208
SUPPLY,RUH,IC2,mnc,M,False,1,1341.345077331248,0.2721852163592261,670.672538665624
SWE,MAK,M3,private,F,False,1,1340.9606352902774,0.03013978517389835,670.4803176451387
DATA,JED,IC4,semigov,F,False,1,1339.5018632585306,0.07128631103877399,669.7509316292653
OPS,MAK,IC2,semigov,M,False,1,1339.210329819562,0.4016405985633068,669.605164909781
HR,RUH,IC3,pif_backed,F,False,1,1329.082052159678,0.08146955207750947,664.541026079839
PM,EST,M4,public,M,True,1,1326.4384625018865,0.02857634433543585,663.2192312509433
CUSTOMER,JAZ,IC2,private,M,True,1,1326.1416232018946,0.19999481565069713,663.0708116009473
ENG_ELEC,ASR,IC4,semigov,M,True,1,1323.6594217491584,0.09150400514249045,661.8297108745792
CUSTOMER,EST,IC3,private,F,False,1,1323.5206701392208,0.25655641538795354,661.7603350696104
ENG_MECH,QAS,D1,public,M,True,1,1320.7811731492038,0.05217029107428976,660.3905865746019
ENG_CIVIL,TAB,IC4,public,M,False,1,1305.5715435714455,0.18104574272132626,652.7857717857228
SWE,JAZ,M3,public,M,True,1,1304.9248720585965,0.06328243154597922,652.4624360292983
ENG_MECH,EST,IC4,private,M,False,1,1303.8419537138816,0.08275177637771636,651.9209768569408
ENG_MECH,TAB,IC3,public,M,False,1,1295.8708077470856,0.11534476995922348,647.9354038735428
HR,NJR,IC3,mnc,F,True,1,1295.5464859310323,0.13293846426243938,647.7732429655161
ENG_MECH,RUH,IC2,public,M,False,2,1294.457421549817,0.23104996096823543,647.2287107749084
SUPPLY,RUH,M1,semigov,M,False,1,1290.7944542878104,0.11305928405591067,645.3972271439052
SALES,RUH,IC6,public,M,True,1,1290.2197398425124,0.06232665584795042,645.1098699212562
ENG_MECH,EST,IC3,semigov,F,True,1,1289.0597913477268,0.10148854439959018,644.5298956738634
DATA,TAB,IC2,mnc,M,True,1,1284.3052040088432,0.14841556698941036,642.1526020044216
HEALTH,JED,IC3,semigov,F,True,2,1277.21341906005,0.11707339670024983,638.606709530025
EDU,TAB,IC4,mnc,F,True,1,1276.5931611253,0.11971738453956013,638.29658056265
DESIGN,RUH,IC1,private,M,False,1,1272.8207617782118,0.36104498288928055,636.4103808891059
ENG_ELEC,EST,IC3,private,M,True,2,1272.4757434653402,0.10453324510699509,636.2378717326701
ENG_CIVIL,JED,IC3,public,M,False,1,1271.8584569871055,0.17277164395668076,635.9292284935527
EDU,JED,IC2,mnc,F,True,1,1269.8916616702927,0.22075627847395596,634.9458308351464
OPS,JAZ,M1,mnc,M,False,1,1266.9621884301487,0.09153239985537512,633.4810942150743
CUSTOMER,RUH,IC3,pif_backed,M,True,1,1263.2578956291782,0.10931070399972813,631.6289478145891
LEGAL,EST,IC2,private,F,False,1,1261.133201056191,0.13439357718301928,630.5666005280955
EDU,TAB,IC4,pif_backed,M,True,1,1261.0323707204043,0.11224931443514091,630.5161853602021
HR,JAZ,M2,mnc,M,False,1,1246.668565143248,0.15444625713816248,623.334282571624
ENG_ELEC,RUH,M1,semigov,M,True,1,1235.7647276223615,0.0613184451138781,617.8823638111808
OPS,JAZ,IC1,semigov,F,False,1,1226.9286346370636,0.2997260619609292,613.4643173185318
SWE,JED,IC4,private,M,True,1,1225.3694300578682,0.05750848076758739,612.6847150289341
CUSTOMER,RUH,IC1,pif_backed,F,True,1,1225.2057333427356,0.20765459760631158,612.6028666713678
HR,RUH,IC4,mnc,M,True,1,1224.7238907379378,0.08751384572067557,612.3619453689689
CUSTOMER,EST,IC2,private,F,True,2,1222.9200122540242,0.30573000306350606,611.4600061270121
SALES,ASR,IC1,private,M,False,1,1212.243261047997,0.6471302761218395,606.1216305239985
HEALTH,RUH,M1,mnc,M,True,1,1210.8007059575211,0.07120342455796454,605.4003529787606
HEALTH,QAS,IC1,private,F,False,1,1210.5750797151359,0.30755855564803963,605.2875398575679
DATA,MAK,M4,semigov,M,True,1,1208.5564421749295,0.016431145664037847,604.2782210874648
ENG_ELEC,RUH,IC2,public,M,True,1,1205.2395127388736,0.11546231433794073,602.6197563694368
DATA,MAK,IC3,public,F,True,1,1201.91322032284,0.06973996605140823,600.95661016142
OPS,EST,IC4,mnc,M,False,1,1198.0128077000736,0.06934858798986025,599.0064038500368
EDU,QAS,IC2,public,F,True,2,1189.7571141359329,0.254166209271216,594.8785570679664
CUSTOMER,RUH,IC1,private,F,True,2,1171.6543779562649,0.21848753073073446,585.8271889781324
OPS,QAS,IC2,semigov,M,False,1,1170.9941146684941,0.1819093454133284,585.4970573342471
ENG_ELEC,RUH,D2,private,M,True,1,1165.6006133117698,0.04316383857680019,582.8003066558849
CUSTOMER,TAB,IC2,private,F,False,1,1158.418622664351,0.4508904096499082,579.2093113321755
OPS,RUH,IC2,startup,F,True,1,1155.192281485639,0.12561585361453975,577.5961407428194
ENG_CIVIL,EST,IC2,public,M,True,1,1142.519140802554,0.18189678001167844,571.259570401277
OPS,RUH,IC2,private,M,False,3,1137.1910522398732,0.16107322748924888,568.5955261199366
FIN,RUH,IC4,semigov,M,True,1,1136.9436244419303,0.058082420049284655,568.4718122209651
OPS,MAK,IC2,private,F,False,1,1136.6202710034654,0.28147054245222825,568.3101355017327
OPS,RUH,IC4,public,F,False,1,1133.7324032026845,0.10559658017339851,566.8662016013423
OPS,RUH,IC3,private,M,False,2,1131.8205117517828,0.10205634644512368,565.9102558758914
EDU,EST,IC3,private,F,True,2,1129.837369110362,0.18121749930989314,564.918684555181
SWE,MAD,IC6,private,F,True,1,1127.2418704259617,0.02217503324903832,563.6209352129808
ENG_CIVIL,RUH,IC1,private,M,False,1,1124.5954136243845,0.3642473282561287,562.2977068121922
HEALTH,QAS,IC5,semigov,M,False,1,1121.0979912285184,0.07229825752752017,560.5489956142592
EDU,ASR,IC4,public,M,False,1,1119.3600173974264,0.13437098440974726,559.6800086987132
ENG_MECH,EST,M1,public,M,False,1,1117.1140441877324,0.05537864289020891,558.5570220938662
PM,JAZ,IC4,semigov,M,False,1,1108.211846355378,0.07662461505602815,554.105923177689
MARKETING,JED,IC3,private,F,True,1,1107.209531357592,0.11945360923919018,553.604765678796
DATA,RUH,M3,private,M,True,1,1099.2782596183388,0.02470061200258985,549.6391298091694
EDU,RUH,IC4,startup,M,False,1,1092.8916455277904,0.10880649892355415,546.4458227638952
ENG_MECH,RUH,IC3,private,M,False,3,1092.219047932973,0.08190376412675683,546.1095239664864
MARKETING,RUH,M2,semigov,M,False,1,1085.7680735215108,0.04906729953450723,542.8840367607554
EDU,MAK,IC2,startup,F,True,1,1085.0034041561958,0.27125085103904895,542.5017020780979
SUPPLY,RUH,IC1,public,M,False,2,1080.8661678627093,0.4325383369755314,540.4330839313546
EDU,MAK,IC2,private,F,True,1,1079.601871493097,0.26990046787327426,539.8009357465485
HR,EST,IC4,mnc,M,False,1,1077.1150940419302,0.08613220512803141,538.5575470209651
HEALTH,JED,IC1,mnc,M,False,1,1073.3770112361344,0.22982057836123207,536.6885056180672
ENG_ELEC,JAZ,IC3,private,M,False,2,1070.8217347976579,0.11376803291875713,535.4108673988289
SWE,QAS,IC3,pif_backed,M,True,1,1069.8681582852478,0.06953467499486535,534.9340791426239
FIN,HAI,IC3,public,F,True,1,1067.6740533522097,0.07236559669024303,533.8370266761049
HEALTH,JED,IC2,private,M,False,1,1066.0734120956322,0.1592590054460487,533.0367060478161
ENG_MECH,JED,M3,private,M,False,2,1065.6122734855635,0.0508022977956437,532.8061367427817
CUSTOMER,HAI,IC4,mnc,F,False,1,1040.725088505672,0.12825577685556902,520.362544252836
CUSTOMER,EST,IC1,private,F,True,2,1039.9379828098586,0.2599844957024646,519.9689914049293
HEALTH,RUH,M1,mnc,F,False,1,1034.6243415412864,0.057652150595358206,517.3121707706432
CUSTOMER,EST,IC1,private,M,True,1,1033.4888806851113,0.2583722201712778,516.7444403425557
HEALTH,ASR,IC1,public,F,True,1,1032.67226195602,0.2021719852925611,516.33613097801
ENG_MECH,NJR,IC3,private,F,False,1,1023.8625407052841,0.15198979582614489,511.93127035264206
OPS,EST,M1,pif_backed,M,True,1,1022.2685055334769,0.05368498998179164,511.1342527667384
CUSTOMER,RUH,IC2,public,M,True,1,1021.4510086445844,0.25536275216114607,510.7255043222922
ENG_MECH,JED,IC3,private,M,True,1,1020.238080490728,0.09936025762297374,510.119040245364
CUSTOMER,EST,IC3,mnc,M,False,1,1019.9648716574484,0.10911422638103234,509.9824358287242
FIN,RUH,IC1,private,F,False,1,1017.8535477694222,0.16030401475535508,508.9267738847111
HR,TAB,IC3,mnc,M,False,1,1015.3139891088913,0.14886363310068298,507.65699455444565
SALES,QAS,IC2,mnc,M,True,1,1012.8948562757114,0.1283466220649493,506.4474281378557
HR,RUH,IC3,private,M,False,1,1011.7306317738294,0.0953989465391541,505.8653158869147
HR,RUH,M2,public,M,True,1,1008.8655814181147,0.05758549253960828,504.4327907090574
HR,EST,IC3,semigov,F,True,2,1006.1390715385342,0.07824640529203852,503.0695357692671
MARKETING,RUH,IC5,pif_backed,M,False,1,1003.9031691202072,0.04384582291655288,501.9515845601036
HEALTH,MAD,IC6,mnc,F,True,1,1001.9057755453578,0.03851273713489635,500.9528877726789
EDU,TAB,IC3,private,F,False,2,999.124548086098,0.22675177966349552,499.562274043049
SWE,MAK,IC4,mnc,M,True,1,992.9853204311366,0.04839722968948973,496.4926602155683
ENG_CIVIL,RUH,M3,private,M,False,1,992.4295032715236,0.047821728328786464,496.2147516357618
SALES,TAB,IC5,private,M,False,1,991.82279424638,0.077446101644804,495.91139712319
ENG_CIVIL,EST,IC5,private,M,False,1,990.5265275656366,0.06863803932363279,495.2632637828183
ENG_ELEC,EST,M3,public,M,False,1,989.7268853665337,0.03193819207593363,494.86344268326684
OPS,RUH,IC5,public,M,False,1,987.3665386048124,0.06133827700350514,493.6832693024062
EDU,RUH,IC2,semigov,F,False,1,982.4914819772603,0.1633261101246875,491.24574098863013
ENG_ELEC,ASR,IC4,mnc,M,False,1,970.8880896473602,0.07689276931786115,485.4440448236801
ENG_CIVIL,RUH,IC4,public,M,True,1,969.4589305609825,0.06221691104568516,484.72946528049124
PM,HAI,IC3,private,M,True,1,967.2809308900796,0.053150487083571465,483.6404654450398
OPS,RUH,IC1,private,M,True,1,965.537528298617,0.24138438207465424,482.7687641493085
CUSTOMER,ASR,IC3,private,M,False,1,962.2123006279508,0.15190051616277725,481.1061503139754
MARKETING,NJR,IC3,pif_backed,F,False,1,958.3389859362533,0.14662626220541733,479.16949296812663
EDU,EST,IC2,pif_backed,F,True,1,954.1573592753211,0.11549053100848983,477.07867963766057
MARKETING,QAS,IC2,private,M,True,1,946.4025410134154,0.23660063525335387,473.2012705067077
HR,RUH,IC3,semigov,M,False,1,943.8846876497228,0.08149843222842751,471.9423438248614
CUSTOMER,JED,IC3,public,M,True,1,941.8824556732752,0.13259861749017707,470.9412278366376
CUSTOMER,EST,IC1,pif_backed,F,True,1,930.9999225622482,0.23274998064056207,465.4999612811241
EDU,JAZ,IC2,private,F,True,1,926.7155370625242,0.23167888426563105,463.3577685312621
ENG_MECH,RUH,IC2,private,M,False,2,919.6373817438425,0.09694025911546801,459.81869087192126
SUPPLY,EST,IC2,public,M,False,1,919.5272159354499,0.16451592526697487,459.76360796772497
EDU,RUH,IC3,mnc,F,True,2,919.2732706194893,0.11529414633558065,459.63663530974463
SWE,BAH,IC3,mnc,M,False,1,918.7504911231044,0.07223619482518688,459.3752455615522
FIN,RUH,M2,private,M,True,1,910.7992593789677,0.03534466937995697,455.39962968948385
HEALTH,MAD,IC2,mnc,F,False,1,908.3228030251203,0.12839519269045283,454.16140151256013
SWE,RUH,M1,private,F,False,1,906.918763482503,0.0441118861044112,453.4593817412515
FIN,JAZ,IC3,semigov,F,True,1,897.5710998252234,0.09623631620750911,448.7855499126117
EDU,RUH,IC3,private,M,True,3,889.2150033018637,0.09774159876929313,444.60750165093185
SUPPLY,TAB,IC3,public,M,True,1,888.2717558112136,0.1230172317973182,444.1358779056068
PM,RUH,IC1,private,M,False,1,886.4824484945002,0.13438515844490634,443.2412242472501
DESIGN,JAZ,IC3,pif_backed,M,False,1,882.2883113176631,0.09018226926634461,441.14415565883155
OPS,JED,IC4,pif_backed,M,True,1,882.159849740503,0.059378513163587984,441.0799248702515
DESIGN,RUH,IC5,private,M,True,1,882.1428859160369,0.03677161215801216,441.07144295801845
LEGAL,QAS,M1,semigov,F,False,1,877.2677099999928,0.04569652442559458,438.6338549999964
PM,JED,IC5,pif_backed,M,True,1,877.2598851197545,0.036831323679965305,438.62994255987724
DESIGN,NJR,M2,private,M,False,1,869.3122900000053,0.049814154515099913,434.65614500000265
PM,HAI,M3,pif_backed,M,True,1,858.4839321835316,0.028303313418445917,429.2419660917658
ENG_CIVIL,JAZ,D1,private,M,False,1,853.6622900000075,0.048873534072719126,426.83114500000374
OPS,RUH,IC1,public,F,True,1,845.0055152993791,0.17752515069567956,422.50275764968956
HEALTH,JED,IC3,public,M,False,1,842.9351178669349,0.09539436302294789,421.46755893346744
CUSTOMER,RUH,IC3,mnc,F,True,1,842.1373648285171,0.080840504741503,421.06868241425855
ENG_ELEC,JED,IC4,private,F,False,1,839.2015264216006,0.06493633870379818,419.6007632108003
HEALTH,RUH,IC1,semigov,F,False,1,838.4189153267771,0.13741351049291348,419.20945766338855
HR,EST,IC3,public,F,False,1,836.6149945296584,0.08647344286815242,418.3074972648292
ENG_MECH,EST,IC4,startup,M,True,1,833.0136008438931,0.04926188805633936,416.50680042194654
EDU,MAK,IC3,public,M,True,1,832.347849389831,0.13167102476814244,416.1739246949155
ENG_MECH,ASR,IC3,public,F,True,1,831.6839363546096,0.10076156428227469,415.8419681773048
SUPPLY,MAK,IC4,private,M,False,1,830.3993544036439,0.07794498363976736,415.19967720182194
EDU,RUH,IC2,public,F,False,1,827.1955050118486,0.16441414323345238,413.5977525059243
SALES,ASR,IC4,private,M,True,1,823.2703584306109,0.04856533658828237,411.63517921530547
SWE,RUH,M3,startup,M,False,1,819.5719470319455,0.020416910519551565,409.7859735159727
DATA,QAS,IC4,private,M,False,1,817.752264879091,0.045655254506282064,408.8761324395455
CUSTOMER,RUH,IC2,private,M,True,1,806.6037218040119,0.201650930451003,403.30186090200596
HEALTH,TAB,IC4,mnc,M,False,1,804.6337797244596,0.06755644829910815,402.3168898622298
OPS,JED,IC2,private,M,False,2,803.5050768610122,0.10537099870384112,401.7525384305061
ENG_MECH,RUH,IC1,private,M,False,1,803.4043002409753,0.22044536097006837,401.70215012048766
FIN,JED,IC3,private,M,True,1,797.473001344164,0.05472736964454238,398.736500672082
CUSTOMER,MAD,IC3,pif_backed,F,True,1,787.4224705358165,0.1358667375030526,393.71123526790825
CUSTOMER,MAD,IC3,private,F,True,1,784.8574738311854,0.10999210629425855,392.4287369155927
MARKETING,TAB,M2,public,F,False,1,780.216568180369,0.1277636060242436,390.1082840901845
ENG_CIVIL,ASR,IC3,public,F,True,1,779.2440331865064,0.09943065807669028,389.6220165932532
CUSTOMER,JED,IC3,semigov,F,True,1,769.051236489955,0.10935735667034793,384.5256182449775
SALES,ASR,M1,private,M,False,1,767.7345706313099,0.042724124360798074,383.86728531565495
HEALTH,EST,IC4,semigov,F,True,1,765.797518222962,0.05160611014974864,382.898759111481
HEALTH,MAK,IC1,public,F,True,1,754.0766992788904,0.15392430292628315,377.0383496394452
FIN,EST,IC3,pif_backed,M,False,2,753.4202690663687,0.05557114563228978,376.7101345331844
ENG_ELEC,EST,IC2,private,M,False,1,753.1864738823842,0.09207185864324621,376.5932369411921
CUSTOMER,JED,IC4,startup,F,False,1,752.8859630416555,0.07368491775416393,376.44298152082774
SALES,JED,IC3,semigov,M,True,1,747.1229099325101,0.04514324185923971,373.56145496625504
OPS,QAS,IC3,mnc,M,True,1,739.9500516605767,0.05499843553529552,369.97502583028836
SALES,MAD,IC3,public,M,True,2,731.1996776909436,0.061715357743302314,365.5998388454718
CUSTOMER,JED,IC4,public,M,False,1,730.002817962928,0.083395154184813,365.001408981464
ENG_ELEC,EST,IC4,pif_backed,M,True,1,723.8298804997976,0.03572862962815711,361.9149402498988
EDU,EST,IC2,public,M,True,1,722.9150574297319,0.10368625091144638,361.45752871486593
HR,RUH,IC2,mnc,F,True,1,722.4880015743902,0.10374761291437129,361.2440007871951
ENG_CIVIL,RUH,M3,pif_backed,M,False,1,718.8531204210776,0.034251423483699264,359.4265602105388
SALES,EST,IC4,pif_backed,M,True,1,716.9714159749346,0.04768739605628366,358.4857079874673
ENG_CIVIL,MAK,M3,mnc,F,False,1,716.3542727440363,0.03843543586785372,358.17713637201814
CUSTOMER,RUH,M1,private,F,True,3,712.7165719441728,0.055612928912471514,356.3582859720864
ENG_CIVIL,QAS,IC2,private,M,False,1,711.0985350799192,0.1056858125800588,355.5492675399596
EDU,QAS,IC3,semigov,M,True,1,707.3577136565227,0.11354366229199235,353.67885682826136
OPS,QAS,D2,public,F,True,1,707.012290000006,0.04014056846459635,353.506145000003
HEALTH,RUH,M1,pif_backed,M,True,1,705.8554476717945,0.03955387139511396,352.92772383589727
EDU,MAK,IC1,private,M,False,1,704.9532484292813,0.14591076053096025,352.47662421464065
EDU,ASR,IC4,private,F,True,1,700.8609238597683,0.11040239875300371,350.43046192988413
ENG_MECH,RUH,IC3,semigov,M,False,2,689.3855500126792,0.0635249465774414,344.6927750063396
SUPPLY,ASR,IC3,private,M,False,1,688.4837658260494,0.13714351622077528,344.2418829130247
DESIGN,RUH,M2,private,F,False,1,685.4636065103841,0.025710753723676833,342.73180325519206
FIN,RUH,IC1,public,F,True,1,682.6205394409371,0.1706551348602343,341.31026972046857
HEALTH,ASR,IC4,private,F,True,1,676.4555276158753,0.06055731861741868,338.22776380793766
SWE,MAK,IC3,pif_backed,M,False,1,674.6551027626792,0.04162818581478878,337.3275513813396
SALES,NJR,IC5,startup,M,True,1,671.9593016860126,0.0395550320159697,335.9796508430063
DATA,JED,IC2,private,M,True,1,670.3204805302212,0.060570835851112274,335.1602402651106
ENG_ELEC,JED,IC3,private,F,True,1,667.6304180552197,0.05237068677741352,333.81520902760985
SWE,RUH,IC1,private,M,True,1,662.9043353227225,0.09551109923100633,331.4521676613613
HR,EST,IC3,public,F,True,1,652.4521872490095,0.06572170105756832,326.22609362450476
CUSTOMER,JED,M1,private,F,False,1,651.710188166735,0.059862914339293964,325.8550940833675
EDU,JAZ,IC3,private,M,True,1,644.8744217606509,0.11618751844690113,322.43721088032544
SUPPLY,EST,IC3,private,M,False,1,641.2261943213971,0.0843086361967205,320.61309716069854
ENG_CIVIL,RUH,IC2,semigov,M,True,1,641.1864734887267,0.109470727826456,320.59323674436337
EDU,MAK,IC4,startup,F,True,1,637.7157415019701,0.06251312248152151,318.85787075098506
DATA,RUH,IC4,private,M,False,1,634.9649166958552,0.02294189586751552,317.4824583479276
OPS,JED,IC2,mnc,M,False,1,631.4899519332448,0.06943738351962914,315.7449759666224
OPS,EST,IC4,public,M,False,1,629.1353028299873,0.05637776835333348,314.56765141499363
MARKETING,RUH,IC2,private,F,True,1,628.1138530055559,0.07532262375081317,314.05692650277797
SUPPLY,QAS,IC3,private,F,False,1,627.3219746650398,0.15920301662146127,313.6609873325199
HR,RUH,IC3,mnc,M,False,1,625.9532397933599,0.04125030988106765,312.97661989667995
SALES,EST,IC4,semigov,F,True,1,621.6985160075274,0.03541420627485906,310.8492580037637
MARKETING,ASR,M1,private,F,True,1,620.7215735456066,0.0404148760605106,310.3607867728033
ENG_CIVIL,JED,IC4,private,M,False,3,606.436628901818,0.04941805882470773,303.218314450909
OPS,MAD,IC4,startup,M,False,1,604.0415042831719,0.04792991162801104,302.02075214158594
FIN,EST,IC1,mnc,M,True,1,598.748561241885,0.14968714031047126,299.3742806209425
OPS,EST,IC2,private,F,False,1,593.1254506141986,0.08969354140669589,296.5627253070993
SALES,RUH,IC3,private,F,True,1,589.1261779213364,0.04628384049411256,294.5630889606682
DATA,EST,IC5,public,F,True,1,587.2435299953286,0.01970562310203409,293.6217649976643
SWE,JED,M1,private,F,False,1,585.9996767012999,0.02373839771808652,292.99983835064995
HEALTH,NJR,IC3,pif_backed,F,True,1,585.6977685665961,0.08295109429673238,292.84888428329805
SALES,RUH,IC3,mnc,F,True,1,585.2341346781286,0.03664334335841377,292.6170673390643
FIN,TAB,IC2,mnc,M,False,1,579.8134147912679,0.11083755444090608,289.90670739563393
MARKETING,ASR,IC5,mnc,M,False,2,563.7236812636784,0.05241779406030208,281.8618406318392
DATA,RUH,IC2,mnc,F,True,1,560.5564028678345,0.040382474895350004,280.2782014339173
FIN,RUH,IC5,startup,F,False,1,559.2116879641799,0.02863328037059558,279.60584398208994
EDU,EST,IC2,private,F,True,1,558.3951931892952,0.0832475148806654,279.1975965946476
HR,MAD,IC4,startup,F,False,1,553.9161998252639,0.04861208182679755,276.95809991263195
SALES,JED,M3,private,F,False,1,553.2987882460839,0.020953041236496613,276.64939412304193
SUPPLY,MAD,IC1,semigov,M,False,1,552.4669302880302,0.23536272751162193,276.2334651440151
SALES,BAH,IC4,startup,F,False,1,550.3273032336565,0.08361387639398771,275.16365161682825
CUSTOMER,EST,IC1,mnc,F,False,1,537.2147521706856,0.20816467969042968,268.6073760853428
HEALTH,ASR,IC1,semigov,F,False,1,530.8223566279371,0.11535854756664937,265.41117831396855
HR,JED,IC3,public,M,True,2,506.16531077821355,0.05886703909594249,253.08265538910678
ENG_MECH,MAK,IC4,private,M,True,1,495.3510379869731,0.03173683361354972,247.67551899348655
HEALTH,JED,IC3,mnc,M,False,1,494.85968853112354,0.0447474388193385,247.42984426556177
OPS,RUH,IC4,pif_backed,M,False,1,494.4475122827025,0.029460632203662948,247.22375614135126
LEGAL,EST,IC2,semigov,F,True,1,492.7492415862798,0.045752740905499883,246.3746207931399
EDU,NJR,M2,private,F,False,1,481.834364472621,0.04691664024403297,240.9171822363105
HR,RUH,IC1,private,M,True,1,478.3497088977547,0.11958742722443867,239.17485444887734
EDU,RUH,IC3,private,F,True,2,474.39388755643904,0.05224510431266922,237.19694377821952
SALES,RUH,IC4,semigov,F,False,1,472.81957070115277,0.030738617541165338,236.40978535057639
HEALTH,JED,IC3,private,F,False,1,468.4544689215418,0.04758805854576077,234.2272344607709
FIN,JED,D1,private,F,True,1,464.07952753582504,0.007903329005455173,232.03976376791252
PM,MAK,IC4,private,M,True,1,460.59875009064126,0.021889650866755598,230.29937504532063
SALES,RUH,IC2,private,M,True,1,458.8066280631301,0.038718349013964745,229.40331403156506
SWE,MAD,IC3,private,M,True,1,455.15099417019337,0.031159188717556817,227.57549708509669
HEALTH,RUH,M1,private,F,False,1,452.6940074736758,0.031460941733152906,226.3470037368379
MARKETING,EST,IC1,public,F,True,1,445.2160525201962,0.11130401313004905,222.6080262600981
OPS,EST,M1,private,F,False,1,440.91489287516197,0.029180452925369787,220.45744643758098
ENG_CIVIL,ASR,M1,public,M,True,1,438.99646790660154,0.04411470598232398,219.49823395330077
MARKETING,RUH,IC2,public,M,True,1,435.376135830189,0.04574249324228345,217.6880679150945
OPS,TAB,IC2,semigov,M,True,1,433.2360083489111,0.09018741859948648,216.61800417445556
FIN,RUH,D1,pif_backed,F,True,1,432.9688267289457,0.008806782702089955,216.48441336447286
HEALTH,EST,IC1,private,F,False,1,431.19277102235174,0.08174332526168004,215.59638551117587
ENG_CIVIL,JED,IC4,mnc,M,False,1,427.6223355492166,0.028048680911706144,213.8111677746083
PM,MAD,IC4,private,M,True,1,424.37400500012336,0.045797716341108484,212.18700250006168
DESIGN,JAZ,IC2,semigov,M,False,1,422.5556884395528,0.05029538705556078,211.2778442197764
OPS,EST,IC4,private,M,False,1,420.95960409797954,0.02969979893197314,210.47980204898977
CUSTOMER,RUH,IC4,pif_backed,F,False,1,420.15144320962645,0.05254402017083488,210.07572160481322
HEALTH,EST,IC4,semigov,F,False,1,418.0565198157874,0.028384650991752414,209.0282599078937
OPS,JED,M3,private,M,False,1,417.18824159780524,0.02798963050216404,208.59412079890262
PM,MAK,IC5,semigov,F,False,1,414.3364781111777,0.019939876584386555,207.16823905558886
ENG_MECH,JED,IC4,semigov,M,True,1,409.0613849539677,0.026508000129213116,204.53069247698386
EDU,RUH,IC5,startup,M,True,1,406.5023788888793,0.02916429041069963,203.25118944443966
EDU,JED,IC6,private,F,True,1,405.1139206755379,0.025493293101474915,202.55696033776894
CUSTOMER,EST,IC3,pif_backed,F,False,1,404.26511083176047,0.04738155474041158,202.13255541588023
FIN,RUH,IC3,semigov,F,True,1,403.4282459603892,0.02870627622700344,201.7141229801946
DATA,EST,IC2,private,M,True,1,399.4214595026133,0.03957920464367879,199.71072975130664
SWE,JED,M1,private,M,True,1,399.08837604740256,0.01561132482035902,199.54418802370128
EDU,RUH,IC5,private,M,False,1,398.1700908982675,0.03195189128946781,199.08504544913376
MARKETING,JED,IC5,semigov,M,False,1,393.84117790136224,0.02611722196331917,196.92058895068112
OPS,EST,IC1,private,M,False,2,393.4066521239906,0.13785893517775105,196.7033260619953
HR,RUH,IC4,public,M,True,1,390.6464504578762,0.029750052392087105,195.3232252289381
EDU,EST,IC4,pif_backed,F,True,1,388.49108361426624,0.029166785559839925,194.24554180713312
HEALTH,RUH,M2,private,F,True,2,388.21471084637415,0.017984006331721602,194.10735542318707
SWE,RUH,IC3,mnc,M,True,1,386.7070131941982,0.020544333314430882,193.3535065970991
ENG_CIVIL,MAD,IC3,public,F,True,1,377.26349878026485,0.05743560876982807,188.63174939013243
SALES,ASR,IC3,private,M,False,1,377.1887193922539,0.03890123610953871,188.59435969612696
SWE,RUH,IC2,private,M,True,1,375.9298747687608,0.032798101784581035,187.9649373843804
CUSTOMER,RUH,IC2,public,F,True,1,367.32599823914006,0.04797645861871277,183.66299911957003
ENG_CIVIL,EST,IC3,semigov,M,True,1,363.7143401964895,0.03937231296956311,181.85717009824475
SWE,EST,M1,private,M,False,1,357.87210250617136,0.013076239891748918,178.93605125308568
SALES,MAK,IC2,private,M,False,1,351.73052272277164,0.041129943054854845,175.86526136138582
ENG_MECH,ASR,IC3,private,M,False,1,350.8035608762766,0.037526321738546094,175.4017804381383
FIN,JED,IC3,private,F,False,1,341.40774459180466,0.02085507181469856,170.70387229590233
ENG_ELEC,EST,IC4,mnc,F,True,1,334.96373950597626,0.0170852882552184,167.48186975298813
MARKETING,RUH,IC6,startup,M,False,1,333.55454961947544,0.019733324200071786,166.77727480973772
ENG_ELEC,MAD,IC1,private,M,False,1,329.8168308230661,0.05738180279327357,164.90841541153304
ENG_MECH,EST,IC3,private,M,True,1,325.45444730517556,0.024613554498495796,162.72722365258778
HEALTH,QAS,IC5,private,F,True,1,323.4353813151465,0.0211454549642676,161.71769065757326
SUPPLY,JED,IC3,private,F,True,1,322.85913668379544,0.03227745697465218,161.42956834189772
PM,RUH,IC4,public,M,False,1,319.8748602331798,0.02047712835688568,159.9374301165899
DATA,EST,IC1,public,M,True,1,312.16558701555505,0.07804139675388876,156.08279350777752
DATA,EST,M1,semigov,F,True,1,311.1888221934423,0.013881866169606736,155.59441109672116
SUPPLY,JED,IC3,semigov,M,True,1,297.5635481882655,0.03307478063468514,148.78177409413274
ENG_MECH,RUH,IC6,public,M,False,1,292.9015754831853,0.006971788697698425,146.45078774159265
ENG_CIVIL,JED,M1,public,M,True,1,290.9749962969745,0.02161717786871781,145.48749814848725
SALES,RUH,M3,startup,M,True,1,290.6376761748288,0.013040775460981853,145.3188380874144
DESIGN,RUH,IC5,private,F,False,1,282.69573839793884,0.01104272895054755,141.34786919896942
CUSTOMER,MAK,M4,pif_backed,F,False,1,280.66542281524016,0.015280670473162443,140.33271140762008
MARKETING,EST,IC4,mnc,M,True,1,280.3406399710202,0.01790010088312796,140.1703199855101
HEALTH,RUH,IC1,private,M,False,1,276.9378014259428,0.052065177197839985,138.4689007129714
SALES,RUH,IC4,public,F,True,1,276.9198142494133,0.013365726736510984,138.45990712470666
EDU,RUH,IC2,public,M,True,1,272.2923707672999,0.040815855937921565,136.14618538364994
EDU,RUH,IC4,startup,M,True,1,264.9978479553283,0.022596836583921354,132.49892397766416
ENG_MECH,JED,IC4,semigov,M,False,2,260.9093343939685,0.019136800759434625,130.45466719698425
DATA,RUH,IC6,public,F,True,1,260.716478015529,0.00780983191846203,130.3582390077645
OPS,JED,M1,private,F,False,1,259.73160158517385,0.026047604211353433,129.86580079258692
ENG_CIVIL,JAZ,IC2,private,M,False,1,251.66727210386944,0.05361604303984538,125.83363605193472
MARKETING,JED,IC3,pif_backed,F,False,1,250.97292067914714,0.027402410217850514,125.48646033957357
HEALTH,QAS,IC4,private,F,False,1,250.13073489965063,0.020988506399377944,125.06536744982532
SWE,RUH,M2,private,F,False,1,250.05932046351154,0.008105458783747145,125.02966023175577
DATA,TAB,IC1,mnc,M,False,1,248.17055077985515,0.05560385078382394,124.08527538992757
OPS,ASR,IC2,private,M,False,1,237.93704614941726,0.028254227814196783,118.96852307470863
FIN,BAH,M4,private,F,True,1,234.36229000000458,0.01295817275846727,117.18114500000229
HEALTH,EST,IC2,mnc,F,False,1,232.46375563552283,0.028424077007086077,116.23187781776141
ENG_ELEC,RUH,IC6,pif_backed,M,False,1,230.93118619538654,0.00708004540536406,115.46559309769327
DESIGN,RUH,IC2,public,M,False,1,223.13753615002315,0.02717500954801875,111.56876807501158
SALES,RUH,IC4,public,F,False,1,217.59316980737094,0.020479569182115857,108.79658490368547
ENG_ELEC,JED,IC4,pif_backed,M,True,1,217.3673766327811,0.012007867418152006,108.68368831639054
EDU,ASR,IC2,mnc,F,True,1,212.5462809562532,0.04356956512821078,106.2731404781266
ENG_MECH,JAZ,M2,mnc,M,True,1,203.04378766095215,0.013261067675049303,101.52189383047607
CUSTOMER,JED,IC2,private,F,False,1,200.24686332025522,0.034532465910232325,100.12343166012761
SWE,RUH,IC6,semigov,M,True,1,200.13709862534597,0.005439066801572172,100.06854931267299
ENG_MECH,RUH,IC4,startup,M,True,1,199.55179293876063,0.013873968965052278,99.77589646938031
HR,QAS,IC3,public,F,True,1,198.41041972980292,0.0292071671168421,99.20520986490146
LEGAL,QAS,IC3,private,M,True,1,194.3463731266238,0.03031957808066918,97.1731865633119
SWE,RUH,IC3,semigov,F,True,1,194.31839771068917,0.011991224816380645,97.15919885534458
ENG_CIVIL,EST,IC2,startup,M,False,1,179.77316360827172,0.03094591293024282,89.88658180413586
MARKETING,ASR,IC3,semigov,F,False,1,178.82054878485815,0.02569264449875045,89.41027439242907
HR,NJR,IC4,private,F,True,1,177.1240518674931,0.019830634210587415,88.56202593374655
HEALTH,NJR,IC3,private,F,False,1,176.91315917430802,0.02657139712111661,88.45657958715401
ENG_CIVIL,ASR,M1,private,M,False,1,176.11865584161933,0.017253273546765948,88.05932792080966
MARKETING,RUH,M3,semigov,F,False,1,167.18403865098298,0.007363725636755854,83.59201932549149
SWE,EST,IC4,mnc,M,True,1,163.23627733377361,0.006030622151469956,81.61813866688681
SWE,TAB,IC1,public,F,False,1,162.7670890435429,0.03767590986589547,81.38354452177146
FIN,RUH,IC3,private,F,False,1,159.3512645173505,0.015254939221717128,79.67563225867525
HEALTH,RUH,IC3,public,F,False,1,157.4662753524135,0.015240948117645974,78.73313767620675
EDU,JED,IC1,public,F,True,1,155.76831558454978,0.03894207889613745,77.88415779227489
OPS,MAK,IC3,private,F,True,1,149.63485951146322,0.012387401860282064,74.81742975573161
MARKETING,TAB,IC5,private,F,False,1,146.7405492689959,0.010518085769242054,73.37027463449795
SALES,EST,IC1,private,F,True,1,145.84877820167367,0.023774317035117114,72.92438910083683
SALES,EST,IC1,private,M,False,1,143.04063035935724,0.029071408030241375,71.52031517967862
DATA,RUH,IC5,public,M,False,1,141.31025195151597,0.004805034547545681,70.65512597575798
HEALTH,RUH,M3,public,F,True,1,139.0087229159144,0.00515342232188682,69.5043614579572
ENG_MECH,RUH,IC3,public,M,False,1,135.2376349483493,0.013501701714233871,67.61881747417465
PM,EST,IC5,semigov,M,False,1,128.3790170207758,0.006016377015781784,64.1895085103879
OPS,EST,IC3,private,F,True,1,127.80761997896661,0.008777182059284792,63.90380998948331
EDU,NJR,IC4,private,M,False,1,121.37309372595882,0.016475732100858016,60.68654686297941
DATA,JED,IC4,semigov,M,False,1,119.08629187898987,0.005932400307214643,59.543145939494934
HEALTH,RUH,M1,public,F,False,1,118.88132604822931,0.007855445428670027,59.440663024114656
SUPPLY,JED,M1,public,M,False,1,118.78700004896746,0.007795164241280664,59.39350002448373
DATA,RUH,IC4,mnc,F,True,1,116.38506843019059,0.004943453837559123,58.19253421509529
MARKETING,RUH,IC3,private,M,True,1,115.6210820971337,0.011307751644228103,57.81054104856685
EDU,TAB,IC3,private,F,True,1,115.13414973236377,0.019595967888546104,57.56707486618188
ENG_MECH,EST,IC1,private,F,True,1,112.96433023643476,0.02824108255910869,56.48216511821738
ENG_ELEC,RUH,IC6,semigov,M,True,1,107.77693475986962,0.00334462415850176,53.88846737993481
ENG_CIVIL,RUH,IC4,semigov,M,False,1,102.53226294351043,0.008516244541435347,51.266131471755216
OPS,MAD,IC3,private,F,True,1,99.93433908610496,0.015110658363363567,49.96716954305248
SUPPLY,MAK,M1,public,M,False,1,94.57901411408147,0.01184866599192978,47.28950705704074
SALES,RUH,IC1,startup,F,True,1,93.66780150787508,0.018570842578898704,46.83390075393754
PM,RUH,IC4,pif_backed,M,True,1,93.20452006338019,0.005143879249613962,46.60226003169009
SALES,RUH,IC4,pif_backed,F,False,1,92.79222278849011,0.006287017088060178,46.396111394245054
EDU,RUH,IC2,pif_backed,M,True,1,88.21891667007458,0.011480171237806504,44.10945833503729
FIN,EST,IC2,semigov,F,True,1,86.23300760485654,0.008405923576789867,43.11650380242827
CUSTOMER,RUH,IC3,mnc,M,False,1,85.28890848145238,0.0070368702796263435,42.64445424072619
HEALTH,RUH,D2,public,M,False,1,83.13338561797718,0.0021103497005821106,41.56669280898859
SALES,NJR,IC4,semigov,F,True,1,80.86065809282991,0.006814339668625716,40.430329046414954
SUPPLY,RUH,IC1,startup,F,False,1,79.43195019878385,0.017775538746676003,39.715975099391926
HEALTH,JAZ,M2,semigov,F,False,1,75.22985286250696,0.0056876405554216755,37.61492643125348
SALES,ASR,IC1,mnc,M,False,1,72.19262782773512,0.022834134452932246,36.09631391386756
EDU,EST,M3,semigov,F,True,1,71.90145679178386,0.0033914117794119464,35.95072839589193
EDU,HAI,M1,pif_backed,F,True,1,70.14074972977869,0.009038966075215494,35.070374864889345
CUSTOMER,RUH,IC1,private,M,False,1,69.72057421152749,0.016177931230790605,34.860287105763746
HEALTH,JED,IC3,pif_backed,M,False,1,66.36881816858477,0.0055915240328255995,33.18440908429238
SALES,EST,IC3,semigov,M,False,1,64.24174650822533,0.004012320593951287,32.12087325411267
HEALTH,HAI,IC2,private,F,False,1,63.61404702385698,0.011749786116861834,31.80702351192849
OPS,ASR,IC1,private,F,True,1,61.88215765091991,0.015470539412729977,30.941078825459954
PM,RUH,IC4,private,F,True,1,57.71191354630355,0.0028199156128191987,28.855956773151775
SUPPLY,TAB,IC2,private,F,False,1,56.65725563623073,0.011504665369042448,28.328627818115365
OPS,ASR,IC1,semigov,F,True,1,56.0787474784679,0.014019686869616976,28.03937373923395
SUPPLY,MAK,IC1,private,M,False,1,55.86093702433209,0.031033853902406715,27.930468512166044
SWE,RUH,IC2,private,F,True,1,53.0271403410552,0.004512548705566078,26.5135701705276
DATA,RUH,IC4,pif_backed,F,True,1,52.424582662533794,0.002204012813542344,26.212291331266897
HEALTH,EST,IC4,startup,F,True,1,52.03816180638569,0.0038698340691571873,26.019080903192844
EDU,JED,M3,semigov,F,False,1,50.55880435598374,0.002369599991937908,25.27940217799187
HEALTH,JAZ,IC4,pif_backed,F,False,1,47.85437206375536,0.0037118539706038223,23.92718603187768
DESIGN,RUH,IC2,public,F,False,1,45.70270541808168,0.005717905671161276,22.85135270904084
ENG_MECH,RUH,D1,public,M,False,1,45.34575060199859,0.0011336919469577104,22.672875300999294
ENG_MECH,JED,IC2,mnc,M,False,1,44.081653772960635,0.005412776740294774,22.040826886480318
CUSTOMER,EST,IC4,pif_backed,F,False,1,42.207851245766506,0.0025678608189810227,21.103925622883253
SALES,NJR,M4,public,M,False,1,41.51229000000603,0.002271048437790111,20.756145000003016
EDU,JAZ,IC4,mnc,M,True,1,36.798371814471466,0.004312240133787482,18.399185907235733
EDU,ASR,IC2,private,F,True,1,35.29212177568206,0.007338231107256087,17.64606088784103
EDU,RUH,M3,private,M,True,1,34.130093772226246,0.0016432320389514854,17.065046886113123
OPS,TAB,M2,semigov,M,False,1,33.2629678401463,0.00244590897119558,16.63148392007315
CUSTOMER,RUH,IC2,semigov,M,True,1,32.819731220861286,0.0044652695538586785,16.409865610430643
CUSTOMER,RUH,IC1,pif_backed,M,True,1,30.49534492537441,0.007623836231343602,15.247672462687206
SALES,JAZ,IC3,semigov,F,False,1,28.177986712455095,0.002893795529439654,14.088993356227547
HR,RUH,IC4,private,F,False,1,26.934969697464112,0.002031320891554727,13.467484848732056
ENG_CIVIL,RUH,M4,semigov,M,False,1,18.512091503569536,0.000710679741679999,9.256045751784768
FIN,ASR,IC2,private,F,False,1,18.27766435006197,0.0021935127511295356,9.138832175030984
CUSTOMER,NJR,IC4,private,M,True,1,17.401248464951095,0.0028305574927860277,8.700624232475548
SALES,TAB,M1,private,M,False,1,13.94797040018966,0.0008384914816220205,6.97398520009483
SUPPLY,RUH,IC1,startup,M,False,1,13.590023749309694,0.002939222383320146,6.795011874654847
SALES,EST,IC3,startup,M,True,1,13.523230002505443,0.0009297255491430585,6.761615001252721
HEALTH,EST,IC2,private,M,False,1,6.011674196722197,0.0007576998802288091,3.0058370983610985
DESIGN,EST,IC1,private,M,True,1,1.7435718815040673,0.0004358929703760168,0.8717859407520336
