family,region,level,ownership,gender,is_saudi,n,mae,mape,pinball_p50
FIN,EST,CXO,private,M,True,1,263912.51771,0.9350875830085602,131956.258855
OPS,EST,SVP,semigov,M,True,1,233130.92771,0.9271412848250764,116565.463855
PM,TAB,SVP,private,M,True,1,129881.66771,0.8763821597252778,64940.833855
DATA,RUH,D2,semigov,M,False,1,121824.4867726932,0.658397103530689,60912.2433863466
ENG_MECH,EST,D2,semigov,M,True,1,99388.82684614201,1.941345758681604,49694.413423071004
SWE,MAK,M5,semigov,M,True,1,94824.80771,0.8380804715320301,47412.403855
SALES,JED,M5,pif_backed,M,True,1,92809.22770999999,0.8351437056627101,46404.613854999996
SALES,JED,IC5,private,M,True,1,92799.66600063136,0.7762086021338734,46399.83300031568
LEGAL,MAD,VP,pif_backed,M,True,1,92616.68771,0.8348575847162415,46308.343855
ENG_MECH,RUH,D3,public,M,True,1,92419.2991754936,1.1327299314019532,46209.6495877468
SUPPLY,MAK,M4,pif_backed,F,True,1,91945.10771,0.8338517731697295,45972.553855
FIN,RUH,D1,mnc,M,True,1,90707.14392834305,0.6335344507922402,45353.571964171526
PM,RUH,D2,private,F,True,1,81984.75876129956,0.598613286437863,40992.37938064978
SWE,JED,D1,pif_backed,M,True,1,76794.31612483734,0.6101551968717486,38397.15806241867
FIN,MAK,D3,private,M,True,1,76726.21771,0.8072480806265219,38363.108855
ENG_CIVIL,RUH,D3,private,M,False,1,73805.87418744834,0.5432220098059839,36902.93709372417
SWE,JAZ,D3,pif_backed,M,False,1,72192.45771,0.7975932012107007,36096.228855
DATA,RUH,M1,private,M,True,1,68491.54219576693,0.6817703471691433,34245.771097883466
HEALTH,EST,SVP,private,M,True,1,67984.39771,0.7877242280326869,33992.198855
HEALTH,EST,SVP,mnc,F,True,1,67540.44771,0.7866266404009183,33770.223855
SALES,RUH,SVP,public,F,True,1,64826.2009538821,1.963900078914514,32413.10047694105
ENG_MECH,RUH,CXO,public,M,False,1,64219.1419402685,0.619832451319227,32109.57097013425
HEALTH,TAB,VP,semigov,M,False,1,62429.25487212117,0.6677185600821377,31214.627436060586
PM,HAI,M3,private,M,True,1,62186.490214546706,0.6745629028749967,31093.245107273353
MARKETING,RUH,D2,private,F,True,1,61372.35803425832,0.616702004342757,30686.17901712916
DATA,RUH,D3,private,M,False,2,60929.501488146074,0.44933008867797825,30464.750744073037
EDU,JED,D2,private,M,True,1,57187.10771,0.7573695988996064,28593.553855
DATA,EST,M1,mnc,M,True,1,52740.820010155985,0.6685746652191161,26370.410005077993
PM,RUH,M4,semigov,M,True,1,51434.382247198584,0.5499757033373782,25717.191123599292
ENG_ELEC,MAD,VP,private,M,False,1,51274.79771,0.7367574627970139,25637.398855
EDU,JED,VP,private,M,True,1,50882.387709999995,0.7352647632372153,25441.193854999998
EDU,JED,VP,private,F,True,1,50836.81771,0.7350903204060775,25418.408855
MARKETING,NJR,M4,private,F,True,1,50427.06771,0.7335114010707882,25213.533855
SWE,ASR,M4,semigov,M,True,1,48853.931115762585,0.6255130281352274,24426.965557881293
PM,RUH,VP,public,F,False,1,48679.58770999999,0.7265609021550892,24339.793854999996
DATA,HAI,M5,private,F,True,1,47453.57771,0.721464069541156,23726.788855
MARKETING,JED,D3,semigov,M,False,1,46052.448155597136,0.43776915340799316,23026.224077798568
SALES,RUH,M3,private,M,True,1,45604.571693878024,0.5650237731463443,22802.285846939012
DATA,RUH,M2,public,M,False,1,44554.46896674433,0.5791101285072368,22277.234483372165
SWE,RUH,M3,semigov,M,False,1,43915.43276152506,0.5528266549769401,21957.71638076253
ENG_CIVIL,RUH,CXO,public,M,False,1,43321.97770999999,0.7027951168351653,21660.988854999996
FIN,RUH,M2,pif_backed,F,True,1,43052.62909563962,0.5744303392726597,21526.31454781981
OPS,RUH,M5,mnc,M,False,1,43013.89543484422,0.5874161674196715,21506.94771742211
SWE,RUH,IC6,public,M,True,1,42995.248745076235,0.5204190677087523,21497.624372538117
ENG_CIVIL,RUH,M2,pif_backed,M,True,1,42519.55241211298,0.679150025086855,21259.77620605649
FIN,MAK,VP,semigov,M,True,1,42171.332292154664,0.9936849228134713,21085.666146077332
ENG_MECH,RUH,IC4,semigov,M,True,2,41617.724674655656,0.47864737439319704,20808.862337327828
SALES,RUH,IC4,semigov,M,False,1,41519.62775243653,0.7129507453842642,20759.813876218264
LEGAL,RUH,IC5,mnc,F,True,1,41473.04507681163,0.5973260291712156,20736.522538405814
HEALTH,RUH,SVP,private,F,True,1,41324.635196126226,0.6433031310984154,20662.317598063113
ENG_MECH,JED,D1,private,M,True,1,41229.80958134749,0.5129391084018083,20614.904790673743
SWE,RUH,D1,mnc,M,True,2,40248.92773571673,0.3510079616369162,20124.463867858365
MARKETING,EST,VP,mnc,M,False,1,40085.806788941634,0.4703440663208938,20042.903394470817
FIN,MAD,IC6,mnc,M,True,1,39983.59770999999,0.6857777166994659,19991.798854999994
SWE,QAS,M1,semigov,M,True,1,39815.63088884779,0.6772955368581025,19907.815444423893
DATA,HAI,IC6,private,M,True,1,38736.60771,0.6789103412848513,19368.303855
SWE,RUH,IC5,mnc,M,False,2,38251.41828678567,0.5055036018997594,19125.709143392836
SWE,RUH,VP,private,M,True,1,36494.350631093825,0.26715269115716417,18247.175315546912
LEGAL,RUH,D2,startup,F,True,1,36278.57771,0.6644549847066795,18139.288855
FIN,JED,D2,private,F,True,1,35757.44517914424,1.1970201301599401,17878.72258957212
ENG_MECH,JED,IC5,private,M,True,1,35298.71537650762,0.5912706412305112,17649.35768825381
MARKETING,NJR,M3,private,F,False,1,35179.01771,0.657558615753735,17589.508855
OPS,RUH,IC5,private,F,True,1,34918.07421771465,0.5422007330628182,17459.037108857327
PM,EST,IC6,mnc,F,False,1,34604.62045643213,0.5074959381024463,17302.310228216065
FIN,EST,M2,semigov,M,True,1,34192.22388885378,0.4970883752104933,17096.11194442689
ENG_MECH,MAK,IC6,public,M,True,1,34165.03770999999,0.6509429032345337,17082.518854999995
MARKETING,NJR,D3,pif_backed,M,False,1,34067.39770999999,0.650292333408796,17033.698854999995
ENG_CIVIL,MAK,D1,private,M,False,1,34025.32771,0.6500112752229168,17012.663855
FIN,EST,M1,semigov,M,True,1,33537.885067825904,0.5661999370257148,16768.942533912952
DATA,EST,M4,public,M,False,1,33459.24503926947,0.309109894366003,16729.622519634737
ENG_ELEC,RUH,IC5,semigov,M,True,1,33454.589399210105,0.5551380461192562,16727.294699605052
MARKETING,RUH,IC5,private,M,True,1,33364.14067926875,0.5610286919677043,16682.070339634374
MARKETING,JAZ,M3,private,M,False,1,33165.723553722535,2.614024513184322,16582.861776861268
ENG_ELEC,RUH,M1,mnc,M,True,1,32929.74367708434,0.6722710173008414,16464.87183854217
SWE,RUH,IC4,mnc,M,False,1,32779.01397458358,0.5815530021240909,16389.50698729179
ENG_MECH,RUH,D2,private,F,False,1,32200.166655946745,1.538615790796485,16100.083327973372
ENG_CIVIL,RUH,VP,startup,M,True,1,32032.932495166533,0.42470431850367324,16016.466247583267
SALES,JED,M5,private,M,True,1,31917.827709999994,0.6353292105119106,15958.913854999997
DATA,JAZ,M2,private,M,True,1,31678.349216213435,0.6975592568980257,15839.174608106718
DESIGN,RUH,IC3,mnc,F,True,1,31655.416825170465,0.6556116830342122,15827.708412585233
SUPPLY,MAK,D2,private,M,True,1,31654.997709999992,0.6334113392143577,15827.498854999996
HEALTH,MAD,IC4,semigov,F,False,1,31191.821117699783,0.7022583101013202,15595.910558849891
OPS,RUH,VP,private,M,False,1,31144.69706355328,1.0955494848300635,15572.34853177664
SWE,MAK,IC4,semigov,M,False,1,31076.499771005805,0.5652046400562396,15538.249885502903
PM,JED,M1,semigov,M,True,1,30762.776602698254,0.5479774865475877,15381.388301349127
EDU,EST,VP,pif_backed,M,True,1,30256.443097184914,0.4896006388726294,15128.221548592457
DATA,JED,D1,semigov,M,True,1,30214.797709999995,0.6225334449910805,15107.398854999998
EDU,RUH,SVP,private,F,True,1,29867.577709999994,0.6198135990288037,14933.788854999997
SWE,RUH,M3,pif_backed,F,True,1,29819.472800158794,0.3863166453358604,14909.736400079397
FIN,JED,M3,pif_backed,M,True,1,29762.642862890163,0.4634766987830949,14881.321431445082
FIN,JED,D1,semigov,M,False,1,29728.62681947912,1.0989856119569508,14864.31340973956
PM,ASR,D2,private,F,False,1,29717.337709999996,0.6186245509782303,14858.668854999998
MARKETING,RUH,D3,public,M,False,1,29563.349767007894,0.6300553445380944,14781.674883503947
DATA,RUH,IC3,public,M,False,1,29443.864580968107,0.7010532414091918,14721.932290484054
SWE,EST,D1,public,F,False,1,29413.34887014243,0.409690106603999,14706.674435071214
DESIGN,TAB,M4,public,F,True,1,29337.585784598195,1.7363740995353425,14668.792892299098
FIN,EST,IC6,public,M,False,1,29260.672432081716,0.5153276954811188,14630.336216040858
SWE,RUH,D1,startup,M,True,1,29014.121883616473,1.0747615055049708,14507.060941808237
ENG_ELEC,JAZ,IC4,pif_backed,M,False,1,28807.623919755337,0.7221621005283257,14403.811959877668
HEALTH,RUH,D2,semigov,F,False,1,28702.232415953928,0.4177334037159944,14351.116207976964
HEALTH,RUH,M4,public,F,False,1,28611.5559117811,0.47059447623151957,14305.77795589055
CUSTOMER,JED,D1,mnc,M,True,1,27875.24076857774,0.508409073050644,13937.62038428887
HEALTH,EST,D1,private,F,True,2,27860.092965890224,0.5133897752154708,13930.046482945112
ENG_MECH,RUH,M3,private,M,True,1,27809.29994672114,0.4537738658952884,13904.64997336057
ENG_CIVIL,RUH,D2,private,M,True,1,27782.768588025712,0.4420953899682944,13891.384294012856
FIN,MAK,IC4,pif_backed,F,True,1,27687.423974952035,0.6227587422061214,13843.711987476017
SWE,MAK,M2,semigov,F,False,1,27615.049448751677,0.4584794886414949,13807.524724375839
MARKETING,RUH,IC5,private,M,False,1,27565.024319742104,0.5544490918979119,13782.512159871052
ENG_ELEC,JED,IC6,public,M,False,1,27553.81653918833,0.5166423263870034,13776.908269594165
FIN,RUH,IC6,mnc,M,True,1,27494.487610709788,0.43117806583526896,13747.243805354894
OPS,JED,M4,public,F,True,1,27430.496369178058,2.542297143019288,13715.248184589029
SALES,EST,IC4,mnc,M,False,1,27416.280725357734,0.5282033894635086,13708.140362678867
FIN,JED,IC4,private,F,False,1,27031.47042911738,0.6459336454367827,13515.73521455869
CUSTOMER,JED,IC6,pif_backed,M,True,1,27009.689901663747,0.6678450290387037,13504.844950831874
SWE,RUH,IC4,semigov,M,True,1,26911.77944497131,0.4778118807138565,13455.889722485656
HEALTH,RUH,VP,public,F,True,1,26732.557531088663,0.33063173228007164,13366.278765544332
SWE,QAS,M3,private,M,False,1,26622.99512653365,1.2138106780769806,13311.497563266825
DATA,RUH,VP,mnc,M,False,1,26426.59628796515,0.25688841031272147,13213.298143982574
HEALTH,RUH,D2,pif_backed,F,True,1,26400.814483384325,0.3678943295630111,13200.407241692163
ENG_CIVIL,RUH,M5,private,M,True,1,26288.54598269846,0.42569179929907497,13144.27299134923
MARKETING,QAS,M4,semigov,F,True,1,26265.207649076045,1.5231160771170245,13132.603824538022
DATA,JAZ,M3,private,M,False,1,26198.26123529339,1.8262876869572369,13099.130617646695
CUSTOMER,RUH,M3,private,M,True,1,26150.149088195172,0.5324555588083157,13075.074544097586
PM,RUH,M4,private,M,False,1,26133.33845054314,0.40226134119769197,13066.66922527157
ENG_ELEC,MAK,M4,semigov,M,False,1,26060.995777348664,0.598066290507028,13030.497888674332
SWE,RUH,M4,private,F,True,1,25968.358169392453,0.9862549138080412,12984.179084696227
PM,EST,IC5,public,F,True,1,25957.54686542955,0.5427737537278354,12978.773432714775
SALES,QAS,IC6,pif_backed,F,True,1,25941.776102099393,0.5543794495756401,12970.888051049697
SWE,RUH,M3,private,M,True,2,25918.177761443498,0.34955255050967793,12959.088880721749
PM,EST,IC6,private,F,True,1,25788.73217295508,0.4928357983588101,12894.36608647754
SWE,EST,D1,private,F,True,1,25783.005570640107,1.3401663925990743,12891.502785320054
ENG_ELEC,EST,M2,pif_backed,M,True,1,25462.46597507582,0.48753649180958314,12731.23298753791
ENG_ELEC,EST,M3,pif_backed,M,True,1,25368.822538430388,0.389592207462955,12684.411269215194
CUSTOMER,MAK,IC6,private,M,True,1,25352.020930298237,0.7075141199992921,12676.010465149118
SWE,EST,M4,private,M,False,1,25217.963761297404,0.3678252068023899,12608.981880648702
FIN,RUH,M2,mnc,M,False,1,24811.19242280432,0.42600618602688434,12405.59621140216
DESIGN,TAB,M4,mnc,M,True,1,24774.430403926053,0.33173130637956466,12387.215201963027
ENG_ELEC,EST,M5,private,M,True,1,24769.704887328367,0.8640747448325261,12384.852443664184
DESIGN,RUH,D2,pif_backed,M,False,1,24752.265699586664,0.30098056815779256,12376.132849793332
SALES,EST,D2,private,F,False,1,24634.547709999995,0.5734970297965519,12317.273854999998
PM,QAS,M2,semigov,M,True,2,24582.967709999994,0.5618728779059596,12291.483854999997
HR,EST,VP,public,F,True,1,24539.034050620314,0.41679265007368577,12269.517025310157
MARKETING,RUH,VP,public,F,True,1,24513.6265398551,1.1969076666856324,12256.81326992755
EDU,MAK,D2,public,M,True,1,24498.697709999997,0.5721438859556197,12249.348854999998
EDU,RUH,IC4,mnc,F,False,1,24449.589110182536,0.6516925662667208,12224.794555091268
DESIGN,MAK,M1,startup,M,True,1,24040.230510162655,2.063532014496315,12020.115255081328
FIN,RUH,VP,mnc,F,True,1,23938.461758394667,0.24841358183615445,11969.230879197334
HEALTH,JED,CXO,private,M,True,1,23793.907709999996,0.5649836459466409,11896.953854999998
DATA,RUH,M1,pif_backed,M,False,1,23692.757779428644,0.4383859612076108,11846.378889714322
OPS,EST,M3,pif_backed,M,True,1,23691.173683523626,0.47406648014819647,11845.586841761813
ENG_CIVIL,NOR,CXO,mnc,F,False,1,23590.827709999994,0.5628757841868232,11795.413854999997
DESIGN,RUH,M2,public,F,True,1,23581.428793504543,0.44674750942943003,11790.714396752272
ENG_ELEC,MAK,M4,private,F,True,1,23530.23296651869,0.5789298433169742,11765.116483259346
DESIGN,MAK,M1,private,M,True,1,23351.316858949438,1.9409225519115085,11675.658429474719
PM,RUH,M4,private,M,True,1,23260.324827482793,0.34347269714419276,11630.162413741396
FIN,QAS,M2,private,M,True,1,23009.72457581441,0.5035526948885926,11504.862287907205
OPS,NJR,SVP,startup,F,False,1,22956.297709999995,0.556156053824044,11478.148854999998
FIN,RUH,IC5,semigov,F,False,1,22950.564502850528,0.4468974204401087,11475.282251425264
DATA,NJR,M3,public,M,False,1,22808.337709999996,0.5545593329339371,11404.168854999998
PM,EST,VP,private,M,True,1,22790.688521365955,0.1443821916273653,11395.344260682978
SUPPLY,QAS,M4,public,M,True,1,22716.437709999995,0.553561790790036,11358.218854999997
FIN,RUH,M3,private,M,True,1,22712.869479994788,1.4645753899879024,11356.434739997394
SALES,TAB,IC5,semigov,F,True,2,22597.488399183083,0.3613766809443449,11298.744199591541
SWE,MAK,M3,private,M,True,1,22563.78221562119,1.0286033359099351,11281.891107810596
CUSTOMER,MAD,IC6,mnc,F,True,1,22554.927709999993,0.5517977879088496,11277.463854999996
SWE,QAS,D1,private,F,True,1,22495.487709999998,0.5511450733304732,11247.743854999999
SWE,RUH,M3,private,F,False,1,22279.24200444395,0.37253192554130915,11139.621002221975
SUPPLY,ASR,IC5,semigov,M,True,1,22228.182517148154,0.6374370616981746,11114.091258574077
MARKETING,RUH,IC6,private,M,True,1,21898.62764229936,0.4900595077457609,10949.31382114968
DATA,QAS,M4,public,F,True,1,21848.92766832686,0.4023227160036154,10924.46383416343
DATA,JED,M3,private,M,True,1,21805.192842247307,0.3841586197657385,10902.596421123653
OPS,ASR,M1,pif_backed,F,True,1,21549.482779577615,0.699980795690276,10774.741389788807
HR,EST,D3,startup,F,False,1,21430.767709999996,0.5391226705414353,10715.383854999998
HR,RUH,IC4,private,M,True,2,21366.39440163415,0.5686942800384154,10683.197200817074
OPS,QAS,M3,semigov,M,True,2,21278.042381598956,0.8297203541537044,10639.021190799478
ENG_CIVIL,TAB,IC5,pif_backed,M,True,1,21236.12881561111,0.5878163324704858,10618.064407805556
HEALTH,JED,IC4,semigov,F,True,1,21206.914120624468,0.5932793882660872,10603.457060312234
HEALTH,JED,VP,mnc,F,True,1,21147.116006139142,0.35495072739808026,10573.558003069571
SWE,JAZ,M3,private,M,True,1,21050.673158722722,0.49038373475311126,10525.336579361361
HR,MAK,IC4,private,F,False,1,21024.957300493224,0.6316469841910147,10512.478650246612
DATA,EST,IC6,semigov,F,True,1,20968.0379241759,0.3895674936199502,10484.01896208795
CUSTOMER,TAB,M4,private,M,True,1,20951.51745655902,0.6006003692940008,10475.75872827951
HR,QAS,IC5,semigov,M,True,1,20854.31079060133,0.5880027347218231,10427.155395300664
FIN,EST,IC4,public,M,True,2,20846.892772123578,0.40846058623265424,10423.446386061789
MARKETING,RUH,D2,startup,F,False,1,20747.782125665588,0.3533067276394338,10373.891062832794
MARKETING,MAK,IC4,private,F,True,1,20705.964357540157,0.6538016727935864,10352.982178770078
DATA,RUH,IC3,pif_backed,M,True,2,20645.872733814984,0.5025325102886363,10322.936366907492
SWE,EST,IC6,private,M,True,1,20559.68535801218,0.7601730291958303,10279.84267900609
ENG_MECH,EST,M3,pif_backed,M,True,2,20477.806670026515,0.2993644330567511,10238.903335013258
OPS,RUH,D1,startup,M,True,1,20382.93393919908,0.42553488882150653,10191.46696959954
ENG_CIVIL,JED,M1,pif_backed,M,False,1,20247.368832324853,0.5051797970765838,10123.684416162427
SUPPLY,MAD,IC5,semigov,M,False,1,20238.100333797916,3.364985623278761,10119.050166898958
HEALTH,RUH,D1,private,F,False,2,20123.915699184774,0.6857419923335457,10061.957849592387
SUPPLY,RUH,VP,semigov,M,True,1,20044.69351862473,0.31899339960219075,10022.346759312364
MARKETING,QAS,M4,private,M,False,1,20031.08209222431,0.896573826929166,10015.541046112156
CUSTOMER,QAS,M3,private,F,False,1,19947.51544152366,2.4906156946466522,9973.75772076183
HEALTH,RUH,M4,private,F,True,1,19939.350992255884,0.4029411822577219,9969.675496127942
SALES,RUH,IC5,mnc,M,True,1,19883.836004207915,0.3788557715240766,9941.918002103957
DESIGN,JED,M5,private,M,True,1,19625.397709999994,0.5171952460112864,9812.698854999997
FIN,RUH,M3,startup,F,False,1,19617.583363604328,0.8083088632633714,9808.791681802164
FIN,RUH,M3,mnc,M,True,2,19574.634157791166,1.709707277342903,9787.317078895583
OPS,RUH,M3,startup,F,True,1,19539.04708677925,0.4690609246419335,9769.523543389625
PM,RUH,M4,public,M,True,3,19469.065130075032,0.41121172401308814,9734.532565037516
SWE,TAB,M5,private,F,False,1,19447.105256391464,0.5352469288599515,9723.552628195732
DATA,EST,D2,pif_backed,M,True,1,19192.286498784248,0.19449756540946334,9596.143249392124
SUPPLY,RUH,D1,private,M,False,1,19120.42326912166,0.352057970237797,9560.21163456083
ENG_CIVIL,MAK,IC4,pif_backed,M,False,1,19023.27303862347,0.6396192075541252,9511.636519311734
SWE,RUH,D1,private,M,False,2,19014.683240041413,0.7422931022127847,9507.341620020707
ENG_CIVIL,TAB,D1,private,M,True,1,18980.50127089276,0.35945536320305965,9490.25063544638
CUSTOMER,RUH,IC5,mnc,M,True,2,18867.176308786577,0.38656836892261026,9433.588154393288
LEGAL,RUH,D1,semigov,F,True,1,18793.851798317977,0.45878734080468764,9396.925899158989
DATA,RUH,IC6,private,M,False,1,18784.126576343806,0.323188675540023,9392.063288171903
SWE,RUH,M5,private,F,False,1,18745.887091639004,0.7161016534170511,9372.943545819502
DATA,EST,M3,startup,M,True,1,18609.261434487613,0.8235432722335686,9304.630717243806
MARKETING,JED,M1,mnc,M,True,1,18599.422407682374,0.42933418605018453,9299.711203841187
SALES,MAK,M4,private,M,False,1,18546.776687248806,0.4109420581172793,9273.388343624403
LEGAL,RUH,M4,public,M,True,1,18383.126780537772,0.6640182736705106,9191.563390268886
PM,RUH,IC4,private,M,True,3,18344.17765307162,0.3100719697077488,9172.08882653581
HEALTH,MAD,IC3,private,M,False,1,18290.555936928737,0.6775479487453236,9145.277968464368
LEGAL,BAH,M1,private,M,True,1,18183.849906164323,0.49221221240345825,9091.924953082162
MARKETING,RUH,IC5,private,F,True,2,18006.021599541,0.4434364937664585,9003.0107997705
DATA,QAS,IC4,startup,M,True,1,17988.91661603572,0.516671385137112,8994.45830801786
DESIGN,RUH,D2,semigov,M,False,1,17986.17402335153,0.2489203295657711,8993.087011675765
OPS,MAD,IC4,semigov,M,False,1,17966.7606818003,0.6114008770709639,8983.38034090015
EDU,EST,M3,private,F,True,1,17945.091412897553,0.44799974967308426,8972.545706448776
HR,EST,IC4,semigov,M,False,1,17903.086885973764,0.5280736888546336,8951.543442986882
SALES,EST,M3,pif_backed,M,False,1,17781.901916117422,0.32475245599494884,8890.950958058711
FIN,NJR,M4,mnc,F,True,1,17733.557709999997,0.4918613065741978,8866.778854999999
FIN,EST,IC5,private,M,False,2,17711.558593913156,0.29140686701884366,8855.779296956578
HR,RUH,VP,private,M,True,1,17694.582110741307,0.36369085589796984,8847.291055370653
ENG_MECH,RUH,IC3,public,M,True,1,17623.21717903128,0.5297997704128461,8811.60858951564
DATA,HAI,IC6,private,M,False,1,17547.357709999993,0.4892234119312652,8773.678854999996
SALES,JAZ,M1,public,M,False,1,17463.217463687306,2.951677711787347,8731.608731843653
DATA,EST,M2,private,F,False,1,17284.13399254254,1.3425852716447895,8642.06699627127
CUSTOMER,EST,IC4,public,M,True,1,17278.723672786866,0.6153150579139303,8639.361836393433
LEGAL,JED,M3,public,M,False,1,17123.562761662914,0.5072874142660576,8561.781380831457
OPS,RUH,IC6,public,M,True,1,17089.355867017515,0.4064856496598501,8544.677933508758
SWE,QAS,M3,private,F,True,1,17079.050140807587,0.554454309054294,8539.525070403794
FIN,EST,D1,public,M,True,1,17048.649322267185,0.5077906415040844,8524.324661133593
SALES,ASR,IC6,private,F,False,1,17026.792837213536,2.9227886281958098,8513.396418606768
SWE,RUH,M2,startup,M,True,1,16995.297273601438,0.34811904856091674,8497.648636800719
SWE,RUH,M4,mnc,M,True,1,16972.560569537454,0.5285408081106303,8486.280284768727
LEGAL,MAK,M1,public,M,False,1,16951.23446218417,1.2967302945531478,8475.617231092085
SWE,MAK,IC5,public,F,True,2,16934.03146275801,0.3173792770452518,8467.015731379004
DESIGN,ASR,IC4,semigov,M,True,1,16927.4230882661,0.5364294563385509,8463.71154413305
DATA,EST,IC4,private,M,True,1,16741.941281891675,0.46042714329261497,8370.970640945838
FIN,MAD,M1,pif_backed,M,True,1,16712.247388150296,0.4326064069466132,8356.123694075148
HEALTH,EST,IC4,private,M,True,1,16578.3201745439,0.5287408433583325,8289.16008727195
ENG_ELEC,TAB,IC4,public,M,True,1,16546.03774914989,0.5017134432924981,8273.018874574946
OPS,NJR,IC1,private,F,False,1,16520.422290000006,9.178012383333337,8260.211145000003
SWE,JED,M2,public,F,True,1,16502.70952884084,0.9819353283880186,8251.35476442042
DATA,EST,M1,semigov,M,False,1,16414.824768954015,0.37949193010879306,8207.412384477007
MARKETING,RUH,IC5,startup,M,False,1,16347.9155131222,0.435108541168438,8173.9577565611
PM,JED,IC5,public,F,True,1,16244.497155092671,0.4344432323334368,8122.248577546336
ENG_MECH,MAK,IC5,private,M,False,1,16235.451177866074,0.42691639449781127,8117.725588933037
SALES,RUH,M2,pif_backed,M,False,1,16146.781056025105,1.2710267815850231,8073.390528012553
HEALTH,MAK,IC4,private,F,True,1,16134.560922970715,0.579544552976006,8067.280461485358
PM,MAK,M1,startup,M,True,1,16092.054454878897,0.46372564936727534,8046.027227439448
HR,EST,M3,semigov,M,True,1,16088.48731039268,0.48493814454060763,8044.24365519634
CUSTOMER,NOR,IC1,semigov,F,False,1,16059.132290000005,7.101757089979616,8029.5661450000025
HR,QAS,M1,private,F,True,1,15997.857805332555,0.6186773461581394,7998.928902666277
OPS,TAB,D1,startup,M,False,1,15965.795222727796,0.8915822533837001,7982.897611363898
SWE,JAZ,IC3,semigov,M,True,1,15942.209307366113,3.0757939826525553,7971.104653683056
SWE,EST,M4,semigov,F,False,1,15932.017555191305,0.7262895160046692,7966.008777595653
SALES,RUH,M4,semigov,F,False,1,15838.511755541516,0.9219548767521272,7919.255877770758
FIN,TAB,M1,public,M,True,1,15816.265029697694,0.4493711588358849,7908.132514848847
ENG_ELEC,MAK,IC6,private,M,True,1,15757.06105527604,0.5666927188441068,7878.53052763802
ENG_ELEC,RUH,IC5,pif_backed,M,True,1,15755.902512064557,0.3274423244488988,7877.951256032278
ENG_CIVIL,RUH,VP,private,M,True,1,15668.44940272547,0.5456842241854141,7834.224701362735
DATA,JED,IC4,mnc,M,True,1,15667.141536841391,0.4147027303334662,7833.5707684206955
FIN,QAS,M3,private,M,False,1,15598.934044102165,1.0435772824529332,7799.4670220510825
DATA,JED,M2,public,F,False,1,15592.658641242175,0.6760247091179782,7796.329320621087
CUSTOMER,RUH,M3,mnc,F,True,1,15567.610679785135,0.32863631475197946,7783.805339892568
ENG_CIVIL,ASR,IC4,pif_backed,M,True,1,15562.154523413654,0.5818739401587987,7781.077261706827
SUPPLY,HAI,IC6,private,M,True,1,15444.383713405052,0.5880792293096011,7722.191856702526
HEALTH,ASR,M2,private,M,True,1,15363.296312261467,0.47358441625863096,7681.648156130734
ENG_ELEC,RUH,D3,public,M,True,1,15346.607709999993,0.4558349135638039,7673.3038549999965
SWE,RUH,IC5,semigov,M,True,1,15289.425028220121,0.8317742661571085,7644.7125141100605
CUSTOMER,RUH,D2,public,M,False,1,15260.20308501052,0.9810487235935555,7630.10154250526
SALES,RUH,M3,private,F,True,2,15243.600506922354,0.4278849051053259,7621.800253461177
SWE,MAK,M2,public,M,True,1,14969.685585823696,0.808499172895195,7484.842792911848
SWE,RUH,IC6,mnc,M,True,2,14965.1505320108,0.5180303913559076,7482.5752660054
FIN,BAH,IC2,private,M,False,1,14884.882290000005,4.332617955255944,7442.4411450000025
PM,RUH,M2,private,M,False,1,14881.497090150733,0.8433325677318751,7440.748545075367
DATA,RUH,IC4,private,F,False,1,14872.033113093577,0.3621772354164707,7436.016556546789
FIN,RUH,M1,private,M,True,1,14844.394370474129,0.3998674247480255,7422.197185237064
DESIGN,RUH,M2,private,M,False,1,14819.454629171672,1.4195410201311804,7409.727314585836
FIN,RUH,IC4,pif_backed,M,False,2,14817.771736208322,0.39645223854619804,7408.885868104161
ENG_MECH,RUH,M2,private,M,True,3,14812.969327273351,0.47784928348263267,7406.484663636676
SWE,EST,IC3,mnc,F,False,1,14801.031304471719,0.456137606648535,7400.515652235859
DATA,ASR,IC6,private,M,True,1,14798.897709999994,0.4468357958436343,7399.448854999997
SALES,JED,VP,private,M,True,1,14778.413812136328,0.21688538258896087,7389.206906068164
ENG_ELEC,ASR,D1,private,M,False,1,14693.579135698536,0.7485225062772718,7346.789567849268
OPS,HAI,IC5,public,M,False,2,14667.1513034315,2.1219041282418507,7333.57565171575
ENG_ELEC,JED,M2,public,M,True,1,14546.436584600226,0.40707620219321533,7273.218292300113
DATA,JED,IC6,pif_backed,M,True,1,14536.779489739478,0.3021426219140066,7268.389744869739
SALES,RUH,M4,semigov,M,True,1,14525.788384982901,0.2181172775843753,7262.894192491451
ENG_ELEC,JED,IC4,startup,F,True,1,14498.536823052396,1.9449140493377095,7249.268411526198
SALES,EST,VP,public,M,False,1,14485.404331654165,0.39297926482927414,7242.702165827082
HEALTH,RUH,IC6,startup,M,True,1,14455.33710138112,0.39586310388271223,7227.66855069056
SWE,TAB,M2,private,M,True,1,14454.865688776517,0.39060405942253607,7227.432844388259
FIN,TAB,IC3,private,F,False,1,14424.647878568623,2.2493069281231235,7212.323939284312
OPS,MAD,IC1,private,M,False,1,14403.962290000007,3.6778014559066112,7201.981145000003
ENG_CIVIL,RUH,D1,private,M,False,1,14391.527139082384,0.3015756365123531,7195.763569541192
MARKETING,RUH,IC4,mnc,F,True,2,14389.489429575127,0.7465158596267363,7194.744714787564
HEALTH,RUH,M3,private,M,False,1,14358.872046256332,0.36111601779104713,7179.436023128166
EDU,NJR,IC1,private,F,True,1,14320.422290000006,3.5801055725000013,7160.211145000003
CUSTOMER,HAI,IC2,semigov,F,True,1,14320.422290000006,3.5801055725000013,7160.211145000003
SWE,MAD,IC1,mnc,M,True,1,14320.422290000006,3.5801055725000013,7160.211145000003
DESIGN,HAI,IC1,private,F,True,1,14320.422290000006,3.5801055725000013,7160.211145000003
ENG_MECH,HAI,IC1,private,M,True,1,14320.422290000006,3.5801055725000013,7160.211145000003
SUPPLY,TAB,IC1,mnc,M,True,1,14320.422290000006,3.5801055725000013,7160.211145000003
SWE,EST,M3,public,M,True,1,14311.077985338023,0.6667448430326929,7155.538992669011
FIN,EST,D2,public,F,False,1,14281.493846888014,0.30470359040872974,7140.746923444007
OPS,EST,D2,private,M,True,1,14278.563195572802,0.553768377247789,7139.281597786401
MARKETING,JAZ,D1,pif_backed,F,False,1,14278.198522680977,0.5011670284094004,7139.099261340489
SALES,EST,M4,public,M,True,1,14262.249633294683,0.2577524465594967,7131.1248166473415
SALES,RUH,M3,pif_backed,M,False,1,14251.577219301802,0.6738729466551138,7125.788609650901
ENG_CIVIL,RUH,IC5,public,M,False,1,14214.743028458246,0.4953284621422566,7107.371514229123
SUPPLY,EST,IC4,startup,M,True,1,14209.96206483927,0.45705378243857886,7104.981032419635
FIN,EST,IC5,pif_backed,F,True,1,14190.262761315942,0.7957653484151688,7095.131380657971
MARKETING,TAB,IC2,private,F,False,1,14175.672290000006,3.4201513456782693,7087.836145000003
SWE,JED,M2,private,F,False,1,14087.391595568477,1.0738871771791008,7043.6957977842385
SWE,RUH,IC4,private,F,False,1,14066.064093936422,1.80443809365389,7033.032046968211
ENG_MECH,ASR,IC3,startup,M,True,1,14021.048510554356,0.5772411300298709,7010.524255277178
ENG_ELEC,MAD,D1,private,M,False,1,13944.054881071443,0.314264587498283,6972.027440535721
MARKETING,RUH,D2,mnc,F,False,1,13916.9678963435,0.2609487910740476,6958.48394817175
SALES,JAZ,IC3,semigov,M,False,1,13909.898872838294,0.5639529240964238,6954.949436419147
SALES,RUH,IC6,private,F,False,1,13908.773479405063,0.3062269616965691,6954.3867397025315
ENG_MECH,RUH,IC6,private,M,True,1,13908.000131859775,0.7243274728772892,6954.000065929888
OPS,RUH,VP,pif_backed,F,True,1,13888.001917151443,0.18790563205586625,6944.000958575722
SWE,NJR,IC4,public,F,True,1,13842.745487550248,2.5715479520030033,6921.372743775124
MARKETING,NJR,D1,private,M,False,1,13776.122290000007,3.0315169090949112,6888.061145000003
ENG_CIVIL,RUH,D1,pif_backed,M,False,1,13768.765886732574,0.8216249275259815,6884.382943366287
HEALTH,EST,M1,public,F,True,1,13760.844212398099,0.4770319138482639,6880.422106199049
SWE,RUH,M2,private,M,True,2,13628.030505696324,0.36679633469887607,6814.015252848162
EDU,RUH,M4,private,M,True,2,13594.07037614455,0.26251916017956534,6797.035188072275
ENG_ELEC,BAH,M2,semigov,M,True,1,13577.703414466312,0.6375777814206355,6788.851707233156
ENG_MECH,RUH,IC4,public,M,False,3,13577.216196970607,0.44086318284791504,6788.608098485303
PM,RUH,IC6,public,M,True,1,13548.400569133006,0.575967892020394,6774.200284566503
PM,RUH,IC4,public,M,True,2,13540.164119266177,0.975999336499249,6770.082059633089
MARKETING,HAI,M3,private,F,True,1,13536.340095600699,0.41411986277119567,6768.1700478003495
HR,RUH,M2,mnc,M,False,1,13488.007254865493,0.41470528069043394,6744.003627432747
SWE,RUH,M3,semigov,M,True,2,13440.158343173613,0.3575773042784478,6720.079171586806
DESIGN,EST,M3,public,M,False,1,13388.4474942848,0.3839257676834892,6694.2237471424
LEGAL,MAK,IC1,public,M,True,1,13354.392290000007,2.6891485331341145,6677.1961450000035
SWE,HAI,IC1,pif_backed,M,False,1,13341.142290000007,2.6793316081843175,6670.5711450000035
LEGAL,ASR,IC3,semigov,F,False,1,13327.557709999994,0.4211187478632126,6663.778854999997
ENG_MECH,RUH,IC4,private,F,True,1,13315.341429888256,0.36686677167415505,6657.670714944128
EDU,MAK,IC4,startup,M,True,1,13280.33753686475,0.5509820772270022,6640.168768432375
HEALTH,JAZ,IC6,public,M,True,1,13203.808111348651,0.37859762898064897,6601.904055674326
MARKETING,EST,M2,semigov,F,False,1,13202.797289139493,0.4707101114611986,6601.3986445697465
EDU,NOR,M1,public,M,True,1,13187.832290000006,2.5694303051675673,6593.916145000003
PM,TAB,IC3,mnc,M,False,1,13168.212334503616,0.4634165274059445,6584.106167251808
SALES,QAS,M1,private,F,True,1,13164.339371016842,0.5168731071155716,6582.169685508421
HR,RUH,IC6,private,F,False,1,13144.23910567954,1.7103737152820282,6572.11955283977
ENG_CIVIL,EST,M3,public,M,True,1,13141.677732172586,0.3563672786011302,6570.838866086293
ENG_MECH,EST,IC5,public,M,False,1,13107.458028658786,0.48509632856527185,6553.729014329393
CUSTOMER,HAI,IC2,public,F,True,1,13099.112290000005,2.5087788869076926,6549.556145000002
DATA,RUH,IC5,public,M,True,1,13088.219338268835,0.2738427125178594,6544.109669134417
OPS,RUH,M3,private,M,True,2,13041.959071131105,0.336255445068446,6520.979535565552
SALES,MAD,IC5,private,M,True,2,13028.15938998865,0.5130213578578181,6514.079694994325
HR,ASR,M1,semigov,F,False,1,12984.585967836902,1.4685040197507255,6492.292983918451
SWE,RUH,IC5,startup,F,True,1,12962.017750446073,0.30024318577101433,6481.008875223037
ENG_CIVIL,EST,M4,semigov,M,False,1,12961.09569159265,0.3810860767621433,6480.547845796325
DESIGN,EST,IC5,private,M,False,1,12957.284768808051,0.39521593251640447,6478.6423844040255
DESIGN,RUH,M3,private,M,False,1,12951.792564588999,1.563963605697715,6475.8962822944995
OPS,RUH,M2,pif_backed,M,True,1,12926.958723542848,0.33409771035062275,6463.479361771424
SALES,RUH,M2,public,M,False,1,12918.632049444026,0.829112906036801,6459.316024722013
FIN,EST,IC4,private,M,False,1,12842.298057340475,1.5804932690099656,6421.149028670237
DESIGN,TAB,VP,mnc,M,True,1,12781.657471514976,0.15701780374969565,6390.828735757488
DATA,RUH,IC4,pif_backed,M,True,1,12609.50837011485,0.3315742917119459,6304.754185057425
FIN,EST,IC6,public,M,True,1,12591.201630572421,0.2973457664405989,6295.6008152862105
PM,QAS,IC3,private,M,True,1,12523.495805710769,0.4737636142806201,6261.747902855384
MARKETING,BAH,IC3,private,M,False,1,12491.932290000006,2.1432536197196885,6245.966145000003
EDU,EST,IC6,mnc,F,False,1,12456.470448519918,0.4099347653254859,6228.235224259959
EDU,JED,VP,public,F,True,1,12450.337709999993,0.4046158661664513,6225.168854999996
PM,NJR,IC5,private,F,False,1,12430.48955518975,2.3222709823192558,6215.244777594875
ENG_ELEC,RUH,IC4,mnc,M,False,1,12404.89151683316,0.47531871219624305,6202.44575841658
ENG_MECH,RUH,IC5,startup,M,False,1,12392.033863083594,0.3844301816292261,6196.016931541797
ENG_ELEC,RUH,IC6,private,M,False,1,12372.824310390162,0.3168370925242532,6186.412155195081
ENG_ELEC,EST,M3,pif_backed,M,False,1,12370.834272173342,0.30091775604375404,6185.417136086671
FIN,RUH,M4,public,M,True,1,12358.825794009019,0.20111944007338983,6179.412897004509
SWE,RUH,M4,public,M,True,1,12350.672261257496,0.3238208322465387,6175.336130628748
ENG_CIVIL,RUH,IC5,private,F,True,1,12327.641822858845,0.4101833375432753,6163.820911429422
SWE,EST,IC6,private,F,True,1,12320.369505864568,0.2236738103227554,6160.184752932284
ENG_MECH,JED,M1,public,M,False,1,12315.390914229605,1.4586925264048256,6157.695457114803
PM,RUH,M3,semigov,M,False,1,12293.319177147634,0.2711551238594572,6146.659588573817
EDU,TAB,D1,private,F,True,1,12287.68814125434,0.39213577219978946,6143.84407062717
LEGAL,MAK,M1,private,F,True,2,12286.062698716329,1.023820199105657,6143.031349358164
MARKETING,QAS,IC5,private,M,False,1,12260.03987635184,0.5369643513921758,6130.01993817592
SWE,MAK,IC5,private,M,True,1,12247.27730842858,0.3406009343836904,6123.63865421429
SWE,EST,IC5,public,M,True,2,12215.04500032694,0.8744579548133022,6107.52250016347
PM,MAK,M2,public,M,True,1,12209.40150031566,0.6472291298299077,6104.70075015783
LEGAL,RUH,IC5,pif_backed,F,False,1,12198.478574635377,1.35135945711063,6099.239287317689
SWE,TAB,IC4,semigov,M,False,1,12192.769546738597,0.41904807808328526,6096.384773369298
PM,EST,M3,private,F,False,1,12188.940234724,0.62371894872083,6094.470117362
ENG_MECH,ASR,IC4,semigov,F,False,1,12163.097262428277,0.58461757493688,6081.548631214138
ENG_ELEC,RUH,IC3,semigov,M,True,2,12155.407201987591,0.4193548268253011,6077.703600993796
MARKETING,EST,IC5,private,M,True,3,12153.60322421323,0.41454198824375627,6076.801612106615
ENG_MECH,QAS,IC6,mnc,M,True,1,12117.447709999993,0.3981043256311954,6058.723854999997
ENG_CIVIL,QAS,M4,private,M,False,1,12115.590394169736,0.6929125842675465,6057.795197084868
HR,MAD,IC5,mnc,F,False,1,12110.780188711844,0.47620729799501893,6055.390094355922
SALES,MAD,M2,public,M,False,1,12078.280421701542,1.2951149011638974,6039.140210850771
ENG_CIVIL,EST,M4,private,M,False,1,12072.37778467541,0.3640891732604115,6036.188892337705
PM,NJR,IC1,public,F,False,1,12021.312290000005,1.908414409337193,6010.656145000003
DATA,RUH,M3,private,F,True,2,12009.37569025142,0.46519943263640307,6004.68784512571
OPS,TAB,IC5,startup,M,True,1,11914.167574195042,0.41267017380100957,5957.083787097521
SUPPLY,EST,IC3,semigov,M,True,1,11873.982772129137,0.3920506375414664,5936.991386064568
FIN,EST,IC2,pif_backed,M,False,1,11855.254592097228,0.5124958809745654,5927.627296048614
DATA,RUH,IC5,private,M,False,1,11814.403788423551,0.2532054402037137,5907.201894211776
SALES,EST,IC4,public,M,True,1,11813.506169467484,0.35940195040044187,5906.753084733742
SALES,RUH,IC6,public,M,False,2,11804.635137378787,0.2972956115654817,5902.317568689394
ENG_ELEC,RUH,M1,public,M,False,1,11790.844705227113,0.8656149871508414,5895.4223526135565
DESIGN,RUH,IC5,public,M,True,2,11788.723499885666,0.6019836612945644,5894.361749942833
MARKETING,JED,IC5,semigov,F,True,1,11783.847086713495,2.1645607517121626,5891.923543356747
SALES,RUH,M1,pif_backed,F,False,1,11736.532319297552,0.9321988218813384,5868.266159648776
HEALTH,JED,M2,public,F,False,1,11725.005887014277,1.156394328494161,5862.502943507138
HR,RUH,M4,public,F,False,1,11714.29851994711,0.8538691020059005,5857.149259973555
SALES,RUH,M2,startup,F,True,1,11654.20777963192,0.7628871746794523,5827.10388981596
LEGAL,RUH,M1,mnc,F,False,1,11636.066897491615,0.8375778402688364,5818.033448745808
PM,RUH,IC3,startup,F,False,1,11587.962624263153,0.4623572485051805,5793.9813121315765
ENG_MECH,RUH,M2,semigov,M,False,1,11585.002171475608,1.3471935320158253,5792.501085737804
DATA,JED,IC4,semigov,F,True,1,11557.632376845213,0.3604427360851896,5778.8161884226065
HEALTH,RUH,IC6,startup,F,True,1,11536.97893774394,1.2107153211065875,5768.48946887197
FIN,RUH,M1,private,F,True,1,11522.648199406176,0.3269827056653243,5761.324099703088
FIN,RUH,IC6,private,M,True,1,11494.682766605627,0.2954360176800173,5747.3413833028135
OPS,RUH,IC4,public,M,True,2,11471.177281356715,0.3991780967961166,5735.5886406783575
FIN,MAK,M3,private,F,True,1,11401.404794960668,0.5789398883068383,5700.702397480334
HR,MAK,IC6,private,F,False,1,11383.452290000005,1.6409833529624611,5691.726145000002
CUSTOMER,JAZ,D2,mnc,M,True,1,11375.167709999994,0.3830591582790574,5687.583854999997
EDU,RUH,M1,mnc,M,False,2,11352.716979247572,0.37005720508846135,5676.358489623786
SWE,EST,M3,private,M,True,1,11345.188092209668,0.219698699068502,5672.594046104834
HR,MAK,IC5,semigov,F,True,1,11327.631541943923,0.3772483203259442,5663.815770971962
DATA,RUH,IC3,private,M,True,1,11272.78695875527,1.9777235588740938,5636.393479377635
ENG_ELEC,EST,M5,public,M,True,1,11269.280900324717,0.27768134587516397,5634.640450162358
FIN,NOR,IC3,public,M,True,1,11260.317629586654,2.8150794073966634,5630.158814793327
EDU,ASR,D2,private,F,True,1,11205.5579477593,0.4342046293386546,5602.77897387965
HR,RUH,M4,pif_backed,F,True,1,11199.704452063103,0.941411907330943,5599.852226031551
SALES,RUH,IC5,semigov,M,True,2,11192.591901812426,0.8763720057501282,5596.295950906213
DATA,RUH,IC2,semigov,M,True,2,11190.25227126653,0.36656034966931306,5595.126135633265
SWE,EST,M3,private,F,True,1,11179.959967076877,0.34975607608181936,5589.979983538438
PM,NJR,IC3,private,M,False,2,11176.83915841096,0.6600956632901686,5588.41957920548
FIN,QAS,M3,semigov,F,True,1,11159.615069974818,0.45137098838184464,5579.807534987409
ENG_ELEC,JED,IC4,semigov,M,True,1,11145.063963576224,0.35936818513743696,5572.531981788112
DATA,RUH,M1,semigov,M,False,1,11132.933130503683,0.5163705297597205,5566.4665652518415
PM,RUH,IC2,semigov,F,True,1,11131.639047132261,0.49810760614807237,5565.819523566131
ENG_MECH,EST,IC2,mnc,M,True,1,11129.919181409245,0.5968223500283529,5564.959590704622
HR,BAH,M3,semigov,F,True,1,11099.255153630169,1.3833209100656647,5549.6275768150845
SUPPLY,EST,M3,public,M,True,1,11090.787559978251,0.8254481634508168,5545.3937799891255
HEALTH,MAK,IC4,public,M,True,1,11077.372784958838,0.45048722659183493,5538.686392479419
PM,EST,IC3,private,F,False,1,10975.811201211996,0.3799003506320416,5487.905600605998
DESIGN,JAZ,IC4,pif_backed,M,False,1,10940.794073141555,0.4901396381357209,5470.397036570777
EDU,EST,D1,public,M,True,1,10930.099613791444,0.30832908636101775,5465.049806895722
DATA,MAD,IC3,public,M,False,1,10925.219039032037,4.192686657750093,5462.609519516019
ENG_MECH,QAS,IC3,public,M,True,2,10900.052428246714,0.43245622672346,5450.026214123357
SWE,RUH,IC5,public,M,False,2,10889.59294829552,0.22841838778442108,5444.79647414776
SALES,JED,IC5,startup,M,True,1,10884.300984634421,0.7063952825622685,5442.150492317211
PM,MAD,M1,public,F,False,1,10825.76355305528,1.7056827217554578,5412.88177652764
MARKETING,RUH,D1,private,M,True,1,10810.509996006487,0.3594634171290199,5405.254998003244
CUSTOMER,EST,M1,mnc,F,True,1,10807.581020328249,0.429032809512776,5403.7905101641245
SALES,TAB,IC4,semigov,M,True,1,10777.434602885776,0.4901995697627595,5388.717301442888
ENG_MECH,JED,IC6,private,M,False,1,10775.307250476673,0.7285875575315328,5387.653625238337
MARKETING,MAD,IC5,private,M,True,1,10744.247705435955,0.4344979410123583,5372.123852717978
PM,RUH,M2,public,M,False,1,10713.71955898232,0.5458847425950187,5356.85977949116
MARKETING,ASR,M3,private,M,True,1,10713.476175706175,0.4424478372397147,5356.738087853088
FIN,MAK,M2,semigov,M,True,1,10705.693187582074,0.36929503495336846,5352.846593791037
DESIGN,EST,IC2,private,M,True,1,10700.773537786936,0.507822440987085,5350.386768893468
SWE,HAI,IC4,mnc,M,True,1,10684.468922178028,0.3139369033963,5342.234461089014
ENG_ELEC,ASR,IC4,public,F,False,1,10663.368435666152,0.4951325842291188,5331.684217833076
CUSTOMER,JED,M3,public,M,True,1,10657.730144053276,2.0651674176718466,5328.865072026638
SWE,MAK,IC4,mnc,F,False,1,10611.616087513992,0.8293674935512229,5305.808043756996
SWE,RUH,M1,private,F,True,3,10592.272400493212,0.49049716480536926,5296.136200246606
SWE,RUH,M4,private,M,True,1,10583.415719081204,0.1648812228661815,5291.707859540602
EDU,RUH,M2,private,M,True,1,10582.721779239979,0.3606037700743811,5291.360889619989
PM,JED,IC3,pif_backed,M,True,1,10546.803370116224,0.3626166568203157,5273.401685058112
DESIGN,NOR,IC5,pif_backed,M,False,1,10539.943699301439,0.270550143792816,5269.971849650719
PM,RUH,IC5,semigov,M,False,1,10522.999726025686,0.27251011071388914,5261.499863012843
ENG_ELEC,RUH,IC6,private,M,True,1,10502.618296324825,0.6161769064204777,5251.309148162412
FIN,ASR,IC5,private,F,True,1,10470.487128614936,0.28912065375822615,5235.243564307468
OPS,JAZ,IC6,semigov,F,True,1,10463.005279102996,0.44009915282545764,5231.502639551498
SALES,RUH,M2,mnc,F,False,2,10441.839036388199,0.6446605463696469,5220.9195181940995
EDU,MAD,IC4,pif_backed,M,True,1,10437.02285049552,0.513769294635512,5218.51142524776
SUPPLY,QAS,IC5,startup,M,True,1,10427.39124760397,0.47315012356273484,5213.695623801985
DATA,RUH,IC3,mnc,M,True,3,10347.79517374761,0.2733251829421089,5173.897586873805
HEALTH,QAS,M2,pif_backed,F,False,1,10293.237184035585,0.3131326563409677,5146.618592017792
LEGAL,RUH,M2,public,M,True,1,10288.659895695266,0.27866657861466704,5144.329947847633
HEALTH,MAK,IC4,private,F,False,1,10288.199989106786,0.4636218486159339,5144.099994553393
EDU,TAB,IC3,mnc,M,True,1,10277.946311411491,0.5748279260791078,5138.973155705746
ENG_CIVIL,NOR,IC4,private,M,False,1,10251.842290000006,1.2705881691697927,5125.921145000003
FIN,RUH,M3,public,M,True,1,10248.419437118137,0.44445993636599207,5124.209718559068
PM,RUH,M2,private,M,True,1,10229.692704021938,0.43573643177035437,5114.846352010969
DATA,NJR,M2,mnc,M,True,1,10217.837709999993,0.35803996844937264,5108.918854999996
SUPPLY,RUH,D2,semigov,M,False,1,10217.406288345013,0.3948142660867766,5108.703144172507
SWE,RUH,IC4,public,F,False,2,10214.136929857563,0.3647352676115924,5107.068464928781
FIN,MAD,D1,private,M,False,1,10210.068293032185,0.5261766381728644,5105.034146516093
EDU,EST,M3,public,F,True,1,10181.095176843472,0.9493066216658699,5090.547588421736
MARKETING,JED,IC4,pif_backed,F,True,1,10172.123015753998,0.3834914801511628,5086.061507876999
HR,MAK,IC5,private,F,True,1,10171.230854423276,0.37220240143678635,5085.615427211638
SALES,TAB,IC4,pif_backed,M,True,1,10167.520158662268,0.3511764399038663,5083.760079331134
SWE,RUH,M4,private,M,False,2,10114.452231232735,0.2449505418837329,5057.226115616368
HEALTH,EST,M4,private,M,False,1,10099.792174823451,0.5356169917552239,5049.896087411726
ENG_CIVIL,EST,D1,semigov,M,True,1,10099.139348568635,0.566677179063289,5049.569674284317
FIN,EST,M1,pif_backed,M,True,1,10055.036826232015,2.4345510869442717,5027.518413116008
DATA,RUH,IC5,public,F,True,1,10053.341577445157,0.2717951626118257,5026.670788722578
SUPPLY,EST,IC5,private,M,True,1,10049.316902560126,0.3986343525801577,5024.658451280063
MARKETING,TAB,D1,public,M,False,1,10035.657709999996,0.35391555214966225,5017.828854999998
MARKETING,RUH,M1,private,F,True,1,10031.044488794216,1.1877200977066502,5015.522244397108
HEALTH,RUH,M2,semigov,F,False,1,10025.810348363768,0.9723308497692069,5012.905174181884
SWE,JAZ,IC3,mnc,M,False,1,9974.192905457028,0.9701625730557027,4987.096452728514
HEALTH,RUH,VP,private,M,True,1,9972.256768517545,0.2240691722398104,4986.128384258773
OPS,ASR,M2,private,M,True,1,9956.475402890637,0.4738365076971264,4978.237701445319
CUSTOMER,RUH,D2,mnc,F,False,1,9921.24692559999,0.2325477923065417,4960.623462799995
ENG_CIVIL,JED,M4,private,M,False,1,9902.678993929156,0.5272402443778468,4951.339496964578
MARKETING,JED,D1,private,F,True,1,9891.125956841119,0.5075149303152606,4945.562978420559
SALES,RUH,IC3,private,M,False,1,9888.620528827483,1.6081123475743198,4944.310264413742
HEALTH,RUH,IC6,private,F,True,1,9881.566064749604,0.7088361696453587,4940.783032374802
SALES,EST,M2,semigov,F,True,1,9878.712008393148,0.23290966402628233,4939.356004196574
FIN,EST,IC4,private,F,True,1,9878.589541891051,1.0936777443430132,4939.294770945526
ENG_CIVIL,EST,IC6,private,M,True,1,9845.30198980353,0.9658127479255559,4922.650994901765
ENG_MECH,RUH,IC5,mnc,F,False,1,9836.141539419088,0.4077425844612801,4918.070769709544
DESIGN,ASR,M1,mnc,F,False,1,9828.032290000006,1.1572751946154154,4914.016145000003
ENG_MECH,QAS,M1,public,M,True,1,9826.806665725686,0.32033360288758,4913.403332862843
SALES,JED,IC4,private,M,True,2,9806.421654567897,0.3632378791135604,4903.210827283949
DATA,ASR,IC4,private,M,True,1,9799.082885310354,2.029732751417394,4899.541442655177
PM,ASR,IC3,public,F,True,1,9768.818958210317,1.8084209961791453,4884.409479105158
SWE,JED,IC3,public,M,True,1,9761.039579163069,1.4240524828778947,4880.5197895815345
HEALTH,RUH,IC4,public,M,True,1,9753.34213999987,0.37351195537161164,4876.671069999935
PM,EST,IC4,public,F,True,1,9753.091488205457,0.33925826130138764,4876.545744102728
EDU,EST,IC5,pif_backed,F,True,1,9741.129151505553,0.3629580240197284,4870.564575752776
PM,EST,IC5,mnc,M,True,1,9737.754894690166,0.5692060372366546,4868.877447345083
SALES,RUH,D1,pif_backed,F,True,1,9731.934247349069,0.18069177357357658,4865.967123674534
OPS,QAS,M3,private,M,True,1,9721.039408557299,0.9018138629368435,4860.519704278649
HEALTH,ASR,M3,private,F,True,1,9707.868124506736,0.9482284574479861,4853.934062253368
PM,RUH,M5,private,M,True,1,9664.14356612436,0.23760084649267021,4832.07178306218
FIN,MAD,D1,public,M,True,1,9622.184779159568,0.46266042325064727,4811.092389579784
PM,RUH,IC5,mnc,M,False,1,9609.47157170688,0.42984916750532326,4804.73578585344
HEALTH,RUH,IC5,private,F,False,3,9595.929066884351,0.33510122104380186,4797.964533442176
SWE,EST,IC4,public,M,True,2,9592.734995318624,0.4861025341340097,4796.367497659312
DATA,JED,IC4,semigov,M,True,1,9574.159444311881,0.3226431985665593,4787.0797221559405
SWE,RUH,IC4,private,M,False,3,9561.17965823598,0.22831536490036627,4780.58982911799
OPS,MAK,M1,private,M,False,2,9556.282290000006,1.1289096166662465,4778.141145000003
ENG_ELEC,RUH,M5,semigov,M,True,1,9547.62722119724,0.2168138881938148,4773.81361059862
LEGAL,NJR,IC3,private,F,True,1,9542.882290000005,1.0871932557413586,4771.4411450000025
ENG_ELEC,RUH,M3,pif_backed,M,True,1,9512.0984482809,0.19133545106847433,4756.04922414045
SALES,RUH,IC4,private,M,False,3,9496.452549155207,0.47909861148369143,4748.226274577603
SWE,RUH,M1,private,M,True,2,9441.944973576912,0.6044746397632803,4720.972486788456
FIN,EST,IC5,semigov,M,True,1,9404.763999182578,0.24886734069861313,4702.381999591289
LEGAL,RUH,IC4,private,M,True,2,9396.2923557709,0.3090333246136446,4698.14617788545
SALES,MAD,M4,public,M,True,1,9384.006497121554,0.21458516073116127,4692.003248560777
PM,RUH,IC4,semigov,M,True,1,9359.44390703175,0.3058898707189378,4679.721953515875
PM,RUH,M2,semigov,M,False,1,9331.683842017312,0.46036216722967294,4665.841921008656
LEGAL,JED,IC4,private,F,True,1,9301.290984745967,0.2648279052499249,4650.645492372983
HEALTH,RUH,M3,semigov,F,True,1,9278.687791115977,0.6058613485531367,4639.343895557989
SWE,MAD,M3,public,M,False,1,9276.03399248953,0.23551542276309487,4638.016996244765
SWE,RUH,IC4,mnc,F,False,1,9254.043803491179,0.724844876841275,4627.021901745589
LEGAL,JED,IC5,private,M,True,1,9220.850132599804,0.5047644457764803,4610.425066299902
SWE,EST,IC5,mnc,M,False,1,9208.57306263531,0.21079871126483515,4604.286531317655
SWE,QAS,IC4,mnc,M,True,1,9201.728075273055,0.31674120994012495,4600.864037636527
ENG_ELEC,RUH,M1,private,M,False,1,9172.155728166395,0.9888892788590659,4586.077864083198
FIN,RUH,IC5,semigov,M,False,1,9168.20262009557,0.2833125144880979,4584.101310047785
ENG_ELEC,MAK,M1,private,M,True,1,9159.942290000006,0.9999413011108595,4579.971145000003
SWE,JED,M2,semigov,M,True,1,9112.735351549563,0.4654729083400663,4556.367675774782
HEALTH,HAI,IC6,public,M,True,1,9095.06869929418,0.9411122423647534,4547.53434964709
ENG_ELEC,JED,IC4,public,M,True,1,9093.541788476688,0.38868182983207233,4546.770894238344
ENG_MECH,TAB,IC4,private,M,False,1,9078.488636112012,2.2768169004333725,4539.244318056006
DATA,EST,IC4,startup,M,True,1,9077.257252301595,0.9281107497373915,4538.628626150798
SALES,EST,M3,public,F,True,1,9076.081313958588,0.43385456508613857,4538.040656979294
SWE,JAZ,M1,pif_backed,M,True,1,9070.901739487183,0.8170886736363482,4535.450869743591
FIN,EST,IC4,public,F,True,2,9054.819570289479,0.24660027992347006,4527.4097851447395
SUPPLY,JED,M4,public,M,True,1,9043.159003254972,0.6592631664965602,4521.579501627486
MARKETING,RUH,IC5,startup,M,True,1,9041.121255311196,0.6221277471248186,4520.560627655598
ENG_CIVIL,RUH,IC3,public,F,False,1,9025.407204375988,0.549313143321718,4512.703602187994
DATA,RUH,IC2,startup,M,False,1,9016.898478405652,0.47968936496997466,4508.449239202826
HEALTH,MAK,IC3,semigov,F,True,1,9000.658789330015,0.4571835182842252,4500.329394665007
HR,JED,M2,startup,F,False,1,8994.254721847208,0.41894031326230435,4497.127360923604
SWE,QAS,IC4,semigov,F,True,1,8993.050182413292,0.31198331827995196,4496.525091206646
SUPPLY,RUH,IC4,mnc,M,True,1,8987.254734469298,0.3630539267234897,4493.627367234649
CUSTOMER,JED,IC6,public,F,True,1,8964.58371658649,0.38750217065698567,4482.291858293245
OPS,MAD,M1,public,M,False,1,8938.982290000005,0.9528369088327596,4469.491145000003
HR,EST,IC5,public,M,True,1,8932.964882964818,0.33539049635453605,4466.482441482409
ENG_MECH,RUH,IC5,private,M,True,2,8930.360348071514,0.36188208411954875,4465.180174035757
HEALTH,MAK,IC4,public,F,False,1,8916.380652460566,0.4198840542445078,4458.190326230283
DATA,RUH,IC4,private,F,True,1,8905.16449780381,0.7440259287038155,4452.582248901905
HEALTH,MAD,M2,private,M,True,2,8893.092954482081,0.9539032169864282,4446.5464772410405
ENG_CIVIL,JAZ,IC5,public,M,True,1,8885.538542924696,0.48464335699358774,4442.769271462348
OPS,RUH,M2,public,M,True,1,8876.765746899364,1.0957590213206934,4438.382873449682
HR,ASR,M1,public,M,True,1,8820.27086083081,0.7005240951310154,4410.135430415405
LEGAL,EST,IC5,private,F,False,1,8816.624786272885,0.7769518948116303,4408.312393136443
CUSTOMER,RUH,M2,startup,F,True,1,8801.841215615068,0.5734475829103458,4400.920607807534
FIN,RUH,IC2,public,F,False,1,8796.6353382411,0.525430425710131,4398.31766912055
FIN,MAD,IC4,semigov,F,True,2,8728.289466296046,0.3898689745876198,4364.144733148023
ENG_CIVIL,JED,M3,semigov,M,False,1,8723.750467826248,0.9800315079285793,4361.875233913124
OPS,NJR,IC3,pif_backed,F,True,1,8722.088283433255,0.41843695964313066,4361.044141716628
SWE,RUH,D1,private,M,True,1,8719.123311102601,0.2334262932193981,4359.561655551301
MARKETING,RUH,IC6,private,F,True,2,8690.337572693765,0.2626905009177042,4345.168786346882
SWE,TAB,IC6,private,M,False,1,8665.379579226767,0.3072293620838764,4332.689789613383
ENG_CIVIL,JED,IC6,private,M,True,1,8642.58432068189,0.2819057366216162,4321.292160340945
ENG_CIVIL,RUH,IC3,pif_backed,M,True,1,8636.250002589417,0.43024361678087936,4318.125001294708
LEGAL,RUH,D1,public,M,True,1,8628.75909240634,0.1798237326523572,4314.37954620317
DATA,RUH,M1,public,F,True,2,8627.207905729616,0.2242892312069717,4313.603952864808
ENG_CIVIL,EST,IC4,private,M,False,2,8625.362404076153,0.3985306855994401,4312.681202038077
PM,EST,IC3,mnc,M,False,1,8619.939661630413,0.375316197908421,4309.9698308152065
ENG_CIVIL,RUH,M2,public,M,True,2,8607.34409014316,0.30224327629262426,4303.67204507158
DATA,QAS,M1,private,F,True,1,8594.484458962379,0.29444954020847314,4297.2422294811895
ENG_CIVIL,RUH,IC6,semigov,M,False,2,8586.14162210402,0.23203933451889103,4293.07081105201
MARKETING,QAS,IC4,private,F,True,1,8583.59756385531,0.3973267857679293,4291.798781927655
SWE,MAD,IC3,private,M,False,2,8580.537830850393,0.8645105975765742,4290.268915425197
SUPPLY,EST,IC6,private,F,False,1,8567.06565437175,0.6495057785155833,4283.532827185875
OPS,BAH,IC3,public,M,False,1,8564.968643827833,1.7796302020511707,4282.484321913917
FIN,RUH,M3,pif_backed,F,False,1,8542.101582278337,0.23244117425964578,4271.050791139169
PM,RUH,M2,mnc,F,True,1,8538.47267482927,0.2737825455438656,4269.236337414635
DESIGN,RUH,IC5,mnc,M,True,1,8538.227659772816,0.4119795945632889,4269.113829886408
HR,JAZ,IC2,private,M,False,1,8535.622290000007,0.8723348755212174,4267.811145000003
SALES,EST,IC4,private,F,True,1,8514.7389761872,0.6480823311423344,4257.3694880936
DATA,JED,M1,private,M,True,1,8510.685892259156,0.22201854924421052,4255.342946129578
OPS,EST,IC6,private,F,True,1,8479.718855240571,0.49511662515687904,4239.859427620286
DESIGN,JED,IC4,semigov,F,False,1,8474.5751033978,0.4267884012182234,4237.2875516989
SWE,RUH,IC5,semigov,F,True,2,8469.48442033774,0.17991112377445267,4234.74221016887
OPS,BAH,IC3,mnc,F,False,1,8468.004073596647,1.5264403337683565,4234.002036798323
ENG_ELEC,EST,M1,private,F,False,1,8462.909988520805,0.36413332457824127,4231.454994260403
DATA,RUH,IC5,pif_backed,M,True,1,8448.091233442472,0.2942264339619757,4224.045616721236
LEGAL,RUH,IC5,public,F,True,1,8441.890105888491,0.5373508997904859,4220.945052944246
FIN,EST,M2,public,M,True,1,8410.346024568586,0.23811312384115266,4205.173012284293
OPS,JED,IC5,public,F,False,1,8409.846801632571,1.176363585726795,4204.923400816286
SALES,MAK,M2,public,F,False,1,8391.749674996463,1.0204645824259453,4195.8748374982315
OPS,HAI,IC6,public,M,True,1,8390.652290000005,0.844999661623583,4195.326145000003
MARKETING,HAI,IC5,semigov,F,False,1,8383.812967527472,0.4526478909089643,4191.906483763736
OPS,RUH,IC3,semigov,M,True,1,8377.938428398034,0.5173601242215633,4188.969214199017
CUSTOMER,NJR,M3,semigov,F,False,1,8372.096750236698,1.43719334254086,4186.048375118349
DATA,EST,IC4,private,M,False,1,8367.829491610279,0.2773517371498571,4183.914745805139
MARKETING,RUH,M3,startup,M,False,1,8359.772544345682,0.5992488071574678,4179.886272172841
LEGAL,RUH,IC3,semigov,F,True,1,8357.973477470123,1.306357922179415,4178.986738735061
DATA,RUH,M2,semigov,M,True,1,8353.64924863728,0.28782432843524286,4176.82462431864
SALES,QAS,IC5,semigov,M,False,1,8352.523848251149,1.1524171853163152,4176.261924125574
SALES,RUH,IC4,private,F,True,2,8339.608030677698,0.25721020351718,4169.804015338849
HEALTH,JED,M1,private,M,True,1,8325.430405372652,0.3136319987316983,4162.715202686326
MARKETING,JED,D3,private,M,False,1,8324.65563459399,0.12208835653612557,4162.327817296995
SWE,JED,IC5,private,M,True,2,8322.405676971455,0.5586209107052668,4161.202838485728
SALES,RUH,IC5,pif_backed,M,True,1,8311.933711379188,0.34722743082566965,4155.966855689594
ENG_MECH,EST,M3,mnc,F,False,1,8302.2198331117,0.2844539134200206,4151.10991655585
DESIGN,JED,M2,private,M,False,1,8301.977028112056,1.0125362417643762,4150.988514056028
ENG_MECH,JED,IC5,mnc,M,False,1,8293.496419707997,0.2862252357242103,4146.748209853999
DATA,ASR,IC4,public,M,False,1,8272.666280229545,0.3368293232983303,4136.3331401147725
SWE,JED,M2,public,M,False,2,8264.092863966736,0.48044814355596877,4132.046431983368
SALES,RUH,D1,public,F,False,1,8246.668644346391,0.41113886823566087,4123.334322173196
HR,RUH,IC1,mnc,M,True,1,8226.790804022756,0.5761183053709679,4113.395402011378
FIN,MAD,M2,private,M,False,1,8219.01088658594,1.0155389845347593,4109.50544329297
HEALTH,RUH,IC5,public,F,False,2,8213.578536378847,0.2636655359322619,4106.789268189424
HEALTH,JED,M3,public,F,False,1,8212.576120229875,0.459253151984116,4106.288060114937
CUSTOMER,ASR,IC6,pif_backed,F,False,1,8203.215717766087,0.7894060621640769,4101.607858883043
SUPPLY,EST,M4,public,M,False,1,8187.41931100974,0.3161260961144675,4093.70965550487
SWE,MAK,IC4,private,M,False,2,8165.667911955765,0.34809159188948213,4082.8339559778824
PM,JED,IC4,mnc,F,True,1,8156.0380747806485,0.2909619241490723,4078.0190373903242
SWE,RUH,IC5,mnc,F,False,1,8146.855781583043,0.22359861489865132,4073.4278907915213
SWE,JED,M2,semigov,M,False,1,8119.054328799659,0.36635041928994905,4059.5271643998294
DATA,JED,IC3,private,F,True,1,8111.996056978669,1.1524194935401781,4055.9980284893345
EDU,EST,M1,pif_backed,F,True,1,8110.656578071881,0.393708005803295,4055.3282890359405
EDU,RUH,IC6,mnc,F,True,1,8109.585134356208,0.6983706836680725,4054.792567178104
PM,TAB,IC5,public,M,True,1,8105.720528624373,0.24878932865768752,4052.8602643121867
SWE,RUH,IC2,pif_backed,M,False,1,8081.718094619813,0.41500084187309494,4040.8590473099066
HR,RUH,M2,private,M,True,1,8078.332237760949,0.606800744067332,4039.1661188804746
FIN,JAZ,M1,public,M,True,1,8046.232003932482,0.3732092988836272,4023.116001966241
SWE,MAD,IC3,private,F,True,1,8027.032219550729,1.5096862941178946,4013.5161097753644
SALES,RUH,IC5,pif_backed,F,False,1,8022.668587431617,0.26019898885121817,4011.3342937158086
ENG_ELEC,MAK,IC4,private,M,True,1,8013.340418864969,0.32824528006636594,4006.6702094324846
OPS,MAK,IC4,public,M,True,1,8009.3604727164475,0.38020806650025646,4004.6802363582237
HEALTH,TAB,M1,private,M,False,1,8008.88904436482,0.34521103226661487,4004.44452218241
CUSTOMER,TAB,M1,startup,F,True,1,7985.627811258045,0.5229111920559137,3992.8139056290224
PM,RUH,IC2,pif_backed,F,False,1,7985.290290079251,0.47185016982911493,3992.6451450396253
SWE,ASR,IC3,semigov,M,False,1,7959.5415446652105,1.2642942647078312,3979.7707723326052
CUSTOMER,JED,M3,private,F,True,1,7910.352234790185,0.2782843473182353,3955.1761173950927
CUSTOMER,EST,M4,public,F,True,1,7909.960146098552,0.4960908437913418,3954.980073049276
SWE,RUH,IC4,private,F,True,1,7907.05606688779,0.9405290651856588,3953.528033443895
SWE,RUH,IC3,public,M,False,1,7905.151459435213,1.1189665023426667,3952.5757297176065
HR,JED,IC6,public,M,True,1,7904.46771069663,0.31307364402641125,3952.233855348315
SUPPLY,EST,IC6,public,M,False,1,7900.816561040581,0.8195230206198254,3950.4082805202906
LEGAL,NOR,IC6,mnc,M,True,1,7886.247709999992,0.3009252114061036,3943.123854999996
MARKETING,JED,M1,mnc,F,False,1,7880.915242635883,0.6684412151864322,3940.4576213179416
FIN,MAK,M1,private,M,False,1,7849.217160425563,1.42177933240813,3924.6085802127814
OPS,TAB,M2,private,M,True,1,7833.166098323654,0.3521704849501745,3916.583049161827
SWE,TAB,D1,startup,M,False,1,7815.352693783167,0.2644765240311905,3907.6763468915833
HEALTH,RUH,D1,startup,F,True,1,7804.903207353418,0.27486166793810407,3902.451603676709
DATA,RUH,M2,private,M,False,2,7784.516407200166,0.1750708829375267,3892.258203600083
SWE,EST,IC2,startup,F,False,1,7780.871378792308,0.41874786768146804,3890.435689396154
HEALTH,JED,IC6,public,F,True,1,7771.483624670014,0.27312562029044946,3885.741812335007
OPS,MAK,IC1,mnc,M,True,1,7767.987815055581,0.6103214103927325,3883.9939075277907
SWE,JED,IC3,private,M,True,1,7761.771376582277,0.29456594367417044,3880.8856882911386
CUSTOMER,MAK,IC4,private,F,True,1,7756.560042434717,1.3090820787915185,3878.2800212173584
OPS,RUH,IC5,private,F,False,1,7755.964229601079,0.3438258125715584,3877.9821148005394
DATA,JED,IC4,mnc,M,False,1,7735.1935068791245,0.3043846628155182,3867.5967534395622
SUPPLY,EST,M2,public,M,False,1,7731.935229364779,0.3338147998525529,3865.9676146823895
SALES,EST,IC5,private,M,False,1,7721.437991873747,0.25470255957672316,3860.7189959368734
HEALTH,JED,IC5,semigov,F,False,1,7714.593041972144,0.3147695733340464,3857.296520986072
DATA,JED,IC4,private,M,True,1,7709.881625168076,0.3321030381721076,3854.940812584038
HR,RUH,IC4,mnc,F,False,1,7708.828489492678,0.8283994512489324,3854.414244746339
HEALTH,RUH,IC3,private,M,True,1,7700.953078519591,0.3699651016446801,3850.4765392597956
MARKETING,TAB,IC2,private,F,True,1,7699.242290000006,0.7248951896117009,3849.621145000003
SWE,EST,IC4,semigov,M,True,2,7683.615914983684,0.18206430344455468,3841.807957491842
ENG_ELEC,JED,IC5,pif_backed,M,True,1,7665.192242610123,0.39214563215514164,3832.5961213050614
SALES,RUH,IC6,private,M,False,1,7658.25211491415,0.8770671458707909,3829.126057457075
FIN,EST,M1,private,M,True,1,7649.163524354448,0.2444360283894585,3824.581762177224
MARKETING,RUH,IC5,pif_backed,F,True,1,7616.523270198988,0.33179817245606513,3808.261635099494
DESIGN,EST,IC4,mnc,F,False,1,7601.704001583323,0.40002062810121847,3800.8520007916613
ENG_MECH,RUH,IC6,public,M,False,1,7595.896530679391,0.18080129987049992,3797.9482653396954
SWE,EST,IC6,semigov,M,True,1,7577.007996863955,0.1639579054018621,3788.5039984319774
ENG_MECH,RUH,IC5,private,M,False,2,7575.737989397205,0.27912684464136595,3787.8689946986024
SWE,ASR,IC3,semigov,M,True,1,7563.900015694506,1.039248501793635,3781.950007847253
LEGAL,JED,IC4,private,M,False,1,7551.571533026914,0.5969036658087993,3775.785766513457
HEALTH,EST,IC4,private,F,False,2,7544.852277344481,0.38447261525522314,3772.4261386722405
HEALTH,RUH,M3,public,M,False,1,7529.876609244473,0.5754111704379365,3764.9383046222365
ENG_ELEC,RUH,IC5,private,M,True,4,7521.451759021595,0.25760196858042567,3760.7258795107973
HR,RUH,M2,semigov,F,False,1,7504.2892026988375,0.7076146932545191,3752.1446013494187
HEALTH,HAI,IC4,private,F,False,1,7497.380444703998,0.41237629584773483,3748.690222351999
ENG_MECH,JAZ,IC4,pif_backed,M,False,1,7497.122199899539,0.3752125619288093,3748.5610999497694
FIN,RUH,IC3,semigov,M,True,2,7480.827128973836,0.33638975518169556,3740.413564486918
SUPPLY,JED,IC5,private,M,False,1,7471.267095894113,0.3693333795981678,3735.6335479470563
PM,JED,IC6,public,M,False,1,7446.669687913862,0.2429365895929616,3723.334843956931
FIN,JAZ,IC6,private,M,False,1,7446.125481856952,0.5898850972832116,3723.062740928476
DESIGN,EST,IC5,startup,M,False,1,7437.695089158005,0.9050338749592981,3718.8475445790027
SUPPLY,ASR,M1,private,M,True,1,7426.278754222542,0.9121287635533786,3713.139377111271
LEGAL,EST,IC5,public,F,True,1,7413.922242818384,0.5179519127407715,3706.961121409192
HEALTH,RUH,M1,private,M,False,1,7407.105651769531,0.8452647421984479,3703.5528258847653
DATA,MAD,M2,semigov,M,False,1,7401.470905025484,0.4927658312855759,3700.735452512742
OPS,RUH,M3,mnc,M,False,1,7400.4294240552845,0.42545629978298877,3700.2147120276422
SWE,HAI,IC3,private,M,True,1,7393.936258554084,0.3291045625285847,3696.968129277042
ENG_MECH,JAZ,IC3,startup,M,False,1,7391.585365924446,1.750979619539595,3695.792682962223
SWE,MAK,IC4,private,M,True,2,7367.18886531877,0.5721565760937033,3683.594432659385
SWE,EST,IC2,semigov,F,True,2,7364.663367269778,0.7128604002367314,3682.331683634889
SWE,MAD,IC4,private,M,True,2,7348.9627621991585,0.27794039143391397,3674.4813810995793
ENG_MECH,MAD,M2,private,M,True,1,7345.927709999993,0.2862085068582012,3672.9638549999963
SWE,HAI,IC5,private,F,True,1,7339.610109756613,0.2267333467946145,3669.8050548783067
PM,RUH,M1,private,M,False,1,7336.427544076119,0.5775941444118597,3668.2137720380597
CUSTOMER,MAD,D1,pif_backed,F,False,1,7316.884181466266,0.321453561656677,3658.442090733133
SWE,EST,IC4,pif_backed,M,False,2,7301.468139275528,0.2500549231914453,3650.734069637764
SWE,JED,IC3,semigov,M,False,1,7272.514548854798,1.5385476116023495,3636.257274427399
PM,JED,IC3,public,M,True,1,7271.204394831097,0.3225695348195883,3635.6021974155483
ENG_ELEC,RUH,IC4,semigov,M,True,1,7267.060388822633,1.0099620018432152,3633.5301944113166
OPS,EST,M1,private,M,True,1,7266.704723478419,0.3027514851123467,3633.3523617392093
HEALTH,BAH,D2,private,M,False,1,7258.687709999995,0.28377405273287437,3629.3438549999973
ENG_MECH,RUH,IC5,startup,M,True,1,7252.040793584903,0.24316735411415266,3626.0203967924517
HEALTH,RUH,IC4,semigov,F,True,1,7224.704714698926,0.3274205509183072,3612.352357349463
SWE,RUH,IC5,private,M,False,2,7222.986410537611,0.35461959437579205,3611.4932052688055
MARKETING,JED,M4,mnc,M,True,1,7222.610899031028,0.32910800678350915,3611.305449515514
OPS,EST,IC5,semigov,F,False,1,7218.972427032737,0.7777439228256956,3609.4862135163685
DATA,EST,IC1,mnc,M,False,1,7217.356404824414,0.5689592670527137,3608.678202412207
FIN,EST,IC4,private,M,True,3,7201.624164840606,0.23449606006508397,3600.812082420303
DATA,RUH,IC4,private,M,True,2,7198.748362811037,0.21031278217337424,3599.3741814055184
SWE,RUH,IC4,startup,M,True,1,7174.185259085703,0.4447681121206846,3587.0926295428517
DATA,RUH,IC2,private,M,False,2,7161.567562667556,0.8897750404519393,3580.783781333778
DATA,JED,IC6,private,M,True,1,7153.923247456834,0.20798289740835046,3576.961623728417
SUPPLY,EST,IC4,private,M,True,1,7152.4889448386875,0.5233048587377368,3576.2444724193438
SALES,RUH,IC5,private,F,True,1,7141.896404853034,0.8855782573686256,3570.948202426517
HEALTH,HAI,IC5,public,M,False,1,7135.751522844964,1.0947560834788197,3567.875761422482
SALES,EST,M3,private,M,True,1,7130.314511319873,0.3105418656131591,3565.1572556599367
DESIGN,QAS,IC3,public,F,False,1,7129.004429896755,0.4687790598054101,3564.5022149483775
SWE,EST,M1,private,M,False,1,7111.460179762147,0.25984467255193805,3555.7300898810736
OPS,MAK,M1,public,M,False,1,7108.142290000005,0.6339604692355172,3554.0711450000026
DESIGN,RUH,IC4,pif_backed,F,False,1,7090.423868443846,0.2762807073471408,3545.211934221923
LEGAL,QAS,M3,semigov,M,False,1,7075.288495072273,0.20134732135236913,3537.6442475361364
SUPPLY,RUH,D1,public,M,True,1,7068.262532119312,0.26044351618552525,3534.131266059656
CUSTOMER,EST,IC4,startup,M,True,1,7066.908989494914,0.36673989049530575,3533.454494747457
ENG_MECH,MAK,IC4,mnc,M,True,1,7058.669060768543,0.7848110495512106,3529.3345303842716
ENG_ELEC,EST,IC4,mnc,F,True,1,7054.740144123811,0.3598367665281747,3527.3700720619054
LEGAL,RUH,IC4,public,M,True,1,7046.632676818139,0.29831309804662426,3523.3163384090694
DESIGN,NJR,M2,pif_backed,M,True,1,7039.412290000006,0.6240055003940255,3519.706145000003
SUPPLY,RUH,IC5,startup,M,True,1,7036.617140326245,0.2263941319105122,3518.3085701631226
SWE,JED,M2,public,M,True,1,7032.278432048977,0.23921242739802417,3516.1392160244886
PM,BAH,IC4,semigov,M,True,1,7021.43029015317,0.5472763962372802,3510.715145076585
FIN,EST,M3,private,M,True,1,7019.088070243291,0.16065015623639997,3509.5440351216457
DESIGN,EST,IC4,private,M,False,1,7018.59642480902,0.7837996226298743,3509.29821240451
DATA,RUH,IC3,semigov,M,True,1,7017.154549625007,0.3187126848045484,3508.5772748125037
HEALTH,RUH,IC5,public,F,True,1,7008.749501287506,0.6237656626745814,3504.374750643753
HEALTH,TAB,IC3,pif_backed,F,False,1,7000.863285412885,0.39649155522830765,3500.4316427064423
CUSTOMER,RUH,IC6,public,F,True,1,6969.165464074369,0.5277407917570472,3484.5827320371845
SUPPLY,QAS,D1,private,F,False,1,6959.797709999995,0.2753060578586735,3479.8988549999976
OPS,MAK,IC4,private,M,True,1,6944.722495520626,0.27268864056318737,3472.361247760313
ENG_CIVIL,RUH,M2,semigov,M,False,1,6938.548282059073,0.21690460146722815,3469.2741410295366
DATA,EST,IC3,private,M,True,1,6936.001296133374,0.6865553848098039,3468.000648066687
HEALTH,MAK,M4,private,F,False,1,6932.354832742061,0.46388759885158637,3466.1774163710306
ENG_ELEC,RUH,IC3,private,M,False,1,6928.48221190838,0.2954158392887822,3464.24110595419
SALES,EST,IC4,mnc,M,True,3,6915.691298175186,0.4221006498506405,3457.845649087593
DESIGN,RUH,M1,private,F,True,1,6911.824422187572,0.2537825808709301,3455.912211093786
PM,EST,IC3,semigov,F,True,1,6908.42682619313,0.6637012823777569,3454.213413096565
SWE,EST,IC2,mnc,M,True,1,6907.922333069422,1.2059920274213376,3453.961166534711
ENG_ELEC,JED,M1,semigov,M,False,1,6901.448033023651,0.2819687763865827,3450.7240165118255
OPS,RUH,IC6,public,M,False,1,6896.537040599374,0.5619069650831163,3448.268520299687
ENG_MECH,RUH,IC6,public,M,True,1,6885.523694113675,0.18149961565374237,3442.7618470568377
HEALTH,JED,IC2,private,F,True,1,6883.023426452829,0.4650666365622908,3441.5117132264145
HR,JED,IC5,private,F,True,1,6878.464256426563,0.6108972030493564,3439.2321282132816
ENG_MECH,EST,IC4,pif_backed,M,True,1,6854.800580582778,0.6634360678324103,3427.400290291389
ENG_CIVIL,MAK,IC6,public,M,False,1,6853.632746532441,0.6821360888170507,3426.8163732662206
PM,RUH,IC3,private,F,False,1,6851.410839164066,0.2752248179637825,3425.705419582033
PM,RUH,IC4,pif_backed,F,True,1,6850.109483941378,0.2025083879685741,3425.054741970689
CUSTOMER,MAD,M2,semigov,M,False,1,6848.091218375466,0.3907316145693631,3424.045609187733
HR,RUH,M4,mnc,M,True,1,6840.763611090049,0.3192153969280371,3420.3818055450247
ENG_ELEC,RUH,IC3,semigov,M,False,1,6837.435988197814,0.9682490619328081,3418.717994098907
HEALTH,EST,M2,semigov,M,False,1,6836.336015897679,0.24583726257688074,3418.1680079488397
SWE,ASR,IC2,semigov,M,True,1,6835.94427780727,0.4708751611195065,3417.972138903635
FIN,EST,M2,mnc,F,False,1,6830.983004670208,0.43527023044147817,3415.491502335104
HEALTH,ASR,IC5,startup,M,True,1,6822.705569577207,0.3803206676706351,3411.3527847886035
DATA,ASR,IC3,semigov,M,True,1,6814.387440227592,0.7020726594850241,3407.193720113796
PM,RUH,IC3,private,M,True,1,6814.061961106294,0.310825466341443,3407.030980553147
HEALTH,EST,M2,public,M,True,1,6810.012738694622,0.5717971642519649,3405.006369347311
EDU,NOR,M2,private,F,False,1,6780.712290000007,0.5875981536797725,3390.3561450000034
HEALTH,RUH,IC3,mnc,M,False,2,6771.505913464379,0.4063668461125443,3385.7529567321894
EDU,EST,M3,private,F,False,2,6770.123768293142,0.31875255854022,3385.061884146571
SALES,EST,M2,private,F,True,1,6769.329139657311,0.32730882639972536,3384.6645698286557
OPS,EST,IC4,private,M,True,3,6769.270098420787,0.39935258316384514,3384.6350492103934
SWE,JAZ,IC3,private,M,False,1,6751.146850130772,0.48555743313433214,3375.573425065386
SALES,HAI,M1,startup,F,True,1,6742.103709471654,0.7120057734174858,3371.051854735827
SALES,RUH,M3,semigov,M,True,1,6734.416668206482,0.15408251457461952,3367.208334103241
CUSTOMER,TAB,D1,public,F,False,1,6722.906352269225,0.7203548734479929,3361.4531761346125
ENG_CIVIL,MAK,IC5,private,M,True,1,6718.024259805201,1.093857496154123,3359.0121299026005
HR,RUH,IC3,startup,F,False,1,6708.235234743885,0.40392124864032913,3354.1176173719423
PM,JAZ,IC5,public,M,True,1,6700.4522900000065,0.5766324947482658,3350.2261450000033
HEALTH,EST,M1,semigov,M,False,1,6682.851388304196,0.664946442741415,3341.425694152098
DATA,NJR,M1,public,M,True,1,6681.716300750162,0.31678116853455524,3340.858150375081
MARKETING,RUH,IC4,private,M,True,1,6679.652814767431,0.7174098883948011,3339.8264073837154
HEALTH,JED,IC4,private,F,False,1,6677.966912247075,0.7693173469648882,3338.9834561235375
SALES,RUH,IC4,semigov,M,True,2,6676.0152119690665,0.22840991536720354,3338.0076059845333
OPS,RUH,M1,private,M,True,2,6671.844994516588,0.4596815233548578,3335.922497258294
SALES,EST,M1,private,F,True,1,6665.528183676241,0.638883416483155,3332.7640918381203
CUSTOMER,MAD,IC3,mnc,M,True,1,6647.788524761472,0.4933445733162056,3323.894262380736
HR,EST,M1,private,F,True,1,6644.697044703142,0.27901181412570175,3322.348522351571
FIN,MAK,IC4,semigov,F,True,1,6643.639241357527,0.280354861486355,3321.8196206787634
PM,TAB,M2,private,M,False,1,6643.33078355655,0.6198756003019958,3321.665391778275
FIN,EST,IC3,semigov,M,False,1,6639.491103883562,0.7144523156790789,3319.745551941781
SALES,QAS,IC5,public,M,False,1,6639.406188197823,0.8484072652899888,3319.7030940989116
DESIGN,RUH,IC3,public,M,False,1,6631.767194997079,0.34531389650826444,3315.8835974985395
SUPPLY,EST,IC5,public,M,False,1,6613.247893925056,1.0798179569828041,3306.623946962528
FIN,RUH,IC5,public,M,True,3,6611.598843969235,0.3114384653950529,3305.7994219846173
SWE,RUH,IC5,private,M,True,5,6601.913649566879,0.21662981118633956,3300.9568247834395
PM,EST,M1,pif_backed,M,True,1,6599.630513009688,0.18562335567903387,3299.815256504844
EDU,RUH,IC5,mnc,F,True,1,6597.636080887487,0.29270413472441953,3298.8180404437435
OPS,RUH,IC5,private,M,True,2,6590.199390802808,0.5805582457209472,3295.099695401404
ENG_MECH,NJR,IC4,semigov,M,True,1,6587.029364657468,0.6321264443652966,3293.514682328734
SALES,RUH,M1,semigov,M,False,3,6583.856017125385,0.43009041951278143,3291.9280085626924
DESIGN,JED,M3,semigov,M,False,1,6581.97891328084,0.2948200688489412,3290.98945664042
HEALTH,EST,IC5,private,F,False,1,6578.671393379082,0.2660938988840843,3289.335696689541
ENG_MECH,ASR,IC4,public,M,False,1,6578.632926161343,0.4189254129890899,3289.3164630806714
SWE,EST,IC4,private,F,False,1,6573.727553842615,0.6402081350747717,3286.8637769213074
HEALTH,JED,IC4,pif_backed,F,False,1,6566.624685003355,0.323760385132862,3283.3123425016774
DESIGN,RUH,IC4,mnc,F,True,1,6550.891901207726,0.5786920073821971,3275.445950603863
SALES,EST,IC4,private,M,False,3,6532.253294845325,0.6500111240493281,3266.1266474226627
DESIGN,MAD,IC2,private,M,True,1,6522.8287713997815,0.5742710291808989,3261.4143856998908
SUPPLY,RUH,M1,private,F,False,1,6518.066880115864,1.1488880295337451,3259.033440057932
LEGAL,MAK,IC4,public,F,True,1,6501.523064349147,0.4843894073467748,3250.7615321745734
MARKETING,NJR,IC5,public,M,False,1,6488.739453964921,0.5494922310047432,3244.3697269824606
DESIGN,RUH,M3,private,M,True,1,6446.568443117525,0.16678844244863805,3223.2842215587625
SALES,EST,M1,pif_backed,M,True,1,6442.605988143132,0.2167959677502798,3221.302994071566
HR,QAS,M3,public,F,True,1,6437.287971299207,0.2761117201457835,3218.6439856496036
OPS,JED,IC3,private,M,True,1,6434.464198592988,0.4045731067321282,3217.232099296494
HEALTH,HAI,IC5,public,F,False,1,6420.492842700829,0.31202809216761856,3210.2464213504145
HR,JED,IC2,private,F,False,1,6419.9279322487455,1.687971081272972,3209.9639661243727
SALES,RUH,M2,private,M,True,2,6416.025523443355,0.26074579595223774,3208.0127617216776
HEALTH,RUH,M4,mnc,M,False,1,6400.56535127875,0.23508051352029707,3200.282675639375
HEALTH,NOR,IC5,private,M,False,1,6396.652290000005,0.536462233840472,3198.3261450000027
EDU,QAS,D1,mnc,F,True,1,6380.02310065454,0.2864660588633777,3190.01155032727
HEALTH,JED,IC5,private,M,False,1,6373.3331117701855,0.7022035801112786,3186.6665558850927
SALES,RUH,IC6,private,M,True,1,6354.417534895376,0.2676812188887526,3177.208767447688
ENG_CIVIL,ASR,IC4,private,M,False,1,6353.348638780781,0.3899661883422148,3176.6743193903903
SALES,TAB,M4,public,F,True,1,6339.962290000007,0.5291918916302051,3169.9811450000034
SALES,RUH,IC5,private,M,True,3,6325.119408165277,0.15591635062121204,3162.5597040826383
OPS,EST,IC3,pif_backed,M,False,2,6319.2524717983515,0.5562951330329841,3159.6262358991758
MARKETING,RUH,M3,semigov,F,False,1,6308.7130706687785,0.2778712163450137,3154.3565353343893
SWE,QAS,IC6,public,M,True,1,6306.9351224865095,0.19781963702331265,3153.4675612432547
CUSTOMER,ASR,IC5,public,F,False,1,6286.287395004376,1.1570713031466218,3143.143697502188
CUSTOMER,EST,IC4,semigov,M,False,1,6284.674736261593,0.3105763892532336,3142.3373681307967
SALES,RUH,IC4,public,M,False,1,6270.470869387919,0.8648674823747062,3135.2354346939596
ENG_ELEC,QAS,IC3,mnc,M,True,1,6256.258583272219,0.9452854902970543,3128.1292916361094
HEALTH,JED,M2,mnc,M,False,1,6246.375048971924,0.23181256629871536,3123.187524485962
ENG_CIVIL,RUH,IC6,public,M,True,1,6245.52693870604,0.22615667619037416,3122.76346935302
CUSTOMER,RUH,IC3,pif_backed,F,False,1,6241.7094839861675,0.3130653688036638,3120.8547419930837
OPS,RUH,M1,public,M,False,1,6241.139024430575,0.4545499519991504,3120.5695122152874
OPS,RUH,M1,pif_backed,M,False,1,6225.577933109536,0.7254844484685292,3112.788966554768
SWE,QAS,IC3,semigov,M,False,1,6225.050316697274,0.7397660951833327,3112.525158348637
PM,JED,M2,pif_backed,F,False,1,6222.198268006159,0.3032557413277889,3111.0991340030796
HR,MAK,IC4,semigov,F,False,1,6208.650687445481,1.3179274297685974,3104.3253437227404
OPS,JED,IC5,public,M,True,1,6203.026027447244,0.7291527061816379,3101.513013723622
OPS,JED,D1,pif_backed,M,False,1,6185.934725179097,0.2426527618490248,3092.9673625895484
OPS,JED,M2,private,F,True,1,6167.017874688841,0.5320775185336929,3083.5089373444207
LEGAL,JED,IC3,public,M,True,1,6164.337291430898,0.6673021738561437,3082.168645715449
SUPPLY,JED,M3,private,M,False,2,6163.552928968615,0.2422330409723107,3081.7764644843073
SALES,TAB,IC4,private,M,False,2,6160.645767033149,0.6256800373302315,3080.3228835165746
EDU,ASR,IC4,private,F,False,1,6158.6187077217255,0.4439940096187878,3079.3093538608628
SALES,EST,IC5,private,M,True,1,6157.435274718911,0.2056303148763003,3078.7176373594557
EDU,EST,IC4,public,F,True,3,6151.50571779938,0.3459593654355615,3075.75285889969
ENG_CIVIL,RUH,IC6,public,M,False,1,6134.433913345121,0.5245867835839315,3067.2169566725606
OPS,RUH,IC2,mnc,M,True,1,6131.8447075309105,0.4829471475728307,3065.9223537654552
SWE,JED,IC4,private,M,False,1,6120.235871884264,0.2874659291735797,3060.117935942132
SALES,JED,M2,startup,M,True,1,6117.822974932205,0.27429448166716536,3058.9114874661027
HEALTH,EST,M2,private,M,False,1,6111.863642809771,0.2086563468282391,3055.9318214048853
OPS,JED,M2,private,M,False,1,6104.493987683018,0.27096617492252156,3052.246993841509
PM,RUH,M3,private,M,False,2,6088.5499345071985,0.15432020346055556,3044.2749672535992
ENG_CIVIL,JED,IC5,pif_backed,M,False,1,6082.084610108184,0.2676439043478189,3041.042305054092
ENG_ELEC,RUH,IC4,private,M,False,1,6078.73108154677,0.32284305020496684,3039.365540773385
MARKETING,MAK,IC3,private,F,False,1,6078.645064175846,2.6752951244975423,3039.322532087923
PM,RUH,M1,semigov,M,True,1,6076.797036275719,0.3206274227266175,3038.3985181378594
FIN,JED,M2,private,F,False,1,6076.157976586963,0.5484273268371262,3038.0789882934814
EDU,RUH,IC6,mnc,M,True,1,6039.215968863529,0.25800819875633857,3019.6079844317646
OPS,RUH,M1,semigov,M,False,1,6036.071882278313,0.5980044842152189,3018.0359411391564
SWE,MAD,IC6,private,F,True,1,6034.211006058533,0.11870463048049955,3017.1055030292664
SALES,RUH,M3,private,F,False,2,6033.458067509135,0.3245279599695537,3016.7290337545674
HEALTH,RUH,IC5,public,M,True,1,6033.323645450131,0.2303672790417927,3016.6618227250656
FIN,HAI,IC3,mnc,M,False,1,6028.459143854595,1.317128830613833,3014.2295719272975
DESIGN,RUH,IC4,private,M,False,1,6028.271935845265,0.41600913797556405,3014.1359679226325
OPS,MAD,IC4,private,M,False,1,6025.282604287946,0.34299163505625346,3012.641302143973
EDU,MAK,IC3,private,M,True,1,6019.454961708929,0.4532080520008409,3009.7274808544644
DESIGN,BAH,IC4,semigov,F,False,1,6012.9785494124135,0.2938466708862743,3006.4892747062067
SWE,RUH,IC3,semigov,M,False,2,6012.175621631427,0.2730028769540031,3006.0878108157135
SALES,EST,M1,private,F,False,1,6005.879244044027,0.36401584610196563,3002.9396220220133
DESIGN,JED,IC5,pif_backed,M,False,1,5997.091941662504,0.19026457829337173,2998.545970831252
ENG_CIVIL,RUH,M2,semigov,M,True,1,5995.001665004604,0.27607499590168527,2997.500832502302
SALES,JED,M3,mnc,F,False,1,5986.23490734052,0.36395198328662137,2993.11745367026
EDU,RUH,IC6,semigov,F,True,2,5984.691902765424,0.5594240396538408,2992.345951382712
SALES,RUH,IC4,private,M,True,7,5980.720129067383,0.24276822014919458,2990.3600645336915
SWE,RUH,IC2,semigov,M,True,2,5980.245892959232,0.3106724202611123,2990.122946479616
DATA,RUH,M1,private,M,False,2,5974.59689542358,0.20419757283715248,2987.29844771179
ENG_ELEC,NJR,IC5,private,M,False,1,5971.092290000006,0.4835154854554867,2985.546145000003
SWE,JED,IC4,public,M,False,2,5970.688305780358,0.4887070397642894,2985.344152890179
HEALTH,RUH,M4,private,M,True,1,5969.569878694452,0.15574315916570053,2984.784939347226
SUPPLY,EST,IC5,mnc,M,False,1,5963.391357772064,0.8558696140690483,2981.695678886032
FIN,RUH,M1,private,M,False,1,5949.415041359041,0.45933554567163326,2974.7075206795207
HEALTH,EST,IC4,pif_backed,M,True,2,5949.072593583072,0.23046924083180448,2974.536296791536
OPS,EST,IC6,public,M,True,1,5936.235069366168,0.2388650123840395,2968.117534683084
MARKETING,HAI,IC4,private,F,False,1,5934.366584619893,0.7281797715737716,2967.1832923099464
SWE,RUH,IC4,public,M,True,3,5929.246600829898,0.4140817725674863,2964.623300414949
PM,RUH,IC5,private,M,True,1,5907.258335875118,0.18550173830404496,2953.629167937559
MARKETING,NJR,M2,mnc,F,True,1,5899.068057027522,0.32302827475253065,2949.534028513761
SWE,EST,IC4,public,F,True,2,5887.325318852163,0.4003741409062572,2943.6626594260815
MARKETING,RUH,M3,pif_backed,M,False,1,5866.929384935967,0.21395284684102925,2933.4646924679837
PM,MAK,M1,private,M,True,1,5857.870217564228,0.22936466059755276,2928.935108782114
HR,EST,IC5,public,F,False,1,5846.006582640788,0.24143703120509355,2923.003291320394
OPS,RUH,IC6,private,M,False,2,5845.347811597655,0.6316767967213613,2922.6739057988275
SWE,RUH,IC4,pif_backed,F,True,1,5834.62429692411,0.19680877040817799,2917.312148462055
SALES,MAD,IC5,private,F,False,1,5832.661265907531,0.6433626298445307,2916.3306329537654
SUPPLY,RUH,IC5,private,F,True,1,5832.276601174382,0.7474565768028244,2916.138300587191
MARKETING,RUH,M3,pif_backed,F,False,1,5828.630225968598,0.1480652175042683,2914.315112984299
MARKETING,MAK,IC4,public,M,False,1,5823.400381460762,0.5561169017604632,2911.700190730381
ENG_CIVIL,EST,IC3,public,M,False,1,5816.603027611733,2.0479265933906055,2908.3015138058663
OPS,MAD,IC3,public,M,False,1,5814.24697700895,0.43004976183392457,2907.123488504475
MARKETING,RUH,IC3,private,M,False,3,5813.0053559769,0.513746196412383,2906.50267798845
HEALTH,RUH,IC3,pif_backed,M,False,1,5797.5717248912515,0.31367931819167405,2898.7858624456258
HEALTH,EST,IC4,semigov,M,True,2,5795.742947287961,0.33731288964859873,2897.8714736439806
SALES,EST,M1,pif_backed,M,False,1,5792.2691465108655,0.598044998576288,2896.1345732554328
PM,EST,IC4,private,M,True,1,5789.574244503079,0.3631849107530135,2894.7871222515396
CUSTOMER,NJR,IC5,pif_backed,M,True,1,5786.270536127478,0.33270222163667795,2893.135268063739
SALES,JED,IC2,startup,M,True,1,5758.348229516943,0.4054381064493672,2879.1741147584717
MARKETING,EST,IC3,private,F,True,2,5754.711633371362,0.3318641479339611,2877.355816685681
CUSTOMER,BAH,M2,private,F,False,1,5749.162290000006,0.4573258599376678,2874.581145000003
SALES,EST,IC2,private,M,False,1,5745.673667445744,0.5162038148286076,2872.836833722872
EDU,RUH,D1,public,M,True,1,5739.513441423856,0.3197094431138472,2869.756720711928
ENG_ELEC,JED,M2,startup,F,False,1,5736.023982166991,0.4136811323800767,2868.0119910834956
HEALTH,EST,M3,private,F,False,1,5735.640095455339,0.3072324735241947,2867.8200477276696
SALES,JED,IC4,private,F,False,1,5728.911907418871,0.5037048157715815,2864.4559537094356
HEALTH,RUH,IC6,mnc,F,True,1,5717.290505253466,0.2635078596779471,2858.645252626733
MARKETING,QAS,IC3,mnc,F,True,1,5715.389009519372,1.3586589319550453,2857.694504759686
ENG_MECH,EST,IC3,semigov,F,False,1,5711.959221811336,0.3869272407536014,2855.979610905668
EDU,RUH,IC3,semigov,F,True,1,5708.417003543881,0.4252564354480534,2854.2085017719405
ENG_ELEC,JAZ,IC2,startup,M,True,1,5705.8947159602785,1.1703055066413455,2852.9473579801393
SALES,MAK,IC3,public,F,True,1,5704.2380715521995,0.546486077502383,2852.1190357760997
CUSTOMER,RUH,IC4,private,F,True,2,5699.143416531249,0.8737644832453919,2849.5717082656247
MARKETING,EST,IC2,semigov,F,True,2,5697.695857428606,0.40727262946569937,2848.847928714303
ENG_ELEC,EST,M2,public,F,True,1,5694.765913123549,0.17585637897367756,2847.3829565617743
FIN,EST,M2,startup,F,False,1,5690.019369056292,0.2846618023711543,2845.009684528146
CUSTOMER,RUH,IC5,semigov,M,True,1,5688.081289106351,0.3954598746828893,2844.0406445531753
ENG_MECH,EST,IC4,mnc,M,False,1,5685.564672967579,0.20958489992043491,2842.7823364837895
HR,EST,IC4,private,F,True,1,5669.79530745915,0.2577637801745287,2834.897653729575
OPS,EST,M1,private,M,False,2,5669.358748762643,0.5290693614874519,2834.6793743813214
MARKETING,ASR,M4,public,F,False,1,5667.811325741997,0.4103211605309736,2833.9056628709986
HEALTH,JED,M1,public,F,True,1,5661.022749395184,0.2618641054906676,2830.511374697592
ENG_CIVIL,HAI,M1,mnc,F,False,1,5654.592290000006,0.44644466963475793,2827.296145000003
CUSTOMER,RUH,IC5,semigov,F,True,1,5650.810957355545,0.3576415096606656,2825.4054786777724
MARKETING,RUH,IC4,private,M,False,3,5642.364751192781,0.8504467042035623,2821.1823755963906
SALES,NJR,M3,private,M,True,1,5631.180669458276,0.37305137552622175,2815.590334729138
ENG_MECH,QAS,IC4,private,M,True,1,5623.5307851030775,0.287102771104916,2811.7653925515388
DATA,JED,IC3,private,M,True,4,5613.91967031575,0.3696573498957863,2806.959835157875
SALES,MAK,IC2,semigov,M,False,1,5597.673632286274,0.3733738900708154,2798.836816143137
ENG_MECH,RUH,IC3,semigov,M,True,1,5597.4384874967,0.31610855433861,2798.71924374835
ENG_ELEC,ASR,M2,private,M,True,1,5595.836012332838,0.2255834264825949,2797.918006166419
SUPPLY,BAH,IC3,public,M,False,1,5593.892290000005,0.4395457591346585,2796.9461450000026
HEALTH,TAB,IC5,private,F,True,1,5593.654175392365,0.2766445977966158,2796.8270876961824
FIN,RUH,M4,public,F,False,1,5591.048307085726,0.21276107556570806,2795.524153542863
DATA,EST,M2,private,M,True,1,5580.84221243249,0.15671390248116737,2790.421106216245
HR,MAK,IC4,semigov,F,True,1,5576.46484762761,1.102059439772731,2788.232423813805
LEGAL,RUH,IC1,public,M,False,1,5576.139070747306,0.4763199114650748,2788.069535373653
DESIGN,MAK,IC1,mnc,F,True,1,5567.825922840976,0.4440700614875198,2783.912961420488
PM,EST,IC5,semigov,M,False,1,5566.42928013916,0.26086612873491843,2783.21464006958
HEALTH,RUH,IC2,private,F,True,1,5565.314760457653,0.42930782063258216,2782.6573802288267
DATA,ASR,IC5,pif_backed,M,False,1,5564.669598318043,0.24181241882911705,2782.3347991590217
SWE,MAK,IC3,private,M,False,2,5552.975287087216,0.45047230447874514,2776.487643543608
DATA,JED,IC1,private,M,True,1,5547.475915308631,1.3868689788271578,2773.7379576543153
PM,EST,M1,private,M,True,2,5540.245532841709,0.18302470183574301,2770.1227664208545
SALES,JED,IC4,private,M,False,1,5534.58481788151,0.7728053777719069,2767.292408940755
CUSTOMER,EST,M2,private,M,True,1,5527.8706494406615,0.45146481623618023,2763.9353247203308
SWE,RUH,IC4,pif_backed,M,True,1,5523.344977722943,0.16631611812744335,2761.6724888614717
SWE,EST,IC4,private,M,True,4,5518.837972373067,0.2656427571609293,2759.4189861865334
CUSTOMER,RUH,M3,private,F,False,1,5501.767527563827,0.5530126013762401,2750.8837637819133
DESIGN,RUH,IC4,public,M,True,1,5499.866465389157,0.21914926839779497,2749.9332326945787
ENG_MECH,EST,IC4,private,F,False,1,5495.754287338106,0.24683689205784334,2747.877143669053
EDU,ASR,M2,private,M,True,1,5493.348793933774,0.7864696289859687,2746.674396966887
PM,TAB,IC1,pif_backed,M,False,1,5491.282424148183,0.5101952433916049,2745.6412120740915
DATA,RUH,IC3,private,M,False,1,5489.3613651717915,0.65046069174551,2744.6806825858957
ENG_MECH,JED,IC3,pif_backed,M,False,1,5486.195394012206,0.66876114082884,2743.097697006103
HEALTH,RUH,IC5,startup,F,False,1,5477.560735173658,0.5400889704922578,2738.780367586829
FIN,RUH,IC4,private,F,True,2,5476.940691481553,0.22662171933005693,2738.4703457407763
SWE,RUH,IC4,semigov,M,False,3,5464.872503143906,0.17873258501594402,2732.436251571953
ENG_ELEC,EST,IC4,semigov,M,True,1,5462.195177675632,0.4244961078374035,2731.097588837816
EDU,RUH,M3,semigov,M,True,1,5458.943738463498,0.1875080286298239,2729.471869231749
LEGAL,RUH,IC2,private,F,True,1,5447.872154339377,1.3619680385848443,2723.9360771696884
HR,RUH,IC3,mnc,F,False,1,5446.093564760615,0.9736294273384966,2723.0467823803074
ENG_CIVIL,JED,IC4,startup,F,False,1,5443.863197977102,0.3339709368032523,2721.931598988551
HR,JED,IC4,public,F,False,1,5433.782172504179,0.9188215771939442,2716.8910862520893
HEALTH,TAB,M2,public,F,False,1,5430.223269951017,0.24452787885744956,2715.1116349755084
HEALTH,QAS,IC3,pif_backed,F,False,1,5425.430606915857,0.36055122457507227,2712.7153034579287
FIN,QAS,IC3,private,M,True,1,5423.935125397771,0.34738263049406365,2711.9675626988856
DESIGN,EST,IC3,private,M,False,1,5417.112796723702,0.7253795605397051,2708.556398361851
HEALTH,NJR,IC5,pif_backed,F,True,1,5403.792415801348,0.23957663780026806,2701.896207900674
MARKETING,RUH,D2,pif_backed,F,False,1,5402.031483581162,0.14245683291933967,2701.015741790581
FIN,JED,IC3,semigov,M,True,1,5401.790316839852,0.41067104343838606,2700.895158419926
CUSTOMER,NJR,M3,semigov,F,True,1,5385.187569950418,0.4360616999700734,2692.593784975209
ENG_CIVIL,MAD,M3,pif_backed,M,False,1,5384.335950362092,0.4332765176496129,2692.167975181046
EDU,JED,IC6,pif_backed,F,False,1,5382.3208527467505,0.23066133771944095,2691.1604263733752
DATA,EST,IC2,public,M,True,1,5379.001778689324,1.2965324045472197,2689.500889344662
EDU,RUH,IC6,semigov,M,True,1,5377.934252957988,0.194492878499341,2688.967126478994
MARKETING,RUH,M1,pif_backed,F,False,1,5375.421244659076,0.7798784275196552,2687.710622329538
SALES,EST,M3,private,M,False,1,5373.240525914742,0.4762637109958316,2686.620262957371
ENG_ELEC,RUH,M3,public,M,False,1,5368.237993865576,0.2596905810641122,2684.118996932788
EDU,EST,M2,private,M,True,1,5332.524987401608,0.48970859030722313,2666.262493700804
SALES,RUH,M1,mnc,M,False,1,5329.678320257564,0.6296306125574073,2664.839160128782
SALES,QAS,IC3,private,F,False,1,5305.470658550097,0.9988667320375445,2652.7353292750486
SWE,MAD,IC2,semigov,M,False,1,5297.7942208725135,0.8477108231935063,2648.8971104362568
CUSTOMER,JED,IC5,private,F,False,1,5296.040619205518,0.8171855486419977,2648.020309602759
SALES,MAK,IC6,semigov,M,False,1,5295.231660854488,0.4801629001163846,2647.615830427244
SWE,RUH,IC5,private,F,False,1,5294.169483347894,0.18635739568941384,2647.084741673947
HEALTH,NOR,IC6,private,F,True,1,5292.294126257102,0.3311976979069808,2646.147063128551
DESIGN,RUH,IC5,private,F,True,1,5287.567577858959,0.6166460919842234,2643.7837889294797
CUSTOMER,JED,IC3,private,F,False,1,5282.116277245153,1.0193416450841588,2641.0581386225763
PM,JED,IC3,private,F,False,1,5271.848763194957,0.220289014909421,2635.9243815974787
FIN,QAS,IC4,mnc,M,True,1,5268.414384514497,0.2411382213159169,2634.2071922572486
SALES,EST,IC2,public,M,True,2,5262.2707365510705,0.34725385059759184,2631.1353682755353
FIN,RUH,IC4,public,F,True,6,5258.653724455645,0.26525490950457464,2629.3268622278224
SWE,RUH,IC2,semigov,M,False,1,5258.356403637841,0.3879775259541321,2629.1782018189206
SUPPLY,EST,IC6,private,M,False,1,5243.636964375581,0.47344428964224494,2621.8184821877903
SWE,RUH,IC4,public,M,False,3,5238.649991662231,0.33122616142296757,2619.3249958311153
FIN,JAZ,IC2,private,F,True,2,5230.654286018041,0.4533695915695679,2615.3271430090203
SWE,EST,IC3,private,M,True,3,5226.3707466322985,0.43393822610514793,2613.1853733161493
DESIGN,RUH,IC1,mnc,M,False,1,5224.541398203715,0.476365753198424,2612.2706991018576
DATA,MAK,M4,semigov,M,True,1,5201.286680663397,0.0707150250563391,2600.6433403316987
HEALTH,EST,IC4,pif_backed,F,False,1,5192.500134074415,0.5200925633600848,2596.2500670372074
HR,JED,IC3,private,M,False,1,5183.354232520859,0.8637325815592214,2591.6771162604296
HR,EST,IC3,private,F,False,1,5180.207213998794,0.35941089595878695,2590.103606999397
LEGAL,HAI,IC5,private,F,True,1,5169.657709999996,0.22007833562082357,2584.828854999998
EDU,JED,M2,public,F,True,3,5166.574249061405,0.21104829203210315,2583.2871245307024
CUSTOMER,RUH,M2,private,M,False,1,5166.369031514346,0.982397409271516,2583.184515757173
SWE,ASR,IC4,public,M,True,1,5164.542925528016,0.41179430035242953,2582.271462764008
LEGAL,HAI,IC6,public,M,True,1,5164.447709999993,0.21990531393190565,2582.2238549999965
FIN,QAS,IC5,semigov,M,False,1,5155.2943064760075,0.22990095007558906,2577.6471532380037
OPS,RUH,IC3,public,F,False,1,5155.126743555806,0.9125474837950786,2577.563371777903
SWE,EST,IC3,semigov,F,False,1,5150.766351418542,0.4905029289065643,2575.383175709271
EDU,RUH,IC6,private,M,True,1,5146.123194812179,0.3768772516018129,2573.0615974060893
SALES,RUH,IC4,startup,M,True,2,5144.267052374789,0.31254026350929665,2572.1335261873946
HEALTH,RUH,IC3,mnc,F,True,3,5143.115038384209,0.42722090723804124,2571.5575191921043
SUPPLY,RUH,IC4,startup,F,True,1,5141.807316478989,0.2931857874533784,2570.9036582394947
CUSTOMER,NJR,M1,pif_backed,F,False,1,5136.910021529857,1.132390874918956,2568.4550107649284
SALES,MAD,M1,semigov,F,False,1,5136.8692861911495,0.8941476462432745,2568.4346430955748
DATA,ASR,IC3,private,F,True,1,5121.112394468219,0.5273109783991782,2560.5561972341093
CUSTOMER,RUH,IC4,semigov,M,True,2,5113.042028583563,0.32932632300243175,2556.5210142917813
SWE,RUH,IC4,mnc,M,True,3,5111.770031911282,0.16586568193593007,2555.885015955641
LEGAL,EST,IC4,private,F,True,1,5103.8449996119925,0.17667014431772213,2551.9224998059963
HEALTH,RUH,M2,semigov,M,True,1,5100.269710623972,0.16534349301181794,2550.134855311986
FIN,MAD,IC4,private,F,False,1,5085.146177128335,1.184743959873243,2542.5730885641674
OPS,RUH,IC3,private,M,True,4,5080.214790051906,0.5430976452643413,2540.107395025953
HEALTH,RUH,IC4,mnc,M,True,2,5079.3738781507145,0.29114172586295134,2539.6869390753573
OPS,JED,IC4,private,M,False,1,5067.13197253295,0.5090200762388093,2533.565986266475
HEALTH,RUH,M1,semigov,F,True,1,5040.104596006962,0.23846021279326507,2520.052298003481
HEALTH,RUH,IC4,private,F,True,2,5032.88335880432,0.5124035338569213,2516.44167940216
EDU,EST,IC3,private,M,True,1,5025.908611291257,0.3491885083412311,2512.9543056456287
FIN,RUH,M1,public,M,True,1,5023.953347381495,0.20702342334299348,2511.9766736907477
MARKETING,MAK,IC3,private,M,True,1,5017.376677974249,1.2543441694935622,2508.6883389871246
CUSTOMER,JED,IC4,semigov,M,False,1,5013.873324939124,2.705784786423851,2506.936662469562
SUPPLY,EST,M2,private,F,False,1,5013.642972288446,0.23065293932247638,2506.821486144223
OPS,EST,IC3,private,M,True,2,5006.9679507458195,0.25177431701954434,2503.4839753729098
PM,EST,M1,private,F,False,1,5006.097066705443,0.1710001836595667,2503.0485333527213
CUSTOMER,NOR,M3,public,F,False,2,5002.915882351936,1.0118116106921087,2501.457941175968
OPS,RUH,IC3,mnc,M,True,1,4981.324927946229,0.23417010085657272,2490.6624639731144
ENG_MECH,TAB,M3,private,M,False,1,4979.000378919944,0.3651334859369676,2489.500189459972
CUSTOMER,TAB,IC2,semigov,F,False,1,4978.603439642888,0.47023009387810516,2489.301719821444
HEALTH,EST,IC4,public,M,True,1,4972.88701159367,0.22583583462581472,2486.443505796835
OPS,RUH,M3,private,F,True,1,4972.42768815083,0.22558928262476008,2486.213844075415
HEALTH,RUH,IC4,public,M,False,2,4965.231594864568,0.6246393711948984,2482.615797432284
ENG_MECH,EST,M1,public,M,False,1,4959.642235845229,0.24586411537040312,2479.8211179226146
ENG_CIVIL,RUH,IC5,public,M,True,1,4959.058221846244,0.21414489315751595,2479.529110923122
ENG_ELEC,JED,IC5,private,M,True,3,4958.586243844186,0.16251131097768667,2479.293121922093
FIN,RUH,IC4,private,M,True,5,4957.411031495676,0.213222197313915,2478.705515747838
SWE,RUH,M1,semigov,M,False,1,4953.395851338406,0.2591971992057994,2476.697925669203
ENG_MECH,RUH,M1,private,M,False,2,4947.4991177795655,0.19550300639767768,2473.7495588897827
SALES,TAB,IC5,public,M,False,2,4926.883391957907,0.6120799763590931,2463.4416959789537
OPS,MAD,IC5,private,M,True,1,4924.883432733603,0.591404963203966,2462.4417163668013
SALES,EST,IC3,pif_backed,M,False,1,4923.171378606143,0.3862810564576948,2461.5856893030714
SWE,EST,M1,pif_backed,M,False,2,4919.815170864938,0.13338693129340776,2459.907585432469
PM,RUH,IC5,mnc,F,False,1,4895.468940506165,0.2224401248319893,2447.7344702530827
HEALTH,RUH,M1,public,M,True,1,4889.300534665403,0.21482592369317074,2444.6502673327013
DESIGN,RUH,IC2,private,F,False,1,4874.032729405223,1.120091355408351,2437.0163647026116
SALES,EST,IC3,public,M,True,2,4872.626936988988,0.22546830950005306,2436.313468494494
SWE,MAD,IC4,private,M,False,1,4864.72629826881,0.43306335884400826,2432.363149134405
OPS,RUH,M1,private,F,False,1,4856.902660763093,0.5580850600683795,2428.4513303815465
MARKETING,EST,IC3,private,M,False,1,4846.320848649579,2.6924004714719882,2423.1604243247893
PM,RUH,IC2,private,M,True,3,4828.024176549601,0.31159362658652134,2414.0120882748006
OPS,RUH,IC4,public,M,False,1,4826.277653252799,0.3229687899507209,2413.1388266263994
EDU,JED,D1,semigov,F,False,1,4812.424869250888,0.17412883995820436,2406.212434625444
OPS,EST,M2,public,M,False,1,4804.872191919085,0.4461700498107172,2402.4360959595424
HR,TAB,IC4,private,F,False,1,4797.411970388292,0.26059946148425683,2398.705985194146
SWE,RUH,M1,pif_backed,M,True,2,4787.49469157483,0.1368974186321304,2393.747345787415
FIN,JAZ,IC5,public,F,True,1,4785.503894956259,0.29971290057445243,2392.7519474781293
LEGAL,EST,IC2,public,M,True,1,4780.127655841319,0.9361913805793105,2390.0638279206596
DATA,MAD,IC6,private,F,False,1,4776.692290000006,0.3526866151348267,2388.346145000003
CUSTOMER,RUH,IC4,public,F,True,2,4756.125919457526,0.8255854977916381,2378.062959728763
HR,MAD,IC6,public,F,True,1,4744.647709999994,0.2057070587689521,2372.323854999997
SUPPLY,EST,IC5,public,F,True,1,4740.07894637888,0.5936890832389433,2370.03947318944
DATA,JED,M3,private,M,False,1,4734.7588339507965,0.15577401037178082,2367.3794169753983
EDU,MAD,IC6,public,F,True,1,4732.632290000005,0.34830037040607814,2366.3161450000025
CUSTOMER,RUH,IC5,semigov,F,False,1,4725.838332503094,0.31994485958456476,2362.919166251547
CUSTOMER,RUH,IC4,mnc,M,False,2,4717.455409057034,0.30989241553922064,2358.727704528517
EDU,NOR,M3,public,M,True,1,4706.0549195017265,0.23155400245238345,2353.0274597508633
ENG_MECH,MAD,IC2,private,M,False,1,4704.549127233819,0.5659145029018761,2352.2745636169093
OPS,RUH,M1,private,M,False,3,4700.7245677236315,0.38484270224618805,2350.3622838618157
EDU,EST,IC5,semigov,F,True,1,4694.385072933232,0.24486256288280014,2347.192536466616
SALES,JAZ,IC4,semigov,M,False,1,4689.696346964269,0.5289015893974043,2344.8481734821344
ENG_ELEC,HAI,IC2,startup,M,True,1,4688.3860542250495,0.4168528824519253,2344.1930271125248
HEALTH,ASR,D1,startup,F,False,1,4683.972640063916,0.19292144830584884,2341.986320031958
MARKETING,MAD,M3,public,F,False,1,4682.631403368771,0.7400503209616467,2341.3157016843857
SALES,RUH,IC3,private,M,True,4,4676.752749994155,0.27934175238881037,2338.3763749970776
HEALTH,EST,IC3,semigov,F,False,1,4676.580603877678,0.6950612493315812,2338.290301938839
CUSTOMER,RUH,M4,startup,F,False,1,4676.559945396937,0.1858834506186736,2338.2799726984686
HEALTH,MAD,IC5,public,F,False,1,4666.909061391674,0.22640874203123088,2333.454530695837
HEALTH,JED,M2,mnc,F,False,1,4661.502322658849,0.27541444033904344,2330.7511613294246
HEALTH,RUH,IC5,semigov,F,False,2,4657.199367188883,0.20161206841191492,2328.5996835944416
HR,JED,IC4,mnc,F,False,1,4656.613928529558,0.5452141320786894,2328.306964264779
PM,RUH,IC3,mnc,M,False,1,4637.593512937034,0.20296187120012854,2318.796756468517
SALES,RUH,IC4,semigov,F,True,1,4624.9861252808005,0.33679519479424486,2312.4930626404002
OPS,JED,IC5,semigov,M,True,1,4620.112812067109,0.34731344664599695,2310.0564060335546
CUSTOMER,TAB,IC6,public,F,True,1,4615.495453554335,0.38872043881989354,2307.7477267771674
SUPPLY,MAD,IC3,private,M,False,1,4612.135992175003,0.44735542292609565,2306.0679960875013
OPS,JAZ,IC4,private,M,True,3,4593.120981139081,0.3372372402231207,2296.5604905695404
CUSTOMER,RUH,IC2,private,F,True,2,4571.924460778579,0.27415406390536556,2285.9622303892893
SWE,EST,M2,private,M,True,1,4560.252415737119,0.1773246387788732,2280.1262078685595
CUSTOMER,RUH,IC3,startup,F,False,1,4556.52607732333,0.7020333007198755,2278.263038661665
SALES,EST,IC4,semigov,M,False,1,4552.52619757285,0.30892984992120553,2276.263098786425
SALES,EST,IC4,public,M,False,3,4540.661436521198,0.24982380904497592,2270.330718260599
HR,RUH,IC4,public,F,True,2,4540.083356373238,0.5324823670959667,2270.041678186619
HEALTH,RUH,M2,mnc,F,True,1,4534.11386437701,0.20345925282776176,2267.056932188505
CUSTOMER,JED,M4,public,F,False,1,4529.27343126362,0.181462947425542,2264.63671563181
HEALTH,RUH,IC3,private,F,False,2,4528.821051911665,0.2688255614958465,2264.4105259558323
ENG_MECH,JED,IC4,private,M,False,1,4523.261380868746,0.1646583865673293,2261.630690434373
HEALTH,RUH,IC4,private,M,True,3,4519.474949156621,0.43457275864279526,2259.7374745783104
FIN,RUH,IC4,public,M,True,3,4513.703218822105,0.2009295467340846,2256.8516094110523
FIN,EST,IC5,public,M,True,3,4511.364597407955,0.23241400300717516,2255.6822987039777
ENG_MECH,JED,M4,private,M,False,1,4508.58586476745,0.15137828892800462,2254.292932383725
CUSTOMER,EST,IC3,semigov,M,True,1,4507.808701458713,0.7791253137389255,2253.9043507293563
ENG_ELEC,EST,IC4,mnc,M,False,1,4501.299662640999,0.4806374682887945,2250.6498313204993
HEALTH,MAK,IC3,private,F,True,1,4492.955361874998,0.7719721932398065,2246.477680937499
SUPPLY,TAB,IC4,private,M,False,1,4492.8889055679765,1.0539117219949934,2246.4444527839883
MARKETING,EST,M1,public,F,True,1,4489.926166528134,0.1826694741485137,2244.963083264067
CUSTOMER,EST,IC5,private,F,False,1,4486.829602200274,0.2987944947138119,2243.414801100137
CUSTOMER,RUH,IC3,mnc,M,True,1,4485.301754036123,0.6280255217492412,2242.6508770180617
FIN,RUH,M4,semigov,F,True,1,4477.026630963104,0.08805054135839532,2238.513315481552
ENG_MECH,JED,IC4,private,M,True,2,4457.705737395527,0.19793091836384236,2228.8528686977634
SALES,RUH,IC4,public,M,True,2,4455.389838547954,0.3066192103331691,2227.694919273977
MARKETING,EST,IC3,public,F,True,1,4444.546107081396,0.5132365155801257,2222.273053540698
HEALTH,EST,IC3,pif_backed,M,True,1,4439.647904008285,0.27886780140577383,2219.8239520041425
HEALTH,EST,IC2,pif_backed,F,True,1,4420.785508389008,0.33870534181241113,2210.392754194504
PM,RUH,IC4,public,F,False,1,4419.605459139657,0.21119951769286732,2209.8027295698284
PM,RUH,IC4,private,F,False,2,4414.104725132636,0.2767569703496948,2207.052362566318
SWE,ASR,IC4,private,M,False,1,4412.8264787659355,0.510534628030406,2206.4132393829677
SWE,QAS,IC5,public,M,False,1,4412.093565253099,0.34705150642118976,2206.0467826265494
SWE,RUH,IC1,private,F,False,1,4411.276606619122,0.39454457212075844,2205.638303309561
DESIGN,TAB,IC5,semigov,M,False,1,4406.375288674717,0.4388680130388989,2203.1876443373585
CUSTOMER,JED,IC3,pif_backed,F,True,1,4406.070378807764,0.2537608753059805,2203.035189403882
HEALTH,RUH,IC4,public,F,False,4,4403.973713059641,0.22656724220750293,2201.9868565298207
ENG_MECH,JED,VP,pif_backed,M,False,1,4403.707471327783,0.09484587966626384,2201.8537356638917
ENG_ELEC,BAH,M5,private,F,False,1,4401.557709999994,0.19371365127510867,2200.778854999997
ENG_MECH,RUH,M1,semigov,M,True,1,4397.943743795922,0.5212853491573065,2198.971871897961
SWE,EST,IC5,private,M,True,2,4392.024085879673,0.13559107716244864,2196.0120429398366
MARKETING,RUH,IC3,public,F,True,1,4390.610374115226,0.29935442346252594,2195.305187057613
HEALTH,QAS,IC3,public,M,False,1,4386.6532074851275,1.2114981861952656,2193.3266037425637
CUSTOMER,RUH,IC3,private,M,True,2,4384.5604956307,0.38452358777090023,2192.28024781535
SUPPLY,MAK,IC2,public,F,False,1,4374.332927308962,1.8970258456860312,2187.166463654481
MARKETING,HAI,IC2,semigov,F,True,1,4369.318968832827,0.6088590917852283,2184.6594844164133
EDU,RUH,IC3,public,F,True,3,4364.208183699567,0.3749393987252672,2182.1040918497833
HEALTH,RUH,M5,semigov,M,False,1,4362.718148091466,0.11375458575823298,2181.359074045733
SALES,ASR,IC4,private,M,False,2,4360.761622380001,0.9264812686817787,2180.3808111900007
SALES,JED,IC4,mnc,M,False,1,4353.182119383835,0.6642185526933576,2176.5910596919175
SALES,RUH,M4,mnc,M,True,1,4351.228436353187,0.13087074361879023,2175.6142181765936
SWE,JED,IC4,semigov,F,True,1,4348.066657985088,0.1483538252039693,2174.033328992544
HEALTH,RUH,IC4,private,M,False,3,4347.77833368825,0.27439843980189677,2173.889166844125
PM,NJR,M4,public,M,True,1,4341.0893647441335,0.14027949863452896,2170.5446823720667
DESIGN,EST,IC3,mnc,F,False,1,4336.586956325269,0.7410536979872023,2168.2934781626345
SWE,RUH,IC3,semigov,M,True,3,4335.742057413835,0.23084827987717316,2167.8710287069175
FIN,RUH,D1,pif_backed,F,True,1,4328.60288879968,0.08804574992915785,2164.30144439984
SWE,EST,IC2,startup,M,True,2,4323.416560759563,0.8482139157692392,2161.7082803797816
OPS,EST,IC4,semigov,M,False,1,4321.922787960906,0.6265099911372195,2160.961393980453
SUPPLY,QAS,IC4,private,M,False,1,4319.146302770538,0.36372340296565064,2159.573151385269
HR,RUH,IC5,public,F,True,3,4317.155559176112,0.4786455847592714,2158.577779588056
EDU,JED,IC5,private,F,True,1,4312.278784723605,0.5190351270571221,2156.1393923618025
EDU,QAS,IC5,private,M,True,1,4311.635448260728,0.3031521097472999,2155.817724130364
ENG_MECH,RUH,IC4,private,M,False,2,4300.039368800646,0.5269622687788805,2150.019684400323
LEGAL,JED,IC2,public,M,True,1,4299.988221401079,0.8584198685617992,2149.9941107005393
ENG_ELEC,RUH,IC4,private,M,True,2,4270.0489058876,0.32009452204677563,2135.0244529438
SUPPLY,QAS,M2,semigov,M,False,1,4267.835048597579,0.22747653050758215,2133.9175242987894
CUSTOMER,EST,IC4,private,F,True,1,4261.849379857449,0.3774574464001623,2130.9246899287245
DATA,JED,IC5,private,M,True,1,4258.979053777668,0.1887571727758285,2129.489526888834
HEALTH,JED,IC4,private,M,False,3,4258.402764389638,0.1919828631830239,2129.201382194819
HR,RUH,IC5,public,M,True,1,4248.3765327821275,0.4059938545147645,2124.1882663910637
SUPPLY,RUH,D1,mnc,M,True,1,4243.807198577357,0.15512794245008582,2121.9035992886784
SALES,EST,M2,private,F,False,3,4240.786835669726,0.17618693334543525,2120.393417834863
EDU,JED,IC6,public,F,True,2,4240.3104003016415,0.208405900549968,2120.1552001508207
HR,QAS,IC4,private,F,False,1,4239.006028471127,0.6554927443552749,2119.5030142355636
PM,MAK,IC5,public,M,False,1,4233.603892471954,0.18077591861982367,2116.801946235977
SWE,EST,IC3,semigov,M,False,2,4226.379719832565,0.33975902031096883,2113.1898599162823
HEALTH,JED,IC5,startup,F,False,1,4224.96843243422,0.3503264430393322,2112.48421621711
HEALTH,RUH,IC4,pif_backed,F,True,1,4219.414710959754,0.20921635182971962,2109.707355479877
MARKETING,JAZ,IC3,private,M,False,1,4212.848558880322,2.3135443361324155,2106.424279440161
MARKETING,RUH,M2,private,M,False,1,4209.176095988725,0.16901097565680143,2104.5880479943626
SWE,EST,IC4,mnc,M,True,1,4202.347297750861,0.15525206232293087,2101.1736488754304
DATA,MAD,IC3,public,M,True,1,4202.175363035163,0.39137478048117563,2101.0876815175816
SALES,HAI,IC1,mnc,F,False,1,4177.83346842471,0.6622189607637394,2088.916734212355
CUSTOMER,QAS,IC2,private,F,True,1,4174.668658223143,0.40455704592965314,2087.3343291115716
HR,BAH,IC4,public,F,False,1,4168.100567161831,0.6513827589585365,2084.0502835809157
HEALTH,EST,IC5,semigov,M,True,1,4166.86856352125,0.1601353897123986,2083.434281760625
OPS,BAH,IC4,public,M,False,1,4158.009930491942,0.300854657483213,2079.004965245971
CUSTOMER,EST,IC6,mnc,F,False,1,4149.836760964782,0.5320262614601403,2074.918380482391
EDU,EST,IC4,mnc,F,True,1,4148.169595505502,0.502096979613796,2074.084797752751
FIN,MAD,M1,public,M,True,1,4141.049057226028,0.29685556597420504,2070.524528613014
FIN,RUH,IC3,public,F,True,1,4137.7008641339835,0.2861589385581044,2068.8504320669917
HEALTH,EST,IC3,startup,F,False,1,4133.029086100769,0.2953872659253403,2066.5145430503844
ENG_MECH,RUH,IC3,pif_backed,M,False,1,4131.923062540609,0.24147321640135141,2065.9615312703045
SALES,EST,M3,semigov,M,False,2,4128.196072484163,0.17197025777479658,2064.0980362420814
CUSTOMER,JAZ,IC1,semigov,F,False,1,4116.674720346147,1.3733693812664378,2058.3373601730736
CUSTOMER,JAZ,IC4,private,F,False,1,4113.520174995538,1.8739386343323088,2056.760087497769
HEALTH,MAK,IC4,private,M,True,1,4112.830215228552,0.42780795957745354,2056.415107614276
SALES,NOR,IC3,mnc,M,True,1,4110.993058811257,0.3639799212019996,2055.4965294056283
DESIGN,MAD,IC4,private,F,False,1,4110.2144084045285,0.4309733521796078,2055.1072042022643
CUSTOMER,EST,IC3,pif_backed,M,False,1,4107.641403477496,0.3833181756528312,2053.820701738748
HEALTH,TAB,IC3,pif_backed,M,True,1,4097.071316221799,0.61413479495297,2048.5356581108995
HEALTH,RUH,IC4,pif_backed,M,False,1,4093.079708027777,0.3406400469403144,2046.5398540138885
HEALTH,MAK,IC2,private,F,True,1,4085.4094589914585,1.0213523647478646,2042.7047294957292
SALES,RUH,M1,public,M,False,1,4082.6280249638658,0.26085346564598044,2041.3140124819329
OPS,HAI,IC4,private,M,False,1,4081.804785243138,0.6647024467892031,2040.902392621569
CUSTOMER,RUH,IC4,semigov,M,False,1,4081.3396466813447,0.9651979772215549,2040.6698233406723
ENG_CIVIL,RUH,IC4,pif_backed,M,True,1,4080.7636844698864,0.157390418509579,2040.3818422349432
ENG_MECH,MAK,M3,semigov,M,False,1,4079.243073351816,0.13203912298592668,2039.621536675908
ENG_MECH,QAS,IC4,mnc,M,True,1,4076.0819638372523,0.20953703137014992,2038.0409819186261
FIN,EST,M1,semigov,F,True,1,4073.8865147903925,0.43931546347135664,2036.9432573951963
SALES,MAK,IC5,private,F,True,1,4072.594114387347,0.5385704197627762,2036.2970571936735
SALES,MAD,IC4,private,F,False,1,4072.421496464104,0.6321319355739363,2036.210748232052
HR,EST,M2,private,M,False,1,4063.432114682648,0.2783792361095893,2031.716057341324
ENG_CIVIL,RUH,M3,startup,M,False,1,4061.1403680803814,0.259000142734081,2030.5701840401907
DATA,MAK,IC3,private,F,False,1,4059.8985693632276,0.22508549411731726,2029.9492846816138
DATA,RUH,IC1,public,M,True,1,4057.087697340038,0.39665783133852145,2028.543848670019
EDU,RUH,IC6,public,M,True,1,4049.608524025831,0.2747428886631368,2024.8042620129154
HEALTH,EST,IC3,startup,M,False,1,4046.2502102496737,0.6540313886962165,2023.1251051248369
ENG_MECH,RUH,IC4,private,M,True,2,4045.634807827845,0.30101721095092177,2022.8174039139226
SWE,EST,IC3,semigov,M,True,1,4042.5218576978004,0.16086713213548026,2021.2609288489002
OPS,JED,IC3,private,M,False,2,4035.716154410211,0.9311601278552546,2017.8580772051055
ENG_CIVIL,EST,M1,public,M,False,1,4032.900544920125,0.2524953102782541,2016.4502724600625
EDU,NJR,IC4,private,F,True,2,4030.4858188600515,0.26407594224012376,2015.2429094300257
DATA,NJR,IC3,semigov,M,True,1,4026.6452865139954,0.3690719672630811,2013.3226432569977
DESIGN,EST,IC2,public,F,False,1,4022.6653805515634,0.3524029326910969,2011.3326902757817
PM,MAD,IC4,mnc,M,False,1,4018.422988511111,0.47870396485638145,2009.2114942555554
PM,RUH,IC4,public,M,False,1,4013.651876525417,0.25693818074841285,2006.8259382627084
HEALTH,RUH,IC4,pif_backed,M,True,1,4012.633160987154,0.2731934874867683,2006.316580493577
CUSTOMER,BAH,M1,startup,M,True,1,4007.6800623998697,0.2946039408921941,2003.8400311999349
EDU,RUH,M1,mnc,F,True,3,4003.029980312444,0.34539614997964646,2001.514990156222
HEALTH,JED,IC5,private,F,True,1,4002.9641524486397,0.18121282636363034,2001.4820762243198
SALES,RUH,M1,public,M,True,1,4002.3168788278526,0.2390920287358369,2001.1584394139263
SALES,QAS,IC3,private,M,False,1,4002.181968829639,0.6580425634590287,2001.0909844148196
ENG_MECH,EST,IC4,public,M,False,1,3992.5904235181206,0.3111920136740653,1996.2952117590603
FIN,JED,IC3,public,M,True,2,3984.855001387575,0.2729694267365394,1992.4275006937876
HEALTH,RUH,IC5,semigov,F,True,1,3984.5122213163486,0.2554014056371041,1992.2561106581743
EDU,RUH,IC5,private,F,True,6,3982.577332864095,0.2470848754707471,1991.2886664320474
SALES,JED,M2,semigov,M,True,1,3974.63544539718,0.13080577314115946,1987.31772269859
EDU,EST,M2,private,F,True,3,3972.161902867148,0.197993742569721,1986.080951433574
FIN,RUH,M2,private,M,False,1,3971.8107373333296,0.13258337385797714,1985.9053686666648
HEALTH,JAZ,IC6,semigov,F,False,1,3963.463904784194,0.242789089478055,1981.731952392097
SWE,RUH,M3,startup,M,False,1,3957.062681853793,0.09857706207276584,1978.5313409268965
HEALTH,HAI,IC4,startup,M,False,1,3950.1313783910227,0.26368611437662487,1975.0656891955114
ENG_ELEC,EST,M3,public,M,False,1,3929.6699653983014,0.12680928042430467,1964.8349826991507
HEALTH,JED,M4,private,F,False,1,3927.809474315767,0.16083572603023052,1963.9047371578836
FIN,EST,IC2,public,F,False,1,3916.9166845347445,0.9645202375116337,1958.4583422673722
SWE,EST,IC3,private,M,False,1,3904.4485407944794,0.2953331185753689,1952.2242703972397
LEGAL,EST,IC3,private,M,True,1,3901.291960359409,0.23652794715408082,1950.6459801797046
FIN,QAS,IC4,private,M,True,1,3901.180416243016,0.20994608796355882,1950.590208121508
HEALTH,RUH,IC2,mnc,F,False,1,3900.936640658403,0.8589401111638494,1950.4683203292016
DESIGN,EST,IC3,semigov,F,False,1,3899.378309123189,0.4152148663298832,1949.6891545615945
HEALTH,TAB,IC4,private,M,False,1,3897.2423433610247,0.5173298497302704,1948.6211716805124
DESIGN,EST,IC2,private,M,False,1,3895.156926537479,0.8883195647152884,1947.5784632687396
SALES,EST,IC3,mnc,M,True,1,3893.563500917615,0.243622707938937,1946.7817504588074
ENG_CIVIL,JED,IC3,private,M,True,1,3891.985599586078,0.2996153638574218,1945.992799793039
HEALTH,QAS,IC3,semigov,M,True,1,3888.8312281636745,0.7565039457339369,1944.4156140818372
HEALTH,EST,M4,public,F,True,1,3873.242288040423,0.12323467078039678,1936.6211440202114
HEALTH,QAS,IC4,public,F,True,1,3871.1157425801457,0.5001422142524183,1935.5578712900729
ENG_MECH,RUH,IC5,private,F,True,1,3851.596137112556,0.27019055883206483,1925.798068556278
EDU,RUH,M3,private,F,True,4,3846.690936265556,0.17317840145790275,1923.345468132778
SUPPLY,EST,M1,semigov,M,False,1,3845.4954114793527,0.31747841602224397,1922.7477057396763
HR,RUH,M1,private,M,True,1,3838.9260423134638,0.19156948493879858,1919.4630211567319
PM,EST,IC3,public,M,True,1,3836.904495306484,0.1856438836538105,1918.452247653242
SWE,JED,IC1,public,M,True,1,3835.684251143749,0.9589210627859373,1917.8421255718745
SALES,RUH,IC5,pif_backed,M,False,1,3827.2176596016307,0.39721948263746526,1913.6088298008153
ENG_CIVIL,EST,M1,private,M,True,1,3825.100277891379,0.22089670031666103,1912.5501389456895
SALES,RUH,IC1,mnc,M,True,1,3823.9068609749,0.3785746535893098,1911.95343048745
CUSTOMER,NJR,IC5,private,F,False,1,3823.2078349813783,0.27378226756313934,1911.6039174906891
PM,RUH,M2,mnc,M,False,1,3814.7811290442914,0.12634478403056995,1907.3905645221457
ENG_CIVIL,EST,IC4,public,M,True,3,3813.3055779897827,0.21659644612017684,1906.6527889948914
PM,RUH,IC3,private,F,True,1,3811.3930320938725,0.22285576983108754,1905.6965160469363
FIN,QAS,IC3,public,F,False,1,3810.2359993248156,0.5781625885702083,1905.1179996624078
ENG_CIVIL,JED,IC4,semigov,M,False,2,3806.9069224963923,0.26984175324803295,1903.4534612481962
CUSTOMER,RUH,IC4,private,M,True,2,3806.4126648505517,0.4441704011813409,1903.2063324252758
SALES,TAB,M2,public,M,False,1,3802.7774151764024,0.38382737710107095,1901.3887075882012
HEALTH,JED,IC5,private,F,False,1,3798.1184279582376,0.40003985822707583,1899.0592139791188
HR,RUH,IC3,semigov,F,False,1,3792.221110594799,0.27571247821364425,1896.1105552973995
SALES,EST,M2,private,M,False,1,3785.4514201849597,0.12238836812827486,1892.7257100924799
ENG_MECH,EST,IC3,public,M,False,3,3780.675072207003,0.4457952206164737,1890.3375361035014
ENG_MECH,TAB,IC5,public,M,False,2,3779.3084023889314,0.3469038665785792,1889.6542011944657
HEALTH,RUH,IC6,mnc,M,False,1,3765.0569949614983,0.12360509721193466,1882.5284974807491
SUPPLY,RUH,IC5,private,M,False,1,3755.310649500303,0.36430500618445627,1877.6553247501515
PM,QAS,IC4,public,M,True,1,3753.9768325474834,0.33353058900830307,1876.9884162737417
SALES,RUH,M1,private,M,False,3,3753.3258944363874,0.6419726414602355,1876.6629472181937
FIN,RUH,IC4,semigov,F,True,2,3753.1233239760286,0.29545185336924223,1876.5616619880143
CUSTOMER,EST,IC5,public,M,True,1,3745.9228414624595,0.6754607313126423,1872.9614207312297
SWE,NOR,IC4,private,M,True,1,3740.506303875334,0.31505712828714955,1870.253151937667
ENG_MECH,RUH,IC4,public,M,True,2,3733.9110784439035,0.198758194116166,1866.9555392219518
CUSTOMER,EST,M1,private,F,True,2,3716.4841035247227,0.49204174180130866,1858.2420517623614
FIN,HAI,IC4,public,F,False,1,3714.5800391143175,1.0930186140529292,1857.2900195571588
SWE,TAB,IC3,public,F,False,1,3711.5606550455323,0.4359438626526815,1855.7803275227661
HEALTH,MAK,IC2,semigov,F,True,2,3706.949271182483,0.8542548057322827,1853.4746355912414
SALES,EST,IC3,private,F,True,2,3705.7962765777875,0.2732328269140392,1852.8981382888937
MARKETING,RUH,IC4,private,F,True,1,3702.7759224835436,0.49176589869029935,1851.3879612417718
HEALTH,RUH,M1,mnc,M,True,1,3695.897745358223,0.21734425408800348,1847.9488726791114
DESIGN,RUH,IC3,private,F,True,1,3689.4309558013374,0.3044150250584037,1844.7154779006687
EDU,RUH,M2,private,M,False,1,3687.188558856258,0.1959243526700439,1843.594279428129
DESIGN,EST,D1,private,F,True,1,3681.94726474223,0.09242508276812895,1840.973632371115
EDU,RUH,M2,mnc,F,True,1,3662.1244486117284,0.1724933126309955,1831.0622243058642
ENG_MECH,QAS,IC2,pif_backed,M,True,1,3653.7346186558407,0.3313918761059298,1826.8673093279203
ENG_CIVIL,JAZ,IC4,public,F,True,1,3647.8733135976763,0.2848843838105138,1823.9366567988382
SALES,QAS,M2,public,M,True,1,3643.697709999993,0.1658931798769991,1821.8488549999965
FIN,RUH,IC2,public,M,True,1,3639.7044445283336,0.3630464911329001,1819.8522222641668
SALES,RUH,IC4,private,F,False,1,3638.507723771945,0.36066859337782203,1819.2538618859726
MARKETING,RUH,IC5,pif_backed,M,False,1,3635.3375892928525,0.15877464389490017,1817.6687946464262
FIN,ASR,VP,private,M,False,1,3631.985090839764,0.08716518760847129,1815.992545419882
ENG_CIVIL,TAB,IC3,public,M,False,1,3631.062133579854,0.9796022126544457,1815.531066789927
FIN,EST,IC4,mnc,M,False,1,3629.2097403214975,0.2127561758347514,1814.6048701607488
MARKETING,RUH,IC3,mnc,M,True,1,3619.306123305825,0.16429018133967677,1809.6530616529126
DATA,MAK,IC3,private,M,False,1,3611.4172762783783,0.3142497014301346,1805.7086381391891
HR,JAZ,IC4,private,F,True,1,3607.5029323494146,0.2444410744929361,1803.7514661747073
HEALTH,MAD,IC5,semigov,M,True,1,3605.7907787049135,0.24851771730226935,1802.8953893524567
ENG_MECH,JAZ,IC3,public,M,True,1,3604.4679433561105,0.39592917515461756,1802.2339716780552
CUSTOMER,RUH,IC6,pif_backed,F,True,1,3603.0493215153,0.11987173007223147,1801.52466075765
HR,QAS,IC3,mnc,F,False,1,3602.571161048024,0.6819022019276534,1801.285580524012
HEALTH,JAZ,IC2,private,M,False,1,3585.2964686665714,1.3871282314964546,1792.6482343332857
PM,MAD,M2,semigov,F,True,1,3577.932290000006,0.24269524958131267,1788.966145000003
SALES,ASR,IC3,mnc,F,True,1,3571.2368473306933,0.5399217531750152,1785.6184236653467
SWE,RUH,IC3,private,M,True,5,3570.0321258532726,0.3462089865231083,1785.0160629266363
CUSTOMER,RUH,M2,semigov,M,False,1,3565.942052989589,0.549980575004255,1782.9710264947944
SALES,JED,IC4,pif_backed,M,True,1,3560.557239829006,0.4327803169047201,1780.278619914503
EDU,MAK,IC4,public,M,False,1,3558.841594822514,0.6786048976179152,1779.420797411257
FIN,RUH,IC4,private,M,False,1,3553.577255614102,0.2932270242922273,1776.788627807051
SUPPLY,RUH,IC3,public,M,False,1,3553.268183077602,0.9744993302921089,1776.634091538801
SALES,EST,M3,public,F,False,1,3553.0859810496586,0.12899560783124378,1776.5429905248293
FIN,RUH,IC4,mnc,M,True,1,3547.343166908885,0.44291297507202854,1773.6715834544425
CUSTOMER,RUH,M2,public,F,True,2,3536.29726471936,0.33835861253708244,1768.14863235968
HEALTH,MAK,IC3,mnc,F,False,1,3534.2279653939468,0.6223536208103364,1767.1139826969734
SWE,RUH,IC6,pif_backed,M,False,1,3528.7059685239037,0.11071610228409515,1764.3529842619519
SALES,RUH,IC3,pif_backed,F,False,1,3521.588281512428,0.1708761498738866,1760.794140756214
HEALTH,JED,M2,semigov,M,True,1,3520.6174133296336,0.18330381618109914,1760.3087066648168
DATA,EST,M2,semigov,M,False,1,3520.252020746073,0.11637477601099375,1760.1260103730365
OPS,RUH,M2,private,M,True,1,3517.9004910979893,0.3246889147716397,1758.9502455489946
ENG_CIVIL,QAS,D1,pif_backed,M,True,1,3511.9394832811668,0.0788419437227007,1755.9697416405834
SWE,BAH,IC1,private,M,False,1,3508.839311468484,0.46228609711594626,1754.419655734242
ENG_ELEC,RUH,M1,private,F,True,1,3508.5077450144527,0.2349859949737456,1754.2538725072263
EDU,RUH,IC3,public,F,False,1,3506.0176801991547,0.6712638268353219,1753.0088400995774
EDU,MAK,IC4,private,M,False,1,3495.917864280522,0.5590123452974575,1747.958932140261
SALES,RUH,IC2,private,F,False,1,3491.7919268072365,0.5940533160268253,1745.8959634036182
HEALTH,EST,IC3,public,M,False,1,3488.2642262141417,0.26485676390613955,1744.1321131070708
DESIGN,RUH,IC3,semigov,F,False,1,3471.2657960100423,0.22004143105421264,1735.6328980050212
FIN,JED,IC4,mnc,F,True,1,3464.0808661954907,0.21300079173666553,1732.0404330977453
EDU,RUH,M2,pif_backed,M,True,1,3462.438297567889,0.2091858731962352,1731.2191487839445
SALES,MAD,IC3,semigov,M,True,1,3447.241777357165,0.2090198932331397,1723.6208886785826
SWE,JED,IC1,semigov,M,True,1,3444.4708804392294,0.8611177201098074,1722.2354402196147
DATA,RUH,IC3,pif_backed,M,False,1,3433.4489671430674,0.21318871142587198,1716.7244835715337
CUSTOMER,RUH,IC4,private,F,False,1,3432.0887357156944,0.4578993922470904,1716.0443678578472
HEALTH,MAK,IC3,public,M,False,1,3431.54066176833,0.5600357514114285,1715.770330884165
SWE,TAB,M5,private,M,True,1,3431.035007296101,0.15335673995307272,1715.5175036480505
HEALTH,RUH,IC3,pif_backed,F,True,1,3418.186710054926,0.22909776136226812,1709.093355027463
ENG_MECH,NJR,IC3,private,F,False,1,3414.0761108376546,0.5068109344675196,1707.0380554188273
HEALTH,JED,IC4,pif_backed,F,True,1,3413.991276485651,0.2930849524860905,1706.9956382428254
HEALTH,MAD,M1,private,M,True,1,3413.4787830690293,0.17584637227060518,1706.7393915345147
CUSTOMER,MAK,IC3,public,F,False,1,3411.7112275704117,0.9972906089981267,1705.8556137852058
SWE,EST,IC1,mnc,M,True,1,3410.66647958272,0.30722628690793663,1705.33323979136
ENG_ELEC,TAB,IC4,public,M,False,1,3407.6713026399266,0.41580749265615663,1703.8356513199633
ENG_CIVIL,RUH,IC3,semigov,F,False,1,3406.9138622417886,0.28386856413548617,1703.4569311208943
HEALTH,EST,IC2,private,F,False,1,3406.735464331107,0.9092047015247393,1703.3677321655534
EDU,JAZ,M1,private,M,True,1,3403.182290000006,0.22813753013292043,1701.591145000003
SALES,MAK,IC4,private,M,True,2,3398.032805616551,0.20933586766891227,1699.0164028082754
ENG_ELEC,RUH,IC3,public,M,True,2,3396.567299049746,0.4940256284194091,1698.283649524873
FIN,RUH,IC3,private,F,True,1,3395.4666503208227,0.2791658774075938,1697.7333251604114
PM,EST,IC3,private,M,True,1,3393.790532738203,0.26968620484529066,1696.8952663691016
MARKETING,EST,IC4,public,F,True,1,3391.3759888566237,0.15626142060287015,1695.6879944283119
FIN,JED,IC3,public,F,False,2,3381.8155917944014,0.32830515677518124,1690.9077958972007
EDU,RUH,IC5,public,F,True,2,3374.882295536009,0.22134035691898044,1687.4411477680046
ENG_CIVIL,TAB,IC5,private,M,False,1,3366.9168133310886,0.3398241806301577,1683.4584066655443
FIN,JED,M2,private,F,True,1,3359.1136819081767,0.10776143797809866,1679.5568409540883
ENG_ELEC,RUH,M2,mnc,M,False,1,3356.41148644665,0.17330086766035593,1678.205743223325
HR,EST,IC4,public,F,True,1,3356.1319699073265,0.21413107227898512,1678.0659849536632
EDU,JED,IC3,public,F,False,1,3354.1219910845684,0.7251418755466078,1677.0609955422842
ENG_ELEC,EST,IC3,semigov,F,False,1,3352.358059533193,0.4357242829946857,1676.1790297665966
EDU,RUH,IC4,public,M,True,3,3351.8235311415083,0.49214151065475775,1675.9117655707541
FIN,HAI,D1,mnc,F,False,1,3350.3777099999934,0.15460332382745415,1675.1888549999967
HEALTH,RUH,D2,public,M,False,1,3349.149636777329,0.0850185142904769,1674.5748183886644
CUSTOMER,RUH,IC4,semigov,F,True,2,3346.7539509139283,0.318371598746625,1673.3769754569641
SALES,RUH,IC5,private,F,False,1,3344.68757305516,0.27470863980281224,1672.34378652758
HEALTH,JED,IC4,mnc,M,False,2,3343.2600786135645,0.17661954629090332,1671.6300393067822
MARKETING,RUH,M3,mnc,M,True,1,3336.9876541524536,0.12847514241860852,1668.4938270762268
SWE,RUH,M1,startup,M,False,1,3334.933957376108,0.2531995226981436,1667.466978688054
SUPPLY,NJR,IC4,public,M,False,1,3332.909225887216,1.171069003206988,1666.454612943608
EDU,RUH,IC5,public,M,True,2,3332.7453749101596,0.19160017406268331,1666.3726874550798
HEALTH,RUH,IC2,startup,F,True,1,3329.710191243834,0.6668075544544486,1664.855095621917
EDU,QAS,IC4,semigov,M,True,1,3326.5143840808305,0.2816666723748407,1663.2571920404152
HEALTH,BAH,IC3,private,M,False,1,3324.544558885762,0.3911933040754115,1662.272279442881
FIN,EST,IC2,private,M,False,1,3318.879161759836,1.5398044723970308,1659.439580879918
OPS,JED,IC4,semigov,F,True,1,3317.7687951949392,0.3381658468643012,1658.8843975974696
EDU,JAZ,M3,semigov,F,False,1,3317.3681294522266,0.2188494512846645,1658.6840647261133
FIN,JED,IC3,public,M,False,1,3304.8645320794603,0.5172077667413887,1652.4322660397302
DATA,RUH,IC1,startup,M,True,1,3304.5940860756727,0.8261485215189182,1652.2970430378364
CUSTOMER,MAK,IC3,private,M,True,1,3300.4626124465995,0.8251156531116499,1650.2313062232997
CUSTOMER,EST,IC5,public,F,True,1,3297.727881147368,0.28796514453562166,1648.863940573684
OPS,TAB,IC2,private,M,False,1,3297.618364514481,1.8320102025080451,1648.8091822572405
HEALTH,EST,IC2,pif_backed,F,False,1,3284.6706487161982,0.5712689265878343,1642.3353243580991
DESIGN,RUH,IC2,public,F,True,1,3281.3253625401812,0.3319271271718467,1640.6626812700906
OPS,MAD,IC2,mnc,F,True,1,3276.8947431583374,0.6194379215476309,1638.4473715791687
SALES,EST,IC3,semigov,M,True,3,3276.1574750297223,0.3191003625668164,1638.0787375148611
SUPPLY,NOR,IC4,mnc,M,False,1,3273.368145392993,0.38911783076561796,1636.6840726964965
HEALTH,ASR,IC4,public,F,True,1,3273.17139394231,0.4731165071783771,1636.585696971155
HR,JED,IC4,private,F,True,1,3269.5315444481166,0.40870012793373317,1634.7657722240583
PM,RUH,IC3,semigov,M,False,1,3262.506433398061,0.2428358130497707,1631.2532166990304
MARKETING,RUH,IC4,public,F,False,1,3262.284381017509,0.23222246289658452,1631.1421905087545
OPS,JED,IC5,private,M,False,1,3255.3240321569883,0.3561502872612623,1627.6620160784942
SWE,RUH,IC1,public,F,False,1,3254.11912319791,1.1836431607272957,1627.059561598955
LEGAL,RUH,IC6,public,M,True,1,3253.3553234235005,0.1476367906923877,1626.6776617117503
EDU,MAK,M1,public,M,True,1,3248.698719218766,0.2402574460993013,1624.349359609383
HR,ASR,IC2,public,F,True,1,3245.5935167875923,0.8113983791968981,1622.7967583937962
ENG_MECH,EST,IC3,semigov,F,True,1,3244.2939704443033,0.2554254464182113,1622.1469852221517
SUPPLY,MAD,IC5,private,F,False,1,3243.6087783199364,0.14013193943357818,1621.8043891599682
DESIGN,BAH,M2,private,F,True,1,3243.237709999994,0.15040293299003946,1621.618854999997
ENG_CIVIL,NOR,IC6,private,M,False,1,3241.4022900000055,0.21496107107756376,1620.7011450000027
DATA,EST,IC4,semigov,M,True,1,3239.971079125062,0.1759220831491779,1619.985539562531
SWE,EST,IC2,private,M,True,1,3239.868616689875,0.22298187143678244,1619.9343083449376
SWE,EST,M1,private,M,True,2,3233.4379108674657,0.09522947713631882,1616.7189554337328
CUSTOMER,EST,IC3,mnc,M,False,1,3230.9033704194017,0.3456369249289023,1615.4516852097008
DATA,RUH,IC4,semigov,M,True,3,3230.842330427344,0.16219674331569703,1615.421165213672
ENG_CIVIL,QAS,IC4,public,M,False,1,3228.9754217275377,0.595251121146699,1614.4877108637688
EDU,EST,IC4,private,M,True,1,3226.043774482091,0.446530408153442,1613.0218872410455
FIN,HAI,M4,public,M,True,1,3223.697709999993,0.1496323688319594,1611.8488549999965
DATA,QAS,IC3,private,M,False,1,3213.8275686228626,0.5023772077681723,1606.9137843114313
DATA,JED,IC4,semigov,F,False,1,3211.1717544058665,0.17089381863690686,1605.5858772029333
SUPPLY,EST,IC3,private,M,True,1,3208.444106471805,0.32194772550247747,1604.2220532359024
MARKETING,EST,IC3,semigov,F,False,2,3190.262305358797,0.3052461240953242,1595.1311526793986
HEALTH,EST,M1,private,F,False,2,3189.917554991398,0.15337381198639652,1594.958777495699
MARKETING,RUH,IC4,pif_backed,F,True,1,3187.2393975026753,0.14413288884027076,1593.6196987513376
OPS,JED,M1,pif_backed,M,False,1,3180.2067592489548,0.18798525766781943,1590.1033796244774
FIN,RUH,M1,public,F,True,1,3167.209562926977,0.2603808002564155,1583.6047814634885
ENG_ELEC,RUH,D2,private,M,True,1,3165.923309467158,0.11723861596821068,1582.961654733579
SWE,EST,IC3,private,F,True,2,3165.00658476009,0.20517018328018105,1582.503292380045
CUSTOMER,EST,IC3,pif_backed,F,False,1,3157.250867538988,0.37004295152189465,1578.625433769494
EDU,EST,IC5,private,F,True,1,3153.772778730119,0.2866162018645136,1576.8863893650596
SUPPLY,JED,IC5,pif_backed,M,False,1,3153.364653527402,0.1753331335478864,1576.682326763701
PM,EST,IC2,private,M,True,2,3151.661954903785,0.20787181802373725,1575.8309774518925
SWE,EST,IC3,pif_backed,M,False,1,3148.654867690724,0.2127670771350482,1574.327433845362
EDU,EST,M2,public,F,True,1,3143.9984375200947,0.1645934601038706,1571.9992187600474
ENG_MECH,EST,IC2,semigov,M,False,1,3138.227909962742,0.29866551605641134,1569.113954981371
ENG_ELEC,JED,IC6,mnc,M,False,1,3137.9231497847322,0.13915105797236832,1568.9615748923661
FIN,NJR,IC2,startup,F,True,1,3136.6391717044135,0.3064988925590875,1568.3195858522067
SWE,JED,IC5,pif_backed,M,True,1,3136.027467381471,0.10464740764284683,1568.0137336907355
HR,RUH,IC5,semigov,M,True,1,3135.4805917956583,0.20041153757576013,1567.7402958978291
OPS,ASR,M3,private,M,False,1,3133.9891808441625,0.21126141707719176,1566.9945904220813
ENG_MECH,RUH,M1,public,M,False,2,3132.242000265831,0.3158508680733059,1566.1210001329155
SUPPLY,RUH,IC4,private,M,False,3,3120.7286543786017,0.2391936740091409,1560.3643271893009
EDU,JED,IC3,semigov,M,True,1,3115.6880026089148,0.6367240176095351,1557.8440013044574
CUSTOMER,EST,IC3,private,F,True,1,3106.011474362638,0.5057538610179583,1553.005737181319
EDU,EST,M1,private,F,True,3,3099.2680751050952,0.3359870116597672,1549.6340375525476
PM,EST,IC6,public,F,False,1,3093.7990917013085,0.1418161666123312,1546.8995458506542
SWE,ASR,IC3,private,M,False,1,3093.021690651027,0.3109824070101787,1546.5108453255134
SALES,EST,IC4,pif_backed,M,True,1,3086.3129545708816,0.20527767905241842,1543.1564772854408
SALES,RUH,IC2,pif_backed,M,True,1,3083.310857320721,0.3610163708247533,1541.6554286603605
EDU,TAB,IC3,public,F,False,1,3079.7092698357455,0.31794190300367275,1539.8546349178728
HEALTH,NJR,IC3,private,M,False,1,3073.6777889599653,0.3063897827095875,1536.8388944799826
OPS,RUH,IC4,private,M,False,2,3070.6782422093775,0.20860072932957552,1535.3391211046887
DATA,BAH,IC6,startup,M,True,1,3069.9122900000057,0.20129899196813783,1534.9561450000028
ENG_CIVIL,RUH,M4,semigov,M,False,1,3065.0144544673094,0.11766599578044855,1532.5072272336547
HR,RUH,M1,private,F,False,3,3064.3627154980118,0.3117278473598799,1532.1813577490059
HEALTH,RUH,IC4,private,F,False,7,3060.0367591472645,0.3302006233590032,1530.0183795736323
OPS,NJR,IC3,startup,F,True,1,3052.934694660342,0.7632336736650854,1526.467347330171
EDU,ASR,IC3,semigov,F,True,1,3048.382217031666,0.29343476005780034,1524.191108515833
DATA,RUH,IC4,public,M,True,1,3047.332337928612,0.15452917544215586,1523.666168964306
LEGAL,EST,IC4,public,F,True,3,3042.6629789686963,0.15065964143446586,1521.3314894843481
ENG_MECH,RUH,IC2,private,M,False,2,3040.0096544519433,0.33783349021366277,1520.0048272259717
OPS,TAB,IC4,semigov,F,False,1,3039.1492601490318,0.3356651576078744,1519.5746300745159
ENG_MECH,JED,IC4,mnc,M,True,1,3027.633591743739,0.1413102837022986,1513.8167958718695
ENG_MECH,RUH,D1,public,M,False,1,3025.7461184948625,0.07564686795425961,1512.8730592474312
ENG_CIVIL,RUH,IC4,pif_backed,M,False,1,3020.902484290673,0.3154989539729162,1510.4512421453364
SALES,JAZ,IC5,startup,F,False,1,3018.7513807144223,0.2586241314486305,1509.3756903572112
EDU,RUH,M2,public,F,True,1,3018.522288262575,0.24350835701139767,1509.2611441312874
SWE,JAZ,M3,public,M,True,1,3011.8998467000165,0.14606231358856372,1505.9499233500082
OPS,JAZ,IC4,mnc,M,True,1,3009.889326547922,0.3924113621670146,1504.944663273961
MARKETING,RUH,IC3,private,F,True,1,3008.739255849544,0.752184813962386,1504.369627924772
MARKETING,EST,IC5,pif_backed,F,True,1,3005.3224571889805,0.10789736371616024,1502.6612285944902
EDU,MAK,IC3,semigov,F,True,2,3001.9593455899953,0.27912510483234776,1500.9796727949977
MARKETING,ASR,IC3,private,M,True,1,3000.004584378913,0.5172608981323312,1500.0022921894565
EDU,JED,M2,public,M,True,1,2998.630850622423,0.3124306061964964,1499.3154253112116
OPS,RUH,IC3,public,M,False,2,2996.6369182302215,0.4253629368503259,1498.3184591151107
SWE,QAS,IC5,private,F,False,1,2993.432395908756,0.18149362262472055,1496.716197954378
SALES,EST,IC2,private,F,True,1,2993.1402755149375,0.2327714269561206,1496.5701377574687
ENG_MECH,JED,M2,public,M,True,1,2988.3362910233936,0.18643508546933205,1494.1681455116968
SALES,JED,M1,private,M,False,2,2987.1485464286693,0.398600108801768,1493.5742732143347
CUSTOMER,JED,IC4,semigov,F,False,1,2983.46003093919,0.2526041847205391,1491.730015469595
SALES,EST,M1,startup,M,False,1,2970.907188778452,0.16418677692992925,1485.453594389226
SWE,QAS,IC4,private,M,False,1,2970.1328770398704,0.22304205822112547,1485.0664385199352
OPS,RUH,IC5,pif_backed,M,True,1,2952.603023538115,0.18120120846943344,1476.3015117690575
FIN,QAS,IC4,private,F,True,1,2950.153056902187,0.32984421616333787,1475.0765284510935
SWE,JED,IC6,semigov,F,True,1,2949.7704838375284,0.10023056467625654,1474.8852419187642
ENG_CIVIL,MAD,IC4,private,M,False,2,2948.1520081041253,0.23498079216713627,1474.0760040520627
DATA,HAI,IC4,private,F,True,1,2944.7577099999944,0.1384779113085332,1472.3788549999972
ENG_CIVIL,RUH,IC4,mnc,M,True,1,2943.15681939358,0.17646115719456582,1471.57840969679
CUSTOMER,RUH,M1,private,F,True,3,2942.283835075954,0.23579795361799816,1471.141917537977
DATA,RUH,IC1,private,M,True,1,2940.0069199358322,0.5595185335198072,1470.0034599679161
HEALTH,RUH,IC6,semigov,F,True,1,2939.095709571855,0.10342151532294701,1469.5478547859275
ENG_ELEC,TAB,IC2,semigov,M,True,1,2935.0608280610913,0.4067310625315042,1467.5304140305457
EDU,RUH,M2,private,F,True,2,2929.37009035139,0.22791671773564753,1464.685045175695
EDU,JED,M1,public,F,True,1,2927.8761891702043,0.38887259224429405,1463.9380945851021
EDU,RUH,M3,semigov,F,True,1,2927.7287675890657,0.1693198856284568,1463.8643837945328
CUSTOMER,JAZ,IC4,mnc,M,False,1,2926.9416464118585,0.661131523391209,1463.4708232059293
PM,JAZ,IC2,public,M,True,1,2915.96471735082,0.32463669611932217,1457.98235867541
HR,QAS,IC2,private,M,False,1,2913.2131034758677,0.390606959009498,1456.6065517379338
SALES,EST,IC5,mnc,F,False,1,2913.116927137311,0.15324290245753827,1456.5584635686555
SUPPLY,MAK,IC2,mnc,M,True,1,2912.828524592005,0.22037632813054225,1456.4142622960026
SALES,RUH,M3,startup,M,True,1,2911.4917821975396,0.13063726316505792,1455.7458910987698
SALES,QAS,IC3,public,M,False,1,2911.2382379001265,0.3017452568304443,1455.6191189500632
ENG_MECH,RUH,IC2,pif_backed,F,False,1,2909.986209894758,0.2781505680984407,1454.993104947379
EDU,JED,IC4,private,F,True,2,2902.7843408745807,0.5319254493719306,1451.3921704372904
HEALTH,RUH,IC3,private,F,True,2,2899.380421388112,0.20747597588689476,1449.690210694056
ENG_MECH,NJR,IC6,mnc,M,False,1,2898.8372736296405,0.20055134123243543,1449.4186368148203
HR,RUH,IC4,private,F,True,1,2898.516031241077,0.20759677754007072,1449.2580156205386
CUSTOMER,JAZ,IC3,private,M,True,1,2895.001311834374,0.28797014579880836,1447.500655917187
SWE,JAZ,IC3,private,F,True,1,2891.79500527008,0.1657887422650847,1445.89750263504
DATA,RUH,M3,semigov,M,True,1,2884.0966999997254,0.08480113272166417,1442.0483499998627
HR,EST,IC2,mnc,F,True,1,2878.130036009681,0.22290781931261688,1439.0650180048406
CUSTOMER,JED,IC2,semigov,F,True,1,2877.3223902191403,0.5194172762656584,1438.6611951095701
ENG_MECH,EST,IC4,private,M,False,1,2876.084435587165,0.18253830180814018,1438.0422177935825
SALES,RUH,IC5,mnc,F,False,1,2872.74288299169,0.2320963890545156,1436.371441495845
ENG_MECH,HAI,IC3,mnc,M,False,1,2872.4284469045597,0.2909389328939406,1436.2142234522798
HEALTH,RUH,IC4,semigov,F,False,1,2872.0578473949117,0.3120194429603565,1436.0289236974559
MARKETING,RUH,IC6,startup,M,False,1,2870.394908294398,0.16981460265562953,1435.197454147199
ENG_CIVIL,RUH,IC4,public,M,False,1,2865.0182553657714,0.39507357496776985,1432.5091276828857
OPS,ASR,IC2,semigov,F,True,1,2861.0858302659435,0.6134863959057699,1430.5429151329718
HR,EST,IC5,private,M,False,1,2858.4396719358083,0.19969914703824987,1429.2198359679041
ENG_MECH,TAB,M2,public,M,True,1,2846.40921488656,0.166139556710849,1423.20460744328
SUPPLY,ASR,IC4,semigov,M,False,1,2844.1633003326106,0.3633176637527909,1422.0816501663053
CUSTOMER,TAB,M2,public,M,False,1,2821.81607966091,0.24761982348355088,1410.908039830455
SWE,RUH,IC3,private,F,False,2,2821.0104523275286,0.29878252122890236,1410.5052261637643
OPS,QAS,M4,private,M,True,1,2817.1169410304756,0.10859691596907739,1408.5584705152378
LEGAL,EST,IC4,public,M,True,1,2814.5342474769986,0.1922052318164931,1407.2671237384993
SALES,MAD,IC4,public,M,True,2,2814.032972764836,0.4188497180446191,1407.016486382418
HEALTH,QAS,IC4,startup,M,False,1,2808.7774504668487,0.35219779943157975,1404.3887252334243
HEALTH,TAB,IC3,mnc,M,True,1,2807.8015068638933,0.3564570522502807,1403.9007534319467
ENG_MECH,JED,M3,semigov,M,True,1,2805.757891768302,0.10636654099856328,1402.878945884151
SALES,QAS,IC2,private,F,True,2,2798.8032592288005,0.6757414833465155,1399.4016296144002
HEALTH,JED,M2,private,F,True,1,2789.9464935683573,0.16037465695940817,1394.9732467841786
LEGAL,RUH,IC3,private,M,False,1,2788.442759537511,0.2925570080343365,1394.2213797687555
FIN,JED,IC4,private,F,True,1,2786.2854634970536,0.16588103294699516,1393.1427317485268
ENG_ELEC,JED,IC6,startup,M,False,1,2782.5995993867255,0.13175449508876244,1391.2997996933627
FIN,RUH,IC3,public,M,False,1,2780.36848821322,0.2351949184508986,1390.18424410661
ENG_ELEC,RUH,IC4,public,M,True,2,2779.198531727452,0.21160967207519316,1389.599265863726
HR,RUH,IC1,public,F,True,2,2778.9026370878214,0.26777442322125083,1389.4513185439107
SUPPLY,EST,IC2,semigov,M,False,1,2778.0614647463153,0.30487576036135594,1389.0307323731577
FIN,RUH,IC3,semigov,F,True,1,2766.442215465242,0.19684852312246362,1383.221107732621
DESIGN,NJR,IC4,private,F,False,1,2765.976559145307,0.264117572384231,1382.9882795726535
ENG_MECH,EST,M1,semigov,M,True,1,2764.190630711444,0.17354874102408321,1382.095315355722
ENG_ELEC,RUH,IC4,private,F,False,1,2763.7567465248267,0.2854112231551277,1381.8783732624133
OPS,ASR,IC4,private,M,True,1,2763.356767582103,0.27966876914892724,1381.6783837910516
SALES,RUH,IC3,mnc,F,False,1,2761.6541293181835,0.2537002553229694,1380.8270646590918
DESIGN,ASR,M2,public,F,False,1,2761.262290000006,0.17746859663375184,1380.631145000003
HEALTH,RUH,M1,pif_backed,M,True,1,2760.015670369088,0.1546624103197957,1380.007835184544
SWE,RUH,IC1,startup,M,True,1,2754.6656245671184,0.2776838681438404,1377.3328122835592
FIN,EST,IC5,public,F,True,1,2741.176170502793,0.19563661820215672,1370.5880852513965
HEALTH,EST,IC3,public,M,True,1,2735.4418500290194,0.3257692271083176,1367.7209250145097
MARKETING,EST,M2,semigov,F,True,1,2734.050351991198,0.11768659921224599,1367.025175995599
HEALTH,RUH,M2,startup,F,False,1,2728.244064696428,0.12926868635799238,1364.122032348214
ENG_ELEC,MAK,IC4,private,M,False,1,2726.101576560053,0.33039250240089846,1363.0507882800266
HEALTH,QAS,IC3,private,F,True,1,2725.817717916955,0.48660631307997326,1362.9088589584776
SWE,MAK,IC3,semigov,M,False,1,2722.3460563061544,0.19537868693118293,1361.1730281530772
EDU,RUH,IC4,semigov,F,True,3,2720.4940172894226,0.16289336691178655,1360.2470086447113
SALES,MAK,IC4,private,M,False,1,2720.3764990565833,0.3070884144416091,1360.1882495282916
DATA,EST,IC1,private,F,True,1,2719.7186328314865,0.35369481989368373,1359.8593164157433
HEALTH,EST,IC2,mnc,M,False,1,2710.3105421733226,0.27714827085156807,1355.1552710866613
SWE,EST,D2,mnc,M,False,1,2701.6982701205125,0.04939560904293844,1350.8491350602562
CUSTOMER,RUH,M4,mnc,F,True,1,2701.3375521950948,0.09325533517824508,1350.6687760975474
SWE,EST,IC3,mnc,M,True,1,2699.641733387609,0.2044881046654175,1349.8208666938044
SWE,MAK,M3,private,F,False,1,2697.4171843343647,0.0606278605953415,1348.7085921671824
DESIGN,JED,IC3,semigov,F,True,2,2696.0891573929102,0.19075419605611887,1348.0445786964551
OPS,NOR,M3,private,M,False,1,2695.197709999993,0.12824735649007707,1347.5988549999965
HEALTH,JED,IC6,private,M,False,1,2694.3978390265074,0.14539956251805797,1347.1989195132537
HEALTH,RUH,M1,public,F,True,1,2692.304550450708,0.20198333529272328,1346.152275225354
ENG_ELEC,EST,IC2,pif_backed,M,False,2,2685.7961767505667,0.6113881353426839,1342.8980883752834
OPS,RUH,M2,semigov,M,False,1,2684.3810282488994,0.16618683386887956,1342.1905141244497
SWE,TAB,IC5,public,M,False,1,2678.8528335639494,0.13206839307783338,1339.4264167819747
PM,RUH,IC4,pif_backed,F,False,1,2676.7967024480604,0.1492623694453431,1338.3983512240302
EDU,JED,IC5,public,F,True,1,2672.8101636403244,0.26540776833512314,1336.4050818201622
SALES,EST,M3,mnc,F,False,1,2671.8749832126778,0.06748005957345349,1335.9374916063389
HEALTH,JED,IC3,private,F,True,1,2669.5377565694034,0.16824347701436515,1334.7688782847017
SALES,EST,M3,private,F,False,1,2665.738086701258,0.1278620377293029,1332.869043350629
OPS,JED,IC2,private,F,True,1,2661.673957579017,0.6654184893947542,1330.8369787895085
DATA,EST,M1,private,M,True,3,2657.386422957643,0.08906440584463975,1328.6932114788215
MARKETING,MAK,IC4,private,F,False,2,2654.156004331391,0.23112054317942393,1327.0780021656956
OPS,EST,IC3,public,M,False,2,2649.98238278329,0.35801903227464016,1324.991191391645
ENG_CIVIL,QAS,IC2,private,F,False,1,2638.959497421376,0.9072455264172279,1319.479748710688
HEALTH,RUH,M3,private,F,False,2,2637.1347520176005,0.11293734874654499,1318.5673760088002
EDU,QAS,IC4,private,M,True,1,2634.7702539827296,0.21710171166730768,1317.3851269913648
EDU,MAK,IC3,public,F,True,2,2629.372533556586,0.23511327880569147,1314.686266778293
CUSTOMER,QAS,IC5,public,M,False,1,2628.432884145437,0.3371730978314973,1314.2164420727186
DESIGN,RUH,M2,private,F,False,1,2623.770683134495,0.09841386358190612,1311.8853415672475
EDU,MAD,IC4,public,F,True,1,2618.9389573459994,0.24996315437622285,1309.4694786729997
SUPPLY,RUH,IC3,semigov,M,True,1,2605.8189567472873,0.12956860287632882,1302.9094783736437
DATA,RUH,IC5,public,M,False,1,2605.4927342452283,0.08859571353480467,1302.7463671226142
SALES,RUH,IC6,public,M,True,1,2597.730944261337,0.12548861062094008,1298.8654721306684
SWE,EST,IC5,private,F,True,1,2597.1692116198356,0.08687492136341039,1298.5846058099178
ENG_MECH,MAK,VP,private,M,True,1,2591.7184472419467,0.06021170820359685,1295.8592236209734
MARKETING,RUH,IC3,semigov,M,True,1,2591.60550459317,0.17798388180628738,1295.802752296585
SWE,EST,M2,public,F,True,1,2589.111542289742,0.08510778350254694,1294.555771144871
ENG_CIVIL,TAB,IC3,mnc,M,True,1,2589.0800138021878,0.18915197031247377,1294.5400069010939
CUSTOMER,JED,IC3,mnc,F,True,1,2588.933125238442,0.17158058532682618,1294.466562619221
SWE,JED,M1,private,F,False,1,2587.4856033733886,0.10481705841283157,1293.7428016866943
ENG_MECH,EST,IC4,startup,M,True,1,2587.4843914006633,0.153015948728299,1293.7421957003316
EDU,JED,IC5,semigov,M,True,1,2584.5482713110323,0.2721310449248463,1292.2741356555161
CUSTOMER,EST,IC3,semigov,F,True,1,2583.9521868855136,0.40131769245597515,1291.9760934427568
SWE,RUH,M1,private,F,False,1,2582.3116162808656,0.1256018074497333,1291.1558081404328
PM,JED,M1,pif_backed,M,True,1,2581.671216496099,0.10484288890298926,1290.8356082480495
SUPPLY,JED,IC3,private,F,True,1,2581.1264420769166,0.2580450364081527,1290.5632210384583
ENG_MECH,QAS,D1,public,M,True,1,2579.808694050829,0.1019013393139963,1289.9043470254146
OPS,NJR,IC4,private,M,True,1,2578.8434619833133,0.4463396648499268,1289.4217309916567
ENG_ELEC,RUH,IC3,mnc,M,True,1,2578.069116565075,0.2214594384087883,1289.0345582825375
CUSTOMER,EST,IC4,private,M,False,2,2574.322059858794,0.23679138185987458,1287.161029929397
SALES,MAD,IC4,private,M,True,1,2565.537774326669,0.3106568408676551,1282.7688871633345
HEALTH,QAS,IC5,semigov,M,False,1,2565.231055151631,0.16542865734663637,1282.6155275758156
PM,JAZ,IC4,semigov,M,False,1,2563.644081675713,0.17725694012846088,1281.8220408378565
HR,JED,IC2,public,F,True,1,2562.237846709466,0.34781021352770153,1281.118923354733
ENG_CIVIL,RUH,IC3,semigov,M,False,1,2561.986983809742,0.23850630097467299,1280.993491904871
ENG_ELEC,RUH,M2,private,M,True,2,2561.9155720125236,0.10724310769800909,1280.9577860062618
ENG_ELEC,ASR,M2,semigov,M,True,1,2560.853597168265,0.15346987582482127,1280.4267985841325
SUPPLY,EST,IC4,semigov,F,False,1,2557.8723272343677,0.3434252304251768,1278.9361636171839
DESIGN,RUH,M2,public,M,False,1,2555.3319816005096,0.11940619521290136,1277.6659908002548
ENG_ELEC,ASR,IC4,mnc,M,False,1,2554.328850037289,0.20229872126581902,1277.1644250186446
HR,ASR,IC2,private,M,False,1,2552.244311546983,0.2681897987872701,1276.1221557734916
ENG_CIVIL,RUH,IC3,private,F,False,1,2551.3219299868606,0.4880839011916201,1275.6609649934303
ENG_ELEC,EST,IC4,private,M,True,1,2542.256402120074,0.2290265373833316,1271.128201060037
SWE,JED,IC4,semigov,M,True,1,2541.96130881687,0.17116328221139793,1270.980654408435
MARKETING,TAB,IC1,mnc,F,False,1,2537.2747466007268,1.4095970814448482,1268.6373733003634
MARKETING,RUH,D3,private,F,True,1,2536.706666012891,0.032538466608272254,1268.3533330064456
FIN,RUH,IC5,mnc,M,True,1,2534.2926399427815,0.06746912033362161,1267.1463199713908
SALES,TAB,IC5,private,M,False,1,2532.3317762279894,0.19773615335100045,1266.1658881139947
EDU,QAS,IC4,semigov,F,True,1,2529.0480901470173,0.39472463293133536,1264.5240450735087
ENG_CIVIL,JED,IC4,private,M,False,3,2528.092937498503,0.19276393248188506,1264.0464687492515
OPS,JAZ,IC4,public,M,False,1,2526.346147667041,0.4927811691449372,1263.1730738335204
CUSTOMER,JED,IC4,startup,F,False,1,2517.0218616985503,0.24634082446617325,1258.5109308492752
HEALTH,RUH,IC3,mnc,F,False,3,2514.977810970105,0.19033721542451046,1257.4889054850526
PM,JED,IC4,private,M,False,1,2514.386332784774,0.13438255693731668,1257.193166392387
ENG_MECH,RUH,IC6,private,M,False,1,2514.015532503843,0.07609814276588836,1257.0077662519216
HEALTH,MAK,IC2,public,F,False,1,2504.342457256148,0.5443974203908404,1252.171228628074
SUPPLY,ASR,IC3,private,M,True,1,2501.4839062163737,0.3134428445501911,1250.7419531081869
ENG_ELEC,EST,IC1,private,M,False,1,2495.6370071969914,1.0771913877749444,1247.8185035984957
SALES,JED,IC3,private,F,False,1,2495.558641424101,0.6864359918427577,1247.7793207120505
LEGAL,ASR,IC4,private,F,True,1,2492.4795884790274,0.21069605828015048,1246.2397942395137
SALES,RUH,IC3,semigov,M,False,1,2488.6619346988373,0.4750397386256215,1244.3309673494186
ENG_ELEC,TAB,M2,private,M,True,1,2469.255877499798,0.13739147267950141,1234.627938749899
CUSTOMER,JED,IC3,public,M,True,1,2466.3087962047975,0.3472080138140512,1233.1543981023988
SALES,QAS,M5,private,M,True,1,2465.407709999996,0.11861001990298177,1232.703854999998
CUSTOMER,JED,IC4,public,F,False,1,2461.63263096866,0.5423221175681,1230.81631548433
HR,QAS,M3,private,F,False,1,2459.8907576653437,0.17386426659702436,1229.9453788326718
SUPPLY,EST,IC4,private,F,False,2,2458.822525566392,0.36118692742985037,1229.411262783196
CUSTOMER,NJR,IC5,public,F,True,1,2452.6855122948973,0.40866989672720533,1226.3427561474487
FIN,JED,IC4,public,M,True,1,2448.15439285255,0.19753375878296459,1224.077196426275
ENG_CIVIL,TAB,IC3,startup,M,False,1,2446.8165828475794,0.4496865710340404,1223.4082914237897
SWE,RUH,IC4,private,M,True,2,2442.89704059206,0.12348043580806656,1221.44852029603
ENG_MECH,JAZ,IC5,mnc,F,False,1,2439.8148217315575,0.26257352581557947,1219.9074108657787
HEALTH,RUH,IC1,public,M,True,1,2438.7044503234356,0.30663378036670197,1219.3522251617178
CUSTOMER,EST,M2,private,F,False,1,2438.434444522518,0.14230831307868214,1219.217222261259
ENG_ELEC,MAK,M1,mnc,M,True,1,2433.9622900000068,0.15320985858397698,1216.9811450000034
MARKETING,RUH,M2,semigov,M,False,1,2428.489015886684,0.10974664006494372,1214.244507943342
SALES,MAK,IC1,private,M,False,1,2426.583892783906,1.3481021626577254,1213.291946391953
SUPPLY,JAZ,IC3,private,M,True,1,2423.247642927083,0.2140738645374324,1211.6238214635414
ENG_CIVIL,MAK,IC3,private,M,False,1,2423.1294516798635,0.45482912471748105,1211.5647258399317
HEALTH,JED,IC2,private,F,False,1,2411.8277127047004,0.5273472043801588,1205.9138563523502
CUSTOMER,RUH,M1,private,M,False,1,2406.4071687886026,0.42681323585131864,1203.2035843943013
OPS,RUH,IC2,semigov,M,True,1,2402.6371763199786,0.30745609500202553,1201.3185881599893
EDU,RUH,IC4,mnc,F,True,4,2401.7038729304627,0.13047644468171668,1200.8519364652313
OPS,MAD,IC4,semigov,M,True,1,2388.7206643546015,0.25019698265851514,1194.3603321773007
CUSTOMER,RUH,IC5,private,M,False,1,2385.9343030873224,0.37994520470586435,1192.9671515436612
SUPPLY,RUH,IC6,private,F,False,1,2383.682179701449,0.12343764685815771,1191.8410898507245
HEALTH,RUH,IC4,mnc,M,False,2,2382.080760421434,0.20096382383288453,1191.040380210717
HEALTH,RUH,IC3,public,M,True,3,2381.6144327182915,0.22888638991774454,1190.8072163591457
HEALTH,MAD,IC4,private,M,False,1,2381.0985850117086,0.22528612187197436,1190.5492925058543
SWE,JED,IC2,private,M,False,1,2378.8865761577617,0.17109700606655637,1189.4432880788809
ENG_ELEC,RUH,IC2,public,M,False,1,2375.367663664175,0.4208421322079852,1187.6838318320874
ENG_MECH,JED,IC5,semigov,M,True,1,2368.927282081786,0.08560517860671348,1184.463641040893
EDU,RUH,IC5,semigov,F,True,1,2365.100521162065,0.15192815428063086,1182.5502605810325
HEALTH,MAK,M1,private,M,True,1,2364.914907986431,0.14309843820354054,1182.4574539932155
HR,RUH,IC4,semigov,M,False,1,2356.918622225052,0.12992563731497508,1178.459311112526
SWE,HAI,IC4,private,M,False,1,2353.6562455133717,0.2053081070613425,1176.8281227566858
SALES,JED,IC3,public,M,False,2,2352.2564705452537,1.1269768513924423,1176.1282352726269
MARKETING,MAD,IC1,private,F,False,1,2341.4374189713308,0.401528544867505,1170.7187094856654
SUPPLY,EST,IC4,private,M,False,1,2340.9271447582996,0.25648627462726153,1170.4635723791498
ENG_ELEC,ASR,IC3,private,M,True,1,2337.709485008889,0.2848468343721611,1168.8547425044444
SWE,ASR,IC6,pif_backed,M,True,1,2335.156368027121,0.06525993283364026,1167.5781840135605
ENG_MECH,JED,IC3,public,M,False,2,2334.965510280142,0.3474452198020489,1167.482755140071
LEGAL,RUH,IC4,mnc,M,False,1,2330.1665387903704,0.11407700375841542,1165.0832693951852
HEALTH,JED,IC4,semigov,F,False,1,2329.5264643377723,0.13780967421428214,1164.7632321688861
SUPPLY,JAZ,IC3,private,F,False,1,2326.746079130583,0.4535876870996234,1163.3730395652915
SALES,ASR,IC4,private,M,True,1,2322.636456914919,0.13701406852217662,1161.3182284574596
SUPPLY,RUH,IC3,mnc,M,True,1,2318.3092089022575,0.12012014603699174,1159.1546044511288
FIN,RUH,IC3,public,M,True,4,2318.304354139473,0.31752660874560157,1159.1521770697366
ENG_ELEC,RUH,IC6,semigov,M,True,1,2315.369576811885,0.07185248902948477,1157.6847884059425
MARKETING,EST,M1,semigov,M,False,1,2313.3604587766295,0.19727915373152807,1156.6802293883147
LEGAL,NJR,M1,public,M,True,1,2309.8177099999957,0.11196271638138944,1154.9088549999979
EDU,JED,IC2,public,F,True,1,2302.7346401920204,0.5756836600480051,1151.3673200960102
EDU,MAK,IC4,private,F,True,2,2294.776643856258,0.3204152335262564,1147.388321928129
HR,JED,M1,private,M,False,1,2291.66769307118,0.2655478928142402,1145.83384653559
ENG_CIVIL,RUH,IC3,public,M,True,4,2290.128554734406,0.24817952308645172,1145.064277367203
DATA,QAS,IC2,semigov,M,False,1,2287.224634896138,0.19900781117224173,1143.612317448069
EDU,MAK,IC5,private,M,True,1,2286.2768622649837,0.2226616889332216,1143.1384311324919
DATA,EST,IC2,semigov,M,False,1,2282.2452433851577,0.23079161952246413,1141.1226216925788
ENG_MECH,RUH,IC2,semigov,M,False,1,2279.514110439345,0.4143380829578676,1139.7570552196726
MARKETING,JED,IC5,semigov,M,False,1,2279.407720797626,0.15115686405926002,1139.703860398813
CUSTOMER,JED,IC4,private,F,True,1,2278.5724492296813,0.5021381677287993,1139.2862246148406
HR,JED,M1,public,F,True,2,2272.9800091239676,0.2196268725602417,1136.4900045619838
HEALTH,NJR,IC3,public,F,False,1,2269.124713086986,0.27197457951576876,1134.562356543493
SALES,RUH,IC5,semigov,F,True,1,2262.3773577692373,0.12605753983462792,1131.1886788846186
HEALTH,QAS,M2,private,F,True,1,2259.681356095596,0.13406347056776743,1129.840678047798
HR,MAK,IC3,public,F,False,1,2259.404075480533,0.3985169979664157,1129.7020377402664
SUPPLY,HAI,IC4,private,F,True,1,2258.6723679550987,0.23340143512122294,1129.3361839775494
FIN,BAH,IC3,semigov,M,True,1,2257.8222900000055,0.14056393672257328,1128.9111450000028
DESIGN,JED,IC3,private,M,False,1,2255.6976248994906,0.14365414607939042,1127.8488124497453
ENG_ELEC,JED,IC3,private,M,True,3,2255.4791710912627,0.20348109837758246,1127.7395855456314
SUPPLY,QAS,IC2,semigov,M,False,1,2243.4038707136765,0.5762009612871076,1121.7019353568382
SALES,ASR,IC4,private,F,False,1,2243.1574698418,0.34260330755336094,1121.5787349209
SWE,QAS,IC2,private,M,True,1,2240.619705806881,0.1688682329742269,1120.3098529034405
ENG_CIVIL,MAK,M3,mnc,F,False,1,2239.4528298615987,0.12015611394557094,1119.7264149307994
EDU,JED,IC4,semigov,F,True,1,2237.4832043224214,0.17690942677930088,1118.7416021612107
FIN,HAI,M1,mnc,F,True,1,2235.6608274232785,0.12359631539882601,1117.8304137116393
SALES,RUH,IC1,semigov,M,True,1,2235.0753333035245,0.2644405505979615,1117.5376666517623
ENG_MECH,JED,IC4,semigov,M,False,2,2233.4749977261417,0.15372351999710326,1116.7374988630709
MARKETING,TAB,IC5,private,F,False,1,2223.8091856611445,0.15939844757112578,1111.9045928305723
MARKETING,RUH,IC4,private,F,False,2,2215.8854592082425,0.3696670168371477,1107.9427296041213
CUSTOMER,EST,IC2,semigov,M,True,1,2214.973157577173,0.2711045726749194,1107.4865787885865
HEALTH,JED,IC1,public,F,False,1,2213.8391419226223,0.6320775969948785,1106.9195709613111
OPS,JAZ,IC3,public,F,True,1,2211.487966615846,0.4487988941031474,1105.743983307923
ENG_ELEC,ASR,IC1,semigov,M,True,1,2208.7845918659355,0.3768221686304506,1104.3922959329677
HR,EST,IC3,public,F,True,1,2204.6600192929036,0.22207605331583014,1102.3300096464518
HEALTH,RUH,IC3,private,M,False,1,2195.4169010318546,0.2213963271356004,1097.7084505159273
ENG_ELEC,RUH,IC5,private,M,False,1,2192.2395963803956,0.16830471465644836,1096.1197981901978
MARKETING,JED,IC5,private,M,True,1,2185.5478449156126,0.2181337862840331,1092.7739224578063
CUSTOMER,RUH,IC4,startup,F,False,1,2183.5499010535336,0.5711464259510695,1091.7749505267668
DESIGN,JED,IC3,private,M,True,1,2179.8028147237874,0.23454149067008406,1089.9014073618937
HR,MAD,IC4,semigov,M,True,1,2179.6148159892964,0.15233773625183616,1089.8074079946482
HR,ASR,IC4,semigov,F,False,1,2173.970377225587,0.17923178078562854,1086.9851886127935
OPS,MAD,IC6,public,F,False,1,2168.5165815635373,0.21177354043037377,1084.2582907817687
ENG_MECH,JED,M3,private,M,False,2,2166.098179670431,0.10313818049048608,1083.0490898352155
FIN,JED,D1,private,F,True,1,2161.304362292023,0.03680726781209007,1080.6521811460116
SUPPLY,ASR,IC3,startup,M,True,1,2160.443162791019,0.2876896948040075,1080.2215813955095
SWE,MAD,IC4,mnc,M,False,1,2160.1875644048378,0.1607662798493124,1080.0937822024189
DESIGN,RUH,IC2,public,F,False,1,2158.6683712319173,0.2700728985102944,1079.3341856159586
SWE,MAD,M2,mnc,M,False,1,2151.284296646907,0.11208038173393244,1075.6421483234535
EDU,RUH,M1,pif_backed,F,True,1,2148.11594885659,0.1497432229761595,1074.057974428295
SALES,RUH,IC4,public,F,False,1,2147.165037882676,0.20208821341987318,1073.582518941338
OPS,JED,IC3,private,F,True,1,2142.0562225784906,0.4227172432491323,1071.0281112892453
EDU,HAI,M3,private,F,True,1,2138.2389841742697,0.19282436134513506,1069.1194920871349
EDU,RUH,M2,private,F,False,1,2137.6879899941287,0.15837013420413532,1068.8439949970643
PM,JED,IC1,public,M,False,1,2136.860364705309,0.553001949919984,1068.4301823526546
DESIGN,RUH,IC3,private,M,False,1,2126.3087499291287,0.18716962886897903,1063.1543749645643
DATA,EST,IC3,private,M,False,1,2125.2788695619784,0.12370289761840472,1062.6394347809892
HEALTH,RUH,IC5,private,F,True,3,2125.017911284374,0.09616815657151488,1062.508955642187
SALES,RUH,IC4,pif_backed,M,False,1,2124.936052563664,0.1586373390949907,1062.468026281832
CUSTOMER,RUH,IC2,private,F,False,1,2118.9502751772125,1.1291974330950607,1059.4751375886062
EDU,ASR,M2,private,F,True,1,2112.956057332194,0.20337339837299764,1056.478028666097
HEALTH,HAI,IC4,public,F,False,1,2110.5482306158774,0.2104162098646485,1055.2741153079387
SALES,MAD,IC4,pif_backed,M,False,1,2110.143128773325,0.12358939761420261,1055.0715643866624
SWE,RUH,IC2,mnc,M,False,2,2109.7687217120665,0.171496998069319,1054.8843608560333
ENG_CIVIL,RUH,IC2,private,M,True,2,2106.3312519554797,0.28728518641208495,1053.1656259777399
FIN,RUH,M1,semigov,F,False,1,2104.1234275767893,0.08212703681162783,1052.0617137883946
SWE,TAB,IC3,semigov,M,False,1,2102.385247177519,0.16473662227827074,1051.1926235887595
HEALTH,EST,IC2,public,M,True,1,2098.4763569830457,0.3879292932865469,1049.2381784915228
SALES,EST,IC4,private,F,False,2,2094.23202599664,0.18670472566913954,1047.11601299832
PM,MAD,IC4,private,F,True,1,2092.649918191679,0.15371556747587214,1046.3249590958394
ENG_ELEC,EST,IC5,private,M,False,1,2089.560465584196,0.16658724594758623,1044.780232792098
FIN,JED,IC3,private,F,False,1,2086.2496206535834,0.12743965639718685,1043.1248103267917
EDU,RUH,IC4,private,F,False,2,2083.4267335750837,0.29824372176843966,1041.7133667875419
SWE,JED,IC2,semigov,M,True,2,2070.996141935446,0.21418359499795586,1035.498070967723
ENG_ELEC,QAS,IC3,startup,M,False,1,2068.567237563255,0.1807252922930839,1034.2836187816274
SUPPLY,RUH,IC3,mnc,M,False,2,2068.468434754487,0.33387118644740993,1034.2342173772436
ENG_CIVIL,MAK,IC3,private,M,True,1,2067.7080300565494,0.36707830276102976,1033.8540150282747
HEALTH,RUH,IC1,semigov,F,False,1,2067.4685915989753,0.3388498420204731,1033.7342957994877
SALES,MAK,M3,public,M,True,1,2065.7418768688767,0.1336439926679979,1032.8709384344384
DATA,RUH,IC1,private,F,False,1,2057.843413822431,1.1432463410124618,1028.9217069112156
ENG_MECH,RUH,IC3,startup,M,False,2,2054.1783284666885,0.31609623492237804,1027.0891642333443
SUPPLY,EST,M2,pif_backed,F,False,1,2053.048104104804,0.1022895840506127,1026.524052052402
OPS,EST,IC4,mnc,M,False,1,2045.1479968877793,0.11838615155270173,1022.5739984438896
PM,EST,IC6,private,M,True,1,2043.9454778987274,0.057516209307708316,1021.9727389493637
CUSTOMER,JED,IC4,private,F,False,2,2040.2170759291598,0.5025618117583102,1020.1085379645799
CUSTOMER,JED,IC3,semigov,F,True,1,2034.8724005816503,0.2893542800928338,1017.4362002908251
SUPPLY,EST,M2,semigov,M,False,1,2034.5527936068756,0.12198012117997645,1017.2763968034378
CUSTOMER,JED,M1,private,M,False,2,2033.7891162847982,0.34200294111487206,1016.8945581423991
SALES,RUH,IC3,mnc,F,True,1,2032.099611439564,0.12723612548921606,1016.049805719782
FIN,RUH,IC4,semigov,M,True,1,2030.6023681094994,0.10373627782600052,1015.3011840547497
EDU,EST,M1,public,M,True,1,2029.9017616003293,0.1543352248499591,1014.9508808001647
ENG_CIVIL,RUH,M1,private,M,True,1,2023.7489791508578,0.16024325941889236,1011.8744895754289
ENG_CIVIL,JED,IC4,mnc,M,False,1,2022.494667830657,0.13265983291249328,1011.2473339153285
SALES,EST,IC3,private,F,False,1,2022.4044241973797,0.406867570005126,1011.2022120986899
FIN,RUH,IC2,private,M,False,1,2021.5146550620348,0.33793686236081577,1010.7573275310174
EDU,TAB,IC2,private,M,False,1,2019.8272825176468,0.6711103115672254,1009.9136412588234
PM,RUH,IC4,private,F,True,1,2012.0754552863764,0.09831389468623439,1006.0377276431882
HR,RUH,IC4,mnc,M,False,2,2009.6752388564528,0.12138453105777267,1004.8376194282264
SUPPLY,JED,IC4,semigov,F,True,1,2005.468502785532,0.17618473048588673,1002.734251392766
CUSTOMER,QAS,D1,private,M,False,1,2002.2522900000058,0.12270078630140548,1001.1261450000029
ENG_MECH,RUH,M2,private,M,False,3,2001.8238606953248,0.0743507142110595,1000.9119303476624
ENG_CIVIL,RUH,M3,pif_backed,M,False,1,2000.1737443386883,0.09530291517436956,1000.0868721693441
HEALTH,JED,IC3,private,M,False,1,1996.5395571111922,0.2522176212946526,998.2697785555961
FIN,RUH,IC4,mnc,F,False,1,1993.2019023641224,0.08252562889355324,996.6009511820612
ENG_CIVIL,MAD,IC3,public,M,False,1,1990.563466870144,0.23173814562658626,995.281733435072
MARKETING,JED,IC4,private,F,True,2,1987.8800393166039,0.0810836978387638,993.9400196583019
PM,HAI,IC2,pif_backed,M,False,1,1983.0884514358004,0.17252783781156072,991.5442257179002
ENG_CIVIL,QAS,IC4,startup,M,False,1,1981.0260463834766,0.28082412452826516,990.5130231917383
HR,RUH,IC4,mnc,M,True,1,1978.7632251577252,0.14139446524543522,989.3816125788626
HEALTH,EST,IC6,mnc,F,False,1,1978.087865823254,0.07068153792418667,989.043932911627
PM,JED,IC4,public,F,False,1,1976.609958658535,0.16347359869679423,988.3049793292676
HEALTH,RUH,IC3,semigov,F,False,3,1975.8852428604976,0.21008954899493296,987.9426214302488
SALES,JED,M3,private,F,False,1,1973.4251263656552,0.07473224038851087,986.7125631828276
LEGAL,JAZ,IC3,public,F,True,1,1970.8176320065168,0.2641117375103546,985.4088160032584
PM,MAD,IC4,private,M,True,1,1967.6590027725033,0.212346392105184,983.8295013862516
DATA,HAI,IC3,private,F,True,1,1966.9032495918364,0.07259180434722794,983.4516247959182
MARKETING,JED,IC5,public,F,False,1,1965.6173400876978,0.10502746367472646,982.8086700438489
CUSTOMER,QAS,IC4,private,F,True,1,1963.650719532804,0.2069584470225781,981.825359766402
SALES,EST,IC1,pif_backed,M,False,1,1963.464205429961,0.28108194621193994,981.7321027149806
SUPPLY,RUH,M3,private,M,True,1,1956.554853898091,0.058381391938613414,978.2774269490455
ENG_MECH,RUH,IC3,semigov,M,False,2,1956.1368567450645,0.1813391447061837,978.0684283725323
EDU,JAZ,IC4,private,F,True,1,1951.4558847038606,0.364610901898273,975.7279423519303
SUPPLY,QAS,IC3,public,F,False,1,1949.504939826632,0.282900618596171,974.752469913316
HR,EST,IC2,public,F,True,1,1948.9193063939565,0.4872298265984891,974.4596531969783
HEALTH,MAK,IC2,semigov,F,False,1,1948.3172481994516,0.19034268298444013,974.1586240997258
EDU,NJR,IC4,semigov,F,True,1,1947.2942969770247,0.2097654146174837,973.6471484885124
ENG_CIVIL,JED,IC3,mnc,M,False,2,1940.9423516587813,0.17571160744978617,970.4711758293906
SALES,RUH,D1,public,M,False,1,1933.0142452085602,0.08563004042738334,966.5071226042801
CUSTOMER,EST,IC2,private,M,True,1,1929.3403042878635,0.22479357409863815,964.6701521439318
SWE,EST,IC1,public,M,True,1,1924.8012725988674,0.34204277888229623,962.4006362994337
CUSTOMER,ASR,M2,mnc,F,False,1,1919.0109624756296,0.2781215615408382,959.5054812378148
HEALTH,MAK,IC2,public,M,False,1,1915.3750478972634,0.37653608394565247,957.6875239486317
DATA,EST,IC2,pif_backed,M,False,1,1914.130315995575,0.12998710512453704,957.0651579977875
DATA,RUH,IC4,pif_backed,F,True,1,1910.3780701962678,0.08031533169327414,955.1890350981339
PM,EST,IC3,private,M,False,1,1909.8481774974534,0.14195646254262403,954.9240887487267
HR,TAB,IC3,mnc,M,False,1,1907.752369141479,0.279711450618433,953.8761845707395
OPS,EST,IC3,private,F,True,1,1906.911309457426,0.1309570410337933,953.455654728713
HEALTH,NJR,IC1,semigov,M,True,1,1903.9485317584113,0.4759871329396028,951.9742658792056
HEALTH,JAZ,IC3,pif_backed,M,True,1,1901.397843605073,0.15826741710221245,950.6989218025365
SWE,RUH,IC2,private,M,True,1,1896.7863591063233,0.16548562975432807,948.3931795531616
FIN,RUH,IC5,startup,F,True,1,1895.1214246582967,0.0798771540543297,947.5607123291484
ENG_MECH,RUH,IC3,private,M,False,3,1894.1922500976477,0.16442461717408208,947.0961250488239
CUSTOMER,JAZ,IC3,private,F,False,1,1893.336860804633,0.216012776006726,946.6684304023165
CUSTOMER,EST,IC4,pif_backed,F,False,1,1889.8669627590752,0.11497660230316628,944.9334813795376
ENG_MECH,TAB,IC3,semigov,M,True,1,1889.4522464131842,0.1575980307391225,944.7261232065921
EDU,EST,IC2,public,M,True,1,1884.7435328530173,0.27032496950047147,942.3717664265087
OPS,RUH,IC3,private,M,False,2,1883.0157476900163,0.17001115646249734,941.5078738450081
EDU,JED,IC2,pif_backed,F,True,1,1876.5548525981249,0.20502723811834145,938.2774262990624
DESIGN,JED,IC3,public,M,False,1,1876.219291417663,0.1988548414241327,938.1096457088315
ENG_CIVIL,JAZ,IC5,public,M,False,1,1870.3165407996685,0.2746886469687537,935.1582703998342
HEALTH,NJR,M4,semigov,M,False,1,1868.1677099999943,0.09253581899478835,934.0838549999971
SALES,ASR,M1,private,M,False,1,1864.6692008217324,0.10376810147047022,932.3346004108662
EDU,JED,IC3,public,M,True,1,1863.8282614285727,0.17497202549988244,931.9141307142863
PM,EST,M4,private,M,True,1,1861.8838105614122,0.04447207281840151,930.9419052807061
DESIGN,RUH,IC5,private,F,False,1,1859.3194397717525,0.07262918331291365,929.6597198858763
SUPPLY,RUH,M1,semigov,M,False,1,1858.2183280778281,0.16275932476636343,929.1091640389141
DATA,JED,IC4,semigov,M,False,1,1856.707563408363,0.09249370641890671,928.3537817041815
MARKETING,EST,IC2,public,F,False,2,1852.1381923698214,0.5569969724695345,926.0690961849107
CUSTOMER,RUH,IC3,private,M,False,2,1849.516699378985,0.3348928717461078,924.7583496894925
HEALTH,MAK,IC4,pif_backed,F,True,1,1849.1882169621513,0.1313601399821379,924.5941084810756
ENG_ELEC,ASR,IC3,semigov,M,True,1,1848.87889755576,0.2326757701274276,924.43944877788
PM,JED,IC5,pif_backed,M,True,1,1848.7966577596417,0.07762081599238743,924.3983288798208
LEGAL,EST,IC2,private,F,False,1,1848.5395794323576,0.19699096529712207,924.2697897161788
LEGAL,ASR,IC2,public,F,True,1,1848.091144485492,0.2845143088375965,924.045572242746
FIN,NJR,IC4,public,F,False,1,1848.041747034813,0.16232493124928637,924.0208735174065
HEALTH,JED,IC1,semigov,F,False,1,1847.0054034329232,0.4773919030829872,923.5027017164616
OPS,EST,IC4,public,M,False,1,1846.3696349139173,0.16545598236749298,923.1848174569586
MARKETING,RUH,IC2,private,F,True,1,1845.975628502013,0.2213670770888062,922.9878142510065
HR,JED,IC2,public,F,False,1,1843.9920317740143,0.22413170246922906,921.9960158870072
ENG_ELEC,RUH,IC5,public,M,True,1,1839.7214030020623,0.09055346899388535,919.8607015010311
CUSTOMER,RUH,IC4,semigov,F,False,1,1828.8780946909656,0.3714823304993238,914.4390473454828
OPS,JED,IC4,pif_backed,M,True,1,1826.1417818105729,0.12291829407302321,913.0708909052864
EDU,EST,M3,public,M,True,1,1825.365029692115,0.10279883726465126,912.6825148460575
MARKETING,NJR,IC1,public,M,False,1,1825.0992161419335,1.013944008967741,912.5496080709668
SALES,NJR,M2,semigov,M,False,1,1818.2084973231558,0.16811183400473173,909.1042486615779
HEALTH,RUH,IC2,public,F,True,2,1816.4281631823105,0.150980454502586,908.2140815911553
SALES,RUH,IC4,semigov,F,False,1,1811.9399510245657,0.11779658164214434,905.9699755122829
FIN,TAB,IC4,private,M,True,1,1808.2356792663613,0.1279117297216911,904.1178396331807
MARKETING,QAS,IC2,private,M,True,1,1805.7515507804146,0.4514378876951037,902.8757753902073
CUSTOMER,MAD,IC2,public,M,False,1,1802.1943874532335,0.9477103261166648,901.0971937266168
FIN,EST,IC3,private,F,True,1,1800.815659886779,0.09727613313916335,900.4078299433895
ENG_MECH,RUH,M3,mnc,M,True,1,1800.7929829517961,0.03979440177899428,900.3964914758981
SWE,RUH,IC1,pif_backed,M,False,1,1800.116929367604,0.39288936722022727,900.058464683802
SWE,RUH,IC2,private,M,False,1,1799.5896572002493,0.19283824652921835,899.7948286001247
ENG_MECH,RUH,IC3,public,M,False,1,1796.8241324799747,0.17938929114626448,898.4120662399873
FIN,JED,IC3,public,F,True,1,1785.3001525485288,0.20534239286017772,892.6500762742644
ENG_CIVIL,EST,M3,semigov,M,True,1,1782.5139671374163,0.061656304238960194,891.2569835687082
DATA,BAH,IC4,public,M,False,1,1782.1015853007266,0.14270455237612972,891.0507926503633
HEALTH,JAZ,M2,private,F,False,1,1781.1951683248244,0.1083523888338597,890.5975841624122
PM,TAB,IC5,mnc,M,False,1,1778.3948724994225,0.07715851045549521,889.1974362497112
FIN,HAI,IC3,public,F,True,1,1764.2627837229338,0.11957949962504355,882.1313918614669
CUSTOMER,RUH,IC2,pif_backed,F,False,1,1759.0863113265796,0.8285266285126248,879.5431556632898
FIN,NOR,D2,private,F,True,1,1758.4122900000075,0.10617143027929628,879.2061450000037
EDU,RUH,IC4,private,M,True,2,1758.2908440552637,0.19470401667181536,879.1454220276319
HEALTH,MAD,IC2,mnc,F,False,1,1757.936199800115,0.24849156749025927,878.9680999000575
ENG_ELEC,RUH,IC2,public,M,True,1,1757.5860670670554,0.16837728335882154,878.7930335335277
MARKETING,ASR,IC2,private,F,True,1,1756.4245082720172,0.36326314044751995,878.2122541360086
LEGAL,RUH,IC4,private,F,False,2,1755.5966853755071,0.08530834387706313,877.7983426877536
EDU,RUH,IC2,semigov,M,False,1,1754.937839685943,0.41718478010515403,877.4689198429714
EDU,NJR,IC3,public,M,True,1,1753.1415394688456,0.3351888395656941,876.5707697344228
PM,RUH,IC1,private,M,True,1,1750.2412069285583,0.2808591512047291,875.1206034642792
HEALTH,TAB,IC2,startup,M,False,1,1739.1534494954258,0.2221884525212045,869.5767247477129
CUSTOMER,JED,M1,private,F,False,1,1738.5603676431456,0.1596956626605417,869.2801838215728
SUPPLY,ASR,IC5,pif_backed,M,False,1,1737.7422338551842,0.14437283907976364,868.8711169275921
CUSTOMER,EST,IC3,public,F,False,1,1737.407166729256,0.7205600416098508,868.703583364628
HEALTH,JED,IC1,mnc,M,False,1,1736.5340341834035,0.37180902134319743,868.2670170917017
HR,ASR,IC5,mnc,F,False,1,1732.4210600690185,0.20562641586843802,866.2105300345092
HEALTH,EST,IC4,semigov,F,True,1,1728.7306425854968,0.11649693533550796,864.3653212927484
FIN,EST,IC3,pif_backed,M,False,2,1726.610176882873,0.14475456033644385,863.3050884414365
EDU,RUH,IC4,private,F,True,5,1715.6763300549599,0.13633983701163954,857.8381650274799
ENG_ELEC,BAH,IC4,semigov,M,True,1,1710.7234520340771,0.23692885196741975,855.3617260170386
HEALTH,RUH,IC3,public,M,False,1,1709.8344551780538,0.2205128329199569,854.9172275890269
FIN,MAK,IC4,public,F,True,1,1707.4972131032991,0.12425454161848438,853.7486065516496
ENG_ELEC,JED,M5,private,M,True,1,1704.6577099999959,0.08512613732379574,852.3288549999979
HEALTH,MAD,IC6,mnc,F,True,1,1696.752150625718,0.06522227055188784,848.376075312859
EDU,RUH,IC4,mnc,M,False,1,1694.0013326779717,0.13343741543414164,847.0006663389859
SUPPLY,JED,IC6,startup,F,True,1,1693.8163938540092,0.07648853355288958,846.9081969270046
HR,EST,IC5,public,F,True,1,1692.5569383669572,0.10901084844407671,846.2784691834786
SWE,RUH,IC2,startup,F,True,1,1692.4923912960303,0.21289774840543338,846.2461956480151
HR,JAZ,M2,mnc,M,False,1,1689.5433793838865,0.20931277046230815,844.7716896919433
DESIGN,RUH,IC2,public,M,False,1,1688.9047385932845,0.2056848130029953,844.4523692966422
ENG_CIVIL,ASR,IC6,public,M,True,1,1686.5322900000065,0.10139133359665156,843.2661450000032
ENG_ELEC,JED,IC3,mnc,M,False,1,1684.5144574816977,0.23398308967284287,842.2572287408489
SALES,NJR,IC4,semigov,F,True,1,1682.6864236676884,0.1418043968117719,841.3432118338442
CUSTOMER,MAK,IC2,public,M,False,1,1682.1358575647146,0.9345199208692859,841.0679287823573
FIN,TAB,IC4,private,F,False,1,1679.8007690361155,0.19030601767292887,839.9003845180578
HR,HAI,M3,private,F,False,1,1677.3177099999957,0.0838753634160658,838.6588549999979
HEALTH,BAH,M1,semigov,M,True,1,1674.8222900000073,0.10061651667708028,837.4111450000037
SWE,EST,IC6,pif_backed,M,False,1,1670.814513170175,0.04380488050427545,835.4072565850875
EDU,RUH,IC5,startup,M,True,1,1670.7680821121012,0.11986834047277449,835.3840410560506
HEALTH,RUH,IC2,private,M,False,3,1669.4712240570304,0.26797329453205654,834.7356120285152
ENG_MECH,MAD,IC5,semigov,F,True,1,1662.640588548802,0.09723527710727152,831.320294274401
OPS,ASR,M4,pif_backed,M,True,1,1662.0577099999937,0.08317574745477006,831.0288549999968
SALES,MAD,IC4,private,M,False,1,1657.8781590396648,0.19456288892431728,828.9390795198324
SUPPLY,RUH,IC4,public,M,False,1,1646.077376762014,0.16248054241490545,823.038688381007
FIN,EST,IC2,pif_backed,F,True,1,1640.2757988561207,0.13263682129919538,820.1378994280603
FIN,JAZ,IC2,private,F,False,1,1638.7226361419384,0.437131419341588,819.3613180709692
ENG_ELEC,RUH,IC3,public,M,False,3,1633.1355109622775,0.2281294178323534,816.5677554811388
SUPPLY,RUH,M1,public,M,False,1,1629.031147607484,0.17163739870610464,814.515573803742
CUSTOMER,MAK,M4,pif_backed,F,False,1,1626.4189776335734,0.0885494629129174,813.2094888167867
EDU,MAD,IC3,private,F,True,2,1623.0928423061068,0.3546031742392267,811.5464211530534
PM,RUH,IC3,private,M,False,2,1620.709833734185,0.11464818023737718,810.3549168670925
DESIGN,EST,IC5,public,M,False,1,1620.0769008361458,0.122098187970745,810.0384504180729
EDU,RUH,M1,private,F,True,3,1618.0187467904932,0.1578422293250998,809.0093733952466
LEGAL,EST,M1,private,M,False,1,1617.8455499653573,0.07270892441034567,808.9227749826787
SALES,RUH,IC2,private,M,False,1,1611.4018027078382,0.4358827339635525,805.7009013539191
ENG_CIVIL,RUH,IC3,private,M,False,3,1611.379141884411,0.16757650242294406,805.6895709422055
EDU,EST,IC1,startup,F,False,1,1609.6626329816022,0.8942570183231123,804.8313164908011
CUSTOMER,JAZ,M1,private,M,False,1,1605.4998988452226,0.31603768808135735,802.7499494226113
HEALTH,JAZ,IC2,private,F,True,1,1602.3654134532571,0.32630214419454273,801.1827067266286
OPS,RUH,IC3,private,F,True,2,1597.9860705778474,0.12122285347905187,798.9930352889237
SALES,TAB,M1,private,M,False,1,1597.641604221346,0.09604328353079401,798.820802110673
FIN,NJR,IC2,private,M,True,1,1593.8768010723734,0.39846920026809335,796.9384005361867
FIN,JED,IC3,private,M,True,1,1589.0521531218892,0.10905026806145932,794.5260765609446
ENG_MECH,MAK,IC2,pif_backed,M,False,1,1588.0415714590972,0.2327926428103108,794.0207857295486
DATA,RUH,IC5,semigov,F,True,1,1580.940517899715,0.0539593899492406,790.4702589498575
HEALTH,EST,D2,private,F,False,1,1570.258617327083,0.03445915643673502,785.1293086635415
CUSTOMER,RUH,IC5,pif_backed,F,False,1,1568.8417441420606,0.06071897685139227,784.4208720710303
ENG_CIVIL,RUH,M2,private,M,True,1,1567.4016858905452,0.11764224052089663,783.7008429452726
DATA,QAS,IC4,private,M,False,1,1563.7118471989925,0.08730231076634694,781.8559235994962
HEALTH,RUH,M3,public,F,True,1,1557.5107337292247,0.05774105691650514,778.7553668646124
HR,HAI,IC1,semigov,F,False,1,1556.9474776039315,0.6624800983771165,778.4737388019657
SALES,QAS,IC4,private,M,False,1,1545.6087857619787,0.19557414601445017,772.8043928809893
HEALTH,TAB,IC3,private,F,False,1,1541.4415365805598,0.2077042169773558,770.7207682902799
SUPPLY,JED,M1,private,M,False,1,1541.4386283533568,0.12343902304740813,770.7193141766784
HR,RUH,IC3,semigov,M,False,1,1540.9200612693621,0.13304863488726218,770.4600306346811
HR,JED,IC3,public,M,True,2,1539.5111261114548,0.17158295099698587,769.7555630557274
DESIGN,RUH,IC5,private,M,True,1,1538.6330254599634,0.06413702107563986,769.3165127299817
ENG_CIVIL,RUH,IC2,pif_backed,M,False,1,1538.2239688598947,0.25045940215348983,769.1119844299474
SALES,RUH,IC3,public,F,False,1,1537.4501601051797,0.3090873956819201,768.7250800525899
EDU,JED,IC3,private,F,True,1,1525.2215852068512,0.2206577372640175,762.6107926034256
ENG_ELEC,EST,IC4,private,M,False,2,1524.7456620373068,0.1301794169367783,762.3728310186534
SALES,EST,IC4,startup,M,False,1,1522.429277010744,0.17878184044177242,761.214638505372
HEALTH,EST,M4,mnc,M,False,1,1519.6007252093113,0.04639982379340398,759.8003626046557
OPS,JED,IC3,public,F,True,1,1514.6960183440824,0.1876660705176389,757.3480091720412
SALES,ASR,IC1,private,M,False,1,1514.2724592669786,0.8083621383401015,757.1362296334893
EDU,JED,IC2,private,F,True,3,1513.0300780254358,0.31093662592195387,756.5150390127179
SWE,RUH,IC2,private,F,True,1,1506.7233848673768,0.12822042856354643,753.3616924336884
ENG_MECH,JED,IC4,semigov,M,True,1,1505.9712183279862,0.09758996257865254,752.9856091639931
SALES,MAK,IC2,public,M,False,1,1504.9605526800533,0.2664189264505259,752.4802763400266
FIN,MAK,IC2,pif_backed,F,False,1,1504.3293731937783,0.22578916947497177,752.1646865968892
SALES,TAB,IC3,pif_backed,F,False,1,1502.8391592045027,0.12702639855602968,751.4195796022514
EDU,JED,IC2,mnc,F,True,1,1499.7085906697084,0.2607073479293569,749.8542953348542
CUSTOMER,RUH,IC4,private,M,False,2,1495.7709562885434,0.41378875434405343,747.8854781442717
OPS,ASR,IC5,mnc,M,False,1,1492.6459660560595,0.1306178531286641,746.3229830280297
EDU,MAD,M2,private,F,True,1,1491.7653323188806,0.13811401497447737,745.8826661594403
FIN,EST,IC2,public,M,True,1,1489.179707660921,0.2307031658849816,744.5898538304605
OPS,EST,IC4,public,M,True,1,1486.878675557251,0.07442762764514953,743.4393377786255
ENG_MECH,RUH,IC1,semigov,M,False,1,1480.342143362981,0.17390685955250257,740.1710716814905
CUSTOMER,JED,IC1,private,F,False,1,1474.2682069487819,0.8190378927493233,737.1341034743909
HR,JED,M2,public,F,True,2,1472.000187039911,0.10836287753191051,736.0000935199555
OPS,EST,IC2,private,F,False,1,1471.8659361055725,0.22257832326784002,735.9329680527862
PM,RUH,IC5,semigov,F,True,1,1468.1205226305065,0.06520215996092217,734.0602613152532
OPS,MAD,IC4,startup,M,False,1,1465.2864566110275,0.11626858399148013,732.6432283055137
HEALTH,RUH,IC3,startup,M,True,2,1462.4019865989794,0.13184015363713675,731.2009932994897
OPS,TAB,IC3,private,M,True,2,1460.616038059049,0.12269145968117333,730.3080190295245
CUSTOMER,RUH,IC4,pif_backed,M,False,1,1452.6992220235943,0.22433084022168945,726.3496110117972
DESIGN,JAZ,IC3,pif_backed,M,False,1,1447.4733339763625,0.14795212436347346,723.7366669881812
SWE,RUH,IC2,mnc,M,True,1,1447.358413611083,0.19281555752275154,723.6792068055415
EDU,EST,IC2,private,F,True,1,1445.7050032311517,0.21553077504508314,722.8525016155759
CUSTOMER,MAD,IC1,private,M,False,1,1445.1266731062788,0.8028481517257104,722.5633365531394
EDU,TAB,IC3,private,F,False,2,1443.459460730573,0.3146317317865591,721.7297303652865
FIN,RUH,IC3,mnc,F,False,1,1433.11789543956,0.2274858917077753,716.55894771978
OPS,JAZ,M1,mnc,M,False,1,1430.8374143873025,0.10337165823710001,715.4187071936512
HEALTH,JED,IC2,public,M,False,1,1426.3294593700466,0.15280960735824145,713.1647296850233
OPS,RUH,IC3,semigov,M,False,2,1420.005315390741,0.16538629656708356,710.0026576953705
OPS,RUH,IC2,startup,F,True,1,1417.7017512070288,0.15416118900973866,708.8508756035144
FIN,RUH,IC3,private,F,False,1,1416.773176389388,0.1356298537212172,708.386588194694
SWE,QAS,IC3,pif_backed,M,True,1,1415.1389453017036,0.09197509606402811,707.5694726508518
HEALTH,RUH,IC1,semigov,M,False,1,1412.3654073432913,0.45379242997059827,706.1827036716456
FIN,RUH,M1,mnc,F,True,1,1410.7496055773117,0.055196475467925464,705.3748027886559
OPS,JED,M2,mnc,M,False,1,1402.1579179026558,0.06876656957233952,701.0789589513279
SWE,EST,IC4,startup,M,True,1,1401.2152544282799,0.0610832904418804,700.6076272141399
EDU,MAK,IC3,private,F,True,3,1401.0735094530628,0.15666158405579791,700.5367547265314
ENG_CIVIL,JED,M2,public,M,True,1,1399.008043953716,0.10842493681348118,699.504021976858
OPS,MAK,IC3,private,M,True,1,1398.5710122309483,0.20113223895208712,699.2855061154742
OPS,MAK,IC2,semigov,M,False,1,1392.3947255665985,0.41759105239899785,696.1973627832992
CUSTOMER,JED,IC2,private,F,False,1,1390.379008933678,0.239770126394026,695.189504466839
MARKETING,JED,IC3,private,F,True,1,1388.3644797389734,0.14978659715922227,694.1822398694867
CUSTOMER,BAH,IC3,startup,M,False,1,1384.7693464095137,0.1486043189793973,692.3846732047568
DATA,TAB,IC1,mnc,M,False,1,1378.0818557663824,0.3087661192479779,689.0409278831912
LEGAL,QAS,IC3,private,M,True,1,1376.6602959518077,0.21476994225394155,688.3301479759039
SALES,RUH,M3,private,M,False,1,1375.8940773626964,0.0742778582232457,687.9470386813482
EDU,EST,IC3,semigov,F,False,1,1372.744945222793,0.183556161535739,686.3724726113965
OPS,TAB,IC2,private,F,True,1,1372.722090878814,0.17899132907806853,686.361045439407
PM,QAS,IC6,private,M,False,1,1372.3377099999925,0.06968742370292395,686.1688549999963
PM,EST,M1,public,M,False,1,1371.9100289462258,0.06357389485366274,685.9550144731129
SALES,JAZ,IC3,semigov,F,False,1,1371.9079402856132,0.1408908700580252,685.9539701428066
MARKETING,JAZ,IC3,private,F,False,1,1367.7896657349465,0.13952609587518108,683.8948328674733
LEGAL,EST,IC2,semigov,F,True,1,1362.061861725786,0.12647013571484286,681.030930862893
MARKETING,RUH,IC3,private,M,True,1,1358.9663861925637,0.13290702793293296,679.4831930962819
SUPPLY,QAS,IC3,private,F,False,1,1354.5289024996105,0.34375503503450433,677.2644512498052
ENG_MECH,EST,IC2,private,M,True,2,1344.8002976526127,0.12792045184665493,672.4001488263063
EDU,RUH,IC3,mnc,F,True,2,1340.020351244265,0.15407041131400864,670.0101756221325
ENG_MECH,RUH,IC2,public,M,False,2,1339.232089730945,0.16750713554562507,669.6160448654725
SALES,NJR,IC4,private,F,True,1,1334.7530192637714,0.09253855753626979,667.3765096318857
ENG_MECH,TAB,IC4,private,M,True,1,1333.1194968716754,0.11014994888539362,666.5597484358377
OPS,EST,IC4,private,M,False,1,1329.702760687831,0.09381400079074173,664.8513803439155
OPS,EST,IC4,semigov,M,True,1,1328.099647863477,0.06665577474565437,664.0498239317385
HEALTH,TAB,IC4,semigov,F,False,1,1327.862087829366,0.10442541480221722,663.931043914683
HEALTH,MAK,M1,public,F,False,1,1327.439167636694,0.09905087139934098,663.719583818347
MARKETING,JED,M3,startup,F,False,1,1327.122572769731,0.04642254369838876,663.5612863848655
ENG_CIVIL,JED,IC4,public,M,True,1,1323.4137786263818,0.08382764006977637,661.7068893131909
MARKETING,TAB,M2,public,F,False,1,1319.7858180149178,0.21612024425795154,659.8929090074589
OPS,RUH,IC4,pif_backed,M,False,1,1311.2764698550927,0.07812969594562537,655.6382349275464
DATA,JED,M4,private,M,False,1,1310.256063741901,0.02376177839275732,655.1280318709505
EDU,MAK,IC2,startup,F,True,1,1302.1302720314325,0.3255325680078581,651.0651360157162
OPS,JED,M3,private,M,False,1,1299.6306894568534,0.0871936913846169,649.8153447284267
ENG_ELEC,RUH,IC2,private,M,True,2,1296.7250938024786,0.1715284991698724,648.3625469012393
CUSTOMER,EST,M4,private,F,True,1,1291.449646158093,0.04180256334826156,645.7248230790465
OPS,QAS,IC3,pif_backed,F,True,1,1291.128376376595,0.08119916132163463,645.5641881882975
ENG_ELEC,RUH,M1,public,M,True,1,1288.0621774441915,0.09592331996659166,644.0310887220958
SALES,MAK,IC3,semigov,M,True,1,1286.2534722034852,0.11738416960253169,643.1267361017426
EDU,RUH,IC4,pif_backed,M,True,1,1279.8386915479077,0.08582954595463255,639.9193457739539
MARKETING,EST,IC3,startup,M,True,1,1276.7466401688853,0.13044119124193881,638.3733200844426
CUSTOMER,RUH,IC3,mnc,M,False,1,1269.528153076937,0.10474404103176879,634.7640765384685
ENG_MECH,EST,IC4,mnc,M,True,2,1268.6934664772707,0.06382054789396763,634.3467332386354
ENG_ELEC,EST,IC4,pif_backed,M,True,1,1265.3634638540607,0.06245901663223247,632.6817319270303
SUPPLY,EST,IC3,semigov,M,False,2,1261.9740490345143,0.1275870970780399,630.9870245172572
EDU,JAZ,IC2,private,F,True,1,1260.679915843728,0.31516997896093196,630.339957921864
FIN,RUH,IC3,private,M,True,2,1257.7011473768252,0.06907245148149879,628.8505736884126
OPS,QAS,IC3,mnc,M,True,1,1255.0919091288488,0.09328750136604887,627.5459545644244
ENG_MECH,HAI,M1,private,M,True,1,1253.6320576486469,0.11245464905454278,626.8160288243234
ENG_CIVIL,RUH,IC6,private,M,False,1,1252.9654821569638,0.06444937638016837,626.4827410784819
OPS,RUH,IC2,private,M,False,3,1252.7598294216743,0.15621842689498677,626.3799147108372
CUSTOMER,NJR,IC2,semigov,M,False,1,1246.223317557694,0.5091384672030975,623.111658778847
HEALTH,QAS,M2,private,M,False,1,1242.2500627089466,0.0748952950689957,621.1250313544733
SALES,EST,IC4,semigov,F,True,1,1241.142291711003,0.0706999743499027,620.5711458555015
SWE,EST,IC5,private,M,False,1,1239.9957784171402,0.08541768899018314,619.9978892085701
CUSTOMER,EST,M2,startup,M,False,1,1234.715896955513,0.16774937190991798,617.3579484777565
PM,MAK,IC4,private,M,True,1,1231.7478476041142,0.05853800153523166,615.8739238020571
DATA,MAK,IC3,public,F,True,1,1226.6970917976778,0.07117802857210617,613.3485458988389
ENG_MECH,ASR,IC3,private,M,False,1,1222.161126623534,0.13073758869338845,611.080563311767
FIN,NJR,IC5,semigov,M,False,1,1215.2913824660627,0.07444996094403579,607.6456912330314
ENG_MECH,MAK,IC4,private,M,True,1,1214.2798921215272,0.07779815916637582,607.1399460607636
CUSTOMER,EST,IC4,private,F,False,3,1212.377676493106,0.22661140760876008,606.188838246553
DATA,JED,IC3,private,F,False,1,1206.4297862182448,0.10314195486267982,603.2148931091224
CUSTOMER,RUH,IC4,pif_backed,F,False,1,1198.06407334082,0.1498295527790545,599.03203667041
DATA,ASR,IC3,mnc,F,False,1,1191.1764912999206,0.09266106255055702,595.5882456499603
ENG_CIVIL,JED,M2,public,M,False,1,1186.089847676527,0.08792213681134621,593.0449238382635
SUPPLY,RUH,IC2,private,M,False,2,1185.3478696324162,0.3416414935522321,592.6739348162081
HR,MAK,IC5,public,F,True,1,1183.4616668283034,0.08513690088968989,591.7308334141517
HR,EST,IC2,private,M,False,1,1181.7569978097654,0.3331398538646716,590.8784989048827
ENG_MECH,EST,IC6,semigov,F,False,1,1180.1256911791315,0.06279385277363,590.0628455895658
EDU,RUH,IC5,private,F,False,1,1179.8812708219994,0.07417861057164138,589.9406354109997
DATA,EST,IC3,semigov,M,True,1,1178.54920278986,0.08988921647408424,589.27460139493
MARKETING,NJR,IC3,pif_backed,F,False,1,1172.5229983710715,0.17939650491530226,586.2614991855357
DESIGN,RUH,IC1,public,F,True,1,1170.4425037819028,0.2926106259454757,585.2212518909514
HEALTH,QAS,IC4,private,F,True,1,1168.334408019493,0.12381578432753179,584.1672040097465
HR,RUH,IC5,private,F,True,1,1168.2853712223696,0.05548135755660374,584.1426856111848
MARKETING,HAI,IC4,public,F,True,1,1168.2201670796549,0.0998014741077358,584.1100835398274
EDU,RUH,IC3,private,F,True,2,1166.4179941105076,0.13079424002610582,583.2089970552538
CUSTOMER,MAD,IC3,private,F,True,1,1164.985653731268,0.1632643252169085,582.492826865634
PM,JED,IC4,semigov,F,False,1,1164.4590344677417,0.07139413428380131,582.2295172338709
OPS,ASR,IC2,private,M,False,1,1160.0133241092917,0.13774769947469945,580.0066620546459
ENG_CIVIL,RUH,IC2,mnc,M,False,1,1158.9364895231683,0.29009093422989485,579.4682447615842
CUSTOMER,RUH,IC1,private,F,True,2,1157.5632156321117,0.24132274418602156,578.7816078160558
SALES,QAS,IC2,mnc,M,True,1,1154.06186952575,0.14623427267881375,577.030934762875
CUSTOMER,EST,IC5,pif_backed,F,True,1,1148.6866573203824,0.09926191358318173,574.3433286601912
EDU,JED,M1,startup,M,True,1,1148.5129560669484,0.08581430815596197,574.2564780334742
SUPPLY,RUH,IC4,semigov,M,False,1,1147.3699193768625,0.0769714760259071,573.6849596884313
PM,HAI,IC3,private,M,True,1,1147.198146062423,0.06303664043958802,573.5990730312114
OPS,MAK,IC2,private,F,False,1,1139.7410525829941,0.2822433670326744,569.8705262914971
SALES,JED,IC3,semigov,M,True,1,1133.771696244934,0.06850563570774312,566.885848122467
HR,RUH,IC3,mnc,M,False,1,1128.9312755178726,0.0743965555077477,564.4656377589363
ENG_ELEC,TAB,IC1,private,M,True,1,1125.1421270814735,0.19300238213443507,562.5710635407368
HEALTH,QAS,IC4,private,F,False,1,1123.6667860658163,0.09428704369166178,561.8333930329081
ENG_ELEC,EST,IC1,private,F,False,1,1123.0963489950946,0.15068464382777197,561.5481744975473
CUSTOMER,JAZ,IC2,private,M,True,1,1122.499101446213,0.16928357947153513,561.2495507231065
ENG_ELEC,ASR,IC4,public,M,True,1,1121.1385239974916,0.12898421363836554,560.5692619987458
EDU,MAK,IC2,private,F,True,1,1119.346850187906,0.2798367125469765,559.673425093953
EDU,EST,IC1,public,F,False,1,1118.9726614021406,0.6216514785567447,559.4863307010703
EDU,TAB,M1,public,M,True,1,1117.5513706613547,0.09185955222777775,558.7756853306773
CUSTOMER,HAI,IC4,mnc,F,False,1,1115.628258167576,0.13748661439377605,557.814129083788
CUSTOMER,RUH,IC2,public,F,False,2,1111.0260388095614,0.5498807087821382,555.5130194047807
DATA,RUH,IC3,public,M,True,1,1102.0123092286285,0.08856996541057012,551.0061546143143
HEALTH,EST,IC5,semigov,M,False,1,1100.7639861462267,0.05446934866453328,550.3819930731133
ENG_ELEC,JED,IC4,semigov,M,False,1,1098.2864179711323,0.08861665122636152,549.1432089855662
HR,TAB,IC3,private,M,False,1,1093.170138766457,0.18604839547876725,546.5850693832285
HEALTH,EST,IC1,public,M,False,1,1092.8958258012162,0.6071643476673424,546.4479129006081
CUSTOMER,TAB,IC2,private,F,False,1,1088.4421569293713,0.4236535224972059,544.2210784646857
HEALTH,EST,IC3,public,F,False,1,1088.3544182732776,0.13663164757919075,544.1772091366388
MARKETING,RUH,M3,mnc,F,False,2,1083.706592410961,0.029209347201198096,541.8532962054805
EDU,EST,IC3,private,F,True,2,1076.0956719984174,0.14923378366840367,538.0478359992087
CUSTOMER,NOR,IC4,semigov,F,False,1,1073.3537860947654,0.06275627230722344,536.6768930473827
SUPPLY,MAK,M1,public,M,False,1,1072.7021669507994,0.1343859396724983,536.3510834753997
SALES,EST,IC3,public,F,False,1,1069.2822586960137,0.13290438862668744,534.6411293480069
FIN,EST,M1,private,F,False,1,1068.3592617858285,0.07370628002181666,534.1796308929142
OPS,RUH,IC4,public,F,False,1,1065.4090492422838,0.0992328981406595,532.7045246211419
FIN,EST,IC2,semigov,F,True,1,1058.5143663936415,0.10318312112701943,529.2571831968207
ENG_ELEC,MAD,IC1,public,M,True,1,1057.0733622125472,0.14796970292105058,528.5366811062736
EDU,EST,IC4,private,F,False,1,1056.7526448995359,0.1201072290220092,528.3763224497679
EDU,EST,IC2,pif_backed,F,True,1,1049.7069555866592,0.1270557864753914,524.8534777933296
HEALTH,RUH,M2,private,F,True,2,1039.839964112134,0.04797113502243909,519.919982056067
SALES,JED,IC5,public,M,True,1,1028.2789251876893,0.06361470617963615,514.1394625938447
OPS,EST,IC2,public,M,True,1,1026.8181085491815,0.25670452713729536,513.4090542745907
HEALTH,EST,IC4,semigov,F,False,1,1026.7467915532488,0.0697127014021513,513.3733957766244
ENG_ELEC,JED,IC4,private,F,False,1,1026.1540579508564,0.07940248601966629,513.0770289754282
ENG_ELEC,JED,IC3,pif_backed,M,True,1,1019.6750611857369,0.06327235086302674,509.83753059286846
SWE,BAH,IC3,mnc,M,False,1,1018.1185322115398,0.08004894621396368,509.0592661057699
ENG_MECH,RUH,IC4,startup,M,True,1,998.1199256776963,0.06939494087383292,499.05996283884815
ENG_ELEC,EST,M3,private,M,False,1,991.513747120247,0.04143757544523345,495.7568735601235
SUPPLY,JED,M1,public,M,False,1,991.2709418505092,0.06505021421660914,495.6354709252546
EDU,EST,M3,semigov,F,True,1,984.3976975381083,0.04643157588203731,492.19884876905417
SUPPLY,EST,IC3,private,M,False,1,980.0826862655749,0.1288616019913453,490.04134313278746
ENG_ELEC,RUH,M1,private,M,True,1,978.9570550326953,0.06434436558093846,489.47852751634764
PM,JED,IC4,mnc,M,True,1,976.4276235268626,0.044202086344950424,488.2138117634313
EDU,JAZ,IC4,mnc,M,True,1,972.9172419754977,0.11401191332195436,486.4586209877489
DATA,RUH,IC2,mnc,F,True,1,971.623249650147,0.0699957244016825,485.8116248250735
SWE,RUH,IC3,mnc,M,True,1,967.0777783566555,0.05137731549120124,483.53888917832774
OPS,JAZ,IC3,public,M,False,1,959.759489856252,0.13889810137416975,479.879744928126
HR,RUH,M2,public,M,True,1,952.0400075098005,0.054341920033391514,476.02000375490024
SALES,EST,IC3,mnc,F,False,1,948.5737247990146,0.15433875819412704,474.2868623995073
EDU,TAB,IC3,private,F,True,1,946.9797023628053,0.16117706068740942,473.4898511814026
HR,RUH,IC2,mnc,F,True,1,946.8618735959553,0.13596718413474568,473.43093679797767
SALES,EST,IC1,private,M,False,1,941.7644216189674,0.19140308386831903,470.8822108094837
EDU,JAZ,IC3,private,M,True,1,940.3662265362882,0.16942650321628028,470.1831132681441
CUSTOMER,EST,IC1,private,F,True,2,932.6781428619381,0.23316953571548454,466.33907143096906
SUPPLY,EST,IC2,public,M,False,1,926.5861941842468,0.1657788724836691,463.2930970921234
SWE,RUH,M1,public,M,True,1,922.1174664476675,0.03471629132849579,461.05873322383377
CUSTOMER,ASR,IC3,private,M,False,1,921.2048979223518,0.14542684540071132,460.6024489611759
DATA,EST,M1,semigov,F,True,1,921.0141035752094,0.041085648372690166,460.5070517876047
ENG_CIVIL,TAB,IC4,public,M,False,1,918.2519451960034,0.12733550010483624,459.1259725980017
HEALTH,JED,IC3,public,F,True,2,915.0202399381278,0.0994743279377153,457.5101199690639
PM,RUH,IC5,private,M,False,1,913.9913776416797,0.037334129215770825,456.99568882083986
HEALTH,EST,IC1,private,F,False,1,913.917373803487,0.17325579223415666,456.9586869017435
SALES,RUH,IC2,private,M,True,1,913.3444350161844,0.07707645539953539,456.6722175080922
ENG_CIVIL,QAS,IC2,private,M,False,1,910.1077618215068,0.13526322105657893,455.0538809107534
OPS,ASR,IC3,private,M,False,1,910.0108750376203,0.14418732007105026,455.00543751881014
HEALTH,JED,IC3,public,M,True,1,908.3198756704733,0.0937614709659061,454.15993783523663
SUPPLY,EST,IC3,startup,F,True,1,906.9761959515818,0.06462181324529587,453.4880979757909
SWE,RUH,IC2,public,F,True,1,905.7464074444961,0.10052701642450884,452.87320372224804
SALES,RUH,IC1,private,M,False,1,903.2003165707029,0.5017779536503905,451.6001582853514
OPS,EST,M1,private,F,False,1,900.5821017962335,0.059601964124029176,450.29105089811674
PM,RUH,IC4,pif_backed,M,True,1,899.9260436375589,0.04966616317434581,449.96302181877945
PM,RUH,IC3,public,M,False,2,896.8747150596846,0.06290471580831802,448.4373575298423
MARKETING,RUH,IC4,public,F,True,1,891.8653537120426,0.07531857759086402,445.9326768560213
OPS,RUH,IC1,private,M,False,1,886.1642604908811,0.49231347805048953,443.08213024544057
SALES,RUH,IC4,mnc,M,False,2,885.6754851798714,0.08242247312124497,442.8377425899357
DATA,RUH,IC4,private,M,False,1,885.4228270204803,0.0319911821300751,442.71141351024016
OPS,NJR,M1,public,M,False,1,884.5912621849402,0.06527799596085201,442.2956310924701
SWE,EST,M2,mnc,F,False,1,883.7006837706504,0.026331280558896424,441.8503418853252
SUPPLY,RUH,IC3,public,M,True,1,882.4113957488917,0.11001634461562622,441.20569787444583
SUPPLY,RUH,IC4,public,M,True,1,882.3879243648298,0.1218488474141053,441.1939621824149
HEALTH,JED,IC2,private,M,False,1,881.9238153638398,0.13174919111614647,440.9619076819199
FIN,TAB,IC2,mnc,M,False,1,878.669333100579,0.1679670693341067,439.3346665502895
PM,MAK,IC5,semigov,F,False,1,878.2254282649956,0.04226445794177739,439.1127141324978
OPS,JAZ,IC1,semigov,F,False,1,877.3676891532218,0.21433191380315667,438.6838445766109
LEGAL,QAS,M1,semigov,F,False,1,877.2677099999928,0.04569652442559458,438.6338549999964
EDU,RUH,IC3,private,M,True,3,874.1332018819385,0.09565010499603942,437.06660094096924
DATA,RUH,IC1,semigov,F,True,1,873.0252545509438,0.21825631363773595,436.5126272754719
HR,EST,IC4,private,F,False,1,872.648789703454,0.11387762424618089,436.324394851727
ENG_MECH,ASR,IC3,public,F,True,1,869.821709171194,0.10538209556737405,434.910854585597
DESIGN,NJR,M2,private,M,False,1,869.3122900000053,0.049814154515099913,434.65614500000265
CUSTOMER,RUH,IC5,public,F,True,1,867.8565959560001,0.04373772361738489,433.92829797800005
OPS,ASR,M2,semigov,M,True,1,863.4523696328852,0.07585575188159746,431.7261848164426
OPS,EST,IC3,semigov,M,False,1,860.9496361415513,0.10542649239152758,430.47481807077565
SWE,JED,M3,private,M,True,1,859.6119471886923,0.01980224629332009,429.80597359434614
EDU,ASR,IC4,public,M,False,1,857.5290622917864,0.10294009297207524,428.7645311458932
CUSTOMER,EST,IC4,mnc,M,False,1,856.3963562783774,0.10391822851409618,428.1981781391887
EDU,ASR,IC4,private,F,True,1,856.3083662482477,0.1348890978047849,428.15418312412385
DESIGN,RUH,IC4,public,M,False,1,854.1324905437687,0.058199904778450065,427.0662452718843
ENG_CIVIL,JAZ,D1,private,M,False,1,853.6622900000075,0.048873534072719126,426.83114500000374
FIN,ASR,IC4,private,M,True,1,845.2923923413491,0.07839367951334357,422.64619617067456
HR,EST,IC3,public,F,False,1,841.8843711362642,0.08701809141010006,420.9421855681321
CUSTOMER,JED,IC2,private,M,False,3,840.6514156261015,0.20864121884703735,420.32570781305077
SALES,EST,IC3,startup,M,True,1,838.8642071218383,0.05767213051011579,419.43210356091913
SALES,NJR,M2,pif_backed,M,False,1,831.9772724279937,0.045949220991856145,415.98863621399687
SUPPLY,RUH,IC2,mnc,M,False,1,831.9489207005226,0.16881874829050836,415.9744603502613
DATA,RUH,IC6,public,F,True,1,830.487905583228,0.024877487615241,415.243952791614
FIN,ASR,IC2,private,F,False,1,827.9671303405557,0.0993647997432441,413.98356517027787
OPS,QAS,IC2,semigov,M,False,1,826.8631935524663,0.12844995581219068,413.43159677623316
CUSTOMER,EST,IC1,pif_backed,F,True,1,821.4159954154093,0.2053539988538523,410.70799770770464
FIN,HAI,M2,startup,F,True,1,819.7704498535459,0.04474551231602376,409.88522492677293
EDU,RUH,IC2,public,F,True,1,813.8472793288174,0.1819885373401023,406.9236396644087
ENG_ELEC,ASR,IC4,semigov,M,True,1,812.4895995646784,0.056167055720829806,406.2447997823392
MARKETING,EST,IC4,mnc,M,True,1,812.0693414945035,0.05185164426516809,406.03467074725177
HEALTH,JED,IC3,semigov,F,True,2,811.2049854965662,0.07441750607294337,405.6024927482831
EDU,EST,IC2,public,F,False,1,811.0159751523188,0.1927433842676772,405.5079875761594
MARKETING,RUH,IC2,public,M,True,1,804.3919354570935,0.0845128835590213,402.19596772854675
SWE,RUH,M2,private,F,False,1,804.082005068587,0.026063629776948132,402.0410025342935
HEALTH,RUH,IC1,private,M,False,1,795.9287158567686,0.14963710051339307,397.9643579283843
CUSTOMER,EST,IC1,private,M,True,1,792.6061224090236,0.19815153060225588,396.3030612045118
ENG_ELEC,JED,IC3,private,F,True,1,789.4975786660998,0.061930267533779344,394.7487893330499
SALES,JED,IC2,startup,F,False,1,788.3683809819886,0.15870589936587337,394.1841904909943
ENG_MECH,TAB,IC3,public,M,False,1,784.6065846725542,0.06983741394320432,392.3032923362771
EDU,RUH,IC2,mnc,F,True,1,780.9473393045919,0.13876946000728402,390.47366965229594
SUPPLY,RUH,IC2,private,F,False,1,772.9767558552621,0.21794436918440738,386.48837792763106
SUPPLY,RUH,IC1,public,M,False,2,771.9420514286514,0.2772399490465278,385.9710257143257
SUPPLY,RUH,IC1,startup,M,False,1,768.690344555258,0.16625076660912042,384.345172277629
HEALTH,ASR,IC3,private,F,False,1,760.9112456787107,0.11485539448278262,380.4556228393553
OPS,TAB,IC2,semigov,M,True,1,757.8576053266352,0.1577644050199814,378.9288026633176
HR,QAS,IC3,private,F,True,1,757.3182055462203,0.08365319229236273,378.65910277311013
CUSTOMER,EST,IC2,private,F,True,2,755.8077165517125,0.1889519291379281,377.90385827585624
CUSTOMER,RUH,IC2,public,F,True,1,753.3347731194663,0.09839307520257175,376.66738655973313
HEALTH,RUH,M1,public,F,False,1,751.9708408598235,0.04968876189965279,375.98542042991176
SALES,RUH,IC4,public,F,True,1,747.9133447379027,0.036098555877815526,373.95667236895133
OPS,RUH,IC2,semigov,M,False,2,744.2452302297015,0.16231194625605944,372.12261511485076
SALES,RUH,IC3,semigov,M,True,1,742.0867691463627,0.09795529288063955,371.04338457318136
HEALTH,ASR,IC1,public,F,True,1,742.0163525285934,0.14526866328926297,371.0081762642967
SUPPLY,RUH,IC1,startup,F,False,1,739.8946259581726,0.16557601266572214,369.9473129790863
SALES,MAK,IC2,private,M,False,1,738.4609131695288,0.08635262891539904,369.2304565847644
DATA,RUH,IC3,semigov,F,True,1,721.0993332409071,0.05564999916967956,360.54966662045354
EDU,QAS,IC2,public,F,True,2,717.6708974223104,0.14823917858780797,358.8354487111552
HEALTH,TAB,IC4,mnc,M,False,1,711.7783973479945,0.059760380079156315,355.88919867399727
OPS,QAS,D2,public,F,True,1,707.012290000006,0.04014056846459635,353.506145000003
HEALTH,MAK,IC5,private,F,True,1,700.0523949133421,0.05319049928565508,350.02619745667107
SALES,EST,M4,mnc,M,True,1,698.4576695591822,0.01734084913885567,349.2288347795911
SUPPLY,MAD,IC1,semigov,M,False,1,689.5211050665089,0.29375073704533244,344.76055253325444
EDU,ASR,IC2,mnc,F,True,1,688.6061868161432,0.14115642000035736,344.3030934080716
ENG_MECH,EST,M1,public,M,True,1,687.3482406192797,0.043481120005875507,343.6741203096399
ENG_MECH,EST,IC3,private,M,True,1,685.7838945707117,0.05186464466217322,342.89194728535585
EDU,MAK,IC4,startup,F,True,1,676.6070503824121,0.06632550627148985,338.30352519120606
CUSTOMER,JED,IC4,public,M,False,1,675.7720961841278,0.07719986384755513,337.8860480920639
OPS,RUH,IC4,semigov,M,True,1,674.0159675888463,0.04103155809625667,337.0079837944231
HR,EST,M1,public,M,False,1,670.6563954566827,0.041740817634023854,335.32819772834137
SALES,ASR,IC3,private,M,False,1,668.6714645052725,0.06896321438865607,334.33573225263626
ENG_ELEC,EST,IC3,private,M,True,2,667.9820042782003,0.0537596204346113,333.99100213910015
DATA,RUH,M3,private,M,True,1,665.022922592987,0.01494296192985829,332.5114612964935
HEALTH,RUH,M1,private,F,False,1,664.7478912909919,0.046198081551495435,332.37394564549595
HEALTH,EST,IC4,startup,F,True,1,662.4154501065859,0.049260730736341955,331.20772505329296
CUSTOMER,EST,IC3,private,F,False,1,661.10557338321,0.12815128613167234,330.552786691605
OPS,JED,IC2,private,M,False,2,659.9339179531803,0.07702360901376,329.96695897659015
SUPPLY,MAK,IC1,private,M,False,1,656.8907971225735,0.36493933173476306,328.44539856128677
HR,EST,IC3,semigov,F,True,2,654.0139182812509,0.05227278603275756,327.00695914062544
HEALTH,JED,IC3,private,F,False,1,653.1554073374609,0.06635094726582935,326.57770366873046
SALES,EST,IC3,semigov,M,False,1,650.3556190126783,0.04061899598608206,325.17780950633914
SWE,RUH,IC3,public,M,True,1,645.3002270662382,0.05874183705096949,322.6501135331191
SALES,RUH,IC3,public,M,False,1,642.2560511691227,0.11949283257562958,321.1280255845613
ENG_ELEC,RUH,M2,semigov,M,False,1,636.7123615153287,0.03284934898545766,318.35618075766433
SUPPLY,ASR,IC3,private,M,False,1,631.3504743304638,0.12576276786054333,315.6752371652319
DATA,TAB,IC2,mnc,M,True,1,631.1306977542436,0.07293408144671293,315.5653488771218
EDU,RUH,IC5,private,M,False,1,629.9700560970141,0.050553105841329056,314.98502804850705
EDU,MAK,IC3,public,M,True,1,626.8241462225396,0.09915875645385683,313.4120731112698
PM,RUH,IC1,private,M,False,1,621.2869123832952,0.09418318467801425,310.6434561916476
SALES,RUH,IC5,private,M,False,2,617.6628831867692,0.04787692933401007,308.8314415933846
SALES,RUH,M2,private,F,False,1,613.5687154935731,0.039982348189564386,306.78435774678655
ENG_ELEC,RUH,IC6,pif_backed,M,False,1,611.1606097913718,0.018737377738283767,305.5803048956859
ENG_CIVIL,EST,IC3,semigov,M,False,1,610.07559641028,0.07924212306339104,305.03779820514
HR,RUH,IC2,private,F,True,1,606.7049527086929,0.1516762381771732,303.35247635434644
SWE,RUH,IC3,semigov,F,True,1,606.6765886712274,0.03743750180784554,303.3382943356137
EDU,QAS,IC3,semigov,M,True,1,605.3077433401913,0.0971628027314054,302.65387167009567
ENG_CIVIL,EST,IC5,private,M,False,1,599.9071096326334,0.04157026251754075,299.9535548163167
DATA,RUH,IC4,mnc,F,True,1,597.5820217554901,0.02538228639248032,298.79101087774507
SWE,MAK,IC4,mnc,M,True,1,593.424013494885,0.028922963606250546,296.7120067474425
EDU,RUH,IC5,private,M,True,1,579.4413381789818,0.03823019733786524,289.7206690894909
ENG_CIVIL,RUH,IC3,public,M,False,3,575.1557973855666,0.0736714598342041,287.5778986927833
FIN,MAD,IC2,public,F,True,1,572.667948610675,0.07044397423806587,286.3339743053375
ENG_CIVIL,EST,IC3,semigov,M,True,1,571.6087273378162,0.061877015068253785,285.8043636689081
SUPPLY,EST,IC4,semigov,M,True,1,566.1472176449643,0.024165131170375116,283.07360882248213
CUSTOMER,RUH,IC3,pif_backed,M,True,1,561.4128923854096,0.04857950123526247,280.7064461927048
HEALTH,EST,M1,pif_backed,F,True,1,561.1675385623021,0.028861298245299333,280.58376928115104
HEALTH,QAS,IC5,private,F,True,1,557.6105319529215,0.036455283101891216,278.80526597646076
MARKETING,ASR,IC5,mnc,M,False,2,555.0521381191556,0.05164309173390313,277.5260690595778
ENG_MECH,JED,IC3,mnc,M,True,1,554.1273490759086,0.0468367799824621,277.0636745379543
HEALTH,ASR,IC1,semigov,F,False,1,553.1476942686236,0.12021029974326276,276.5738471343118
SWE,EST,IC2,public,M,False,1,553.0567947321051,0.0638788614712696,276.52839736605256
ENG_CIVIL,RUH,IC1,private,M,False,1,553.0561754341652,0.17913040711077596,276.5280877170826
SALES,BAH,IC4,startup,F,False,1,548.6663200606454,0.08336151522472607,274.3331600303227
SWE,JED,M1,private,M,True,1,546.423021994382,0.02137468239531803,273.211510997191
EDU,HAI,M1,pif_backed,F,True,1,544.2825805985722,0.07014113479417979,272.1412902992861
MARKETING,EST,IC1,public,F,True,1,540.6974263033007,0.1351743565758252,270.3487131516504
ENG_MECH,MAD,IC4,private,M,False,1,539.8166111778719,0.03831290782884152,269.90830558893595
CUSTOMER,RUH,M4,private,M,True,1,539.1103504902385,0.020625839326236992,269.55517524511924
OPS,JED,IC4,public,M,True,1,537.0362152037414,0.03573791931519195,268.5181076018707
EDU,MAK,IC4,pif_backed,F,True,1,531.3457175632811,0.0497889999075409,265.67285878164057
CUSTOMER,RUH,IC1,pif_backed,F,True,1,529.1945834989083,0.0896908048186265,264.59729174945414
EDU,RUH,M3,private,M,True,1,522.7696236058182,0.025169335901407228,261.3848118029091
LEGAL,ASR,IC4,private,M,False,1,510.4448212395291,0.04340114914855078,255.22241061976456
MARKETING,JED,IC3,pif_backed,M,True,1,507.4037744850266,0.034610051470304166,253.7018872425133
CUSTOMER,EST,IC6,private,M,True,1,507.1028542425065,0.0483221100989408,253.55142712125325
ENG_CIVIL,RUH,M3,private,M,True,1,505.36250833600207,0.026673146758898456,252.68125416800103
ENG_CIVIL,JED,IC3,public,M,False,1,502.445883841021,0.06825319348516212,251.2229419205105
OPS,TAB,M2,semigov,M,False,1,501.7519115576579,0.03689506924611236,250.87595577882894
CUSTOMER,JED,IC2,mnc,M,True,1,500.41676723419823,0.12510419180854956,250.20838361709912
EDU,RUH,IC2,private,F,False,2,497.5635692424107,0.10254130625518687,248.78178462120536
SALES,RUH,M1,private,M,True,1,496.27076364708046,0.02074947365008968,248.13538182354023
ENG_MECH,NOR,IC3,private,M,True,1,493.18267221714086,0.05280695896578893,246.59133610857043
ENG_CIVIL,EST,IC2,startup,M,False,1,492.91558783057826,0.08484983273811997,246.45779391528913
EDU,RUH,M4,private,F,True,1,486.36820213427563,0.02063195439184253,243.18410106713782
PM,EST,M4,public,M,True,1,485.03223479539156,0.010449371416112237,242.51611739769578
HR,EST,IC4,mnc,M,False,1,481.3409297077542,0.038490738755251074,240.6704648538771
EDU,MAK,IC1,private,M,False,1,478.34134183666356,0.09900677688385635,239.17067091833178
SALES,RUH,IC1,startup,F,True,1,476.3092415461879,0.0944344139739974,238.15462077309394
OPS,MAK,IC3,private,F,True,1,473.4566599128357,0.0391947299507298,236.72832995641784
DESIGN,JAZ,IC2,semigov,M,False,1,473.3880778479397,0.05634579596070451,236.69403892396986
ENG_ELEC,JAZ,IC3,private,M,False,2,473.25575640571515,0.04937757192885486,236.62787820285757
EDU,TAB,IC4,mnc,F,True,1,468.0276173189177,0.0438910719123016,234.01380865945885
SALES,JED,IC1,private,M,False,1,463.2313471193106,0.13147618208994116,231.6156735596553
DATA,JED,IC2,private,M,True,1,462.91333961663076,0.04182931705298686,231.45666980831538
DESIGN,EST,IC2,private,F,False,1,457.43740846136825,0.05156420520079181,228.71870423068412
OPS,RUH,IC3,startup,F,False,1,454.06087248261883,0.0781008005949002,227.03043624130942
SWE,JED,IC4,private,M,True,1,450.2272158076339,0.021129858919440307,225.11360790381696
EDU,RUH,IC2,public,F,False,1,449.25461051551065,0.0892942616758151,224.62730525775532
HEALTH,NJR,IC3,pif_backed,F,True,1,448.93320878456234,0.06358142873919555,224.46660439228117
HEALTH,MAK,IC1,public,F,True,1,447.2214827346452,0.09128813428318072,223.6107413673226
HEALTH,JAZ,IC4,pif_backed,F,False,1,446.86715789526534,0.03466152752262902,223.43357894763267
SWE,RUH,IC4,public,F,True,1,436.31648900350774,0.027638442842180366,218.15824450175387
EDU,ASR,IC2,private,F,True,1,434.103071501846,0.09026231642568039,217.051535750923
CUSTOMER,RUH,IC1,public,M,False,1,426.49572976318905,0.2369420720906606,213.24786488159452
SALES,NJR,IC5,startup,M,True,1,421.7049096971823,0.024823752216109662,210.85245484859115
HR,QAS,IC3,public,F,True,1,419.6958657230598,0.06178167106906158,209.8479328615299
ENG_CIVIL,JED,M1,public,M,True,1,415.74008559366666,0.030886253086371142,207.87004279683333
HR,MAD,IC4,startup,F,False,1,413.3787416136929,0.036278413989557605,206.68937080684645
HR,NJR,IC3,mnc,F,True,1,410.0129326784954,0.04207219902174915,205.0064663392477
SALES,RUH,IC3,private,F,True,1,402.6607942174469,0.03163445908744098,201.33039710872345
OPS,MAK,IC5,private,M,True,1,399.68437143542724,0.024787380914857396,199.84218571771362
MARKETING,ASR,M1,private,F,True,1,394.54787488630063,0.02568881789041944,197.27393744315032
DESIGN,RUH,IC1,private,M,False,1,392.22225858332604,0.11125673220569868,196.11112929166302
EDU,RUH,IC2,pif_backed,M,True,1,389.42318878863443,0.050676714927091096,194.71159439431722
SALES,HAI,IC4,semigov,F,False,1,384.04207137091726,0.018530082337454564,192.02103568545863
CUSTOMER,RUH,IC1,private,M,False,1,383.08500485202876,0.08889087524208195,191.54250242601438
SALES,EST,IC6,private,F,True,1,376.72559291091966,0.014294745943460082,188.36279645545983
EDU,RUH,IC2,public,M,True,1,371.94362382683903,0.05575329681241254,185.97181191341951
FIN,BAH,IC4,mnc,M,True,1,371.88568843615394,0.027600448900181384,185.94284421807697
SALES,TAB,IC3,mnc,M,True,1,369.80918946594466,0.05169560870359423,184.90459473297233
SALES,RUH,IC4,pif_backed,F,False,1,362.4240661690219,0.024555574041184896,181.21203308451095
SWE,MAD,IC3,private,M,True,1,359.6578205623355,0.024621820117252183,179.82891028116774
EDU,RUH,IC2,semigov,F,False,1,359.33602503054044,0.059734823428488376,179.66801251527022
FIN,QAS,IC4,private,F,False,1,358.00058128967066,0.04120523757884755,179.00029064483533
EDU,NJR,M2,private,F,False,1,356.4377228607427,0.034706657818321766,178.21886143037136
FIN,RUH,IC1,public,F,True,1,354.8487733136435,0.08871219332841088,177.42438665682175
SUPPLY,RUH,IC3,private,M,False,1,352.47512403065775,0.0398711278760885,176.23756201532888
ENG_MECH,JED,IC3,private,M,True,1,351.0638022053481,0.034189852835571646,175.53190110267406
OPS,JED,IC2,mnc,M,False,1,340.762077609108,0.03746952267324524,170.381038804554
OPS,EST,IC1,private,M,False,2,339.5589869198823,0.11065107716803606,169.77949345994114
HEALTH,JED,IC3,public,M,False,1,333.77436137879704,0.037773005207914274,166.88718068939852
SWE,RUH,D2,private,F,True,1,332.2412661655835,0.004902199344018813,166.12063308279176
ENG_MECH,RUH,IC1,private,M,False,1,327.5322646228651,0.08987127437888333,163.76613231143256
ENG_CIVIL,RUH,IC4,semigov,M,False,1,326.98057779534247,0.02715873502508324,163.49028889767123
ENG_CIVIL,ASR,M1,public,M,True,1,324.21272733846126,0.032580100724879914,162.10636366923063
ENG_MECH,RUH,M3,semigov,M,False,1,319.316165950273,0.014895138308340947,159.6580829751365
ENG_CIVIL,ASR,IC3,public,F,True,1,318.66605589508526,0.04066142863460089,159.33302794754263
FIN,JAZ,IC3,semigov,F,True,1,316.3640145237623,0.03392010654567001,158.18200726188115
FIN,RUH,IC5,private,F,True,1,316.2819998005725,0.012900097064197135,158.14099990028626
ENG_ELEC,JED,IC4,mnc,M,False,1,310.56012064691095,0.01602137630496891,155.28006032345547
ENG_CIVIL,NJR,IC3,private,M,True,1,308.0691519140337,0.06101611650551868,154.03457595701684
FIN,RUH,IC1,private,F,False,1,307.14528912566493,0.0483729934114177,153.57264456283247
ENG_CIVIL,JAZ,IC2,private,M,False,1,304.6615438498802,0.06490612113004171,152.3307719249401
HEALTH,NJR,IC3,private,F,False,1,303.62365406121535,0.045602626311568945,151.81182703060767
SUPPLY,TAB,IC3,public,M,True,1,299.1835845932492,0.04143409506727859,149.5917922966246
EDU,JED,IC6,private,F,True,1,293.5121771635204,0.018470340265780656,146.7560885817602
FIN,RUH,IC3,public,F,False,1,291.0861237169629,0.02245305527424833,145.54306185848145
HEALTH,JED,IC3,mnc,M,False,1,288.58459300163486,0.026095116896417365,144.29229650081743
DESIGN,JED,IC4,private,F,True,2,287.85748227071235,0.015049805047528807,143.92874113535618
DATA,EST,IC3,private,F,True,1,285.74556907690567,0.01644592066220422,142.87278453845283
MARKETING,QAS,IC4,private,M,False,1,282.3825332057495,0.023201602949164436,141.19126660287475
SALES,EST,IC1,private,F,True,1,281.1693466900915,0.045832466141908924,140.58467334504576
ENG_ELEC,JED,IC4,pif_backed,M,True,1,280.37032584381814,0.0154882933808611,140.18516292190907
SUPPLY,TAB,IC2,private,F,False,1,273.4056625470994,0.055516996407328614,136.7028312735497
HEALTH,JAZ,M2,semigov,F,False,1,272.2005933066739,0.02057931891120927,136.10029665333695
OPS,ASR,IC1,semigov,F,True,1,269.3365617468007,0.06733414043670018,134.66828087340036
CUSTOMER,MAD,IC3,pif_backed,F,True,1,263.0774492621704,0.04539300830157109,131.5387246310852
ENG_ELEC,MAK,IC2,private,M,True,1,261.74099790126456,0.04282390595289365,130.87049895063228
HEALTH,EST,IC2,mnc,F,False,1,258.96594530237417,0.03166458337285293,129.48297265118708
HR,RUH,M1,public,F,True,1,253.2851073662805,0.02119107959264221,126.64255368314025
CUSTOMER,EST,IC1,mnc,F,False,1,251.8258445590468,0.09757968495576692,125.9129222795234
CUSTOMER,ASR,IC3,private,M,True,1,249.08795371434007,0.034450283763787705,124.54397685717004
HR,RUH,IC3,pif_backed,F,False,1,248.6498046770921,0.015241638526595016,124.32490233854605
FIN,RUH,IC3,private,M,False,1,247.34933323996756,0.03106470962110215,123.67466661998378
ENG_MECH,ASR,IC4,private,F,False,1,246.45839823082497,0.01805258460919079,123.22919911541248
SALES,MAD,IC3,public,M,True,2,243.36547360817804,0.020568281616761223,121.68273680408902
ENG_CIVIL,RUH,M3,private,M,False,1,242.9196658925539,0.011705454372062316,121.45983294627695
HEALTH,JED,IC3,pif_backed,M,False,1,240.38907913297953,0.02025260280794197,120.19453956648977
SALES,ASR,IC1,mnc,M,False,1,235.21240199982958,0.074396399935422,117.60620099991479
FIN,BAH,M4,private,F,True,1,234.36229000000458,0.01295817275846727,117.18114500000229
HEALTH,RUH,IC3,public,F,False,1,232.77707467555774,0.02253017866948106,116.38853733777887
HR,RUH,IC4,public,M,True,1,228.81586081194655,0.0174256897491763,114.40793040597327
CUSTOMER,EST,IC4,public,F,False,1,228.0799667343199,0.04200437332005869,114.03998336715995
SUPPLY,MAK,IC4,private,M,False,1,227.63770745452166,0.021367089568704246,113.81885372726083
HR,RUH,IC3,private,M,False,1,227.0838690748751,0.021412381127372183,113.54193453743756
MARKETING,RUH,IC2,public,F,True,1,218.27883146113072,0.05456970786528268,109.13941573056536
FIN,MAD,IC4,semigov,M,True,1,208.68354287165494,0.014728977640231344,104.34177143582747
EDU,JED,M3,semigov,F,False,1,206.36974586409997,0.00967217786031215,103.18487293204998
FIN,EST,M1,mnc,F,False,1,203.55800545938837,0.014254382968757721,101.77900272969418
ENG_MECH,JED,IC2,mnc,M,False,1,200.62662078262565,0.024634899408475644,100.31331039131283
ENG_CIVIL,ASR,M1,private,M,False,1,200.05916621609504,0.01959857974028737,100.02958310804752
MARKETING,ASR,IC3,semigov,F,False,1,198.52955559389102,0.02852440241924069,99.26477779694551
ENG_CIVIL,RUH,IC4,public,M,True,1,193.38659632478266,0.012410960672675938,96.69329816239133
HEALTH,QAS,IC1,private,F,False,1,191.013851485357,0.048528955581532134,95.5069257426785
DATA,JED,IC3,public,M,False,1,187.18508205602302,0.015554956672504922,93.59254102801151
SALES,EST,IC4,mnc,F,True,1,186.33611634354384,0.01674463285711085,93.16805817177192
SUPPLY,JED,IC3,semigov,M,True,1,185.352975208727,0.02060235211046807,92.6764876043635
EDU,RUH,IC4,startup,M,True,1,185.35197292585508,0.015805291533609024,92.67598646292754
HEALTH,EST,IC2,private,M,False,1,180.28012481618225,0.022722161000563675,90.14006240809113
OPS,EST,M1,pif_backed,M,True,1,177.0948833534676,0.009300234710543104,88.5474416767338
EDU,EST,IC4,pif_backed,F,True,1,173.80580526442645,0.013048836549968803,86.90290263221323
CUSTOMER,RUH,IC2,semigov,M,True,1,167.03910090530098,0.022726408286435507,83.51955045265049
MARKETING,JED,IC3,pif_backed,F,False,1,165.98301158066897,0.018122810063411102,82.99150579033449
HR,NJR,IC4,private,F,True,1,163.52397831158305,0.018307983384339963,81.76198915579153
OPS,RUH,IC1,public,F,True,1,162.20195684177907,0.03407661406951778,81.10097842088953
FIN,MAK,IC5,public,F,False,1,161.5218320889071,0.01069382854772988,80.76091604445355
DESIGN,EST,IC1,private,M,True,1,158.2239373635366,0.03955598434088415,79.1119686817683
PM,EST,IC5,public,M,True,1,152.9374739720879,0.008717753865714955,76.46873698604395
CUSTOMER,RUH,IC2,public,M,True,1,152.3477422643191,0.038086935566079776,76.17387113215955
DATA,EST,IC2,private,M,True,1,149.85345182012497,0.014849178217755677,74.92672591006249
PM,HAI,M3,pif_backed,M,True,1,147.6359819131576,0.004867403234094298,73.8179909565788
DATA,EST,IC1,public,M,True,1,146.21772056550435,0.03655443014137609,73.10886028275218
FIN,RUH,IC5,startup,F,False,1,144.29224840788083,0.007388186786666593,72.14612420394042
CUSTOMER,RUH,IC4,public,M,False,1,141.17586640495756,0.02699295738225991,70.58793320247878
EDU,RUH,IC4,startup,M,False,1,140.24356423906102,0.013962419132633738,70.12178211953051
ENG_MECH,EST,IC1,private,F,True,1,139.03933479574516,0.03475983369893629,69.51966739787258
SWE,RUH,IC6,semigov,M,True,1,138.21798128852242,0.0037563092428657733,69.10899064426121
SUPPLY,RUH,IC2,public,M,True,1,134.93284383030823,0.03373321095757706,67.46642191515411
EDU,ASR,IC4,mnc,F,True,1,131.11585496432235,0.01406202361022364,65.55792748216118
SWE,TAB,IC1,public,F,False,1,130.03647368211568,0.030099711744649125,65.01823684105784
FIN,EST,IC5,private,F,False,1,129.3162429057047,0.004128036795427511,64.65812145285236
FIN,RUH,IC4,public,F,False,1,124.2017968377113,0.014796144580509315,62.10089841885565
HR,RUH,IC4,private,F,False,1,122.58722205668346,0.00924500706695964,61.29361102834173
HR,RUH,IC1,private,M,True,1,118.86705816475751,0.029716764541189378,59.433529082378755
SUPPLY,RUH,IC5,public,F,False,1,117.96757083227749,0.010981900096097327,58.983785416138744
FIN,JAZ,M2,public,M,True,1,105.59359974242034,0.005524766935531602,52.79679987121017
CUSTOMER,JAZ,IC5,public,M,False,1,103.44749530509489,0.015352507039038147,51.723747652547445
SWE,MAK,IC3,pif_backed,M,False,1,100.53170518441402,0.006203099163642547,50.26585259220701
EDU,NJR,IC4,private,M,False,1,99.82309209465984,0.013550437517430932,49.91154604732992
FIN,EST,IC2,public,F,True,1,99.7007057206074,0.015209407145564957,49.8503528603037
ENG_MECH,JAZ,M2,mnc,M,True,1,97.12791620263306,0.006343557144680556,48.56395810131653
FIN,RUH,M2,private,M,True,1,96.90803596292244,0.003760633812664657,48.45401798146122
OPS,RUH,IC5,public,M,False,1,94.9392654206058,0.005897922132450552,47.4696327103029
ENG_ELEC,RUH,M1,semigov,M,True,1,94.90585152509448,0.004709212941304916,47.45292576254724
ENG_CIVIL,EST,IC2,public,M,True,1,91.25137565275145,0.01452783661130805,45.625687826375724
ENG_CIVIL,MAD,IC3,public,F,True,1,83.57006487769286,0.012722931231627026,41.78503243884643
HEALTH,ASR,IC4,private,F,True,1,80.56997626142766,0.007212745737561224,40.28498813071383
ENG_CIVIL,RUH,IC2,semigov,M,True,1,73.43809417166722,0.01253819590955793,36.71904708583361
EDU,TAB,IC4,pif_backed,M,True,1,67.13437127558063,0.005975887158561273,33.56718563779032
CUSTOMER,RUH,IC3,mnc,F,True,1,65.77121392706249,0.006313670849182414,32.885606963531245
ENG_ELEC,MAD,IC1,private,M,False,1,65.759194173791,0.01144083854819808,32.8795970868955
OPS,JED,M1,private,F,False,1,61.60139788582637,0.006177795929348716,30.800698942913186
CUSTOMER,NJR,IC4,private,M,True,1,61.46550362813923,0.009998227552058876,30.732751814069616
FIN,EST,IC1,mnc,M,True,1,56.27922482527629,0.014069806206319072,28.139612412638144
CUSTOMER,RUH,IC5,public,M,False,1,55.253502224713884,0.006232523501577928,27.626751112356942
ENG_MECH,QAS,IC4,semigov,M,True,1,54.80159022191219,0.00347534197336064,27.400795110956096
OPS,RUH,IC1,private,M,True,1,53.36530653858472,0.01334132663464618,26.68265326929236
DATA,EST,IC5,public,F,True,1,47.56642692006062,0.0015961454376596013,23.78321346003031
SALES,NJR,M4,public,M,False,1,41.51229000000603,0.002271048437790111,20.756145000003016
HR,MAD,IC3,semigov,F,False,1,35.48849172039263,0.003553379731196539,17.744245860196315
HEALTH,RUH,M1,mnc,F,False,1,33.273327426231845,0.001854082497931673,16.636663713115922
ENG_ELEC,EST,IC2,private,M,False,1,32.12729448294522,0.0039273404645415785,16.06364724147261
PM,EST,IC3,public,M,False,1,28.46277434239346,0.0020645050960157673,14.23138717119673
OPS,ASR,IC1,private,F,True,1,23.78106056589013,0.005945265141472532,11.890530282945065
SWE,BAH,IC5,public,M,True,1,23.343730482958563,0.0016573668608679383,11.671865241479281
CUSTOMER,RUH,IC1,pif_backed,M,True,1,21.757598069508276,0.005439399517377069,10.878799034754138
HEALTH,HAI,IC2,private,F,False,1,20.204359552651113,0.003731831481854858,10.102179776325556
EDU,JED,IC1,public,F,True,1,18.41314850113622,0.004603287125284055,9.20657425056811
CUSTOMER,RUH,IC2,private,M,True,1,10.933674390080796,0.002733418597520199,5.466837195040398
CUSTOMER,RUH,IC3,private,F,False,1,6.93118780990153,0.0010455936173755316,3.465593904950765
SALES,NJR,M1,public,M,False,1,6.418930507790719,0.0007819162708062413,3.2094652538953596
SWE,RUH,IC1,private,M,True,1,5.6314806424334165,0.0008113823938036216,2.8157403212167083
OPS,MAD,IC3,private,F,True,1,4.456038240352427,0.0006737791245713204,2.2280191201762136
