family,region,level,ownership,gender,is_saudi,n,mae,mape,pinball_p50
FIN,EST,CXO,private,M,True,1,263912.51771,0.9350875830085602,131956.258855
OPS,EST,SVP,semigov,M,True,1,233130.92771,0.9271412848250764,116565.463855
PM,TAB,SVP,private,M,True,1,129881.66771,0.8763821597252778,64940.833855
DATA,RUH,D2,semigov,M,False,1,120723.35666666662,0.6524460760186992,60361.67833333331
ENG_MECH,EST,D2,semigov,M,True,1,119682.42999999988,2.3377374021014186,59841.21499999994
ENG_MECH,RUH,D3,public,M,True,1,116998.20999999999,1.433979434704402,58499.104999999996
SWE,MAK,M5,semigov,M,True,1,94824.80771,0.8380804715320301,47412.403855
SALES,JED,IC5,private,M,True,1,93265.79512303995,0.780107467831474,46632.897561519974
FIN,RUH,D1,mnc,M,True,1,92934.11767850294,0.6490885133570459,46467.05883925147
SALES,JED,M5,pif_backed,M,True,1,92809.22770999999,0.8351437056627101,46404.613854999996
LEGAL,MAD,VP,pif_backed,M,True,1,92616.68771,0.8348575847162415,46308.343855
SUPPLY,MAK,M4,pif_backed,F,True,1,91945.10771,0.8338517731697295,45972.553855
ENG_MECH,RUH,CXO,public,M,False,1,85542.61000000003,0.8256430099589549,42771.305000000015
SALES,RUH,SVP,public,F,True,1,84650.31499999996,2.56446865406946,42325.15749999998
PM,RUH,D2,private,F,True,1,84134.71999999994,0.6143112696027532,42067.35999999997
FIN,MAK,D3,private,M,True,1,76726.21771,0.8072480806265219,38363.108855
ENG_CIVIL,RUH,D3,private,M,False,1,75069.75999999995,0.5525243939158969,37534.879999999976
SWE,JED,D1,pif_backed,M,True,1,73090.68400000001,0.5807286650357579,36545.342000000004
SWE,JAZ,D3,pif_backed,M,False,1,72192.45771,0.7975932012107007,36096.228855
DATA,RUH,M1,private,M,True,1,68882.09893938225,0.6856579805636842,34441.04946969113
HEALTH,EST,SVP,private,M,True,1,67984.39771,0.7877242280326869,33992.198855
HEALTH,TAB,VP,semigov,M,False,1,67568.85999999999,0.7226897389374302,33784.42999999999
HEALTH,EST,SVP,mnc,F,True,1,67540.44771,0.7866266404009183,33770.223855
MARKETING,RUH,D2,private,F,True,1,65193.2375,0.6550962277415004,32596.61875
DATA,RUH,D3,private,M,False,2,65069.54999999996,0.4911331309784124,32534.77499999998
PM,HAI,M3,private,M,True,1,62669.20499999999,0.67979911231233,31334.602499999994
EDU,JED,D2,private,M,True,1,57187.10771,0.7573695988996064,28593.553855
DATA,EST,M1,mnc,M,True,1,56165.48767486222,0.7119878324200963,28082.74383743111
PM,RUH,M4,semigov,M,True,1,52707.95499999997,0.5635937160337671,26353.977499999986
ENG_ELEC,MAD,VP,private,M,False,1,51274.79771,0.7367574627970139,25637.398855
EDU,JED,VP,private,M,True,1,50882.387709999995,0.7352647632372153,25441.193854999998
EDU,JED,VP,private,F,True,1,50836.81771,0.7350903204060775,25418.408855
MARKETING,NJR,M4,private,F,True,1,50427.06771,0.7335114010707882,25213.533855
ENG_MECH,JED,D1,private,M,True,1,50140.73000000001,0.6237996634466932,25070.365000000005
LEGAL,RUH,IC5,mnc,F,True,1,49736.24019828926,0.7163387884474547,24868.12009914463
HEALTH,RUH,SVP,private,F,True,1,49223.80000000005,0.7662699141632245,24611.900000000023
PM,RUH,VP,public,F,False,1,48679.58770999999,0.7265609021550892,24339.793854999996
SWE,ASR,M4,semigov,M,True,1,48384.58500000002,0.6195036425359705,24192.29250000001
DATA,HAI,M5,private,F,True,1,47453.57771,0.721464069541156,23726.788855
OPS,RUH,M5,mnc,M,False,1,46238.79999999999,0.6314568445266195,23119.399999999994
ENG_MECH,RUH,D2,private,F,False,1,45841.63333333332,2.190443971181843,22920.81666666666
SWE,RUH,D1,mnc,M,True,2,45341.91969570433,0.4045167784824942,22670.959847852166
FIN,MAK,VP,semigov,M,True,1,45146.859999999986,1.0637974106100612,22573.429999999993
SWE,RUH,M3,semigov,M,False,1,45042.24183289035,0.5670114198887025,22521.120916445176
DATA,RUH,M2,public,M,False,1,44119.34860005824,0.5734545204995243,22059.67430002912
SALES,RUH,M3,private,M,True,1,43934.55038484019,0.5443328269052239,21967.275192420097
MARKETING,JED,D3,semigov,M,False,1,43512.78000000004,0.41362736675081946,21756.39000000002
ENG_CIVIL,RUH,CXO,public,M,False,1,43321.97770999999,0.7027951168351653,21660.988854999996
SWE,RUH,IC6,public,M,True,1,43315.06077435641,0.5242901065555527,21657.530387178205
FIN,RUH,M2,pif_backed,F,True,1,42994.64947214913,0.5736567452903142,21497.324736074566
ENG_CIVIL,RUH,M2,pif_backed,M,True,1,42512.65421523221,0.6790398425868318,21256.327107616104
SALES,RUH,IC4,semigov,M,False,1,41504.18732201317,0.7126856113506685,20752.093661006584
MARKETING,EST,VP,mnc,M,False,1,41081.149999999965,0.4820228576631506,20540.574999999983
ENG_MECH,RUH,IC4,semigov,M,True,2,40911.70922303473,0.464778701065121,20455.854611517367
FIN,EST,M2,semigov,M,True,1,40021.844243513915,0.5818397069639298,20010.922121756957
FIN,MAD,IC6,mnc,M,True,1,39983.59770999999,0.6857777166994659,19991.798854999994
MARKETING,RUH,D3,public,M,False,1,39203.31999999992,0.8355027926233891,19601.65999999996
SWE,QAS,M1,semigov,M,True,1,39114.16794230728,0.6653630944389547,19557.08397115364
DATA,HAI,IC6,private,M,True,1,38736.60771,0.6789103412848513,19368.303855
DESIGN,TAB,M4,public,F,True,1,38418.920000000035,2.273861868182146,19209.460000000017
SWE,RUH,IC5,mnc,M,False,2,38058.60508278056,0.5021590432793299,19029.30254139028
MARKETING,JAZ,M3,private,M,False,1,37913.08000000003,2.9881971466651347,18956.540000000015
PM,EST,IC6,mnc,F,False,1,37020.11261124948,0.5429204693043274,18510.05630562474
LEGAL,RUH,D2,startup,F,True,1,36278.57771,0.6644549847066795,18139.288855
FIN,EST,M1,semigov,M,True,1,36122.944159481965,0.6098419344845097,18061.472079740983
OPS,JED,M4,public,F,True,1,35957.583999999966,3.332599667273727,17978.791999999983
FIN,JED,D2,private,F,True,1,35735.82000000002,1.1962962033071056,17867.91000000001
ENG_MECH,JED,IC5,private,M,True,1,35342.98517000266,0.5920121817910602,17671.49258500133
MARKETING,NJR,M3,private,F,False,1,35179.01771,0.657558615753735,17589.508855
SWE,QAS,M3,private,M,False,1,34310.58500000004,1.5643076312837974,17155.29250000002
ENG_MECH,MAK,IC6,public,M,True,1,34165.03770999999,0.6509429032345337,17082.518854999995
MARKETING,NJR,D3,pif_backed,M,False,1,34067.39770999999,0.650292333408796,17033.698854999995
ENG_CIVIL,MAK,D1,private,M,False,1,34025.32771,0.6500112752229168,17012.663855
DATA,JAZ,M2,private,M,True,1,33807.905,0.7444522101867896,16903.9525
OPS,RUH,IC5,private,F,True,1,33647.65598399588,0.5224739378986898,16823.82799199794
SALES,QAS,IC6,pif_backed,F,True,1,33485.23500000001,0.7155842404602617,16742.617500000004
FIN,JED,D1,semigov,M,False,1,32977.63,1.2190923282972845,16488.815
FIN,JED,M3,pif_backed,M,True,1,32956.99828951357,0.5132205778697626,16478.499144756785
MARKETING,RUH,IC5,private,M,True,1,32926.72251417734,0.5536733656800222,16463.36125708867
SWE,RUH,IC4,mnc,M,False,1,32770.387517266616,0.5813999547458426,16385.193758633308
HEALTH,RUH,D2,pif_backed,F,True,1,32711.909184337055,0.4558391903277023,16355.954592168528
CUSTOMER,JED,IC6,pif_backed,M,True,1,32610.749999999996,0.8063375536711498,16305.374999999998
ENG_ELEC,RUH,IC5,semigov,M,True,1,32363.2774624513,0.537029057572136,16181.63873122565
FIN,RUH,IC6,mnc,M,True,1,32240.53698780146,0.5056072539600897,16120.26849390073
ENG_ELEC,RUH,M1,mnc,M,True,1,32199.142257813255,0.6573555608007469,16099.571128906628
PM,JED,M1,semigov,M,True,1,32182.07181877616,0.5732593990101698,16091.03590938808
SWE,RUH,M4,private,F,True,1,32141.33082194399,1.220698869473955,16070.665410971995
ENG_ELEC,EST,M3,pif_backed,M,True,1,31920.711561529133,0.4902103935728758,15960.355780764567
SALES,JED,M5,private,M,True,1,31917.827709999994,0.6353292105119106,15958.913854999997
ENG_CIVIL,RUH,VP,startup,M,True,1,31730.15999999998,0.42069005018026046,15865.07999999999
SUPPLY,MAK,D2,private,M,True,1,31654.997709999992,0.6334113392143577,15827.498854999996
ENG_MECH,RUH,M3,private,M,True,1,31619.434429071513,0.5159451343899821,15809.717214535756
SALES,RUH,M4,semigov,F,False,1,31485.54238525368,1.8327636963185094,15742.77119262684
ENG_ELEC,EST,M5,private,M,True,1,31426.140000000018,1.0962800737873513,15713.070000000009
EDU,EST,VP,pif_backed,M,True,1,31364.850000000006,0.5075365451523597,15682.425000000003
OPS,RUH,VP,private,M,False,1,31330.315000000042,1.1020788029426947,15665.157500000021
HEALTH,MAD,IC4,semigov,F,False,1,31248.229355468087,0.7035282953830865,15624.114677734044
DESIGN,RUH,IC3,mnc,F,True,1,31215.948538214565,0.6465099060826535,15607.974269107282
ENG_CIVIL,RUH,D2,private,M,True,1,31142.902000000016,0.49556376502982524,15571.451000000008
SWE,MAK,IC4,semigov,M,False,1,30913.401342511843,0.5622382831869027,15456.700671255921
HR,EST,VP,public,F,True,1,30708.929999999957,0.5215876178835877,15354.464999999978
ENG_ELEC,EST,M2,pif_backed,M,True,1,30416.710793727783,0.5823967123717115,15208.355396863892
HEALTH,EST,D1,private,F,True,2,30405.81,0.5757048503375635,15202.905
FIN,RUH,VP,mnc,F,True,1,30289.591999999975,0.3143203651519968,15144.795999999988
SWE,EST,M4,private,M,False,1,30287.494142495132,0.44176857029142996,15143.747071247566
ENG_ELEC,MAK,M4,semigov,M,False,1,30228.32,0.6937010145396155,15114.16
DATA,JED,D1,semigov,M,True,1,30214.797709999995,0.6225334449910805,15107.398854999998
FIN,RUH,M3,private,M,True,1,30180.758102768417,1.9461211454336567,15090.379051384209
HEALTH,RUH,D2,semigov,F,False,1,30052.029832725493,0.4373784076677298,15026.014916362747
ENG_ELEC,JAZ,IC4,pif_backed,M,False,1,30010.446000000007,0.752314969867739,15005.223000000004
DATA,JAZ,M3,private,M,False,1,29937.439999999977,2.0869468229198964,14968.719999999988
EDU,RUH,SVP,private,F,True,1,29867.577709999994,0.6198135990288037,14933.788854999997
DATA,RUH,IC3,public,M,False,1,29815.64255795652,0.7099052097075634,14907.82127897826
PM,ASR,D2,private,F,False,1,29717.337709999996,0.6186245509782303,14858.668854999998
FIN,EST,IC6,public,M,False,1,28988.290674255935,0.5105306128482003,14494.145337127968
SWE,RUH,M3,pif_backed,F,True,1,28971.75187796304,0.3753342679800159,14485.87593898152
MARKETING,QAS,M4,semigov,F,True,1,28253.080000000038,1.6383925438939875,14126.540000000019
DESIGN,MAK,M1,startup,M,True,1,27753.41000000001,2.3822587733604355,13876.705000000005
SWE,RUH,M5,private,F,False,1,27705.24999999996,1.0583535063636234,13852.62499999998
MARKETING,RUH,IC5,private,M,False,1,27621.906609709866,0.5555932350574415,13810.953304854933
FIN,MAK,IC4,pif_backed,F,True,1,27603.31509162639,0.6208669250968221,13801.657545813196
OPS,EST,M3,pif_backed,M,True,1,27520.80690309024,0.5506984260750108,13760.40345154512
PM,EST,IC5,public,F,True,1,27497.243707508766,0.5749689006309979,13748.621853754383
SWE,EST,D1,public,F,False,1,27390.61000000003,0.38151595659478654,13695.305000000015
DESIGN,MAK,M1,private,M,True,1,27372.41000000001,2.2751491142910347,13686.205000000005
ENG_ELEC,MAK,M4,private,F,True,1,27297.25,0.67161224829226,13648.625
CUSTOMER,JED,D1,mnc,M,True,1,27278.88,0.4975322082345326,13639.44
FIN,JED,IC4,private,F,False,1,27114.21934626175,0.6479109818102208,13557.109673130875
PM,RUH,M4,private,M,True,1,26907.79499999997,0.3973329259758744,13453.897499999985
SALES,TAB,IC5,semigov,F,True,2,26836.972908080257,0.5062181614745889,13418.486454040129
CUSTOMER,MAK,IC6,private,M,True,1,26789.339999999997,0.7476262491093986,13394.669999999998
HEALTH,RUH,M4,public,F,False,1,26761.661985928586,0.4401679637480801,13380.830992964293
SWE,RUH,IC4,semigov,M,True,1,26696.572330575895,0.47399093248252394,13348.286165287947
MARKETING,RUH,VP,public,F,True,1,26618.350000000046,1.2996733526034163,13309.175000000023
CUSTOMER,RUH,D2,public,M,False,1,26564.05999999997,1.7077516603996512,13282.029999999984
SALES,EST,IC4,mnc,M,False,1,26562.185698432022,0.5117483533969708,13281.092849216011
CUSTOMER,RUH,M3,private,M,True,1,26153.877917866033,0.5325314832735799,13076.938958933017
HEALTH,JED,VP,mnc,F,True,1,26050.460000000006,0.4372525181859428,13025.230000000003
MARKETING,RUH,IC6,private,M,True,1,26041.015646498385,0.5827601399218403,13020.507823249192
ENG_MECH,RUH,IC6,private,M,True,1,25836.468798558617,1.3455611141434791,12918.234399279308
SWE,RUH,M3,private,M,True,2,25772.859055017416,0.3416563991970073,12886.429527508708
CUSTOMER,TAB,M4,private,M,True,1,25754.700000000004,0.7382893560396386,12877.350000000002
DATA,RUH,VP,mnc,M,False,1,25752.877500000017,0.25033930551873806,12876.438750000008
LEGAL,RUH,M4,public,M,True,1,25617.159999999996,0.9253193193200424,12808.579999999998
SWE,QAS,M3,private,F,True,1,25440.635000000046,0.825904812301261,12720.317500000023
DESIGN,RUH,M2,public,F,True,1,25418.538977394892,0.4815513547090054,12709.269488697446
ENG_CIVIL,JED,M1,pif_backed,M,False,1,25417.27948884129,0.6341710965383399,12708.639744420645
HEALTH,RUH,VP,public,F,True,1,25413.017999999967,0.3143114965350063,12706.508999999984
DATA,EST,IC6,semigov,F,True,1,25377.71999999998,0.471495464188857,12688.85999999999
SUPPLY,ASR,IC5,semigov,M,True,1,25263.950000000008,0.7244936936461573,12631.975000000004
SWE,EST,D1,private,F,True,1,25164.86999999997,1.3080365264524645,12582.434999999985
SWE,RUH,M4,mnc,M,True,1,24789.242966014834,0.7719593314177995,12394.621483007417
FIN,RUH,M2,mnc,M,False,1,24687.2888533698,0.42387877166684723,12343.6444266849
ENG_CIVIL,RUH,M5,private,M,True,1,24637.436660953463,0.3989552997423599,12318.718330476731
SALES,EST,D2,private,F,False,1,24634.547709999995,0.5734970297965519,12317.273854999998
PM,QAS,M2,semigov,M,True,2,24582.967709999994,0.5618728779059596,12291.483854999997
EDU,MAK,D2,public,M,True,1,24498.697709999997,0.5721438859556197,12249.348854999998
SWE,MAK,M3,private,M,True,1,24406.625000000022,1.11261204586182,12203.312500000011
MARKETING,RUH,D2,startup,F,False,1,24400.757500000007,0.41551196807604873,12200.378750000003
LEGAL,JED,M3,public,M,False,1,24372.46500000002,0.7220369336234624,12186.23250000001
EDU,RUH,IC4,mnc,F,False,1,24366.309878271317,0.6494727965963036,12183.154939135658
FIN,EST,D1,public,M,True,1,24198.213333333362,0.7207389887325096,12099.106666666681
PM,RUH,M4,private,M,False,1,24152.83499999997,0.37177614407028114,12076.417499999985
FIN,QAS,M2,private,M,True,1,24097.092000000015,0.5273490160909009,12048.546000000008
DATA,RUH,M1,pif_backed,M,False,1,23883.638372713558,0.4419178156731024,11941.819186356779
HEALTH,JED,CXO,private,M,True,1,23793.907709999996,0.5649836459466409,11896.953854999998
ENG_ELEC,JED,IC6,public,M,False,1,23644.13000000003,0.4433345308524942,11822.065000000015
ENG_CIVIL,NOR,CXO,mnc,F,False,1,23590.827709999994,0.5628757841868232,11795.413854999997
CUSTOMER,QAS,M3,private,F,False,1,23443.06,2.9270639412566006,11721.53
SWE,RUH,D1,startup,M,True,1,23433.407476218603,0.868036758075165,11716.703738109301
FIN,RUH,M3,startup,F,False,1,23397.119131228483,0.9640381497594546,11698.559565614241
SUPPLY,MAD,IC5,semigov,M,False,1,23307.41000000001,3.8753192380851056,11653.705000000005
FIN,RUH,M3,mnc,M,True,2,23200.520542356193,2.6302679458934124,11600.260271178096
MARKETING,QAS,M4,private,M,False,1,23155.660000000036,1.0364272187436934,11577.830000000018
SWE,RUH,M3,private,F,False,1,23072.19594962906,0.38579093408417,11536.09797481453
SWE,TAB,M5,private,F,False,1,23023.299999999996,0.6336753184986854,11511.649999999998
OPS,NJR,SVP,startup,F,False,1,22956.297709999995,0.556156053824044,11478.148854999998
SALES,RUH,D1,pif_backed,F,True,1,22901.61684371808,0.42521184997947575,11450.80842185904
LEGAL,RUH,D1,semigov,F,True,1,22860.450000000055,0.5580593684386302,11430.225000000028
DATA,NJR,M3,public,M,False,1,22808.337709999996,0.5545593329339371,11404.168854999998
ENG_ELEC,ASR,D1,private,M,False,1,22778.83000000003,1.160402565242886,11389.415000000015
SUPPLY,QAS,M4,public,M,True,1,22716.437709999995,0.553561790790036,11358.218854999997
FIN,RUH,IC5,semigov,F,False,1,22631.839188888156,0.4406911451817787,11315.919594444078
OPS,ASR,M1,pif_backed,F,True,1,22597.480000000007,0.7340223518490009,11298.740000000003
CUSTOMER,MAD,IC6,mnc,F,True,1,22554.927709999993,0.5517977879088496,11277.463854999996
SWE,QAS,D1,private,F,True,1,22495.487709999998,0.5511450733304732,11247.743854999999
DATA,QAS,M4,public,F,True,1,22483.17000000001,0.4140015544965961,11241.585000000005
OPS,QAS,M3,semigov,M,True,2,22279.845,0.8045028938874592,11139.9225
HR,RUH,VP,private,M,True,1,22264.010000000024,0.45760995099769214,11132.005000000012
SWE,MAK,M2,semigov,F,False,1,22232.82250000004,0.36912094290375863,11116.41125000002
DATA,JED,M2,public,F,False,1,22175.699999999975,0.9614345755210648,11087.849999999988
DESIGN,RUH,M3,private,M,False,1,21971.102939470136,2.653069465327697,10985.551469735068
DESIGN,ASR,IC4,semigov,M,True,1,21702.117500000008,0.6877393582718577,10851.058750000004
SWE,EST,IC6,private,M,True,1,21689.63294756704,0.8019516686558795,10844.81647378352
PM,EST,IC6,private,F,True,1,21676.903203794493,0.4142566538262104,10838.451601897246
ENG_CIVIL,TAB,IC5,pif_backed,M,True,1,21664.517999999996,0.5996741508809855,10832.258999999998
SWE,JAZ,M3,private,M,True,1,21464.23,0.500017704499785,10732.115
HR,EST,D3,startup,F,False,1,21430.767709999996,0.5391226705414353,10715.383854999998
HR,RUH,IC4,private,M,True,2,21395.752216600275,0.5705082956149992,10697.876108300137
SALES,EST,VP,public,M,False,1,21361.23666666662,0.5795159657895561,10680.61833333331
ENG_CIVIL,MAK,IC4,pif_backed,M,False,1,21322.233706521423,0.7169171256155166,10661.116853260712
ENG_MECH,MAK,IC5,private,M,False,1,21163.751181944084,0.5565076233275278,10581.875590972042
HEALTH,JED,IC4,semigov,F,True,1,21089.21996059583,0.5899868055325921,10544.609980297915
SALES,JAZ,M1,public,M,False,1,21054.479999999992,3.5586820972995254,10527.239999999996
FIN,EST,IC4,public,M,True,2,21032.012561618794,0.41934229830120046,10516.006280809397
HR,QAS,IC5,semigov,M,True,1,20955.766000000007,0.5908633394753057,10477.883000000003
ENG_MECH,EST,M3,pif_backed,M,True,2,20939.219935154677,0.2982368407326442,10469.609967577338
FIN,RUH,M3,public,M,True,1,20915.181287800573,0.907062811128763,10457.590643900287
SALES,EST,M3,pif_backed,M,False,1,20897.37795526263,0.3816506719494958,10448.688977631315
SALES,MAK,M4,private,M,False,1,20845.989999999998,0.4618858672074171,10422.994999999999
DATA,RUH,IC6,private,M,False,1,20717.383699625003,0.35645116483449085,10358.691849812501
DATA,EST,M1,semigov,M,False,1,20439.41564178309,0.47253585715191193,10219.707820891545
FIN,TAB,IC3,private,F,False,1,20304.64500000001,3.166204059610819,10152.322500000006
DATA,RUH,IC3,pif_backed,M,True,2,20269.730431670738,0.4939610770508319,10134.865215835369
DATA,JED,M3,private,M,True,1,19981.780000000013,0.3520341728136496,9990.890000000007
HEALTH,RUH,D1,private,F,False,2,19929.606485130433,0.7766935786961126,9964.803242565216
MARKETING,MAK,IC4,private,F,True,1,19922.366289916943,0.6290591532681281,9961.183144958472
HR,MAK,IC4,private,F,False,1,19910.51553182274,0.5981661179910773,9955.25776591137
FIN,RUH,M4,public,M,True,1,19779.92292983176,0.32188551652463443,9889.96146491588
HR,EST,IC4,semigov,M,False,1,19746.25992349516,0.5824403570901479,9873.12996174758
FIN,QAS,M3,private,M,False,1,19733.845000000023,1.3202051037092357,9866.922500000011
DESIGN,JED,M5,private,M,True,1,19625.397709999994,0.5171952460112864,9812.698854999997
LEGAL,MAK,M1,public,M,False,1,19587.640000000014,1.4984092305173777,9793.820000000007
ENG_ELEC,EST,M5,public,M,True,1,19508.800000000017,0.4807076767651883,9754.400000000009
SWE,MAK,M2,public,M,True,1,19483.587499999958,1.052290930792743,9741.793749999979
OPS,RUH,M3,startup,F,True,1,19470.499115412327,0.46741533902617166,9735.249557706164
SWE,RUH,M4,public,M,True,1,19448.055078255195,0.5099062826541164,9724.027539127597
SALES,ASR,IC6,private,F,False,1,19420.280000000017,3.333650328811287,9710.140000000009
SWE,JAZ,IC3,semigov,M,True,1,19390.914999999983,3.7411665174643813,9695.457499999991
ENG_CIVIL,TAB,D1,private,M,True,1,19385.470000000016,0.3671247171115554,9692.735000000008
DESIGN,TAB,M4,mnc,M,True,1,19367.409999999967,0.259330935797034,9683.704999999984
SALES,EST,M4,public,M,True,1,19275.573215015116,0.3483550129012242,9637.786607507558
ENG_MECH,JED,M1,public,M,False,1,19192.02000000002,2.2731926526396604,9596.01000000001
OPS,RUH,IC6,public,M,True,1,19136.04982564081,0.45516810029753324,9568.024912820405
SALES,RUH,IC5,mnc,M,True,1,19103.84888415997,0.3639943221497169,9551.924442079984
PM,RUH,M4,public,M,True,3,19097.631666666657,0.38469840415186,9548.815833333329
HR,RUH,IC6,private,F,False,1,19033.24632556171,2.4766716407085627,9516.623162780856
MARKETING,RUH,D2,mnc,F,False,1,19008.37750000001,0.35641478559473866,9504.188750000005
PM,RUH,M2,private,M,False,1,18977.130667999558,1.0754316072822803,9488.565333999779
HR,EST,M3,semigov,M,True,1,18838.123333333344,0.5678174958060012,9419.061666666672
EDU,EST,M3,private,F,True,1,18803.62836322714,0.4694331505949826,9401.81418161357
ENG_MECH,JED,IC6,private,M,False,1,18753.4341094794,1.2680398280568466,9376.7170547397
DATA,EST,M2,private,F,False,1,18741.693966045794,1.4558046295720517,9370.846983022897
SWE,EST,M3,public,M,True,1,18639.6953728366,0.8684126226040971,9319.8476864183
DATA,EST,M3,startup,M,True,1,18279.82250000001,0.8089641220043037,9139.911250000005
PM,RUH,IC4,private,M,True,3,18128.90719000936,0.30808729992380446,9064.45359500468
DESIGN,RUH,D2,pif_backed,M,False,1,18071.792500000003,0.21974789864875138,9035.896250000002
SALES,MAD,M2,public,M,False,1,18039.92333333331,1.9343625672803229,9019.961666666655
CUSTOMER,RUH,IC5,mnc,M,True,2,18011.587409884898,0.36250035604004405,9005.793704942449
ENG_CIVIL,JED,M4,private,M,False,1,17955.977500000023,0.9560154349087708,8977.988750000011
FIN,EST,IC5,private,M,False,2,17855.877492335836,0.3343937077325228,8927.938746167918
PM,RUH,IC6,public,M,True,1,17794.52499999999,0.7564785969721339,8897.262499999995
MARKETING,RUH,IC5,private,F,True,2,17767.589924483626,0.41750091086820507,8883.794962241813
FIN,NJR,M4,mnc,F,True,1,17733.557709999997,0.4918613065741978,8866.778854999999
DATA,JED,IC6,pif_backed,M,True,1,17658.219562580893,0.3670208219597208,8829.109781290446
DATA,QAS,IC4,startup,M,True,1,17603.527500000015,0.5056023734423535,8801.763750000007
OPS,HAI,IC5,public,M,False,2,17602.33499999998,2.5285752783863127,8801.16749999999
ENG_ELEC,TAB,IC4,public,M,True,1,17550.95599999999,0.5321848469907873,8775.477999999996
DATA,HAI,IC6,private,M,False,1,17547.357709999993,0.4892234119312652,8773.678854999996
MARKETING,JED,M1,mnc,M,True,1,17512.59800000001,0.40424680095702964,8756.299000000005
LEGAL,BAH,M1,private,M,True,1,17495.87999999999,0.47358979793525746,8747.939999999995
CUSTOMER,RUH,M3,mnc,F,True,1,17406.79744567827,0.36746202624466134,8703.398722839134
OPS,EST,IC6,private,F,True,1,17388.608000000015,1.0152917869222995,8694.304000000007
ENG_MECH,RUH,IC3,public,M,True,1,17337.7513369344,0.5212179243136228,8668.8756684672
CUSTOMER,EST,IC4,public,M,True,1,17276.14965772725,0.6152233943017634,8638.074828863624
SWE,RUH,M2,startup,M,True,1,17251.8900677894,0.3533749048099891,8625.9450338947
SALES,RUH,M4,mnc,M,True,1,17233.944601975643,0.5183407808935631,8616.972300987822
OPS,TAB,D1,startup,M,False,1,17211.669999999995,0.9611559780781648,8605.834999999997
PM,EST,M3,private,F,False,1,17175.94000000001,0.8789081769039159,8587.970000000005
ENG_CIVIL,RUH,D1,pif_backed,M,False,1,17158.516666666677,1.0239018608260235,8579.258333333339
PM,MAD,M1,public,F,False,1,17143.758266867975,2.7011316216578813,8571.879133433988
OPS,MAD,IC4,semigov,M,False,1,17134.288501701056,0.5830722189414309,8567.144250850528
HR,ASR,M1,semigov,F,False,1,17121.765000000014,1.9364021917994148,8560.882500000007
HR,QAS,M1,private,F,True,1,17034.549999999992,0.6587688373805403,8517.274999999996
HEALTH,RUH,M4,private,F,True,1,16973.201469902775,0.3430002245126916,8486.600734951387
SUPPLY,RUH,VP,semigov,M,True,1,16964.543333333357,0.26997555964477415,8482.271666666678
ENG_ELEC,MAK,IC6,private,M,True,1,16949.879999999997,0.6095916965470611,8474.939999999999
FIN,MAD,M1,pif_backed,M,True,1,16883.60197649736,0.4370420218018122,8441.80098824868
HEALTH,MAD,IC3,private,M,False,1,16850.03629093033,0.6241859222088328,8425.018145465165
SWE,JED,M2,public,F,True,1,16815.16072045651,1.0005266307985816,8407.580360228256
DATA,EST,IC4,private,M,True,1,16746.193311082752,0.4605440801293103,8373.096655541376
SWE,RUH,VP,private,M,True,1,16673.45600000002,0.12205611455640972,8336.72800000001
HEALTH,EST,IC4,private,M,True,1,16666.90807883854,0.5315662226932074,8333.45403941927
MARKETING,JAZ,D1,pif_backed,F,False,1,16660.08,0.5847714453192184,8330.04
SALES,RUH,M2,pif_backed,M,False,1,16621.507822399595,1.308395866599778,8310.753911199798
MARKETING,RUH,IC5,startup,M,False,1,16520.661702262474,0.4397062736615439,8260.330851131237
OPS,NJR,IC1,private,F,False,1,16520.422290000006,9.178012383333337,8260.211145000003
ENG_ELEC,BAH,M2,semigov,M,True,1,16516.759999999995,0.7755891313576034,8258.379999999997
DATA,JED,IC4,mnc,M,True,1,16470.04774971694,0.4359553243627101,8235.02387485847
DESIGN,RUH,M2,private,M,False,1,16385.622634857846,1.5695627168886428,8192.811317428923
SWE,JED,M2,private,F,False,1,16185.91902449964,1.2338587149616327,8092.95951224982
ENG_CIVIL,ASR,IC4,pif_backed,M,True,1,16099.209999999997,0.6019546163771845,8049.604999999999
PM,MAK,M1,startup,M,True,1,16073.460000000006,0.4631898119024245,8036.730000000003
CUSTOMER,NOR,IC1,semigov,F,False,1,16059.132290000005,7.101757089979616,8029.5661450000025
SWE,NJR,IC4,public,F,True,1,16044.203999999998,2.9805098977529423,8022.101999999999
SALES,RUH,M3,pif_backed,M,False,1,15963.348373079618,0.7548124983724634,7981.674186539809
SWE,EST,M4,semigov,F,False,1,15934.577420714035,0.7264062120530573,7967.288710357017
HEALTH,MAK,IC4,private,F,True,1,15905.401942228033,0.5713132884446064,7952.700971114016
ENG_ELEC,RUH,IC6,private,M,True,1,15895.496799033364,0.9325710758309047,7947.748399516682
LEGAL,RUH,D1,public,M,True,1,15840.100000000057,0.3301084057490195,7920.050000000028
SUPPLY,HAI,IC6,private,M,True,1,15794.570000000003,0.6014133503310055,7897.285000000002
PM,RUH,M2,public,M,False,1,15733.570843749807,0.8016558789743685,7866.7854218749035
SUPPLY,EST,M3,public,M,True,1,15723.78333333335,1.1702656826495041,7861.891666666675
ENG_ELEC,RUH,M3,pif_backed,M,True,1,15639.088934484273,0.31457960111002925,7819.544467242136
SALES,RUH,M3,private,F,True,2,15638.622722196977,0.4481235263284057,7819.311361098488
SWE,RUH,D1,private,M,False,2,15602.098858262145,0.6224230716534749,7801.049429131072
DATA,EST,M4,public,M,False,1,15488.229999999952,0.14308646634427685,7744.114999999976
SWE,RUH,IC5,semigov,M,True,1,15445.137754725638,0.8402453393715291,7722.568877362819
FIN,EST,IC5,pif_backed,F,True,1,15364.112295066843,0.8615927963577638,7682.056147533422
ENG_ELEC,RUH,D3,public,M,True,1,15346.607709999993,0.4558349135638039,7673.3038549999965
SWE,MAK,IC5,public,F,True,2,15345.211988505753,0.2605198230869864,7672.605994252876
ENG_ELEC,MAD,D1,private,M,False,1,15314.960000000014,0.34516140591831124,7657.480000000007
CUSTOMER,JED,IC6,public,F,True,1,15301.979999999992,0.6614418084331992,7650.989999999996
ENG_MECH,ASR,IC3,startup,M,True,1,15235.639999999992,0.6272453906502161,7617.819999999996
EDU,TAB,D1,private,F,True,1,15208.250000000007,0.4853393729561784,7604.125000000004
SUPPLY,RUH,D2,semigov,M,False,1,15104.839999999986,0.5836712518480215,7552.419999999993
OPS,EST,D2,private,M,True,1,15081.409999999967,0.5849053457212033,7540.704999999984
SALES,JED,VP,private,M,True,1,15070.240000000013,0.22116817201473238,7535.120000000006
ENG_CIVIL,RUH,VP,private,M,True,1,14980.520000000019,0.5217257447742175,7490.260000000009
LEGAL,MAK,M1,private,F,True,2,14944.860000000015,1.2183978405925333,7472.430000000008
SUPPLY,EST,M4,public,M,False,1,14928.596666666643,0.5764110527910354,7464.298333333321
FIN,BAH,IC2,private,M,False,1,14884.882290000005,4.332617955255944,7442.4411450000025
SUPPLY,RUH,D1,private,M,False,1,14867.429517513345,0.2737490161654618,7433.714758756672
SWE,EST,IC3,mnc,F,False,1,14853.681997681437,0.45776019366257714,7426.840998840718
MARKETING,RUH,IC4,mnc,F,True,2,14840.048192221264,0.7763906178983249,7420.024096110632
DATA,RUH,IC4,private,F,False,1,14825.527599776146,0.36104469098782077,7412.763799888073
DATA,ASR,IC6,private,M,True,1,14798.897709999994,0.4468357958436343,7399.448854999997
FIN,RUH,M1,private,M,True,1,14758.840249610515,0.397562830492947,7379.420124805258
SALES,JAZ,IC3,semigov,M,False,1,14725.778332180424,0.5970313534230863,7362.889166090212
ENG_CIVIL,RUH,IC5,public,M,False,1,14694.948823920471,0.5120617648619683,7347.474411960236
FIN,RUH,IC4,pif_backed,M,False,2,14678.051564304835,0.39416911336144284,7339.025782152417
MARKETING,MAD,IC5,private,M,True,1,14674.939999999991,0.5934553436676536,7337.469999999996
PM,RUH,M2,semigov,M,False,1,14663.36789220251,0.7233913981681834,7331.683946101255
HEALTH,RUH,M3,private,M,False,1,14653.61684840576,0.36852865221483266,7326.80842420288
FIN,EST,D2,public,F,False,1,14600.65666666667,0.3115131061466595,7300.328333333335
PM,ASR,IC3,public,F,True,1,14591.623333333335,2.7012270487579872,7295.811666666667
FIN,TAB,M1,public,M,True,1,14496.167500000007,0.41186459482834076,7248.083750000003
ENG_CIVIL,QAS,M4,private,M,False,1,14491.76000000001,0.828810032816663,7245.880000000005
HEALTH,RUH,IC6,startup,M,True,1,14427.724476990552,0.3951069251010667,7213.862238495276
OPS,MAD,IC1,private,M,False,1,14403.962290000007,3.6778014559066112,7201.981145000003
CUSTOMER,HAI,IC2,semigov,F,True,1,14320.422290000006,3.5801055725000013,7160.211145000003
SWE,MAD,IC1,mnc,M,True,1,14320.422290000006,3.5801055725000013,7160.211145000003
EDU,NJR,IC1,private,F,True,1,14320.422290000006,3.5801055725000013,7160.211145000003
SUPPLY,TAB,IC1,mnc,M,True,1,14320.422290000006,3.5801055725000013,7160.211145000003
ENG_MECH,HAI,IC1,private,M,True,1,14320.422290000006,3.5801055725000013,7160.211145000003
DESIGN,HAI,IC1,private,F,True,1,14320.422290000006,3.5801055725000013,7160.211145000003
SWE,JAZ,IC3,mnc,M,False,1,14293.084999999981,1.3902494419290026,7146.5424999999905
SALES,RUH,IC6,private,F,False,1,14245.62668422886,0.31364339806341945,7122.81334211443
MARKETING,HAI,M3,private,F,True,1,14240.919999999995,0.43567521165135614,7120.459999999997
SUPPLY,QAS,IC5,startup,M,True,1,14239.405000000004,0.6461228964395056,7119.702500000002
SWE,RUH,M3,semigov,M,True,2,14239.329733702549,0.3783943095543144,7119.664866851274
SALES,QAS,M1,private,F,True,1,14233.649999999994,0.5588575843990325,7116.824999999997
HR,RUH,M4,pif_backed,F,True,1,14199.817916691096,1.1935920028891263,7099.908958345548
MARKETING,TAB,IC2,private,F,False,1,14175.672290000006,3.4201513456782693,7087.836145000003
ENG_MECH,RUH,M2,private,M,True,3,14153.672987073805,0.45363682103348646,7076.836493536903
OPS,RUH,VP,pif_backed,F,True,1,14150.754999999954,0.1914606995451861,7075.377499999977
FIN,EST,IC6,public,M,True,1,14117.254917961625,0.333384065062246,7058.627458980813
FIN,MAK,M2,semigov,M,True,1,14115.462000000009,0.4869156944194357,7057.731000000004
SWE,RUH,IC6,mnc,M,True,2,14075.07485001185,0.4779233971899969,7037.537425005925
MARKETING,JED,M1,mnc,F,False,1,14018.961999999994,1.1890563096321536,7009.480999999997
SWE,RUH,IC4,private,F,False,1,14013.545801910126,1.7977008851417562,7006.772900955063
MARKETING,QAS,IC5,private,M,False,1,14011.500000000002,0.6136746768698321,7005.750000000001
PM,QAS,IC3,private,M,True,1,13976.153170196576,0.5287176154626484,6988.076585098288
EDU,RUH,M4,private,M,True,2,13969.216912843354,0.26602988421322005,6984.608456421677
MARKETING,ASR,M3,private,M,True,1,13965.775000000005,0.5767620931605968,6982.887500000003
PM,RUH,M2,private,M,True,1,13827.230210010188,0.5889744811795048,6913.615105005094
ENG_ELEC,RUH,IC5,pif_backed,M,True,1,13823.191046950371,0.28727632734772096,6911.5955234751855
ENG_CIVIL,RUH,D1,private,M,False,1,13804.633333333324,0.2892772284752186,6902.316666666662
MARKETING,RUH,IC6,private,F,True,2,13781.99370792529,0.4174949344225312,6890.996853962645
MARKETING,NJR,D1,private,M,False,1,13776.122290000007,3.0315169090949112,6888.061145000003
ENG_ELEC,JED,IC4,startup,F,True,1,13722.888045005511,1.8408642252632956,6861.444022502756
SWE,RUH,M2,private,M,True,2,13716.4227207958,0.3661762620413307,6858.2113603979
HR,RUH,M2,mnc,M,False,1,13714.96342899061,0.4216833258617124,6857.481714495305
SUPPLY,EST,IC4,startup,M,True,1,13700.709276129684,0.44067401222982966,6850.354638064842
OPS,TAB,IC5,startup,M,True,1,13682.995169083597,0.4739369292382646,6841.4975845417985
HEALTH,EST,M1,public,F,True,1,13566.093583595506,0.47028070994340815,6783.046791797753
EDU,MAK,IC4,startup,M,True,1,13549.195619661197,0.5621366118559035,6774.597809830599
ENG_MECH,RUH,IC4,public,M,False,3,13522.417268284727,0.4397326567365623,6761.208634142364
ENG_CIVIL,EST,M4,semigov,M,False,1,13479.206666666658,0.39631973319957214,6739.603333333329
PM,MAK,M2,public,M,True,1,13453.700000000026,0.7131902856800573,6726.850000000013
OPS,RUH,M2,pif_backed,M,True,1,13405.144004986421,0.3464564260447254,6702.572002493211
HEALTH,ASR,M2,private,M,True,1,13393.442499999997,0.41286228678631554,6696.721249999999
HR,ASR,M1,public,M,True,1,13372.855000000014,1.0620997128098266,6686.427500000007
LEGAL,MAK,IC1,public,M,True,1,13354.392290000007,2.6891485331341145,6677.1961450000035
HR,MAK,IC5,semigov,F,True,1,13353.442000000003,0.44471463839698894,6676.721000000001
SALES,RUH,M2,public,M,False,1,13347.226051794692,0.8566199065798034,6673.613025897346
SWE,HAI,IC1,pif_backed,M,False,1,13341.142290000007,2.6793316081843175,6670.5711450000035
LEGAL,ASR,IC3,semigov,F,False,1,13327.557709999994,0.4211187478632126,6663.778854999997
FIN,EST,IC2,pif_backed,M,False,1,13318.741266016485,0.575761573534619,6659.370633008242
SWE,RUH,M4,private,M,False,2,13263.03826147446,0.3217455620788964,6631.51913073723
SALES,MAD,IC5,private,M,True,2,13238.851521932502,0.55866687584884,6619.425760966251
SALES,MAK,M2,public,F,False,1,13216.985342874315,1.6072292371914396,6608.492671437158
EDU,NOR,M1,public,M,True,1,13187.832290000006,2.5694303051675673,6593.916145000003
MARKETING,JED,D1,private,F,True,1,13157.310000000001,0.6751032488033196,6578.655000000001
OPS,NJR,IC3,pif_backed,F,True,1,13110.8825,0.6289867326794422,6555.44125
CUSTOMER,HAI,IC2,public,F,True,1,13099.112290000005,2.5087788869076926,6549.556145000002
PM,RUH,IC4,public,M,True,2,13095.86657045415,0.886729146963942,6547.933285227075
DATA,RUH,IC5,public,M,True,1,13071.983876738086,0.2735030205620897,6535.991938369043
SWE,RUH,IC5,startup,F,True,1,13053.548793845279,0.3023633473535871,6526.774396922639
EDU,ASR,D2,private,F,True,1,12935.800000000005,0.5012498503318276,6467.900000000002
ENG_MECH,RUH,IC5,startup,M,False,1,12930.322340264196,0.4011291625501809,6465.161170132098
SWE,HAI,IC4,mnc,M,True,1,12907.596027324707,0.3792580386187943,6453.798013662354
FIN,NOR,IC3,public,M,True,1,12900.96000000001,3.2252400000000025,6450.480000000005
FIN,RUH,IC6,private,M,True,1,12884.8689199344,0.33116654363820675,6442.4344599672
CUSTOMER,JED,M3,private,F,True,1,12882.669999999998,0.45320932700050615,6441.334999999999
EDU,MAD,IC4,pif_backed,M,True,1,12856.599999999999,0.6328745666296325,6428.299999999999
FIN,EST,IC4,private,M,False,1,12841.401693341268,1.5803829540755976,6420.700846670634
ENG_MECH,RUH,IC4,private,F,True,1,12838.105879476265,0.35371788873865717,6419.052939738132
MARKETING,EST,IC5,private,M,True,3,12808.636089123096,0.39401709220402287,6404.318044561548
CUSTOMER,EST,M4,public,F,True,1,12784.893333333324,0.8018331830210218,6392.446666666662
ENG_ELEC,RUH,IC4,mnc,M,False,1,12762.23249570871,0.48901096042458,6381.116247854355
MARKETING,HAI,IC5,semigov,F,False,1,12755.384999999995,0.6886721042495534,6377.692499999997
PM,JED,IC5,public,F,True,1,12734.258658040144,0.3405653274428766,6367.129329020072
LEGAL,RUH,M1,mnc,F,False,1,12704.576390839658,0.9144904157661575,6352.288195419829
ENG_MECH,TAB,IC4,private,M,False,1,12703.693299981544,3.185991056734667,6351.846649990772
HR,RUH,M4,public,F,False,1,12697.945846000903,0.9255683213452289,6348.972923000451
ENG_CIVIL,EST,M3,public,M,True,1,12695.620676090653,0.3442713999457288,6347.810338045327
SALES,RUH,M1,pif_backed,F,False,1,12695.339171368123,1.008354077419836,6347.6695856840615
SUPPLY,EST,IC3,semigov,M,True,1,12691.59076101637,0.41904610649688906,6345.795380508185
DESIGN,JAZ,IC4,pif_backed,M,False,1,12654.339999999997,0.5669052526701486,6327.169999999998
DATA,RUH,IC4,pif_backed,M,True,1,12630.645423202794,0.3321301027079656,6315.322711601397
ENG_CIVIL,EST,M4,private,M,False,1,12626.016666666656,0.3807862917920141,6313.008333333328
ENG_MECH,EST,IC5,public,M,False,1,12593.959729234983,0.4660921754159456,6296.979864617491
OPS,RUH,D1,startup,M,True,1,12593.792148396285,0.26292083159837554,6296.896074198143
DESIGN,JED,M2,private,M,False,1,12531.241126731844,1.5283511086743744,6265.620563365922
OPS,RUH,M3,private,M,True,2,12497.188893662134,0.3225333426278064,6248.594446831067
MARKETING,BAH,IC3,private,M,False,1,12491.932290000006,2.1432536197196885,6245.966145000003
SALES,QAS,IC5,semigov,M,False,1,12482.075999999988,1.7221811217978331,6241.037999999994
SALES,MAD,IC5,private,F,False,1,12475.542681722129,1.3760953332512083,6237.771340861064
DATA,MAD,IC3,public,M,False,1,12468.600000000011,4.784978010422987,6234.300000000006
EDU,JED,VP,public,F,True,1,12450.337709999993,0.4046158661664513,6225.168854999996
DESIGN,EST,M3,public,M,False,1,12398.721130135542,0.35554447445925264,6199.360565067771
PM,NJR,IC5,private,F,False,1,12374.46000000001,2.3118035096109857,6187.230000000005
PM,RUH,IC3,startup,F,False,1,12337.457121606867,0.4922619198264386,6168.7285608034335
FIN,EST,M1,pif_backed,M,True,1,12333.049109336484,2.986109214054846,6166.524554668242
ENG_CIVIL,RUH,IC5,private,F,True,1,12301.055242446164,0.40929870993612705,6150.527621223082
SALES,TAB,IC4,pif_backed,M,True,1,12237.247417953215,0.4226628435841725,6118.623708976607
SUPPLY,RUH,D1,public,M,True,1,12231.636041244325,0.4506977895638663,6115.818020622162
ENG_ELEC,JED,M2,public,M,True,1,12225.139749537339,0.34211563990809124,6112.569874768669
ENG_MECH,RUH,IC6,private,M,False,1,12180.263461272516,0.36869120966762864,6090.131730636258
FIN,MAD,IC4,semigov,F,True,2,12120.684894153257,0.5418973911018412,6060.342447076629
ENG_MECH,QAS,IC6,mnc,M,True,1,12117.447709999993,0.3981043256311954,6058.723854999997
DATA,ASR,IC4,private,M,True,1,12092.292126311942,2.504736581550476,6046.146063155971
SWE,TAB,M2,private,M,True,1,12083.151999999984,0.32651484444329104,6041.575999999992
PM,NJR,IC3,private,M,False,2,12072.595000000003,0.712949178566957,6036.2975000000015
EDU,TAB,IC3,mnc,M,True,1,12061.123580716734,0.674557975301886,6030.561790358367
FIN,RUH,M4,public,F,False,1,12033.480769881717,0.4579206207455941,6016.740384940858
EDU,EST,IC6,mnc,F,False,1,12026.232832619266,0.39577591054898004,6013.116416309633
PM,NJR,IC1,public,F,False,1,12021.312290000005,1.908414409337193,6010.656145000003
ENG_MECH,RUH,M2,semigov,M,False,1,11989.714125388433,1.3942565639057363,5994.857062694216
ENG_MECH,QAS,IC3,public,M,True,2,11935.771666666664,0.4826730713443361,5967.885833333332
SALES,QAS,IC5,public,M,False,1,11904.175999999989,1.5211585372866159,5952.087999999994
DATA,JED,IC4,semigov,F,True,1,11890.981712330173,0.3708387534213264,5945.490856165086
SALES,RUH,M2,startup,F,True,1,11876.322272796784,0.7774268414976505,5938.161136398392
ENG_MECH,ASR,IC4,semigov,F,False,1,11839.938699244745,0.5690850036310476,5919.969349622373
ENG_CIVIL,JED,IC6,private,M,True,1,11824.894999999986,0.3857070537884267,5912.447499999993
ENG_CIVIL,MAK,IC6,public,M,False,1,11824.285000000009,1.1768607716891397,5912.1425000000045
SUPPLY,RUH,D1,mnc,M,True,1,11822.96858345125,0.4321762757312893,5911.484291725625
FIN,JED,M2,private,F,False,1,11808.419170469055,1.0658149088266935,5904.209585234527
DATA,RUH,IC5,private,M,False,1,11803.708948886604,0.25297622918288215,5901.854474443302
SWE,EST,IC5,public,M,True,2,11770.6280820063,0.8252753443779228,5885.31404100315
PM,TAB,IC3,mnc,M,False,1,11752.11666666668,0.41358120274732735,5876.05833333334
SALES,EST,M3,private,M,False,1,11739.51534715452,1.0405462248642776,5869.75767357726
SWE,EST,M3,private,F,True,1,11739.450055343292,0.36725927452394186,5869.725027671646
HEALTH,JED,M2,public,F,False,1,11731.380744576569,1.1570230573153684,5865.690372288284
LEGAL,MAK,IC4,public,F,True,1,11727.599999999986,0.8737529894725852,5863.799999999993
ENG_ELEC,RUH,IC3,semigov,M,True,2,11706.635162186349,0.4046651890777948,5853.317581093174
SALES,RUH,IC6,public,M,False,2,11685.384675883637,0.2873376429033562,5842.692337941819
DESIGN,RUH,IC5,public,M,True,2,11679.238339140014,0.5955625474579048,5839.619169570007
FIN,MAK,M1,private,M,False,1,11656.860263633866,2.1114822873247716,5828.430131816933
ENG_MECH,RUH,IC5,mnc,F,False,1,11650.648962655603,0.4829602847464601,5825.324481327802
HEALTH,RUH,IC6,startup,F,True,1,11645.819185605962,1.2221372502225785,5822.909592802981
DESIGN,TAB,VP,mnc,M,True,1,11536.96000000005,0.14172716841968253,5768.480000000025
HR,MAD,IC5,mnc,F,False,1,11531.352499999994,0.4534236548501987,5765.676249999997
ENG_ELEC,JED,IC4,semigov,M,True,1,11487.774959256407,0.37041876582021593,5743.887479628203
SALES,RUH,IC5,semigov,M,True,2,11485.08406861043,0.8934447383543334,5742.542034305215
CUSTOMER,EST,M1,mnc,F,True,1,11483.718165802062,0.45587369264776706,5741.859082901031
FIN,MAD,D1,private,M,False,1,11476.269999999982,0.5914304384707267,5738.134999999991
LEGAL,JED,IC4,private,F,True,1,11424.337461103598,0.3252756379360754,5712.168730551799
FIN,RUH,M3,pif_backed,F,False,1,11407.67752756559,0.31041704837411727,5703.838763782795
HR,MAK,IC6,private,F,False,1,11383.452290000005,1.6409833529624611,5691.726145000002
CUSTOMER,JAZ,D2,mnc,M,True,1,11375.167709999994,0.3830591582790574,5687.583854999997
PM,RUH,IC2,semigov,F,True,1,11362.1086626398,0.5084204332155203,5681.0543313199
DATA,RUH,IC2,semigov,M,True,2,11354.241187463434,0.37454080020985697,5677.120593731717
DATA,RUH,IC3,private,M,True,1,11334.054230759346,1.9884724293773457,5667.027115379673
ENG_CIVIL,EST,IC6,private,M,True,1,11321.863999999987,1.1106617748042915,5660.931999999993
OPS,RUH,IC4,public,M,True,2,11317.882641062793,0.3938699086012163,5658.941320531397
ENG_MECH,EST,IC2,mnc,M,True,1,11317.283283733417,0.6068694206348357,5658.641641866709
PM,RUH,M5,private,M,True,1,11314.710000000028,0.2781813675908809,5657.355000000014
HEALTH,MAK,IC4,public,M,True,1,11299.933338719125,0.4595381711216021,5649.966669359563
SALES,EST,IC4,public,M,True,1,11295.892068434885,0.343654591843446,5647.9460342174425
OPS,MAK,IC4,private,M,True,1,11281.958548656185,0.4429927821460996,5640.979274328092
DESIGN,EST,IC5,startup,M,False,1,11261.405069773158,1.370310687062177,5630.702534886579
FIN,RUH,M1,private,F,True,1,11242.800001371219,0.3190413436289695,5621.4000006856095
ENG_ELEC,EST,M3,pif_backed,M,False,1,11217.11508165202,0.27285379671182614,5608.55754082601
EDU,EST,D1,public,M,True,1,11209.438949689342,0.3162090184078782,5604.719474844671
PM,RUH,M3,semigov,M,False,1,11172.628006935221,0.2464359126612286,5586.314003467611
EDU,RUH,M1,mnc,M,False,2,11162.45386679739,0.3624980929726962,5581.226933398695
DESIGN,EST,IC5,private,M,False,1,11080.606187808738,0.3379745205495488,5540.303093904369
DATA,RUH,M3,private,F,True,2,11077.26687582676,0.4660008783546559,5538.63343791338
OPS,JAZ,IC6,semigov,F,True,1,11075.250000000011,0.4658516374893797,5537.6250000000055
OPS,ASR,M2,private,M,True,1,11061.695000000007,0.5264347789669661,5530.8475000000035
PM,RUH,IC5,semigov,M,False,1,11024.009811018866,0.28548457781309444,5512.004905509433
SALES,EST,M2,semigov,F,True,1,10994.06118506327,0.25920616925788725,5497.030592531635
PM,EST,IC3,private,F,False,1,10974.399440646404,0.3798514860584766,5487.199720323202
OPS,JED,IC5,public,F,False,1,10939.784758025118,1.5302495667972837,5469.892379012559
HEALTH,RUH,VP,private,M,True,1,10934.692000000032,0.24569437410319658,5467.346000000016
HEALTH,EST,M4,private,M,False,1,10924.220902075624,0.5793384889072299,5462.110451037812
SUPPLY,EST,IC5,private,M,True,1,10860.321579075164,0.4308051286932776,5430.160789537582
SWE,HAI,IC3,private,M,True,1,10831.88529913231,0.4821278880524003,5415.942649566155
LEGAL,RUH,M2,public,M,True,1,10810.58538638538,0.29280284050463856,5405.29269319269
SWE,RUH,IC5,public,M,False,2,10807.114459507602,0.22089152236588694,5403.557229753801
SWE,JED,M2,semigov,M,True,1,10776.826691888367,0.5504736689294,5388.413345944184
SWE,MAK,IC4,mnc,F,False,1,10753.241878818435,0.8404364793294193,5376.6209394092175
ENG_MECH,RUH,M3,mnc,M,True,1,10713.162369629921,0.23674230835897664,5356.581184814961
HEALTH,JAZ,IC6,public,M,True,1,10707.59999999998,0.3070229389799215,5353.79999999999
SWE,JAZ,IC3,private,M,False,1,10670.124999999982,0.7674190209804279,5335.062499999991
HR,MAK,IC5,private,F,True,1,10653.602000000003,0.38985411943799486,5326.801000000001
DATA,RUH,M1,semigov,M,False,1,10653.084894427124,0.49411408709878185,5326.542447213562
HEALTH,RUH,D1,startup,F,True,1,10649.398635311663,0.37503494837472734,5324.699317655832
DESIGN,EST,IC2,private,M,True,1,10639.347461336078,0.5049073676072603,5319.673730668039
ENG_MECH,JED,M2,public,M,True,1,10637.751728075045,0.6636636440760209,5318.875864037523
LEGAL,JED,IC4,private,M,False,1,10634.461923533077,0.8405865293467737,5317.230961766539
EDU,RUH,M2,private,M,True,1,10619.902332070378,0.36187068871816447,5309.951166035189
SWE,RUH,D1,private,M,True,1,10603.010142615152,0.2838612629100839,5301.505071307576
SALES,RUH,M2,mnc,F,False,2,10584.439221231518,0.6499326333106217,5292.219610615759
ENG_ELEC,EST,M2,public,F,True,1,10578.547055851282,0.3266692623409865,5289.273527925641
SWE,RUH,M1,private,F,True,3,10563.02886654037,0.4900138436358703,5281.514433270185
HEALTH,EST,M2,public,M,True,1,10535.796936283641,0.8846295950477623,5267.898468141821
HEALTH,QAS,M2,pif_backed,F,False,1,10534.089999999982,0.3204596887119992,5267.044999999991
SALES,JED,IC5,startup,M,True,1,10514.271040523021,0.6823801981488478,5257.1355202615105
PM,JED,IC3,pif_backed,M,True,1,10472.352258787392,0.3600569036762386,5236.176129393696
HR,JED,M2,startup,F,False,1,10471.98,0.48777077338271907,5235.99
DATA,RUH,IC3,mnc,M,True,3,10416.959105301745,0.27741894962115005,5208.479552650872
SWE,RUH,IC4,public,F,False,2,10406.878839748895,0.3716494525394063,5203.439419874448
CUSTOMER,JED,M3,public,M,True,1,10382.050000000003,2.011748383458866,5191.0250000000015
SALES,RUH,M4,semigov,M,True,1,10373.862537154338,0.15577251951280635,5186.931268577169
CUSTOMER,NJR,M3,semigov,F,False,1,10318.319999999996,1.7712911415873138,5159.159999999998
HEALTH,ASR,M3,private,F,True,1,10316.149999999989,1.0076431690092684,5158.074999999994
SWE,TAB,IC4,semigov,M,False,1,10298.867219365762,0.35395735957828944,5149.433609682881
ENG_CIVIL,NOR,IC4,private,M,False,1,10251.842290000006,1.2705881691697927,5125.921145000003
DATA,EST,D2,pif_backed,M,True,1,10246.645000000048,0.10384106689118594,5123.322500000024
SWE,JED,M2,public,M,False,2,10228.736584882408,0.586353293779937,5114.368292441204
DATA,NJR,M2,mnc,M,True,1,10217.837709999993,0.35803996844937264,5108.918854999996
ENG_ELEC,RUH,M1,public,M,False,1,10181.671528920337,0.7474788863747233,5090.835764460168
OPS,BAH,IC3,public,M,False,1,10169.010000000013,2.112918105543992,5084.5050000000065
SWE,JED,IC3,public,M,True,1,10149.19734235691,1.480681392323615,5074.598671178455
SALES,RUH,IC3,private,M,False,1,10130.001526189597,1.6473663326166446,5065.0007630947985
HEALTH,MAK,IC4,private,F,False,1,10108.346241830086,0.4555170171700819,5054.173120915043
MARKETING,RUH,M1,private,F,True,1,10083.292641042548,1.193906510354177,5041.646320521274
FIN,MAD,D1,public,M,True,1,10083.019999999982,0.4848186153053891,5041.509999999991
HR,BAH,M3,semigov,F,True,1,10063.919999999984,1.2542851552227587,5031.959999999992
MARKETING,JED,IC4,pif_backed,F,True,1,10062.895576571627,0.379373579467078,5031.447788285814
FIN,JAZ,IC6,private,M,False,1,10053.265000000012,0.7964237531301973,5026.632500000006
EDU,EST,M3,public,F,True,1,10049.619184036801,0.937047524938698,5024.8095920184005
MARKETING,TAB,D1,public,M,False,1,10035.657709999996,0.35391555214966225,5017.828854999998
ENG_CIVIL,JAZ,IC5,public,M,True,1,10012.54333333333,0.5461135067580514,5006.271666666665
FIN,HAI,IC3,mnc,M,False,1,9989.618000000002,2.1825832373819365,4994.809000000001
MARKETING,JED,IC5,semigov,F,True,1,9986.746300659137,1.8344534616447012,4993.3731503295685
LEGAL,EST,IC5,private,F,False,1,9978.587227831726,0.8793480999983015,4989.293613915863
FIN,QAS,M3,semigov,F,True,1,9957.585000000021,0.4027526895115731,4978.7925000000105
MARKETING,RUH,D1,private,M,True,1,9928.910023697423,0.3301490796274466,4964.455011848711
HEALTH,RUH,IC5,private,F,False,3,9896.729572318613,0.34773948104093594,4948.364786159306
SWE,QAS,IC4,mnc,M,True,1,9895.192488425902,0.34061159118543616,4947.596244212951
OPS,RUH,M2,public,M,True,1,9852.496653073533,1.2162044598178416,4926.248326536766
DESIGN,ASR,M1,mnc,F,False,1,9828.032290000006,1.1572751946154154,4914.016145000003
CUSTOMER,TAB,M1,startup,F,True,1,9799.059999999998,0.641657521078507,4899.529999999999
SALES,JED,M3,mnc,F,False,1,9798.448095456617,0.5957274768986268,4899.2240477283085
SWE,EST,IC4,public,M,True,2,9794.721632846093,0.494958644027626,4897.360816423046
DATA,JED,IC4,semigov,M,True,1,9788.265195843436,0.32985842878153965,4894.132597921718
HEALTH,RUH,IC6,private,F,True,1,9765.32668057283,0.7004979488307729,4882.663340286415
LEGAL,RUH,IC5,pif_backed,F,False,1,9744.750759623468,1.0795330758366144,4872.375379811734
EDU,EST,IC5,pif_backed,F,True,1,9736.843989845147,0.3627983573337954,4868.4219949225735
DATA,RUH,IC5,public,F,True,1,9726.26162634735,0.26295245615339374,4863.130813173675
HEALTH,RUH,IC4,public,M,True,1,9720.508821736883,0.37225457746671364,4860.2544108684415
FIN,RUH,M4,semigov,F,True,1,9706.687693037806,0.19090328841421084,4853.343846518903
SWE,QAS,IC4,semigov,F,True,1,9675.350133100314,0.33565339665823823,4837.675066550157
OPS,EST,IC6,public,M,True,1,9663.478000000014,0.38884356248873375,4831.739000000007
ENG_ELEC,MAK,IC4,private,M,True,1,9663.057627260889,0.39582157893735825,4831.528813630444
FIN,EST,IC4,private,F,True,1,9649.164453953017,1.0682776493590351,4824.5822269765085
PM,RUH,IC5,mnc,M,False,1,9594.569842704954,0.4291825860228693,4797.284921352477
PM,RUH,M2,mnc,F,True,1,9592.961568151422,0.30759428968781993,4796.480784075711
SALES,RUH,IC4,private,M,False,3,9584.722838942043,0.48129213953247646,4792.361419471022
SWE,TAB,IC6,private,M,False,1,9562.730000000014,0.3390447482212329,4781.365000000007
OPS,MAK,M1,private,M,False,2,9556.282290000006,1.1289096166662465,4778.141145000003
CUSTOMER,ASR,IC6,pif_backed,F,False,1,9546.370000000008,0.918659536569336,4773.185000000004
LEGAL,NJR,IC3,private,F,True,1,9542.882290000005,1.0871932557413586,4771.4411450000025
ENG_ELEC,JED,M2,startup,F,False,1,9526.707825358926,0.6870646450051549,4763.353912679463
HEALTH,RUH,M2,semigov,F,False,1,9519.39706317617,0.9232174870771593,4759.698531588085
SWE,RUH,IC4,private,M,False,3,9498.302931330376,0.22354172174116363,4749.151465665188
SWE,MAK,IC5,private,M,True,1,9444.769055947512,0.2626622296924736,4722.384527973756
HEALTH,HAI,IC6,public,M,True,1,9443.14000000002,0.9771289205384445,4721.57000000001
SUPPLY,JED,M4,public,M,True,1,9439.967500000002,0.6881912463813338,4719.983750000001
ENG_MECH,NJR,IC4,semigov,M,True,1,9437.619999999988,0.9056843143709029,4718.809999999994
OPS,BAH,IC3,mnc,F,False,1,9434.240000000013,1.700613784463414,4717.120000000006
CUSTOMER,MAD,M2,semigov,M,False,1,9433.350000000002,0.5382387527793897,4716.675000000001
FIN,RUH,IC5,semigov,M,False,1,9416.023840616352,0.29097059710675194,4708.011920308176
SALES,JED,IC4,private,M,True,2,9400.861589487804,0.34839359104423934,4700.430794743902
FIN,EST,M1,private,M,True,1,9367.481418127201,0.2993464509640365,4683.740709063601
SWE,EST,M3,private,M,True,1,9327.917882193848,0.18063441584921866,4663.958941096924
SWE,RUH,M1,private,M,True,2,9320.948689414343,0.5968636148482707,4660.474344707171
SWE,JED,M2,semigov,M,False,1,9317.586684216858,0.4204309578795432,4658.793342108429
SALES,TAB,IC4,semigov,M,True,1,9311.301121539085,0.42351412668166805,4655.650560769543
ENG_ELEC,RUH,M1,private,M,False,1,9304.1897961248,1.0031244355787956,4652.0948980624
DESIGN,EST,IC3,mnc,F,False,1,9277.280663100655,1.585339625815229,4638.640331550328
SWE,JAZ,M1,pif_backed,M,True,1,9277.266666666665,0.835677613245309,4638.633333333332
ENG_CIVIL,RUH,IC3,public,F,False,1,9272.373611385376,0.5643442538585834,4636.186805692688
HR,RUH,IC1,mnc,M,True,1,9260.308525534438,0.6484950671572308,4630.154262767219
LEGAL,RUH,IC4,private,M,True,2,9243.591976389998,0.2862545866680571,4621.795988194999
FIN,EST,M2,public,M,True,1,9239.473061799818,0.26158731007790925,4619.736530899909
HEALTH,MAK,IC3,semigov,F,True,1,9231.68117952767,0.4689181736716957,4615.840589763835
SALES,EST,M3,public,F,True,1,9216.831100777905,0.44058268214834984,4608.415550388952
SWE,RUH,IC4,mnc,F,False,1,9207.186848683137,0.7211746949879992,4603.593424341569
OPS,JED,IC5,public,M,True,1,9205.608322693775,1.0820999607030042,4602.804161346888
ENG_MECH,JAZ,IC3,startup,M,False,1,9179.539999999988,2.1745250390865563,4589.769999999994
MARKETING,RUH,IC5,startup,M,True,1,9162.072162225099,0.6304504886417346,4581.036081112549
ENG_ELEC,MAK,M1,private,M,True,1,9159.942290000006,0.9999413011108595,4579.971145000003
ENG_ELEC,RUH,M3,public,M,False,1,9154.817998159673,0.44286784754979514,4577.408999079837
PM,RUH,IC4,semigov,M,True,1,9149.055716283026,0.2990138621538811,4574.527858141513
ENG_CIVIL,RUH,IC6,semigov,M,False,2,9112.642493434596,0.2709751496416384,4556.321246717298
DESIGN,NOR,IC5,pif_backed,M,False,1,9110.539999999994,0.23385873562052942,4555.269999999997
FIN,MAD,M2,private,M,False,1,9110.143333333333,1.125647092741894,4555.071666666667
ENG_MECH,JED,VP,pif_backed,M,False,1,9109.579999999987,0.19619970992979963,4554.789999999994
SALES,EST,IC4,private,F,True,1,9090.853581695752,0.6919321423446877,4545.426790847876
SALES,MAD,M4,public,M,True,1,9082.380000000026,0.2076878327736994,4541.190000000013
DATA,EST,IC4,startup,M,True,1,9071.832605470816,0.9275561027887332,4535.916302735408
SALES,RUH,IC5,pif_backed,M,True,1,9066.54834704939,0.37875113040095604,4533.274173524695
SWE,TAB,M5,private,M,True,1,9063.239999999996,0.40509902605384174,4531.619999999998
SWE,MAD,IC3,private,M,False,2,9047.173349255118,0.9572525451960017,4523.586674627559
ENG_CIVIL,EST,D1,semigov,M,True,1,9042.453333333317,0.5073850127111089,4521.226666666658
DATA,EST,IC1,mnc,M,False,1,9040.945000000002,0.7127165615966337,4520.472500000001
MARKETING,HAI,IC4,private,F,False,1,9031.581999999991,1.108225321764652,4515.790999999996
EDU,JED,D1,semigov,F,False,1,9004.073333333337,0.3257960149050585,4502.036666666669
FIN,EST,IC4,public,F,True,2,8989.790250167232,0.24114118915300112,4494.895125083616
LEGAL,JED,IC3,public,M,True,1,8959.597999999987,0.9698948872554842,4479.798999999994
ENG_ELEC,JED,IC5,private,M,True,3,8953.986339819932,0.29225427198066745,4476.993169909966
OPS,MAD,M1,public,M,False,1,8938.982290000005,0.9528369088327596,4469.491145000003
SWE,MAD,IC3,private,F,True,1,8927.647165865215,1.6790696980386033,4463.823582932608
HR,EST,IC5,public,M,True,1,8926.306667464934,0.335140511917051,4463.153333732467
MARKETING,NJR,IC5,public,M,False,1,8907.779999999992,0.7543461931590586,4453.889999999996
EDU,QAS,D1,mnc,F,True,1,8892.555000000018,0.3992799311047141,4446.277500000009
ENG_ELEC,RUH,M5,semigov,M,True,1,8874.439999999988,0.20152670368936332,4437.219999999994
PM,JED,IC6,public,M,False,1,8873.960000000017,0.2894998259535127,4436.980000000009
ENG_ELEC,ASR,IC4,public,F,False,1,8871.89753870491,0.41194914926340537,4435.948769352455
SWE,EST,IC5,mnc,M,False,1,8871.165418521989,0.20307491996012264,4435.582709260994
HEALTH,RUH,M3,semigov,F,True,1,8857.371088555972,0.5783510463070187,4428.685544277986
FIN,EST,M2,mnc,F,False,1,8856.620199316276,0.5643438305224069,4428.310099658138
ENG_CIVIL,EST,IC4,private,M,False,2,8855.10048347482,0.41354124882402754,4427.55024173741
FIN,RUH,IC2,public,F,False,1,8853.722113925936,0.5288402668251885,4426.861056962968
HEALTH,MAK,IC4,public,F,False,1,8840.584239345422,0.41631470178228475,4420.292119672711
EDU,RUH,IC6,semigov,M,True,1,8833.499512834966,0.31946332302757885,4416.749756417483
OPS,EST,M2,public,M,False,1,8828.843757575722,0.8198273547657635,4414.421878787861
SALES,JED,IC4,private,F,False,1,8822.519416662435,0.7757049836385681,4411.259708331218
ENG_MECH,RUH,IC5,private,M,False,2,8819.747154296741,0.34261571799388985,4409.873577148371
MARKETING,RUH,M3,startup,M,False,1,8791.578339058988,0.6302016956521014,4395.789169529494
PM,EST,IC4,public,F,True,1,8776.425611158294,0.3052852418008415,4388.212805579147
FIN,JAZ,IC5,public,F,True,1,8750.715,0.5480514136692269,4375.3575
OPS,TAB,M2,private,M,True,1,8741.94500000001,0.3930281793356339,4370.972500000005
SALES,RUH,D1,public,F,False,1,8729.626981428726,0.4352168265818029,4364.813490714363
OPS,MAK,IC1,mnc,M,True,1,8727.7,0.685724836380493,4363.85
PM,EST,IC6,public,F,False,1,8715.296622280312,0.39949910166323077,4357.648311140156
SUPPLY,EST,M2,public,M,False,1,8696.279999999992,0.37544895055985217,4348.139999999996
FIN,EST,IC5,semigov,M,True,1,8687.417755370108,0.22988504065649992,4343.708877685054
SUPPLY,ASR,M1,private,M,True,1,8641.75,1.061418376997433,4320.875
DESIGN,RUH,IC5,mnc,M,True,1,8639.926064030824,0.416886662988197,4319.963032015412
CUSTOMER,JED,IC5,private,F,False,1,8632.37469574507,1.331985979534268,4316.187347872535
MARKETING,RUH,IC5,pif_backed,F,True,1,8612.238178973865,0.3751744447129121,4306.119089486932
ENG_CIVIL,RUH,M2,public,M,True,2,8605.005165074741,0.30216885728505627,4302.5025825373705
DESIGN,EST,IC3,private,M,False,1,8602.580774657927,1.151930280204383,4301.290387328963
SUPPLY,RUH,IC4,mnc,M,True,1,8588.820851688977,0.3469585794837718,4294.410425844489
SALES,EST,M1,pif_backed,M,True,1,8578.805351432893,0.28867983106960315,4289.4026757164465
ENG_ELEC,JED,IC6,startup,M,False,1,8568.769999999971,0.4057263449367824,4284.384999999986
OPS,RUH,IC3,semigov,M,True,1,8546.301452513459,0.5277569916389011,4273.150726256729
HR,JAZ,IC2,private,M,False,1,8535.622290000007,0.8723348755212174,4267.811145000003
ENG_ELEC,EST,IC4,mnc,F,True,1,8528.74933481111,0.43502064150782566,4264.374667405555
OPS,MAK,IC4,public,M,True,1,8520.04794181493,0.4044506381604117,4260.023970907465
MARKETING,EST,M2,semigov,F,False,1,8518.659595812012,0.30370982148935394,4259.329797906006
SUPPLY,RUH,IC5,startup,M,True,1,8518.299174411797,0.27406535107515867,4259.149587205899
ENG_CIVIL,RUH,IC3,pif_backed,M,True,1,8516.694845800024,0.42428757763814373,4258.347422900012
SUPPLY,EST,IC6,public,M,False,1,8497.75802309355,0.881441591483396,4248.879011546775
SWE,JED,IC3,semigov,M,False,1,8488.700233884323,1.7958395796551043,4244.350116942162
DATA,RUH,IC4,private,F,True,1,8485.286468217502,0.708945145975734,4242.643234108751
HR,MAK,IC4,semigov,F,False,1,8480.530763665995,1.8001856884994851,4240.265381832997
MARKETING,MAK,IC3,private,F,False,1,8446.462126928456,3.7174039130196452,4223.231063464228
HR,JED,IC2,private,F,False,1,8441.41666666666,2.2194746372048413,4220.70833333333
OPS,HAI,IC6,public,M,True,1,8390.652290000005,0.844999661623583,4195.326145000003
DATA,RUH,M1,public,F,True,2,8384.962955630828,0.21856328373420897,4192.481477815414
DATA,RUH,IC2,startup,M,False,1,8381.546543977482,0.4458893208984811,4190.773271988741
SWE,RUH,IC5,mnc,F,False,1,8375.628827206321,0.22987752022101499,4187.814413603161
DATA,EST,IC4,private,M,False,1,8368.723348816307,0.2773813640500114,4184.361674408154
DATA,RUH,IC5,pif_backed,M,True,1,8366.145072104773,0.29137244882367375,4183.072536052387
ENG_CIVIL,RUH,IC6,public,M,False,1,8340.245368960226,0.7132169902239321,4170.122684480113
SWE,ASR,IC3,semigov,M,False,1,8316.104371005811,1.3209307347633934,4158.052185502906
PM,JED,IC4,mnc,F,True,1,8306.026799933476,0.2963126848580096,4153.013399966738
OPS,QAS,M3,private,M,True,1,8302.970000000001,0.7702605796410387,4151.485000000001
HEALTH,MAD,M2,private,M,True,2,8298.935,0.8979987792630796,4149.4675
SUPPLY,EST,IC4,private,M,True,1,8297.228993173752,0.6070586448540636,4148.614496586876
HEALTH,RUH,IC5,public,F,False,2,8287.161356726374,0.26347208356860025,4143.580678363187
ENG_ELEC,JED,IC4,public,M,True,1,8280.734892891822,0.35394033099424993,4140.367446445911
ENG_MECH,RUH,IC5,private,M,True,2,8278.008739416764,0.34808349982589765,4139.004369708382
SWE,EST,IC6,private,F,True,1,8267.721481770735,0.15009880715303978,4133.860740885368
LEGAL,RUH,IC3,semigov,F,True,1,8260.282589814648,1.2910887585050528,4130.141294907324
DATA,JED,IC3,private,F,True,1,8236.603218155034,1.1701216374472638,4118.301609077517
OPS,RUH,IC5,private,F,False,1,8233.248378249731,0.36498406000265676,4116.624189124866
EDU,EST,M1,pif_backed,F,True,1,8230.835354162798,0.3995417315712629,4115.417677081399
SALES,ASR,IC4,private,M,False,2,8220.755620903568,1.7436729322198175,4110.377810451784
HR,JED,IC6,public,M,True,1,8213.780000000006,0.325324630316521,4106.890000000003
MARKETING,RUH,D3,private,F,True,1,8164.909999999916,0.10473171965606975,4082.454999999958
SALES,MAD,M1,semigov,F,False,1,8160.865914320686,1.4205187327255029,4080.432957160343
LEGAL,JED,IC5,private,M,True,1,8154.057771274234,0.44636648384460564,4077.028885637117
SWE,MAK,IC4,private,M,False,2,8141.086777802753,0.34681650574966105,4070.5433889013766
SWE,RUH,IC5,semigov,F,True,2,8134.824021790437,0.16806245812846962,4067.4120108952184
DATA,ASR,IC5,pif_backed,M,False,1,8114.519999999982,0.35261603122498547,4057.259999999991
HR,MAK,IC4,semigov,F,True,1,8092.590305633829,1.599313504563962,4046.2951528169147
DESIGN,RUH,D2,semigov,M,False,1,8089.792500000003,0.11195898653067018,4044.8962500000016
FIN,JAZ,M1,public,M,True,1,8088.982499999998,0.3751922000299634,4044.491249999999
SALES,RUH,IC4,private,F,True,2,8061.385003656125,0.24803656200501437,4030.6925018280626
SWE,RUH,IC2,pif_backed,M,False,1,8055.768872705212,0.4136683345009706,4027.884436352606
HEALTH,JED,M1,private,M,True,1,8053.578032865698,0.30339089421243065,4026.789016432849
PM,EST,M1,pif_backed,M,True,1,8008.4036069384965,0.2252469662084278,4004.2018034692483
SWE,JED,IC5,private,M,True,2,7998.899884030478,0.5357836268243718,3999.449942015239
SALES,EST,M1,pif_backed,M,False,1,7998.485262075341,0.8258342259616431,3999.2426310376704
SALES,MAK,IC2,semigov,M,False,1,7993.5019999999995,0.5331795194014997,3996.7509999999997
PM,BAH,IC4,semigov,M,True,1,7976.77,0.6217391270459253,3988.385
SALES,EST,M1,private,F,True,1,7968.96695854246,0.763816564272182,3984.48347927123
ENG_ELEC,QAS,IC3,mnc,M,True,1,7967.757500000001,1.2038833521194008,3983.8787500000003
HEALTH,TAB,IC3,pif_backed,F,False,1,7960.6027719055055,0.4508460806775265,3980.3013859527528
ENG_MECH,RUH,IC6,public,M,True,1,7959.840459790568,0.2098181704540722,3979.920229895284
SALES,RUH,IC5,pif_backed,F,False,1,7952.096871965099,0.2579101383514417,3976.0484359825496
SALES,RUH,IC6,private,M,False,1,7926.244286317582,0.9077591530496586,3963.122143158791
CUSTOMER,JED,M4,public,F,False,1,7912.686666666665,0.3170176114069426,3956.3433333333323
HEALTH,HAI,IC5,public,M,False,1,7899.5233333333335,1.211932786345347,3949.7616666666668
LEGAL,NOR,IC6,mnc,M,True,1,7886.247709999992,0.3009252114061036,3943.123854999996
HR,RUH,IC4,mnc,F,False,1,7882.81122000126,0.8470958327648203,3941.40561000063
HEALTH,EST,IC4,private,F,False,2,7865.492367348848,0.40112236796182743,3932.746183674424
SWE,ASR,IC2,semigov,M,True,1,7854.9233333333395,0.5410647219832395,3927.4616666666698
HEALTH,JAZ,IC6,semigov,F,False,1,7843.25000000002,0.4804523446650246,3921.62500000001
PM,RUH,IC2,pif_backed,F,False,1,7838.829427208288,0.4631958090596836,3919.414713604144
SWE,EST,IC2,startup,F,False,1,7815.773276163742,0.42062620423155683,3907.886638081871
LEGAL,EST,IC4,private,F,True,1,7813.3201826194745,0.2704589195731637,3906.6600913097373
SUPPLY,JED,M3,private,M,False,2,7812.9399999999905,0.3309619532901357,3906.4699999999953
SWE,MAD,M3,public,M,False,1,7810.649999999987,0.19830980980599722,3905.3249999999935
OPS,RUH,IC6,public,M,False,1,7807.115937794872,0.6360979136098547,3903.557968897436
OPS,RUH,M3,mnc,M,False,1,7805.100833333854,0.44872116598926387,3902.550416666927
SWE,HAI,IC4,private,M,False,1,7803.519330375111,0.6806965907574403,3901.7596651875556
SWE,RUH,IC3,public,M,False,1,7758.835993039957,1.0982556903473413,3879.4179965199787
HEALTH,NOR,IC6,private,F,True,1,7730.364999999982,0.4837749057215404,3865.182499999991
HEALTH,JED,M3,public,F,False,1,7710.857676343621,0.4311966964468883,3855.4288381718106
MARKETING,EST,IC5,pif_backed,F,True,1,7710.608538573841,0.27682697807329415,3855.3042692869203
MARKETING,TAB,IC2,private,F,True,1,7699.242290000006,0.7248951896117009,3849.621145000003
CUSTOMER,NJR,IC5,pif_backed,M,True,1,7688.840000000002,0.4420972254645022,3844.420000000001
HEALTH,JED,IC5,semigov,F,False,1,7684.384031479105,0.31353699019038567,3842.1920157395525
PM,RUH,M1,private,M,False,1,7673.950560337242,0.604167202841922,3836.975280168621
DATA,JED,M1,private,M,True,1,7661.222087654583,0.19985855839020525,3830.6110438272917
SWE,RUH,IC4,private,F,True,1,7657.8272065264355,0.9108837730478463,3828.9136032632177
SALES,EST,IC5,private,M,False,1,7653.342843619888,0.2524563447430008,3826.671421809944
HEALTH,RUH,M4,mnc,M,False,1,7641.85171848848,0.2806705857427624,3820.92585924424
DATA,NJR,M1,public,M,True,1,7633.539999999994,0.3619072723850574,3816.769999999997
HEALTH,RUH,IC3,private,M,True,1,7627.240073824201,0.3664238205854911,3813.6200369121007
SWE,EST,IC4,semigov,M,True,2,7626.357804206415,0.18170515324704922,3813.1789021032073
HR,EST,IC4,private,F,True,1,7622.611652437674,0.3465439381470831,3811.305826218837
SWE,ASR,IC3,semigov,M,True,1,7620.275509708696,1.0469942609351568,3810.137754854348
SWE,MAD,IC4,private,M,False,1,7619.4087894806435,0.6782882654574611,3809.7043947403217
ENG_ELEC,RUH,IC5,private,M,True,4,7607.992555843048,0.2616487843273013,3803.996277921524
FIN,ASR,IC5,private,F,True,1,7581.810000000005,0.20935586252524524,3790.9050000000025
HR,RUH,M2,private,M,True,1,7560.5835871550025,0.567910258112941,3780.2917935775013
OPS,JED,IC5,private,M,False,1,7546.939315549784,0.8256765159551245,3773.469657774892
DATA,RUH,M2,semigov,M,True,1,7539.90506147797,0.259786836410375,3769.952530738985
SALES,HAI,M1,startup,F,True,1,7539.425000000012,0.7962075873598227,3769.712500000006
ENG_MECH,JAZ,IC4,pif_backed,M,False,1,7535.279495678693,0.37712224091280183,3767.6397478393465
SWE,EST,IC4,pif_backed,M,False,2,7532.077922387871,0.25854383174112205,3766.0389611939354
SWE,QAS,IC5,public,M,False,1,7503.696817391012,0.5902343741556737,3751.848408695506
SWE,EST,IC6,pif_backed,M,False,1,7502.3763791130405,0.19669490430843112,3751.1881895565202
DATA,EST,IC3,private,M,True,1,7497.410288588973,0.7421260732215708,3748.7051442944867
DESIGN,QAS,IC3,public,F,False,1,7489.6250000000055,0.49249224072174475,3744.8125000000027
DATA,RUH,IC2,private,M,False,2,7478.791287751815,0.9822867856112028,3739.3956438759074
OPS,EST,IC5,semigov,F,False,1,7473.568034341284,0.8051730601944511,3736.784017170642
HEALTH,RUH,M1,private,M,False,1,7424.103206685406,0.8472044247883053,3712.051603342703
DATA,ASR,IC4,public,M,False,1,7412.568559247815,0.30180964239798175,3706.2842796239074
ENG_ELEC,JAZ,IC2,startup,M,True,1,7412.03500000001,1.5202428028780304,3706.017500000005
FIN,RUH,IC3,semigov,M,True,2,7408.738656124079,0.337003479540667,3704.3693280620396
SWE,JED,IC4,public,M,False,2,7393.325119460521,0.5970396277415045,3696.6625597302605
HR,RUH,M2,semigov,F,False,1,7391.794109465776,0.6970070022739899,3695.897054732888
CUSTOMER,JED,IC3,pif_backed,F,True,1,7383.288415686893,0.4252291883517724,3691.6442078434466
CUSTOMER,MAD,IC3,mnc,M,True,1,7377.032000000001,0.5474630684811955,3688.5160000000005
DATA,QAS,M1,private,F,True,1,7369.2300000000105,0.2524719656602253,3684.6150000000052
FIN,MAK,M3,private,F,True,1,7361.73,0.3738135098780872,3680.865
DESIGN,MAD,IC2,private,M,True,1,7358.450000000001,0.6478392738445827,3679.2250000000004
CUSTOMER,RUH,M2,startup,F,True,1,7357.570411711296,0.47935208842479515,3678.785205855648
ENG_MECH,MAD,M2,private,M,True,1,7345.927709999993,0.2862085068582012,3672.9638549999963
SWE,MAK,IC4,private,M,True,2,7342.548053606538,0.5685368355491425,3671.274026803269
ENG_MECH,RUH,IC5,startup,M,True,1,7335.590425849059,0.2459688473204315,3667.7952129245296
PM,RUH,IC3,private,M,True,1,7330.187792284743,0.3343686998903291,3665.0938961423717
SALES,RUH,M2,private,M,True,2,7327.841693425511,0.29661703245990256,3663.9208467127555
FIN,ASR,VP,private,M,False,1,7326.044999999998,0.17582012890517001,3663.022499999999
SALES,EST,IC4,mnc,M,True,3,7323.127699957066,0.45276001022601386,3661.563849978533
FIN,RUH,IC5,public,M,True,3,7295.298623795758,0.3436792531868104,3647.649311897879
OPS,EST,M1,private,M,True,1,7291.730654201994,0.30379413621504,3645.865327100997
SWE,EST,IC2,semigov,F,True,2,7290.0196600858135,0.6993796350074823,3645.0098300429067
OPS,JED,D1,pif_backed,M,False,1,7289.703090957573,0.2859497661493697,3644.8515454787866
PM,RUH,M2,mnc,M,False,1,7284.8426004605935,0.24127252230653545,3642.4213002302968
FIN,MAD,M1,public,M,True,1,7273.163364582822,0.5213845567099834,3636.581682291411
SUPPLY,EST,M2,private,F,False,1,7270.669999999995,0.3344876002565239,3635.3349999999973
SWE,TAB,D1,startup,M,False,1,7263.119999999999,0.24578861715984318,3631.5599999999995
HEALTH,RUH,IC4,semigov,F,True,1,7259.056023635014,0.3289773376578034,3629.528011817507
HEALTH,BAH,D2,private,M,False,1,7258.687709999995,0.28377405273287437,3629.3438549999973
DESIGN,RUH,IC4,pif_backed,F,False,1,7248.440181277281,0.2824378651549137,3624.2200906386406
DATA,JED,IC4,mnc,M,False,1,7240.36588010153,0.2849128887487734,3620.182940050765
ENG_ELEC,TAB,IC4,public,M,False,1,7232.794000000005,0.882552825945572,3616.3970000000027
LEGAL,EST,IC5,public,F,True,1,7226.801107586534,0.504879243951799,3613.400553793267
SALES,EST,M3,private,M,True,1,7226.510139370592,0.3147314100927574,3613.255069685296
DATA,RUH,IC4,private,M,True,2,7208.4223420049875,0.21089814587514105,3604.2111710024938
HEALTH,JED,IC2,private,F,True,1,7205.583436506911,0.486861114028229,3602.7917182534557
PM,EST,IC3,semigov,F,True,1,7188.957507303001,0.6906522188909726,3594.4787536515005
SALES,MAK,IC6,semigov,M,False,1,7184.209999999986,0.6514523498842478,3592.104999999993
SWE,RUH,IC4,startup,M,True,1,7172.838284972504,0.4446846056162151,3586.419142486252
OPS,EST,IC4,private,M,True,3,7154.7408398900525,0.4137451512707973,3577.3704199450262
CUSTOMER,RUH,M2,private,M,False,1,7153.478773635757,1.360251072200055,3576.7393868178783
SUPPLY,EST,IC5,public,M,False,1,7151.325438444424,1.1676758150490292,3575.662719222212
DATA,RUH,IC3,semigov,M,True,1,7149.283503932724,0.32471385999173025,3574.641751966362
ENG_ELEC,JED,IC6,mnc,M,False,1,7137.8699999999735,0.31652851735306625,3568.9349999999868
HEALTH,JED,IC6,public,F,True,1,7135.025974648626,0.2507575759315997,3567.512987324313
SWE,JAZ,IC3,private,F,True,1,7131.38499999998,0.40884756616683704,3565.69249999999
PM,TAB,IC1,pif_backed,M,False,1,7121.729999999998,0.6616801850767899,3560.864999999999
HR,QAS,M3,public,F,True,1,7110.590000000009,0.30499136358430806,3555.2950000000046
LEGAL,QAS,M3,semigov,M,False,1,7108.530000000021,0.20229330228015535,3554.2650000000103
OPS,MAK,M1,public,M,False,1,7108.142290000005,0.6339604692355172,3554.0711450000026
SALES,EST,IC4,private,M,False,3,7090.324206104669,0.6956253577884443,3545.1621030523347
SWE,TAB,IC3,public,F,False,1,7083.73646534502,0.8320250492250886,3541.86823267251
SUPPLY,JED,IC5,private,M,False,1,7078.9773200873315,0.3499409918249949,3539.4886600436657
FIN,EST,IC4,private,M,True,3,7074.022232538945,0.23039098371622982,3537.0111162694725
CUSTOMER,EST,IC4,startup,M,True,1,7062.180736461003,0.36649451603209016,3531.0903682305016
CUSTOMER,RUH,M3,private,F,False,1,7057.615552906807,0.7093993551840647,3528.8077764534037
SWE,JED,IC3,private,M,True,1,7044.84043934599,0.2673577939065327,3522.420219672995
DESIGN,NJR,M2,pif_backed,M,True,1,7039.412290000006,0.6240055003940255,3519.706145000003
DATA,RUH,M2,private,M,False,2,7008.538972057706,0.1540220995390357,3504.269486028853
ENG_MECH,MAK,IC4,mnc,M,True,1,7001.800026451767,0.7784881229307843,3500.9000132258834
HR,RUH,IC3,startup,F,False,1,6998.3265482114,0.4213884425378588,3499.1632741057
OPS,RUH,M1,public,M,False,1,6996.151813317536,0.5095384766264518,3498.075906658768
SALES,RUH,M3,private,F,False,2,6988.99308956847,0.37917388076485486,3494.496544784235
SWE,JED,IC4,private,M,False,1,6985.216583509273,0.3280938541734627,3492.6082917546364
ENG_ELEC,RUH,IC3,semigov,M,False,1,6974.981347017596,0.9877268551992234,3487.490673508798
ENG_ELEC,RUH,IC4,semigov,M,True,1,6974.912791782322,0.9693598936793222,3487.456395891161
DATA,RUH,M3,semigov,M,True,1,6971.142781951385,0.2049726017418164,3485.5713909756923
CUSTOMER,RUH,IC6,pif_backed,F,True,1,6968.334240282948,0.23183315202384983,3484.167120141474
CUSTOMER,TAB,IC2,semigov,F,False,1,6967.746666666664,0.6581050708108893,3483.873333333332
SUPPLY,QAS,D1,private,F,False,1,6959.797709999995,0.2753060578586735,3479.8988549999976
PM,EST,IC3,mnc,M,False,1,6953.331286202891,0.30275129102721937,3476.6656431014453
SWE,EST,IC2,mnc,M,True,1,6951.879543318713,1.2136661213894402,3475.9397716593567
PM,RUH,IC3,private,F,False,1,6948.386510065055,0.27912038224932706,3474.1932550325273
SWE,RUH,IC5,private,M,False,2,6943.53245006581,0.34079377912213693,3471.766225032905
ENG_CIVIL,RUH,M2,semigov,M,False,1,6924.014801901296,0.2164502731850851,3462.007400950648
MARKETING,EST,M1,semigov,M,False,1,6914.89866263409,0.5896899253759779,3457.449331317045
PM,MAK,M1,private,M,True,1,6911.340000000007,0.2706132253700636,3455.6700000000037
CUSTOMER,MAD,D1,pif_backed,F,False,1,6911.269999999999,0.3036336645451362,3455.6349999999993
FIN,EST,IC3,semigov,M,False,1,6907.74342484652,0.7433180056694113,3453.87171242326
HEALTH,JED,IC4,private,F,False,1,6903.558576600915,0.7953060322936226,3451.7792883004577
DESIGN,RUH,M3,private,M,True,1,6894.025313015329,0.1783652425790818,3447.0126565076644
OPS,JED,IC4,private,M,False,1,6888.450502147403,0.6919811085989106,3444.2252510737017
SALES,JED,M1,private,M,False,2,6882.978532049411,0.8470594628514572,3441.4892660247056
HEALTH,RUH,IC5,public,F,True,1,6860.421633538843,0.6105647584758572,3430.2108167694214
SUPPLY,RUH,M3,private,M,True,1,6853.40988926846,0.20449802777785614,3426.70494463423
ENG_CIVIL,JED,M3,semigov,M,False,1,6842.949999999997,0.768741223389316,3421.4749999999985
SWE,RUH,IC5,private,M,True,5,6829.261436780839,0.2243775514167848,3414.6307183904196
DESIGN,EST,IC3,semigov,F,False,1,6820.886044441018,0.7263038009335325,3410.443022220509
EDU,ASR,IC4,private,F,False,1,6812.747727455153,0.49115220856935915,3406.3738637275765
HEALTH,ASR,D1,startup,F,False,1,6803.906666666673,0.28023637820677866,3401.9533333333366
MARKETING,RUH,IC4,private,M,True,1,6797.931271272577,0.7301132633506476,3398.9656356362884
DATA,JED,IC5,private,M,True,1,6796.202003566683,0.301206429899863,3398.1010017833414
EDU,EST,M3,private,F,False,2,6789.289394756281,0.31515291073701335,3394.6446973781403
DESIGN,RUH,IC3,public,M,False,1,6788.63719772156,0.3534820650059339,3394.31859886078
ENG_MECH,EST,IC4,pif_backed,M,True,1,6788.522747078681,0.6570214238573596,3394.2613735393406
MARKETING,RUH,M3,pif_backed,F,False,1,6783.049080486046,0.17231040544820184,3391.524540243023
HEALTH,RUH,IC3,mnc,M,False,2,6782.966409530942,0.4075138021047886,3391.483204765471
EDU,NOR,M2,private,F,False,1,6780.712290000007,0.5875981536797725,3390.3561450000034
MARKETING,MAK,IC3,private,M,True,1,6767.485511940338,1.6918713779850845,3383.742755970169
HR,JED,IC4,public,F,False,1,6766.2297057817295,1.1441308562904313,3383.1148528908648
SUPPLY,EST,IC6,private,M,False,1,6758.751367923594,0.6102429023966928,3379.375683961797
OPS,EST,M1,private,M,False,2,6756.587287009182,0.6397286379572683,3378.293643504591
HEALTH,JED,IC5,private,M,False,1,6739.688083827643,0.7425679810391411,3369.8440419138215
SALES,TAB,IC4,private,M,False,2,6726.602409084347,0.7900725908433621,3363.3012045421733
OPS,RUH,M1,private,M,True,2,6723.239438199447,0.47050990003707993,3361.6197190997236
SALES,EST,M2,private,F,True,1,6709.625000820521,0.32442202754407606,3354.8125004102603
SUPPLY,RUH,M1,private,F,False,1,6706.064326391915,1.18202485055477,3353.0321631959573
FIN,EST,M1,semigov,F,True,1,6705.9666044789465,0.7231509312236416,3352.9833022394732
ENG_MECH,ASR,IC4,public,M,False,1,6702.900847918503,0.4268387577565705,3351.4504239592516
PM,JAZ,IC5,public,M,True,1,6700.4522900000065,0.5766324947482658,3350.2261450000033
PM,RUH,IC5,private,M,True,1,6678.705184311471,0.2097269749971886,3339.3525921557357
SALES,RUH,IC5,private,F,True,1,6661.483699470613,0.826008218497547,3330.7418497353065
LEGAL,RUH,IC2,private,F,True,1,6654.849640928598,1.6637124102321494,3327.424820464299
HEALTH,EST,M3,private,F,False,1,6643.45544597998,0.35586006364546385,3321.72772298999
PM,TAB,IC5,public,M,True,1,6630.9900000000125,0.2035253429488541,3315.4950000000063
FIN,MAK,IC4,semigov,F,True,1,6618.021778911505,0.27927383046182597,3309.0108894557525
ENG_CIVIL,MAK,IC5,private,M,True,1,6599.624999999991,1.0745792213417031,3299.8124999999955
LEGAL,RUH,IC4,public,M,True,1,6587.49782304138,0.278876021228087,3293.74891152069
DATA,JED,IC4,private,M,True,1,6579.482170091185,0.28341109818775717,3289.7410850455926
HEALTH,EST,IC5,private,F,False,1,6574.290934157365,0.26591671820374474,3287.1454670786825
EDU,RUH,IC6,mnc,F,True,1,6570.397712452128,0.5658209472364831,3285.198856226064
MARKETING,QAS,IC4,private,F,True,1,6561.315076904932,0.30371720138593805,3280.657538452466
SWE,QAS,IC3,semigov,M,False,1,6535.740895009187,0.7766876209919782,3267.8704475045934
CUSTOMER,RUH,IC5,semigov,M,True,1,6530.334887744644,0.4540169672488153,3265.167443872322
ENG_ELEC,RUH,IC3,private,M,False,1,6528.361673099214,0.27835554510402855,3264.180836549607
DESIGN,EST,IC4,private,M,False,1,6527.714684365797,0.7289805534559742,3263.8573421828987
CUSTOMER,RUH,M4,mnc,F,True,1,6520.703278928049,0.2251071397501528,3260.3516394640246
ENG_ELEC,RUH,IC4,private,M,False,1,6515.999142177709,0.3460664750542499,3257.9995710888543
SUPPLY,RUH,IC5,private,F,True,1,6511.8146474248915,0.8345452415886149,3255.9073237124458
MARKETING,JED,D3,private,M,False,1,6500.260000000038,0.09533199873873534,3250.130000000019
DATA,ASR,IC3,semigov,M,True,1,6495.069999999991,0.6691740245824781,3247.5349999999953
DATA,ASR,IC3,private,F,True,1,6489.419999999991,0.6682029500347508,3244.7099999999955
HEALTH,RUH,M3,public,M,False,1,6487.0597220170475,0.49572215071412123,3243.5298610085238
DESIGN,JED,M3,semigov,M,False,1,6477.413333333341,0.29013636628995126,3238.7066666666706
MARKETING,NJR,M2,mnc,F,True,1,6465.119999999981,0.3540248289185539,3232.5599999999904
SWE,JED,M2,public,M,True,1,6431.458976199534,0.21877474395723512,3215.729488099767
EDU,RUH,IC5,mnc,F,True,1,6427.379768398856,0.2851507131629121,3213.689884199428
FIN,QAS,IC4,mnc,M,True,1,6427.265620783699,0.29417947917617127,3213.6328103918495
SALES,RUH,IC4,semigov,M,True,2,6406.839453699291,0.21920196303865297,3203.4197268496455
SWE,NOR,IC4,private,M,True,1,6397.255000000003,0.5388310098909497,3198.6275000000014
HEALTH,NOR,IC5,private,M,False,1,6396.652290000005,0.536462233840472,3198.3261450000027
HEALTH,EST,M1,semigov,M,False,1,6395.606904480221,0.6363654992761565,3197.8034522401103
OPS,JED,M2,private,F,True,1,6394.406675971935,0.5516961529510878,3197.2033379859677
SUPPLY,EST,IC5,mnc,M,False,1,6393.774757810482,0.917638505693532,3196.887378905241
HEALTH,MAK,M4,private,F,False,1,6386.384999999995,0.42735331275879845,3193.1924999999974
DATA,JED,M3,private,M,False,1,6384.079999999991,0.21003683165515408,3192.0399999999954
MARKETING,ASR,M4,public,F,False,1,6380.579999999991,0.46192204362377415,3190.2899999999954
EDU,JED,IC6,pif_backed,F,False,1,6379.376198580776,0.2733905109037244,3189.688099290388
PM,TAB,M2,private,M,False,1,6378.320000000007,0.5951479864143626,3189.1600000000035
OPS,MAD,IC3,public,M,False,1,6378.171785882723,0.471760361797665,3189.0858929413616
HEALTH,HAI,IC4,private,F,False,1,6375.822500000009,0.3506875614655369,3187.9112500000047
SALES,RUH,M1,semigov,M,False,3,6365.397417501234,0.415766244754138,3182.698708750617
DESIGN,EST,IC4,mnc,F,False,1,6360.75593344027,0.33471884503308225,3180.377966720135
SWE,RUH,D2,private,F,True,1,6349.021999999939,0.09367942713067119,3174.5109999999695
OPS,JED,IC3,private,M,True,1,6348.318588286573,0.39915661887590187,3174.1592941432864
SALES,TAB,M4,public,F,True,1,6339.962290000007,0.5291918916302051,3169.9811450000034
HEALTH,JED,IC4,pif_backed,F,False,1,6334.583542584811,0.3123198455497689,3167.2917712924054
ENG_CIVIL,JED,IC5,pif_backed,M,False,1,6329.909216631902,0.27854949832348214,3164.954608315951
EDU,MAK,IC3,private,M,True,1,6318.3448098112085,0.4757116319234332,3159.1724049056043
OPS,RUH,IC5,private,M,True,2,6310.902294469809,0.554068400731695,3155.4511472349045
MARKETING,JED,M4,mnc,M,True,1,6302.640110373384,0.2871882970294105,3151.320055186692
SALES,ASR,IC4,private,F,False,1,6298.830462199322,0.9620368516613982,3149.415231099661
DESIGN,RUH,IC4,mnc,F,True,1,6289.588201558347,0.5556089883419018,3144.7941007791733
PM,JED,M2,pif_backed,F,False,1,6287.326666666664,0.3064299508220183,3143.663333333332
MARKETING,EST,IC2,semigov,F,True,2,6282.026783457126,0.44847327522598135,3141.013391728563
ENG_ELEC,RUH,IC6,private,M,False,1,6280.245759276055,0.16082139023309625,3140.1228796380274
CUSTOMER,EST,IC4,semigov,M,False,1,6277.256922838093,0.3102098153562692,3138.6284614190463
ENG_MECH,EST,IC4,mnc,M,False,1,6277.255440381108,0.23139618119242913,3138.627720190554
OPS,RUH,M1,pif_backed,M,False,1,6263.276681535244,0.7298775917242137,3131.638340767622
OPS,RUH,M1,semigov,M,False,1,6257.508679199684,0.6199426254620147,3128.754339599842
DATA,JED,IC1,private,M,True,1,6252.959999999992,1.563239999999998,3126.479999999996
OPS,EST,IC3,pif_backed,M,False,2,6247.729508707071,0.5413297006292117,3123.8647543535353
HEALTH,TAB,M1,private,M,False,1,6245.267500000002,0.2691927967179283,3122.633750000001
HR,EST,IC5,public,F,False,1,6241.058741669738,0.25775247989622835,3120.529370834869
EDU,EST,IC4,public,F,True,3,6235.081587678326,0.35146824750303374,3117.540793839163
SALES,MAD,IC4,private,F,False,1,6198.939248939231,0.962215593189333,3099.4696244696156
SUPPLY,MAK,IC2,mnc,M,True,1,6192.849958470076,0.4685334282429741,3096.424979235038
ENG_CIVIL,RUH,IC6,public,M,True,1,6176.800069020068,0.22366800861025024,3088.400034510034
SUPPLY,MAD,IC5,private,F,False,1,6174.910000000011,0.26677141827689554,3087.4550000000054
LEGAL,JED,IC2,public,M,True,1,6170.434000000011,1.2318227098592809,3085.2170000000056
HEALTH,HAI,IC5,public,F,False,1,6159.006666666668,0.29932018412456196,3079.503333333334
DESIGN,RUH,IC4,private,M,False,1,6156.369711877875,0.4248491249487862,3078.1848559389373
SALES,RUH,IC4,public,M,False,1,6146.954283368867,0.8478312053538956,3073.4771416844337
OPS,RUH,IC2,mnc,M,True,1,6131.140881008284,0.4828917138448579,3065.570440504142
SALES,RUH,IC6,private,M,True,1,6126.202177499563,0.2580675973882181,3063.1010887497814
EDU,RUH,IC6,semigov,F,True,2,6124.585752589532,0.5707622871920417,3062.292876294766
ENG_MECH,JED,IC4,private,M,False,1,6123.632313221715,0.22291601827197366,3061.8161566108574
SWE,RUH,IC3,semigov,M,False,2,6105.285747858097,0.2772040532648705,3052.6428739290486
HR,JED,IC5,private,F,True,1,6096.442560611838,0.5414434923244977,3048.221280305919
OPS,RUH,IC6,private,M,False,2,6081.36810223771,0.6811661414341176,3040.684051118855
EDU,RUH,M3,semigov,M,True,1,6076.098948072129,0.20870655388608741,3038.0494740360646
DESIGN,MAK,IC1,mnc,F,True,1,6071.059999999995,0.48420622786259837,3035.5299999999975
DATA,NJR,IC3,semigov,M,True,1,6049.4950000000035,0.5544811776880149,3024.7475000000018
CUSTOMER,RUH,IC5,semigov,F,True,1,6048.825139524988,0.38283194587445285,3024.412569762494
SALES,JED,M2,semigov,M,True,1,6032.438254452001,0.1985283331364869,3016.2191272260006
HEALTH,RUH,IC5,public,M,True,1,6029.924778812892,0.23023750187334305,3014.962389406446
CUSTOMER,RUH,IC4,private,F,True,2,6026.7148331875,0.9197872035427748,3013.35741659375
SALES,JED,IC2,startup,M,True,1,6019.920519098416,0.4238550846452888,3009.960259549208
PM,RUH,M3,private,M,False,2,6000.9278740211885,0.17459392743198732,3000.4639370105942
HEALTH,JED,M2,mnc,M,False,1,5998.1528732715415,0.2226006603356197,2999.0764366357707
SUPPLY,EST,IC6,private,F,False,1,5997.601264100418,0.45470372650613894,2998.800632050209
ENG_CIVIL,RUH,M2,semigov,M,True,1,5994.822451589818,0.2760667429694065,2997.411225794909
ENG_CIVIL,MAD,M3,pif_backed,M,False,1,5990.610000000015,0.4820632782436992,2995.3050000000076
ENG_CIVIL,EST,IC3,public,M,False,1,5989.583273398286,2.108829983873999,2994.791636699143
ENG_MECH,TAB,IC5,public,M,False,2,5987.969999999999,0.5467190125181687,2993.9849999999997
ENG_ELEC,NJR,IC5,private,M,False,1,5971.092290000006,0.4835154854554867,2985.546145000003
HEALTH,QAS,IC3,pif_backed,F,False,1,5968.166782074753,0.3966191806051964,2984.0833910373767
PM,EST,IC4,private,M,True,1,5965.744759768162,0.3742362368370705,2982.872379884081
SALES,NOR,IC3,mnc,M,True,1,5956.053333333335,0.5273382348080258,2978.0266666666676
SWE,RUH,IC4,public,M,True,3,5944.372484181761,0.4133131748540597,2972.1862420908806
MARKETING,RUH,IC4,private,M,False,3,5942.569281379935,0.8774550045286443,2971.2846406899675
HEALTH,EST,IC4,semigov,M,True,2,5940.5177817466665,0.34818764495498217,2970.2588908733333
SWE,ASR,IC4,private,M,False,1,5916.511744910484,0.6845009966877557,2958.255872455242
SALES,EST,IC5,private,M,True,1,5913.944138648163,0.19749881909178282,2956.9720693240815
PM,RUH,IC4,pif_backed,F,True,1,5904.05405946312,0.17454034462720192,2952.02702973156
DATA,EST,IC2,public,M,True,1,5892.857233606797,1.4203900041474553,2946.4286168033987
SWE,RUH,IC5,private,F,False,1,5892.499936240089,0.20741892485151864,2946.2499681200443
SWE,MAD,IC2,semigov,M,False,1,5884.245999999995,0.9415501645723751,2942.1229999999973
SWE,EST,IC4,private,F,False,1,5873.085933930115,0.5719734141852897,2936.5429669650575
SWE,RUH,IC2,semigov,M,True,2,5870.896506809153,0.2978375477864541,2935.4482534045765
CUSTOMER,NJR,M1,pif_backed,F,False,1,5870.593333333334,1.2941255138136325,2935.296666666667
ENG_MECH,EST,IC3,semigov,F,False,1,5853.8846473629565,0.3965412472912838,2926.9423236814782
MARKETING,RUH,IC3,private,M,False,3,5851.592902532865,0.5014563277494665,2925.7964512664325
DESIGN,RUH,IC1,mnc,M,False,1,5848.5520000000015,0.5332620925461592,2924.2760000000007
ENG_MECH,QAS,IC2,pif_backed,M,True,1,5841.1233333333375,0.529786922705288,2920.5616666666688
OPS,JED,IC5,semigov,M,True,1,5833.66505187919,0.4385413080075738,2916.832525939595
ENG_ELEC,ASR,M2,private,M,True,1,5832.039999999997,0.23510545407049716,2916.0199999999986
FIN,QAS,IC3,private,M,True,1,5822.7080000000005,0.37292253223447075,2911.3540000000003
SWE,RUH,IC4,pif_backed,F,True,1,5817.98614891,0.19624754601978808,2908.993074455
OPS,MAD,IC5,private,M,True,1,5816.890000000001,0.6985216327246222,2908.4450000000006
SALES,EST,IC2,private,M,False,1,5814.573099084154,0.5223938895717631,2907.286549542077
SALES,RUH,IC5,private,M,True,3,5814.338247866394,0.1364057020938233,2907.169123933197
EDU,RUH,IC6,mnc,M,True,1,5810.377139904787,0.2482317154562612,2905.1885699523937
DATA,JED,IC3,private,M,True,4,5810.171754952649,0.39165266520327646,2905.0858774763246
DESIGN,EST,IC5,public,M,False,1,5801.775369334831,0.4372547125654801,2900.8876846674157
SALES,RUH,IC4,private,M,True,7,5779.16514737142,0.23126640362479206,2889.58257368571
SALES,EST,M3,mnc,F,False,1,5763.9275910467695,0.14557199706747967,2881.9637955233848
EDU,RUH,IC3,semigov,F,True,1,5757.516349342132,0.4289141592555526,2878.758174671066
MARKETING,JAZ,IC3,private,M,False,1,5755.453333333336,3.1606871870909883,2877.726666666668
SUPPLY,TAB,IC4,private,M,False,1,5755.363895629677,1.3500546310935517,2877.6819478148386
HEALTH,QAS,M2,private,M,False,1,5751.230000000014,0.3467418362775978,2875.615000000007
CUSTOMER,BAH,M2,private,F,False,1,5749.162290000006,0.4573258599376678,2874.581145000003
HEALTH,RUH,IC3,pif_backed,M,False,1,5743.380931394573,0.3107473094192215,2871.6904656972865
HEALTH,EST,IC4,pif_backed,M,True,2,5741.011096187325,0.22222600174137133,2870.5055480936626
EDU,JED,M2,public,F,True,3,5734.062208161459,0.23710782620234586,2867.0311040807296
ENG_MECH,QAS,IC4,private,M,True,1,5726.727499999995,0.2923713583942957,2863.3637499999977
SWE,MAD,IC4,private,M,True,2,5720.559928659746,0.21417616629361588,2860.279964329873
HR,JAZ,IC4,private,F,True,1,5699.907370594516,0.3862204711420532,2849.953685297258
SALES,RUH,D1,public,M,False,1,5692.883463832681,0.25218740232500375,2846.4417319163404
ENG_MECH,RUH,IC3,semigov,M,True,1,5665.053776246368,0.319927045819238,2832.526888123184
FIN,EST,M2,startup,F,False,1,5662.639584701959,0.28329203923726703,2831.3197923509797
DESIGN,BAH,IC4,semigov,F,False,1,5659.719999999992,0.27658337153239615,2829.859999999996
OPS,RUH,M3,private,F,True,1,5655.7283278193245,0.2565892912296473,2827.8641639096622
CUSTOMER,RUH,IC3,pif_backed,F,False,1,5654.769378382816,0.2836262189845625,2827.384689191408
ENG_CIVIL,HAI,M1,mnc,F,False,1,5654.592290000006,0.44644466963475793,2827.296145000003
MARKETING,EST,IC3,private,M,False,1,5648.524591874928,3.1380692177082934,2824.262295937464
CUSTOMER,RUH,M2,semigov,M,False,1,5646.95353974219,0.870938088353392,2823.476769871095
ENG_CIVIL,ASR,IC4,private,M,False,1,5646.369999999997,0.3465721011168022,2823.1849999999986
FIN,JED,M2,private,F,True,1,5631.630131200844,0.18066449026942477,2815.815065600422
SWE,EST,IC4,private,M,True,4,5613.026174509867,0.2692959878626661,2806.5130872549335
SUPPLY,EST,M2,pif_backed,F,False,1,5604.869999999992,0.2792529896457262,2802.434999999996
EDU,ASR,M2,private,M,True,1,5603.534999999991,0.8022447249893327,2801.7674999999954
ENG_MECH,JED,IC3,pif_backed,M,False,1,5600.452087936093,0.6826889052426389,2800.2260439680467
SUPPLY,BAH,IC3,public,M,False,1,5593.892290000005,0.4395457591346585,2796.9461450000026
ENG_MECH,QAS,IC4,mnc,M,True,1,5592.357499999996,0.2874834214097712,2796.178749999998
PM,RUH,M1,semigov,M,True,1,5588.453772918365,0.294861177614022,2794.2268864591824
SWE,TAB,IC5,public,M,False,1,5579.367499999997,0.27506479299027825,2789.6837499999983
FIN,RUH,M1,private,M,False,1,5578.582596254162,0.4307047437623946,2789.291298127081
HEALTH,RUH,IC2,private,F,True,1,5571.887017792455,0.42981480390207977,2785.9435088962273
SWE,RUH,IC2,semigov,M,False,1,5555.049713912618,0.40986846062107746,2777.524856956309
ENG_ELEC,EST,IC4,semigov,M,True,1,5547.795207288236,0.43114853936343683,2773.897603644118
HR,BAH,IC4,public,F,False,1,5543.529999999995,0.86633223157286,2771.7649999999976
ENG_CIVIL,TAB,IC3,public,M,False,1,5532.352499999997,1.49253979987428,2766.1762499999986
SWE,EST,IC4,public,F,True,2,5529.504626957727,0.37665285026466105,2764.7523134788635
PM,JED,IC3,public,M,True,1,5525.3223594338015,0.24511766777974509,2762.6611797169007
ENG_MECH,TAB,M3,private,M,False,1,5514.240000000009,0.40438512156326173,2757.1200000000044
ENG_MECH,EST,IC4,private,F,False,1,5510.4052588902305,0.24749492735099432,2755.2026294451152
DESIGN,RUH,IC4,public,M,True,1,5507.418454243962,0.2194501871278939,2753.709227121981
ENG_ELEC,HAI,IC2,startup,M,True,1,5496.694999999998,0.48872109254830115,2748.347499999999
FIN,JED,IC4,mnc,F,True,1,5490.683915783218,0.33761337174615486,2745.341957891609
CUSTOMER,BAH,M1,startup,M,True,1,5484.1749999999965,0.4031408551547306,2742.0874999999983
SALES,MAD,IC4,public,M,True,2,5482.50019182945,0.8034069556264419,2741.250095914725
HEALTH,QAS,M2,private,F,True,1,5482.410000000014,0.32526307733290066,2741.205000000007
FIN,RUH,IC4,private,F,True,2,5479.106873526152,0.23021282839659002,2739.553436763076
HR,EST,M1,private,F,True,1,5476.812000000009,0.22997214793465195,2738.4060000000045
MARKETING,HAI,IC4,public,F,True,1,5475.731999999991,0.46779377793572824,2737.8659999999954
SWE,RUH,IC4,semigov,M,False,3,5450.8710527498815,0.17825340458642472,2725.4355263749408
HR,EST,M2,private,M,False,1,5449.383999999984,0.37332858341754044,2724.691999999992
SALES,EST,IC3,pif_backed,M,False,1,5444.317377245673,0.4271711273981407,2722.1586886228365
CUSTOMER,RUH,IC6,public,F,True,1,5441.508892260481,0.41205883630658985,2720.7544461302405
MARKETING,EST,IC3,private,F,True,2,5432.016270626905,0.3081620705808299,2716.0081353134524
SALES,JED,IC4,private,M,False,1,5431.668345739947,0.7584349406479969,2715.8341728699734
DESIGN,EST,IC2,private,M,False,1,5420.345677961249,1.2361502255399828,2710.1728389806244
FIN,RUH,IC4,public,F,True,6,5420.097840828326,0.27323646285965264,2710.048920414163
FIN,JED,IC3,semigov,M,True,1,5406.337498984103,0.41101674290585016,2703.1687494920516
FIN,JAZ,IC2,private,F,True,2,5392.025,0.40222411074210973,2696.0125
SUPPLY,JED,IC6,startup,F,True,1,5378.746666666655,0.24289081530833573,2689.3733333333275
CUSTOMER,ASR,IC5,public,F,False,1,5378.360000000004,0.9899556960976865,2689.180000000002
MARKETING,HAI,IC2,semigov,F,True,1,5376.24,0.7491722684860038,2688.12
HR,RUH,M4,mnc,M,True,1,5376.21334421479,0.25087405064854573,2688.106672107395
DESIGN,RUH,M1,private,F,True,1,5373.7918266562665,0.1973103880437267,2686.8959133281332
MARKETING,QAS,IC3,mnc,F,True,1,5373.540000000002,1.2773947853869125,2686.770000000001
SWE,RUH,IC4,pif_backed,M,True,1,5369.294087893188,0.16167741710588848,2684.647043946594
FIN,MAD,IC4,private,F,False,1,5363.568822659231,1.249611229386218,2681.7844113296155
FIN,RUH,M1,public,M,True,1,5348.573412586447,0.22040013139295617,2674.2867062932237
CUSTOMER,JED,IC3,mnc,F,True,1,5332.3195003715955,0.3533975026640145,2666.1597501857977
CUSTOMER,JED,IC4,semigov,M,False,1,5329.538743680207,2.876136654585599,2664.7693718401033
HR,RUH,IC3,mnc,F,False,1,5314.356251224281,0.9500779911370638,2657.1781256121403
DESIGN,EST,D1,private,F,True,1,5312.150000000023,0.13334680486280437,2656.0750000000116
HEALTH,RUH,IC6,mnc,F,True,1,5307.702458435546,0.24463009415816334,2653.851229217773
ENG_MECH,EST,M3,mnc,F,False,1,5293.914156704279,0.1813821639820122,2646.9570783521394
OPS,MAD,IC4,private,M,False,1,5291.107426586146,0.30119841784874046,2645.553713293073
SUPPLY,EST,IC5,public,F,True,1,5285.65765860858,0.6620221488191647,2642.82882930429
SALES,EST,IC2,public,M,True,2,5279.043508936227,0.3516571452844398,2639.5217544681136
DATA,RUH,M1,private,M,False,2,5266.339154385641,0.17993458811608304,2633.1695771928207
SWE,MAD,IC4,mnc,M,False,1,5265.576169321452,0.39187666198709603,2632.788084660726
PM,JED,IC3,private,F,False,1,5259.380036548719,0.2197679977798609,2629.6900182743593
DATA,RUH,IC3,private,M,False,1,5252.185931922582,0.6223566399053205,2626.092965961291
PM,NJR,M4,public,M,True,1,5250.60000000002,0.1696697473017521,2625.30000000001
DESIGN,RUH,M2,public,M,False,1,5246.150271762373,0.2451434287117242,2623.0751358811867
CUSTOMER,MAK,IC3,public,F,False,1,5244.604245577388,1.5330707123623604,2622.302122788694
ENG_MECH,QAS,M1,public,M,True,1,5242.170000000016,0.17088391582039764,2621.085000000008
SWE,MAK,IC3,private,M,False,2,5240.333505899949,0.4245033647723553,2620.1667529499746
HEALTH,RUH,M5,semigov,M,False,1,5237.254999999983,0.13655747467799567,2618.6274999999914
OPS,RUH,IC3,private,M,True,4,5235.882878277587,0.5590414145261142,2617.9414391387936
PM,MAD,IC4,private,F,True,1,5235.493999999995,0.3845731310480994,2617.7469999999976
SWE,EST,M1,private,M,False,1,5230.559716135387,0.19111870731841965,2615.2798580676936
SWE,EST,IC3,private,M,True,3,5207.694675358992,0.4283987836651357,2603.847337679496
DESIGN,MAD,IC4,private,F,False,1,5207.033333333329,0.5459794520667638,2603.5166666666646
CUSTOMER,EST,IC5,public,M,True,1,5195.485256096847,0.9368442488359237,2597.7426280484233
ENG_MECH,MAD,IC2,private,M,False,1,5194.479999999999,0.6248487341787377,2597.2399999999993
OPS,RUH,IC3,public,F,False,1,5186.003397570637,0.918013190911682,2593.0016987853187
SALES,MAK,IC4,private,M,False,1,5173.095999496849,0.5839624951879413,2586.5479997484244
LEGAL,HAI,IC5,private,F,True,1,5169.657709999996,0.22007833562082357,2584.828854999998
LEGAL,HAI,IC6,public,M,True,1,5164.447709999993,0.21990531393190565,2582.2238549999965
MARKETING,RUH,M1,pif_backed,F,False,1,5160.928976048271,0.7487593978574639,2580.4644880241353
HR,QAS,IC4,private,F,False,1,5152.385369301874,0.7967318760614628,2576.192684650937
ENG_CIVIL,QAS,D1,pif_backed,M,True,1,5149.370000000017,0.1156017470346773,2574.6850000000086
MARKETING,RUH,M3,semigov,F,False,1,5146.511678275423,0.22668132849868383,2573.2558391377115
SWE,RUH,IC4,public,M,False,3,5137.405073270559,0.3189278932713617,2568.7025366352796
CUSTOMER,RUH,IC5,semigov,F,False,1,5136.90843656598,0.347774793126568,2568.45421828299
HEALTH,EST,IC4,pif_backed,F,False,1,5136.192899829635,0.5144527033624107,2568.0964499148176
HR,JED,M1,private,M,False,1,5135.469999999999,0.5950746005775229,2567.7349999999997
ENG_MECH,JED,IC5,mnc,M,False,1,5128.696055927285,0.17700161226057415,2564.3480279636424
OPS,JED,M1,pif_backed,M,False,1,5127.728995057643,0.3031052787946107,2563.8644975288216
SALES,RUH,IC4,startup,M,True,2,5121.770619869347,0.31515232555508094,2560.8853099346734
HEALTH,RUH,IC5,startup,F,False,1,5120.866298685802,0.5049188025476142,2560.433149342901
SWE,RUH,IC4,mnc,M,True,3,5118.725704286786,0.16637797027132417,2559.362852143393
HEALTH,RUH,IC3,mnc,F,True,3,5108.920776072824,0.42451255583859604,2554.460388036412
EDU,NOR,M3,public,M,True,1,5104.099999999991,0.25113918220961695,2552.0499999999956
SALES,EST,IC4,semigov,M,False,1,5100.841511060384,0.34613797572957805,2550.420755530192
DESIGN,JED,IC5,pif_backed,M,False,1,5081.4292881964975,0.16121413679348653,2540.7146440982488
SWE,RUH,M4,private,M,True,1,5078.407706424572,0.07911756422254729,2539.203853212286
CUSTOMER,RUH,IC4,semigov,M,True,2,5076.255279303008,0.33053953859825336,2538.127639651504
HEALTH,RUH,IC4,mnc,M,True,2,5074.937766564462,0.29098030326707686,2537.468883282231
CUSTOMER,NOR,M3,public,F,False,2,5068.730000000003,1.0255357578607027,2534.3650000000016
SUPPLY,RUH,IC4,startup,F,True,1,5067.550605045755,0.2889516707167444,2533.7753025228776
SALES,TAB,M2,public,M,False,1,5059.9200000000055,0.5107150931817453,2529.9600000000028
ENG_MECH,RUH,M1,private,M,False,2,5050.77165005364,0.21309009407185764,2525.38582502682
OPS,EST,IC3,private,M,True,2,5038.041883127982,0.25233421578464205,2519.020941563991
PM,RUH,IC4,public,M,False,1,5037.950604942547,0.32250974996239357,2518.9753024712736
SALES,RUH,M1,mnc,M,False,1,5034.646601013852,0.5947765386435605,2517.323300506926
ENG_CIVIL,QAS,IC4,public,M,False,1,5032.6776420378,0.9277577613737887,2516.3388210189
HEALTH,RUH,M1,semigov,F,True,1,5031.943975350194,0.2380741130008362,2515.971987675097
OPS,HAI,IC4,private,M,False,1,5029.160000000003,0.8189747264200108,2514.5800000000013
OPS,RUH,IC4,public,M,False,1,5028.834855245132,0.3365236782359351,2514.417427622566
CUSTOMER,QAS,IC2,private,F,True,1,5028.339999999997,0.48728427160869464,2514.1699999999987
SUPPLY,EST,M1,semigov,M,False,1,5028.108574619591,0.41511321040531207,2514.0542873097957
HEALTH,RUH,IC4,private,F,True,2,5027.313601793155,0.5124823832085753,2513.6568008965774
FIN,EST,M3,private,M,True,1,4995.085207440505,0.11432556636401245,2497.5426037202524
FIN,HAI,M2,startup,F,True,1,4982.471999999996,0.27195815887249014,2491.235999999998
ENG_MECH,RUH,IC3,pif_backed,M,False,1,4977.64192879467,0.2908977704684603,2488.820964397335
HEALTH,QAS,IC3,public,M,False,1,4974.1833622455415,1.3737612334798575,2487.0916811227708
SWE,RUH,M3,startup,M,False,1,4973.503406607204,0.12389830372930784,2486.751703303602
HR,EST,IC3,private,F,False,1,4961.939285499095,0.3442671249665473,2480.9696427495473
HEALTH,RUH,IC4,public,M,False,2,4960.402683132912,0.6191619984329311,2480.201341566456
HR,JED,IC4,mnc,F,False,1,4958.830760759127,0.5805988322948928,2479.4153803795634
SALES,EST,M3,semigov,M,False,2,4957.204638658215,0.2528425348539338,2478.6023193291076
MARKETING,RUH,M3,pif_backed,M,False,1,4943.14923933291,0.18026479998734246,2471.574619666455
SALES,RUH,IC4,semigov,F,True,1,4940.386493676751,0.35976290229318175,2470.1932468383757
OPS,RUH,M2,private,M,True,1,4927.98353959566,0.45483424887450846,2463.99176979783
EDU,EST,IC3,private,M,True,1,4926.380688347006,0.34227353840462593,2463.190344173503
SALES,EST,IC3,public,M,True,2,4924.659951258674,0.22900182457307777,2462.329975629337
CUSTOMER,QAS,IC4,private,F,True,1,4920.583152765736,0.5186035569422179,2460.291576382868
LEGAL,EST,IC2,public,M,True,1,4915.512739206139,0.9627066448631568,2457.7563696030693
OPS,JAZ,IC4,private,M,True,3,4913.187649727976,0.3565357874797443,2456.593824863988
FIN,RUH,IC4,private,M,True,5,4909.62926027598,0.21647979714632287,2454.81463013799
HEALTH,NJR,IC5,pif_backed,F,True,1,4900.919999999995,0.21728183567798467,2450.4599999999973
ENG_ELEC,EST,IC3,semigov,F,False,1,4898.986565084373,0.636748035431879,2449.4932825421865
HEALTH,RUH,M2,semigov,M,True,1,4894.930371994167,0.15868668358249174,2447.4651859970836
HEALTH,RUH,M2,mnc,F,True,1,4880.636568138525,0.21900876316297715,2440.3182840692625
HEALTH,EST,IC4,public,M,True,1,4878.328693069743,0.22154161745681836,2439.1643465348716
HR,JED,IC2,public,F,True,1,4877.98666666666,0.6621608475175226,2438.99333333333
SWE,QAS,IC5,private,F,False,1,4877.256760368491,0.29571103697548407,2438.6283801842455
OPS,JED,M2,private,M,False,1,4875.617298662837,0.2164188174270256,2437.8086493314186
CUSTOMER,RUH,IC4,public,F,True,2,4865.493297877336,0.8459549319725999,2432.746648938668
SALES,RUH,IC1,mnc,M,True,1,4862.93880717835,0.481440955882539,2431.469403589175
EDU,EST,M2,private,M,True,1,4860.67039328086,0.44637616361203136,2430.33519664043
CUSTOMER,JAZ,IC1,semigov,F,False,1,4860.0700000000015,1.6213744787322775,2430.0350000000008
ENG_CIVIL,RUH,IC5,public,M,True,1,4858.707016275344,0.2098114699078071,2429.353508137672
LEGAL,EST,IC4,public,M,True,1,4857.610029989342,0.3317273764656345,2428.805014994671
SWE,EST,IC3,semigov,F,False,1,4842.240998707577,0.46112233215226156,2421.1204993537885
ENG_CIVIL,JED,IC4,startup,F,False,1,4833.571583449251,0.2965306752068967,2416.7857917246256
PM,EST,M1,private,M,True,2,4831.856950848907,0.15996778742180673,2415.9284754244536
LEGAL,RUH,IC1,public,M,False,1,4824.156000000004,0.41208469330836794,2412.078000000002
FIN,EST,IC2,private,M,False,1,4823.144082296538,2.237712934687708,2411.572041148269
ENG_ELEC,EST,M3,private,M,False,1,4819.311324136055,0.20140979100689846,2409.6556620680276
PM,RUH,IC4,public,F,False,1,4815.804646866305,0.2301326731819238,2407.9023234331526
PM,RUH,IC2,private,M,True,3,4813.302292683021,0.316566492612038,2406.6511463415104
OPS,RUH,M1,private,M,False,3,4808.351732479485,0.386119804686573,2404.1758662397424
CUSTOMER,RUH,IC3,mnc,M,True,1,4807.052274770538,0.673076568420848,2403.526137385269
ENG_MECH,EST,M1,semigov,M,True,1,4804.978825182217,0.3016789133472768,2402.4894125911087
CUSTOMER,RUH,IC3,startup,F,False,1,4803.889972838156,0.7401451624979632,2401.944986419078
SALES,RUH,M3,semigov,M,True,1,4798.1017840727145,0.10977989995260928,2399.0508920363573
ENG_ELEC,JED,M1,semigov,M,False,1,4793.855000000003,0.19585997345146858,2396.9275000000016
DATA,MAD,IC6,private,F,False,1,4776.692290000006,0.3526866151348267,2388.346145000003
HEALTH,RUH,IC5,semigov,F,False,2,4774.0497641817055,0.20679270507250053,2387.0248820908528
HEALTH,ASR,IC5,startup,M,True,1,4773.624570873169,0.26609796736632985,2386.8122854365847
HEALTH,JED,M4,private,F,False,1,4766.6800000000185,0.19518575011516684,2383.3400000000092
SWE,RUH,M1,pif_backed,M,True,2,4766.526999159363,0.137640273382532,2383.2634995796816
HEALTH,ASR,IC4,public,F,True,1,4752.618101448546,0.6869613000625219,2376.309050724273
SALES,MAK,IC3,public,F,True,1,4749.432720696392,0.455012365426847,2374.716360348196
SWE,EST,IC4,mnc,M,True,1,4745.534104037346,0.17531962597901374,2372.767052018673
HR,MAD,IC6,public,F,True,1,4744.647709999994,0.2057070587689521,2372.323854999997
EDU,MAD,IC6,public,F,True,1,4732.632290000005,0.34830037040607814,2366.3161450000025
MARKETING,RUH,IC3,public,F,True,1,4731.4176586085505,0.322590866569115,2365.7088293042752
DESIGN,RUH,IC5,private,F,True,1,4727.601119338442,0.5513417486913208,2363.800559669221
HEALTH,JED,M2,mnc,F,False,1,4725.465215487318,0.2791935448232757,2362.732607743659
OPS,RUH,M1,private,F,False,1,4721.386788029571,0.5425135344980433,2360.6933940147856
DESIGN,TAB,IC5,semigov,M,False,1,4716.290000000001,0.46973502836562986,2358.1450000000004
PM,RUH,IC3,mnc,M,False,1,4710.350994377019,0.2061460645831135,2355.1754971885093
SALES,MAK,IC5,private,F,True,1,4705.16321656214,0.6222230002356749,2352.58160828107
HEALTH,JED,IC5,private,F,False,1,4703.737070968682,0.4954248654166617,2351.868535484341
CUSTOMER,MAK,IC3,private,M,True,1,4699.887480468307,1.1749718701170768,2349.9437402341537
EDU,EST,IC5,semigov,F,True,1,4694.130551151946,0.2448492868403139,2347.065275575973
SUPPLY,MAD,IC3,private,M,False,1,4685.349999999999,0.4544568361303538,2342.6749999999997
SWE,RUH,M1,semigov,M,False,1,4681.863666846646,0.24498868774684146,2340.931833423323
CUSTOMER,RUH,IC3,private,M,True,2,4673.92372485357,0.41500327204380333,2336.961862426785
SALES,EST,IC4,public,M,False,3,4670.417786506937,0.2693605122184272,2335.2088932534684
HEALTH,RUH,M1,public,M,True,1,4669.934668610829,0.20518743359263306,2334.9673343054146
SALES,NJR,M2,pif_backed,M,False,1,4667.396666666678,0.2577753599776145,2333.698333333339
CUSTOMER,RUH,IC4,mnc,M,False,2,4665.171996735977,0.3083260420106501,2332.5859983679884
CUSTOMER,TAB,D1,public,F,False,1,4663.165000000012,0.49965497917553003,2331.582500000006
SALES,RUH,IC3,private,M,True,4,4652.143331018777,0.2812301779493352,2326.0716655093884
CUSTOMER,JAZ,IC4,private,F,False,1,4651.443333333329,2.118992735400948,2325.7216666666645
DESIGN,RUH,IC2,private,F,False,1,4649.540539005312,1.0685012706092465,2324.770269502656
HR,JED,IC4,private,F,True,1,4645.57536596612,0.5807092608175575,2322.78768298306
HEALTH,EST,IC3,semigov,F,False,1,4639.024184387078,0.6894793906911223,2319.512092193539
CUSTOMER,EST,IC6,mnc,F,False,1,4616.561449667003,0.5918622997344896,2308.2807248335016
ENG_MECH,TAB,IC4,private,M,True,1,4615.419629770586,0.3813523375037769,2307.709814885293
ENG_ELEC,EST,IC5,private,M,False,1,4614.311039675264,0.36786940636826104,2307.155519837632
SWE,QAS,IC6,public,M,True,1,4612.796666666643,0.14468228141572956,2306.3983333333217
HR,TAB,IC4,private,F,False,1,4612.055000000008,0.2505307146341441,2306.027500000004
ENG_MECH,JED,M4,private,M,False,1,4610.534999999985,0.15480128809272983,2305.2674999999927
SUPPLY,ASR,IC4,semigov,M,False,1,4608.17749999999,0.588655469699078,2304.088749999995
FIN,RUH,IC4,public,M,True,3,4607.128509962459,0.2064019456283295,2303.5642549812296
PM,RUH,IC4,private,F,False,2,4607.022227697307,0.28950775931413764,2303.5111138486536
SWE,QAS,IC4,private,M,False,1,4595.804862199702,0.3451218575342942,2297.902431099851
HEALTH,RUH,IC3,private,F,False,2,4591.81727327955,0.27393228098765793,2295.908636639775
EDU,EST,M2,private,F,True,3,4589.061992640256,0.2501054866919758,2294.530996320128
PM,RUH,IC3,private,F,True,1,4587.131873413404,0.2682139565135997,2293.565936706702
OPS,RUH,IC3,mnc,M,True,1,4584.6723853648655,0.21552362281210805,2292.3361926824327
ENG_ELEC,RUH,M2,mnc,M,False,1,4572.9375769533945,0.2361134959294466,2286.4687884766972
DATA,MAD,M2,semigov,M,False,1,4565.013333333331,0.30392372258092276,2282.5066666666653
ENG_CIVIL,RUH,M3,startup,M,False,1,4558.673340525656,0.2907304202421071,2279.336670262828
ENG_CIVIL,TAB,IC5,private,M,False,1,4554.812000000007,0.45971888871618655,2277.4060000000036
CUSTOMER,MAK,IC4,private,F,True,1,4551.774018801842,0.7682072674128327,2275.887009400921
DATA,EST,M1,private,M,True,3,4549.974444332328,0.14842982734018575,2274.987222166164
SALES,RUH,IC4,public,M,True,2,4542.978338750319,0.31008205992202315,2271.4891693751597
SALES,RUH,M1,public,M,True,1,4534.3707022710805,0.2708760758003351,2267.1853511355403
SALES,HAI,IC1,mnc,F,False,1,4508.84,0.7146860595608702,2254.42
HEALTH,EST,IC2,pif_backed,F,True,1,4500.603098120571,0.344820690309046,2250.3015490602857
HEALTH,RUH,IC4,public,F,False,4,4496.317126629905,0.2323010631927023,2248.1585633149525
SALES,RUH,M1,public,M,False,1,4494.64627056614,0.2871787606808327,2247.32313528307
FIN,EST,IC5,public,M,True,3,4489.085662135324,0.22721671900372953,2244.542831067662
HR,RUH,IC5,public,F,True,3,4482.20993210695,0.490892882063656,2241.104966053475
SALES,MAD,IC4,private,M,True,1,4475.625132298001,0.5419462455088921,2237.8125661490003
SWE,EST,M1,pif_backed,M,False,2,4472.866235982989,0.1160216509937736,2236.4331179914943
SALES,EST,M2,private,F,False,3,4467.190066189939,0.20285585144156693,2233.5950330949695
HEALTH,EST,IC3,pif_backed,M,True,1,4466.970338078068,0.2805840066731365,2233.485169039034
SUPPLY,MAK,IC2,public,F,False,1,4452.985681335995,1.9311353452835978,2226.4928406679974
SWE,RUH,IC3,semigov,M,True,3,4450.221305439777,0.23954999248735728,2225.1106527198885
MARKETING,EST,IC3,public,F,True,1,4449.319183613425,0.5137876893353024,2224.6595918067123
ENG_CIVIL,TAB,IC3,mnc,M,True,1,4448.807500000003,0.3250191958842273,2224.4037500000013
CUSTOMER,RUH,IC2,private,F,True,2,4447.693899779022,0.27946164595729767,2223.846949889511
SWE,RUH,IC6,pif_backed,M,False,1,4444.084602000734,0.13943687282057896,2222.042301000367
LEGAL,RUH,IC6,public,M,True,1,4432.926983130732,0.20116558079319138,2216.463491565366
MARKETING,JED,IC5,private,M,True,1,4431.953398508551,0.44234162052324527,2215.9766992542754
SWE,HAI,IC5,private,F,True,1,4431.769999999986,0.13690509840410126,2215.884999999993
HEALTH,RUH,IC4,private,M,True,3,4429.884093407553,0.4288513541881404,2214.9420467037767
SALES,EST,M4,mnc,M,True,1,4425.116259988536,0.10986388557346413,2212.558129994268
DESIGN,JED,IC4,semigov,F,False,1,4423.569821219193,0.22277556911595192,2211.7849106095964
SWE,EST,D2,mnc,M,False,1,4414.220000000008,0.0807059351375289,2207.110000000004
DATA,HAI,IC3,private,F,True,1,4413.690000000006,0.16289449976545847,2206.845000000003
DATA,JED,IC6,private,M,True,1,4407.002238146837,0.12812285827929482,2203.5011190734185
ENG_ELEC,BAH,M5,private,F,False,1,4401.557709999994,0.19371365127510867,2200.778854999997
FIN,QAS,IC4,private,F,True,1,4400.7440455670785,0.4920286989346113,2200.3720227835393
FIN,RUH,IC3,public,F,True,1,4390.959250824086,0.3036740160119566,2195.479625412043
HEALTH,MAK,IC3,private,F,True,1,4387.254867606329,0.7538109083359957,2193.6274338031644
HEALTH,JED,IC5,startup,F,False,1,4382.439574325668,0.36338365421200575,2191.219787162834
HEALTH,EST,IC3,startup,F,False,1,4379.505733966835,0.31300293269440427,2189.7528669834173
PM,EST,IC6,private,M,True,1,4376.542646157024,0.12315501837126364,2188.271323078512
HR,RUH,IC4,public,F,True,2,4375.28875974113,0.5133720463504333,2187.644379870565
HEALTH,RUH,IC4,private,M,False,3,4364.197800772637,0.27314528935061805,2182.0989003863183
MARKETING,MAK,IC4,public,M,False,1,4354.7334468560875,0.4158637074256592,2177.3667234280438
EDU,RUH,IC3,public,F,True,3,4351.213538259349,0.3741962191672991,2175.6067691296744
ENG_ELEC,MAK,IC4,private,M,False,1,4347.728897591038,0.5269271851742238,2173.864448795519
SUPPLY,RUH,IC5,private,M,False,1,4345.914236193619,0.4215998250116286,2172.9571180968096
ENG_MECH,ASR,IC4,private,F,False,1,4337.63298253693,0.31772293816308156,2168.816491268465
DATA,MAD,IC3,public,M,True,1,4337.420000000013,0.40397095639734276,2168.7100000000064
EDU,JAZ,M3,semigov,F,False,1,4321.410000000013,0.28508690334353326,2160.7050000000063
EDU,EST,IC4,mnc,F,True,1,4312.277649327099,0.5219607186092796,2156.1388246635497
PM,EST,IC3,private,M,True,1,4299.354150793706,0.3416464549089023,2149.677075396853
EDU,RUH,IC6,private,M,True,1,4298.688029721168,0.31481518587975726,2149.344014860584
SALES,EST,M1,private,F,False,1,4298.474320674646,0.2605301743853182,2149.237160337323
ENG_MECH,JAZ,IC3,public,M,True,1,4297.119999999988,0.4720128473541863,2148.559999999994
HEALTH,JED,IC5,private,F,True,1,4295.949864336475,0.1944761899395639,2147.9749321682375
SWE,EST,IC1,mnc,M,True,1,4275.31659352152,0.38511230876617536,2137.65829676076
HEALTH,QAS,IC4,public,F,True,1,4272.044875112345,0.5519416430055627,2136.0224375561725
HEALTH,EST,M2,private,M,False,1,4270.350699035145,0.14578790179397066,2135.1753495175726
SWE,RUH,IC1,private,F,False,1,4268.833069157427,0.3818044223747954,2134.4165345787137
CUSTOMER,EST,IC4,private,F,True,1,4265.080419731787,0.37774360856862105,2132.5402098658933
ENG_ELEC,RUH,IC4,private,M,True,2,4263.131691649404,0.3195090156630052,2131.565845824702
CUSTOMER,NJR,IC5,private,F,False,1,4261.51,0.3051693555259406,2130.755
OPS,JED,IC3,private,M,False,2,4258.626860258841,0.982895995046702,2129.3134301294203
HEALTH,RUH,M1,mnc,M,True,1,4252.245549510852,0.25006133849839257,2126.122774755426
EDU,NJR,IC4,private,F,True,2,4247.250926716403,0.2816105079777685,2123.6254633582016
PM,RUH,IC5,mnc,F,False,1,4245.2714053811105,0.1928964748494577,2122.6357026905553
SWE,EST,IC2,startup,M,True,2,4234.487145235544,0.8311985863034319,2117.243572617772
ENG_CIVIL,JED,IC3,private,M,True,1,4233.497679875822,0.32590586868575383,2116.748839937911
EDU,MAK,IC4,public,M,False,1,4232.417250572007,0.8070432466505871,2116.2086252860036
PM,EST,M1,private,F,False,1,4228.557102242899,0.14444067533320307,2114.2785511214497
ENG_ELEC,EST,M1,private,F,False,1,4207.451676002154,0.18103387237523272,2103.725838001077
HEALTH,RUH,IC4,pif_backed,F,True,1,4204.762479907382,0.20848983250489928,2102.381239953691
HEALTH,TAB,M2,public,F,False,1,4201.134999999998,0.18918091932397793,2100.567499999999
HEALTH,RUH,M4,private,M,True,1,4192.690726821049,0.10938525094251095,2096.3453634105244
PM,EST,IC5,mnc,M,True,1,4189.937485714578,0.2449165889165452,2094.968742857289
OPS,BAH,IC4,public,M,False,1,4168.696666666672,0.3016279010312584,2084.348333333336
FIN,RUH,M2,private,M,False,1,4167.76334733783,0.13912448567543398,2083.881673668915
OPS,JED,IC4,pif_backed,M,True,1,4155.655686853886,0.27971875616168534,2077.827843426943
HEALTH,RUH,IC4,pif_backed,M,True,1,4149.0649438955825,0.28248221961886827,2074.5324719477912
HEALTH,BAH,IC3,private,M,False,1,4147.629999999994,0.4880443185655764,2073.814999999997
FIN,EST,IC2,public,F,False,1,4140.744729137994,1.0196367222698828,2070.372364568997
ENG_MECH,JED,IC4,private,M,True,2,4139.834593821979,0.17653499117074237,2069.9172969109895
HEALTH,JED,IC4,private,M,False,3,4130.192436298528,0.1847218413672285,2065.096218149264
HEALTH,JED,M1,public,F,True,1,4129.052640678758,0.19099917526223348,2064.526320339379
MARKETING,RUH,IC5,pif_backed,M,False,1,4126.019287954459,0.18020533913492492,2063.0096439772296
EDU,QAS,IC5,private,M,True,1,4125.702927810087,0.29007915018900005,2062.8514639050436
HEALTH,RUH,IC6,mnc,M,False,1,4115.940795928527,0.13512445173609275,2057.9703979642636
EDU,TAB,IC3,public,F,False,1,4115.220805924548,0.4248456655084658,2057.610402962274
HEALTH,RUH,IC4,pif_backed,M,False,1,4114.839656734464,0.34245098405310187,2057.419828367232
DATA,MAK,IC3,private,M,False,1,4111.278575145972,0.3577454406119262,2055.639287572986
SUPPLY,JED,IC5,pif_backed,M,False,1,4110.951267479317,0.2285767891713766,2055.4756337396584
HEALTH,EST,IC6,mnc,F,False,1,4108.833957716026,0.14681789834731274,2054.416978858013
SWE,EST,IC3,semigov,M,False,2,4104.878401862381,0.3358291815101253,2052.4392009311905
CUSTOMER,RUH,IC4,private,M,True,2,4099.9564401572825,0.4746355330572371,2049.9782200786412
ENG_MECH,JED,M3,semigov,M,True,1,4097.381197068091,0.15533209988051083,2048.6905985340454
EDU,JED,IC5,private,F,True,1,4096.272014738575,0.49303608875246746,2048.1360073692877
SALES,EST,IC3,private,F,True,2,4084.815680387973,0.30120723900456264,2042.4078401939864
ENG_MECH,RUH,IC4,private,M,False,2,4079.3646651403283,0.48699586723416055,2039.6823325701641
CUSTOMER,EST,IC3,pif_backed,M,False,1,4078.6488720922116,0.38061264146750623,2039.3244360461058
HR,RUH,IC3,semigov,F,False,1,4073.6326845971635,0.29617243563791606,2036.8163422985817
SWE,ASR,IC3,private,M,False,1,4071.5787566160234,0.409369700151521,2035.7893783080117
ENG_ELEC,EST,IC2,pif_backed,M,False,2,4070.1342473332757,0.9276164027457068,2035.0671236666378
EDU,RUH,D1,public,M,True,1,4063.337977519819,0.22634105403435215,2031.6689887599096
HEALTH,EST,M2,semigov,M,False,1,4062.102619493413,0.14607476665283675,2031.0513097467065
EDU,RUH,M3,private,F,True,4,4059.839846495215,0.18566192841846388,2029.9199232476076
ENG_MECH,EST,M1,public,M,True,1,4053.2569771123253,0.256405912784015,2026.6284885561627
DATA,EST,IC1,private,F,True,1,4045.2050000000013,0.5260720857798674,2022.6025000000006
EDU,MAK,M1,public,M,True,1,4040.2753689976525,0.2987984807426894,2020.1376844988263
HR,EST,IC2,mnc,F,True,1,4030.684996982938,0.31217185873200287,2015.342498491469
ENG_CIVIL,JAZ,IC4,public,F,True,1,4023.69689855272,0.3142347096626424,2011.84844927636
DATA,EST,M2,private,M,True,1,4020.9778439243382,0.1129118340432414,2010.4889219621691
SALES,MAD,IC4,private,M,False,1,4019.500247711898,0.4717147493395052,2009.750123855949
HR,JED,IC2,public,F,False,1,4017.4866666666603,0.48831345837278467,2008.7433333333302
EDU,RUH,IC5,private,F,True,6,4013.469969653294,0.25056432898362674,2006.734984826647
HR,ASR,IC2,public,F,True,1,4012.8399999999965,1.003209999999999,2006.4199999999983
HEALTH,RUH,IC2,mnc,F,False,1,4010.4045390031624,0.8830436476820048,2005.2022695015812
DESIGN,RUH,IC3,private,F,True,1,4008.42832819427,0.3307355049030978,2004.214164097135
ENG_MECH,RUH,IC4,public,M,True,2,4006.944497368024,0.2134382073796827,2003.472248684012
ENG_ELEC,TAB,M2,private,M,True,1,4003.2250000000004,0.22274280410918737,2001.6125000000002
FIN,QAS,IC4,private,M,True,1,4002.4035240726444,0.2153935149556203,2001.2017620363222
FIN,HAI,IC4,public,F,False,1,3984.6899999999996,1.1724987200084742,1992.3449999999998
FIN,JED,IC3,public,M,True,2,3983.3445090820164,0.2725865183384432,1991.6722545410082
CUSTOMER,EST,M1,private,F,True,2,3974.93591822303,0.5958305585713171,1987.467959111515
EDU,RUH,M1,mnc,F,True,3,3971.7747178043987,0.35027207403254484,1985.8873589021994
ENG_MECH,EST,IC4,public,M,False,1,3971.3192007124435,0.3095340838700921,1985.6596003562217
SALES,EST,IC3,mnc,M,True,1,3970.2826372979234,0.24842307237406244,1985.1413186489617
SALES,MAK,M3,public,M,True,1,3965.190000000006,0.2565295447708331,1982.595000000003
HR,EST,IC4,public,F,True,1,3963.6501681532372,0.2528925168186604,1981.8250840766186
HR,RUH,IC5,public,M,True,1,3960.0819154216188,0.37844313201291446,1980.0409577108094
HEALTH,JAZ,IC2,private,M,False,1,3954.1133333333287,1.5298211132992074,1977.0566666666643
SUPPLY,ASR,IC3,private,M,True,1,3952.5724999999993,0.4952682544197416,1976.2862499999997
HEALTH,JED,IC3,private,F,True,1,3944.5021895956197,0.24859613310776943,1972.2510947978099
HEALTH,RUH,IC5,semigov,F,True,1,3942.5774265858454,0.2527134466287275,1971.2887132929227
MARKETING,MAD,M3,public,F,False,1,3927.680000000003,0.620736631660464,1963.8400000000015
CUSTOMER,EST,IC3,semigov,M,True,1,3927.0730882090975,0.6787515297480349,1963.5365441045487
SWE,EST,M2,mnc,F,False,1,3924.2916710103345,0.11693057036394867,1962.1458355051673
CUSTOMER,JAZ,IC3,private,M,True,1,3919.138881949528,0.3898426541733299,1959.569440974764
CUSTOMER,RUH,IC4,semigov,M,False,1,3913.129986366893,0.9254179937015237,1956.5649931834464
CUSTOMER,TAB,IC6,public,F,True,1,3904.7633333333306,0.3288620542898112,1952.3816666666653
HR,RUH,M1,private,F,False,3,3896.2524949568415,0.4079307080691197,1948.1262474784207
LEGAL,EST,IC3,private,M,True,1,3892.5537644419437,0.2359981668753452,1946.2768822209719
SALES,QAS,IC3,private,F,False,1,3889.762833800183,0.7323298799019077,1944.8814169000916
FIN,MAD,IC4,semigov,M,True,1,3884.053767512196,0.27413824927405867,1942.026883756098
SWE,ASR,IC4,public,M,True,1,3862.8872021261104,0.3080069147798289,1931.4436010630552
HEALTH,MAK,M1,private,M,True,1,3862.168900110297,0.23369565467986828,1931.0844500551484
FIN,RUH,IC2,public,M,True,1,3859.2275854514237,0.3849430784105874,1929.6137927257118
SWE,EST,IC5,private,M,True,2,3857.196812433911,0.10571348475216662,1928.5984062169555
HEALTH,EST,IC3,startup,M,False,1,3850.3153591877226,0.6223606970495605,1925.1576795938613
OPS,JAZ,IC4,public,M,False,1,3845.9230508289193,0.7501737080562231,1922.9615254144596
HR,QAS,IC2,private,M,False,1,3844.624999999998,0.5154917359084062,1922.312499999999
ENG_ELEC,EST,IC4,mnc,M,False,1,3843.0487730811656,0.4103510921821971,1921.5243865405828
CUSTOMER,RUH,M4,startup,F,False,1,3839.9888956024115,0.15263150576195184,1919.9944478012058
CUSTOMER,EST,M2,startup,M,False,1,3837.6441780145706,0.5213850425535523,1918.8220890072853
HEALTH,MAK,IC4,private,M,True,1,3836.726411421416,0.3990882218890499,1918.363205710708
OPS,NJR,IC4,private,M,True,1,3828.0687761009995,0.6625524037171844,1914.0343880504997
MARKETING,EST,M1,public,F,True,1,3826.318559290481,0.15567106745783302,1913.1592796452405
CUSTOMER,RUH,M4,private,M,True,1,3821.3295245956033,0.14620036271839607,1910.6647622978016
ENG_MECH,RUH,IC4,private,M,True,2,3819.008998925293,0.28085548692007856,1909.5044994626464
MARKETING,MAD,IC1,private,F,False,1,3812.665,0.6538264986769696,1906.3325
ENG_MECH,EST,IC3,public,M,False,3,3808.6899690449404,0.4426234008992121,1904.3449845224702
ENG_MECH,RUH,M1,semigov,M,True,1,3802.8407098546413,0.4507481820390888,1901.4203549273207
SALES,EST,IC5,mnc,F,False,1,3800.5201517163277,0.19992425757852939,1900.2600758581639
ENG_CIVIL,TAB,IC3,startup,M,False,1,3797.8624999999975,0.6979876533680314,1898.9312499999987
HEALTH,MAK,IC3,mnc,F,False,1,3797.6444197222527,0.6687394752989186,1898.8222098611263
ENG_MECH,NJR,IC6,mnc,M,False,1,3794.1499999999905,0.26249209579960003,1897.0749999999953
CUSTOMER,NJR,M3,semigov,F,True,1,3794.029999999997,0.30721885729092413,1897.0149999999985
SWE,EST,IC3,private,M,False,1,3784.7926995419675,0.28628233140692727,1892.3963497709838
SALES,EST,M2,private,M,False,1,3781.472452311642,0.12225972313173535,1890.736226155821
CUSTOMER,RUH,M2,public,F,True,2,3772.917448539516,0.3638427482144708,1886.458724269758
HR,RUH,M1,private,M,True,1,3769.999906735098,0.1881299437374234,1884.999953367549
DATA,RUH,IC1,private,F,False,1,3767.206797793041,2.092892665440578,1883.6033988965205
ENG_ELEC,ASR,IC4,public,M,True,1,3765.7669684295015,0.4332421737113529,1882.8834842147508
DESIGN,JED,IC3,private,M,True,1,3764.628287438516,0.40506486384479656,1882.314143719258
HEALTH,QAS,IC3,semigov,M,True,1,3761.060768449107,0.7316484425631418,1880.5303842245535
HEALTH,EST,IC3,public,M,False,1,3758.626703825257,0.28538483352987976,1879.3133519126286
SWE,RUH,M1,private,F,False,1,3748.9507813048695,0.1823463098733807,1874.4753906524347
DATA,RUH,IC3,pif_backed,M,False,1,3746.2840831067297,0.23261317816450267,1873.1420415533648
HEALTH,TAB,IC4,private,M,False,1,3742.4420030083047,0.4967812592764874,1871.2210015041524
OPS,NJR,IC3,startup,F,True,1,3733.567500000002,0.9333918750000005,1866.783750000001
EDU,MAK,IC4,private,M,False,1,3727.8092609496125,0.5960927798324862,1863.9046304748063
ENG_MECH,RUH,IC1,semigov,M,False,1,3722.491491483921,0.43730890719912796,1861.2457457419605
HEALTH,MAK,IC2,semigov,F,False,1,3713.6954759790733,0.3628129665937601,1856.8477379895367
FIN,NJR,IC2,startup,F,True,1,3712.705000000001,0.3627895682627224,1856.3525000000004
SALES,MAD,IC3,semigov,M,True,1,3709.9045602870065,0.22494617586435253,1854.9522801435032
HEALTH,QAS,IC4,startup,M,False,1,3708.8854525740717,0.4650640065923601,1854.4427262870358
SUPPLY,JAZ,IC3,private,M,True,1,3704.985000000005,0.3273047471306614,1852.4925000000026
CUSTOMER,NJR,IC5,public,F,True,1,3701.2699999999995,0.6167107935677474,1850.6349999999998
DATA,EST,IC2,pif_backed,M,False,1,3698.828394798673,0.25118456741135964,1849.4141973993364
MARKETING,EST,IC3,semigov,F,False,2,3686.3266728710146,0.3668658094655958,1843.1633364355073
ENG_MECH,JED,IC4,mnc,M,True,1,3683.437055553135,0.17191893257466173,1841.7185277765675
OPS,EST,IC4,semigov,M,False,1,3679.5778239560186,0.5333950611743893,1839.7889119780093
DESIGN,RUH,IC3,semigov,F,False,1,3667.698828295255,0.2324932016965065,1833.8494141476276
SUPPLY,NOR,IC4,mnc,M,False,1,3659.0499999999984,0.43496531261441584,1829.5249999999992
OPS,TAB,IC4,semigov,F,False,1,3658.45999999999,0.40406621965052225,1829.229999999995
HEALTH,JED,IC4,pif_backed,F,True,1,3658.2643672409413,0.31405535381392935,1829.1321836204706
SUPPLY,RUH,IC6,private,F,False,1,3657.955123420288,0.18942515767949203,1828.977561710144
EDU,RUH,IC5,public,F,True,2,3657.906073952933,0.2400650751367681,1828.9530369764666
SWE,EST,IC3,semigov,M,True,1,3654.2149295262498,0.14541494062676957,1827.1074647631249
EDU,RUH,M2,mnc,F,True,1,3651.4608946672597,0.17199103812609765,1825.7304473336299
SWE,JED,IC4,semigov,M,True,1,3645.766706323364,0.2454881565139908,1822.883353161682
SALES,QAS,M2,public,M,True,1,3643.697709999993,0.1658931798769991,1821.8488549999965
ENG_ELEC,RUH,M1,private,F,True,1,3642.5788087608416,0.2439655454268981,1821.2894043804208
HEALTH,NJR,IC3,private,M,False,1,3642.1357823015123,0.3630547076034809,1821.0678911507562
HR,JED,IC3,private,M,False,1,3641.32167612216,0.6067746927022102,1820.66083806108
ENG_CIVIL,EST,IC4,public,M,True,3,3638.7052453848705,0.2111978150456265,1819.3526226924353
DATA,RUH,IC1,public,M,True,1,3636.0260022297152,0.3554910064380677,1818.0130011148576
SALES,RUH,IC2,private,F,False,1,3629.9125486551657,0.6175515699721782,1814.9562743275828
MARKETING,RUH,M2,private,M,False,1,3612.1435393347274,0.14503833763979673,1806.0717696673637
SALES,TAB,IC5,public,M,False,2,3608.7334219984123,0.459721616142323,1804.3667109992061
HEALTH,EST,IC5,semigov,M,True,1,3600.4285846241037,0.13836674369282642,1800.2142923120518
EDU,JED,M1,public,F,True,1,3598.4945693881955,0.4779423107271475,1799.2472846940977
FIN,EST,IC4,mnc,M,False,1,3597.1446744312925,0.21087641652492295,1798.5723372156463
MARKETING,RUH,D2,pif_backed,F,False,1,3596.6775000000125,0.09484788958367647,1798.3387500000063
FIN,BAH,IC4,mnc,M,True,1,3587.5099999999984,0.2662562435523492,1793.7549999999992
ENG_CIVIL,EST,M1,private,M,True,1,3583.5660771746425,0.2069482796019599,1791.7830385873212
CUSTOMER,JED,IC3,private,F,False,1,3579.8913791275327,0.6908466561674471,1789.9456895637663
EDU,RUH,M2,private,M,False,1,3579.0792405020075,0.19017980018023944,1789.5396202510037
HEALTH,MAK,IC3,public,M,False,1,3578.900966868786,0.5840853102916731,1789.450483434393
PM,MAD,M2,semigov,F,True,1,3577.932290000006,0.24269524958131267,1788.966145000003
FIN,RUH,IC4,semigov,F,True,2,3574.5332042600294,0.28097979522526506,1787.2666021300147
LEGAL,EST,IC4,public,F,True,3,3568.878058304636,0.1989123808875605,1784.439029152318
ENG_ELEC,JED,IC3,mnc,M,False,1,3562.9084929456812,0.49489651673713847,1781.4542464728406
EDU,MAK,IC3,semigov,F,True,2,3556.2797820840324,0.3308723819879307,1778.1398910420162
ENG_CIVIL,RUH,IC3,semigov,F,False,1,3545.709965420794,0.2954332388264687,1772.854982710397
ENG_CIVIL,EST,M3,semigov,M,True,1,3544.9092890238317,0.12261671417619803,1772.4546445119158
DESIGN,JED,IC3,public,M,False,1,3544.0769946232376,0.3756260645994155,1772.0384973116188
SALES,JED,IC4,mnc,M,False,1,3541.2643555368013,0.5403342705248834,1770.6321777684007
OPS,ASR,M3,private,M,False,1,3540.2400000000107,0.23864668192374008,1770.1200000000053
SALES,QAS,IC4,private,M,False,1,3535.055590431468,0.4473094903322524,1767.527795215734
EDU,QAS,IC4,private,M,True,1,3533.3558761948243,0.2911440219472981,1766.6779380974122
OPS,ASR,IC2,semigov,F,True,1,3527.369999999997,0.7563539287896813,1763.6849999999986
PM,JED,IC4,public,F,False,1,3526.0299563519256,0.29161686834196837,1763.0149781759628
SALES,RUH,IC4,private,F,False,1,3523.950131421765,0.34931302432852596,1761.9750657108825
MARKETING,EST,IC4,public,F,True,1,3520.805685302359,0.16222503781938158,1760.4028426511795
EDU,RUH,IC3,public,F,False,1,3515.8703508975923,0.6731502238934239,1757.9351754487961
OPS,JED,IC4,semigov,F,True,1,3515.1715943940962,0.35828626178328116,1757.5857971970481
EDU,QAS,IC4,semigov,M,True,1,3512.679115224253,0.29742983894512864,1756.3395576121266
MARKETING,RUH,IC4,public,F,False,1,3510.52896646905,0.24989350634385077,1755.264483234525
ENG_ELEC,RUH,IC3,public,M,True,2,3505.6555289547205,0.5052406758232049,1752.8277644773602
SUPPLY,NJR,IC4,public,M,False,1,3501.7933333333276,1.2304090361812652,1750.8966666666638
EDU,EST,M2,public,F,True,1,3492.604766677383,0.18284357156873682,1746.3023833386915
FIN,NJR,IC5,semigov,M,False,1,3490.515000000016,0.21383242667058833,1745.257500000008
PM,JAZ,IC2,public,M,True,1,3490.3400000000047,0.38858235807549174,1745.1700000000023
SALES,RUH,M3,startup,M,True,1,3489.004771491065,0.1565499986310785,1744.5023857455326
DESIGN,JED,IC3,semigov,F,True,2,3486.435959754821,0.3072794280782683,1743.2179798774105
MARKETING,RUH,IC4,private,F,True,1,3485.975724602501,0.46297265103525453,1742.9878623012505
SUPPLY,ASR,IC3,startup,M,True,1,3481.5324999999993,0.4636090593011905,1740.7662499999997
SUPPLY,QAS,M2,semigov,M,False,1,3480.0099999999893,0.18548528514283066,1740.0049999999947
SALES,RUH,IC2,pif_backed,M,True,1,3477.596130363365,0.4071821468137476,1738.7980651816824
OPS,JAZ,IC3,public,F,True,1,3474.503027258339,0.705114899891496,1737.2515136291695
FIN,RUH,IC3,private,F,True,1,3473.6397518873546,0.2855930536210406,1736.8198759436773
CUSTOMER,RUH,IC4,private,F,False,1,3465.2282360961917,0.4623207689223755,1732.6141180480959
SWE,RUH,IC3,private,M,True,5,3464.8388948777383,0.3355420659042838,1732.4194474388692
LEGAL,RUH,IC5,public,F,True,1,3462.7593124810373,0.2204147186210893,1731.3796562405187
SALES,EST,IC4,pif_backed,M,True,1,3461.628930509203,0.23024079639857367,1730.8144652546016
ENG_ELEC,ASR,IC1,semigov,M,True,1,3456.080000000001,0.5896127514454221,1728.0400000000004
HEALTH,EST,IC2,private,F,False,1,3447.5843784940657,0.9201066412843723,1723.7921892470329
FIN,RUH,IC4,private,M,False,1,3445.5898555049043,0.2843163346638961,1722.7949277524522
ENG_MECH,TAB,M2,public,M,True,1,3441.609999999995,0.2008803079968992,1720.8049999999976
SALES,NJR,IC4,private,F,True,1,3438.3099999999995,0.2383783690094462,1719.1549999999997
ENG_CIVIL,QAS,IC4,startup,M,False,1,3430.9078211792366,0.48635488007780137,1715.4539105896183
SWE,JED,IC5,pif_backed,M,True,1,3426.6250110607652,0.11434447819778337,1713.3125055303826
HEALTH,RUH,IC2,startup,F,True,1,3425.9240396536425,0.6860753337138891,1712.9620198268212
EDU,MAK,IC5,private,M,True,1,3422.2108631416704,0.3332908902020922,1711.1054315708352
HEALTH,RUH,IC3,pif_backed,F,True,1,3417.76341588387,0.2290693908385921,1708.881707941935
HR,RUH,IC5,semigov,M,True,1,3412.210149298142,0.21809935113035506,1706.105074649071
ENG_ELEC,TAB,IC2,semigov,M,True,1,3403.4100000000008,0.47163334820723324,1701.7050000000004
EDU,JAZ,M1,private,M,True,1,3403.182290000006,0.22813753013292043,1701.591145000003
HEALTH,MAD,IC5,semigov,M,True,1,3401.741770597464,0.2344542852218121,1700.870885298732
ENG_MECH,EST,IC3,semigov,F,True,1,3398.616356115519,0.2675753516399614,1699.3081780577595
SWE,MAK,IC3,semigov,M,False,1,3396.613308261569,0.24376983471439143,1698.3066541307844
SALES,RUH,M1,private,M,False,3,3395.5287881429117,0.5600927571627944,1697.7643940714559
FIN,QAS,IC4,private,F,False,1,3394.709871757226,0.3907251386942135,1697.354935878613
SUPPLY,QAS,IC4,private,M,False,1,3393.4934167656447,0.2857724390340262,1696.7467083828224
PM,EST,IC2,private,M,True,2,3385.9051442196624,0.22575989655098772,1692.9525721098312
SALES,JAZ,IC4,semigov,M,False,1,3384.8420000000006,0.38174077407334733,1692.4210000000003
CUSTOMER,EST,IC5,public,F,True,1,3382.8140358605287,0.2953950622617109,1691.4070179302644
FIN,JED,IC3,public,F,False,2,3378.914197438583,0.3280200241826981,1689.4570987192915
EDU,RUH,M2,pif_backed,M,True,1,3375.2617416651738,0.20391903451161242,1687.6308708325869
SUPPLY,JED,M1,private,M,False,1,3366.789046266709,0.26961381597257317,1683.3945231333546
ENG_ELEC,RUH,M2,semigov,M,False,1,3359.403010829981,0.17331876771312613,1679.7015054149906
OPS,RUH,M2,semigov,M,False,1,3352.4681878725096,0.20754731460462925,1676.2340939362548
EDU,RUH,IC5,public,M,True,2,3352.38707146217,0.20030833952061675,1676.193535731085
FIN,HAI,D1,mnc,F,False,1,3350.3777099999934,0.15460332382745415,1675.1888549999967
HEALTH,JED,M2,semigov,M,True,1,3347.8603159045488,0.17430907704514778,1673.9301579522744
CUSTOMER,EST,IC5,private,F,False,1,3346.756576650203,0.2228728364812301,1673.3782883251015
DATA,ASR,IC3,mnc,F,False,1,3345.9699999999903,0.2602814425290925,1672.9849999999951
ENG_CIVIL,RUH,M1,private,M,True,1,3343.6235359361526,0.26475276291081506,1671.8117679680763
ENG_CIVIL,RUH,IC4,pif_backed,M,True,1,3334.4131854324623,0.12860452780843856,1667.2065927162312
PM,EST,IC3,public,M,True,1,3329.489197496794,0.16109322136185752,1664.744598748397
EDU,RUH,IC4,public,M,True,3,3318.891883793696,0.4836861552158223,1659.445941896848
ENG_MECH,HAI,IC3,mnc,M,False,1,3318.4400000000023,0.33611399215635457,1659.2200000000012
HEALTH,JAZ,M2,private,F,False,1,3318.0033333333377,0.20183840250560028,1659.0016666666688
EDU,RUH,M3,semigov,F,True,1,3315.8617930513683,0.1917668555142711,1657.9308965256841
SWE,JED,IC1,public,M,True,1,3309.060366704418,0.8272650916761045,1654.530183352209
HEALTH,RUH,M1,pif_backed,M,True,1,3305.0215608325307,0.18520278933376355,1652.5107804162653
OPS,JED,IC2,private,F,True,1,3300.8481872737048,0.8252120468184262,1650.4240936368524
DATA,RUH,IC4,semigov,M,True,3,3300.5514247656406,0.16359001072132517,1650.2757123828203
SUPPLY,RUH,IC4,private,M,False,3,3300.4374562049456,0.25477547025915853,1650.2187281024728
SWE,RUH,IC1,public,F,False,1,3300.4108970918105,1.200481186470374,1650.2054485459053
MARKETING,JED,M3,startup,F,False,1,3298.1710516901003,0.11536951666212862,1649.0855258450501
FIN,JED,IC3,public,M,False,1,3295.779905324078,0.5157860323646172,1647.889952662039
SWE,EST,IC5,private,F,True,1,3285.089588790015,0.10988575500627236,1642.5447943950076
OPS,ASR,IC4,private,M,True,1,3278.7415009285032,0.3318288867653194,1639.3707504642516
HR,RUH,IC4,private,F,True,1,3275.5327933930275,0.2345993761311242,1637.7663966965138
PM,QAS,IC4,public,M,True,1,3267.288000000013,0.29028961544236725,1633.6440000000066
SWE,EST,IC2,private,M,True,1,3253.7417435413518,0.2239366804596195,1626.8708717706759
ENG_MECH,EST,IC2,semigov,M,False,1,3249.1647768266967,0.3092233906092502,1624.5823884133483
SALES,RUH,IC1,semigov,M,True,1,3243.4837179446213,0.3837493114655217,1621.7418589723106
DESIGN,BAH,M2,private,F,True,1,3243.237709999994,0.15040293299003946,1621.618854999997
ENG_CIVIL,NOR,IC6,private,M,False,1,3241.4022900000055,0.21496107107756376,1620.7011450000027
DATA,EST,IC4,semigov,M,True,1,3238.853253566318,0.175861388100954,1619.426626783159
HR,RUH,IC1,public,F,True,2,3234.7108079699124,0.34777334174194197,1617.3554039849562
SALES,RUH,IC3,pif_backed,F,False,1,3224.965642589257,0.15648328777506815,1612.4828212946286
FIN,HAI,M4,public,M,True,1,3223.697709999993,0.1496323688319594,1611.8488549999965
SALES,RUH,IC5,pif_backed,M,False,1,3220.4043205053404,0.3342395055231167,1610.2021602526702
SWE,EST,IC3,private,F,True,2,3219.7907622934335,0.20132124381285801,1609.8953811467168
SWE,JED,IC1,semigov,M,True,1,3211.691705551293,0.8029229263878233,1605.8458527756466
EDU,RUH,IC6,public,M,True,1,3210.8296672143424,0.21783651741694618,1605.4148336071712
FIN,QAS,IC3,public,F,False,1,3200.761999999999,0.48568142331474506,1600.3809999999994
SWE,TAB,IC3,semigov,M,False,1,3197.416695123122,0.2505400126251261,1598.708347561561
HEALTH,RUH,IC6,semigov,F,True,1,3190.689282179039,0.11227464264364227,1595.3446410895194
SWE,EST,M1,private,M,True,2,3187.610656523939,0.09532826859960934,1593.8053282619694
EDU,JED,IC3,semigov,M,True,1,3185.3910516727074,0.6509685778486765,1592.6955258363537
HR,EST,IC5,private,M,False,1,3184.4937726456483,0.22247826196565454,1592.2468863228241
SALES,EST,M3,public,F,False,1,3179.753589893142,0.11544168907521651,1589.876794946571
MARKETING,RUH,IC3,mnc,M,True,1,3177.965883682864,0.14425654352903336,1588.982941841432
PM,EST,M4,private,M,True,1,3176.699999999968,0.07587714814471494,1588.349999999984
HEALTH,HAI,IC4,startup,M,False,1,3175.3325000000114,0.21196537749584032,1587.6662500000057
EDU,EST,IC4,private,M,True,1,3172.4711815233086,0.4391151982331849,1586.2355907616543
HEALTH,EST,IC2,pif_backed,F,False,1,3171.9229228210415,0.5516598761728347,1585.9614614105208
ENG_MECH,RUH,IC2,private,M,False,2,3167.8858357652966,0.35232995563688646,1583.9429178826483
CUSTOMER,JED,M1,private,M,False,2,3161.877680015192,0.5193682734950874,1580.938840007596
EDU,ASR,IC3,semigov,F,True,1,3160.805000000002,0.3042564844993851,1580.402500000001
EDU,EST,IC5,private,F,True,1,3153.535174129349,0.28659460825806304,1576.7675870646744
ENG_CIVIL,QAS,IC2,private,F,False,1,3146.986666666662,1.0818997327612667,1573.493333333331
FIN,RUH,IC4,mnc,M,True,1,3145.357617606457,0.3927219991218083,1572.6788088032285
HEALTH,JED,M2,private,F,True,1,3144.687301388949,0.1807662434987494,1572.3436506944745
ENG_ELEC,QAS,IC3,startup,M,False,1,3140.2175000000007,0.2743525640577604,1570.1087500000003
OPS,TAB,IC2,private,M,False,1,3140.1900000000023,1.7445500000000014,1570.0950000000012
OPS,RUH,IC4,private,M,False,2,3139.360181907782,0.21303742029616102,1569.680090953891
SWE,EST,IC3,pif_backed,M,False,1,3134.424196553113,0.21180545433710707,1567.2120982765564
ENG_CIVIL,MAK,IC3,private,M,False,1,3131.918994189561,0.5878711819650198,1565.9594970947805
HEALTH,MAD,IC5,public,F,False,1,3124.8085482213683,0.15159583424157505,1562.4042741106841
ENG_MECH,RUH,IC6,public,M,False,1,3121.193309972412,0.07429219254249726,1560.596654986206
CUSTOMER,EST,IC3,mnc,M,False,1,3120.5747135946385,0.3338341399785442,1560.2873567973193
HEALTH,EST,M1,private,F,False,2,3119.4342826068087,0.1513722142287951,1559.7171413034043
EDU,RUH,M2,public,F,True,1,3115.3423727320733,0.25131896678776033,1557.6711863660366
PM,EST,IC3,private,M,False,1,3102.1328946653066,0.23057739209450046,1551.0664473326533
SALES,MAD,IC4,pif_backed,M,False,1,3097.852138631999,0.18143872540720232,1548.9260693159995
HEALTH,RUH,IC4,private,F,False,7,3095.773372176894,0.330812922270964,1547.886686088447
DATA,RUH,IC1,startup,M,True,1,3094.382480268323,0.7735956200670807,1547.1912401341615
HEALTH,QAS,IC3,private,F,True,1,3089.3447153750903,0.5515022636695516,1544.6723576875452
ENG_MECH,JAZ,IC5,mnc,F,False,1,3083.1800000000003,0.3318126589416838,1541.5900000000001
ENG_CIVIL,JED,IC4,semigov,M,False,2,3082.9379156397745,0.2185013282300649,1541.4689578198872
DATA,BAH,IC6,startup,M,True,1,3069.9122900000057,0.20129899196813783,1534.9561450000028
SWE,BAH,IC1,private,M,False,1,3062.4266666666626,0.40347167418294705,1531.2133333333313
SALES,JED,IC4,pif_backed,M,True,1,3049.183101817611,0.3706235682279096,1524.5915509088054
CUSTOMER,RUH,IC4,semigov,F,True,2,3048.290024061154,0.29160332358943575,1524.145012030577
HEALTH,TAB,IC3,pif_backed,M,True,1,3047.0151754132557,0.45673553022177954,1523.5075877066279
HR,MAK,IC3,public,F,False,1,3024.5975000000044,0.5334829342114786,1512.2987500000022
ENG_MECH,RUH,IC5,private,F,True,1,3023.962659964647,0.21213183623028142,1511.9813299823236
EDU,MAD,IC4,public,F,True,1,3019.289999999998,0.2881744342530994,1509.644999999999
ENG_MECH,NOR,IC3,private,M,True,1,3017.064999999998,0.32304871324021456,1508.532499999999
HEALTH,MAD,M1,private,M,True,1,3014.747500000005,0.15530561192187628,1507.3737500000025
EDU,JED,IC6,public,F,True,2,3012.786679388306,0.1413193421174482,1506.393339694153
OPS,RUH,IC2,semigov,M,True,1,3012.0629834844185,0.3854419351908574,1506.0314917422093
OPS,RUH,IC3,public,M,False,2,3011.434917223348,0.42164977975073237,1505.717458611674
OPS,RUH,IC5,pif_backed,M,True,1,3004.5268812155555,0.18438777492775557,1502.2634406077777
OPS,QAS,IC3,pif_backed,F,True,1,2999.0950000000066,0.1886133115649822,1499.5475000000033
MARKETING,EST,IC2,public,F,False,2,2991.0920878381776,0.9136228078416534,1495.5460439190888
SALES,EST,M3,private,F,False,1,2987.7027537593203,0.1433050621630435,1493.8513768796602
MARKETING,JED,IC3,pif_backed,M,True,1,2987.25589723928,0.2037609603187375,1493.62794861964
PM,RUH,IC3,semigov,M,False,1,2973.3989442916627,0.22131688163641336,1486.6994721458314
ENG_MECH,RUH,IC2,pif_backed,F,False,1,2961.837346923432,0.28310675076763536,1480.918673461716
ENG_CIVIL,RUH,IC4,mnc,M,True,1,2947.849203219461,0.17674249574725856,1473.9246016097304
HR,JED,M1,public,F,True,2,2947.7999999999984,0.2800600063886719,1473.8999999999992
DATA,HAI,IC4,private,F,True,1,2944.7577099999944,0.1384779113085332,1472.3788549999972
EDU,EST,M1,private,F,True,3,2942.375802238746,0.319384090524826,1471.187901119373
EDU,RUH,M2,private,F,True,2,2941.306862737335,0.22860655716183326,1470.6534313686675
CUSTOMER,RUH,M1,private,M,False,1,2939.2065861153114,0.5213133879113655,1469.6032930576557
SWE,EST,M2,public,F,True,1,2931.565682169563,0.09636473876321802,1465.7828410847815
FIN,RUH,IC3,semigov,F,True,1,2924.4719983700306,0.20809326526826682,1462.2359991850153
CUSTOMER,QAS,IC5,public,M,False,1,2924.350000000004,0.3751330896029766,1462.175000000002
CUSTOMER,EST,IC3,pif_backed,F,False,1,2924.1702430089845,0.34272493155382067,1462.0851215044922
SUPPLY,RUH,IC3,public,M,False,1,2915.5255153539956,0.7995956161409655,1457.7627576769978
EDU,JED,M2,public,M,True,1,2915.3854018339225,0.30375717244499206,1457.6927009169613
ENG_CIVIL,RUH,IC4,pif_backed,M,False,1,2910.680406361482,0.30398750980276573,1455.340203180741
SALES,EST,IC3,semigov,M,True,3,2907.281510333744,0.2692163949500515,1453.640755166872
HEALTH,RUH,IC3,private,F,True,2,2906.984114095837,0.20826482780049593,1453.4920570479185
MARKETING,RUH,M3,mnc,M,True,1,2904.3721396548353,0.11181930020462294,1452.1860698274177
PM,TAB,IC5,mnc,M,False,1,2901.079999999987,0.1258680032054016,1450.5399999999936
CUSTOMER,EST,IC2,private,M,True,1,2888.601909589739,0.3365601941563676,1444.3009547948695
SALES,RUH,IC5,private,F,False,1,2886.9937929047774,0.23711695656034112,1443.4968964523887
SALES,QAS,IC3,private,M,False,1,2883.2187374317355,0.4740615653584353,1441.6093687158677
DATA,MAK,IC3,private,F,False,1,2880.463210291866,0.15969622735599245,1440.231605145933
FIN,ASR,IC4,private,M,True,1,2878.6919188839747,0.26697418993865846,1439.3459594419874
SALES,RUH,IC3,mnc,F,False,1,2877.2100530219104,0.2643158378597134,1438.6050265109552
SALES,EST,IC2,private,F,True,1,2869.539279944469,0.2231591878146773,1434.7696399722345
ENG_ELEC,BAH,IC4,semigov,M,True,1,2864.619999999999,0.396739243339367,1432.3099999999995
HEALTH,JED,IC6,private,M,False,1,2862.3314260868938,0.15446187311562382,1431.1657130434469
MARKETING,RUH,IC4,pif_backed,F,True,1,2862.2343362278225,0.12943555596783018,1431.1171681139112
SWE,EST,M2,private,M,True,1,2856.2472407715686,0.11106468766622073,1428.1236203857843
SALES,JED,M2,startup,M,True,1,2847.001352278654,0.12764618450530532,1423.500676139327
EDU,JED,IC2,pif_backed,F,True,1,2839.9665361469197,0.310286957212336,1419.9832680734598
MARKETING,QAS,IC4,private,M,False,1,2829.6864635462116,0.2324976019320154,1414.8432317731058
CUSTOMER,JED,IC4,semigov,F,False,1,2827.898571468044,0.2394330762638671,1413.949285734022
SWE,JED,IC2,private,M,False,1,2824.3871030928603,0.20313880542076554,1412.1935515464302
FIN,EST,IC2,pif_backed,F,True,1,2822.0976841758293,0.22820190756087363,1411.0488420879146
ENG_CIVIL,MAK,IC3,private,M,True,1,2819.72794208122,0.5005837053303497,1409.86397104061
SUPPLY,EST,IC3,private,M,True,1,2818.6635391654963,0.2828356316261324,1409.3317695827482
PM,RUH,IC4,pif_backed,F,False,1,2806.711894412143,0.15650664367870984,1403.3559472060715
OPS,MAD,IC4,semigov,M,True,1,2805.312660799147,0.29383124348502065,1402.6563303995736
FIN,RUH,IC3,public,M,False,1,2798.0068959754735,0.23668697387190968,1399.0034479877368
DATA,RUH,IC4,public,M,True,1,2793.540960984832,0.14165950194927066,1396.770480492416
ENG_CIVIL,EST,M1,public,M,False,1,2781.246388573767,0.17413066898656082,1390.6231942868835
HR,MAK,IC5,public,F,True,1,2772.8579999999984,0.19947628499016942,1386.4289999999992
MARKETING,RUH,IC3,semigov,M,True,1,2769.6267439401436,0.19020985955127387,1384.8133719700718
CUSTOMER,JED,IC4,public,F,False,1,2766.3711063839974,0.6094590303684017,1383.1855531919987
FIN,HAI,M1,mnc,F,True,1,2764.883333333324,0.15285386240876472,1382.441666666662
DESIGN,ASR,M2,public,F,False,1,2761.262290000006,0.17746859663375184,1380.631145000003
CUSTOMER,EST,IC2,semigov,M,True,1,2753.0038080611657,0.33695754659764726,1376.5019040305829
ENG_ELEC,RUH,IC3,mnc,M,True,1,2747.6397882215842,0.23602577624448057,1373.8198941107921
HEALTH,JAZ,IC3,pif_backed,M,True,1,2739.012143089898,0.22798825545974083,1369.506071544949
DESIGN,RUH,IC2,public,F,True,1,2738.7897744550173,0.2770461692523951,1369.3948872275087
ENG_CIVIL,RUH,IC3,semigov,M,False,1,2738.510643494925,0.25493964172624,1369.2553217474624
OPS,TAB,IC2,private,F,True,1,2729.0199999999977,0.3558410840229955,1364.5099999999989
OPS,EST,IC4,public,M,False,1,2727.1424017781574,0.24438336539437644,1363.5712008890787
SWE,JED,IC6,semigov,F,True,1,2719.4199999999946,0.0924034611117622,1359.7099999999973
HEALTH,RUH,IC4,semigov,F,False,1,2715.4048819143045,0.29500071505705805,1357.7024409571522
HEALTH,RUH,IC1,public,M,True,1,2714.8593377425777,0.3413564861397783,1357.4296688712889
HR,EST,IC2,public,F,True,1,2702.557985632334,0.6756394964080834,1351.278992816167
CUSTOMER,EST,IC3,private,F,True,1,2698.3706386871,0.43937743959994136,1349.18531934355
OPS,NOR,M3,private,M,False,1,2695.197709999993,0.12824735649007707,1347.5988549999965
HEALTH,RUH,M1,public,F,True,1,2691.621021876248,0.20193205529127833,1345.810510938124
EDU,RUH,IC4,semigov,F,True,3,2686.617849006015,0.16107353943567054,1343.3089245030076
HEALTH,RUH,M2,startup,F,False,1,2681.9023211315507,0.12707293840725425,1340.9511605657754
ENG_MECH,EST,IC6,semigov,F,False,1,2676.4399999999932,0.14241193168969268,1338.2199999999966
CUSTOMER,JAZ,IC3,private,F,False,1,2670.2351858083066,0.3046499157218947,1335.1175929041533
HEALTH,EST,IC2,mnc,M,False,1,2662.5439708125014,0.2722638037577921,1331.2719854062507
HEALTH,EST,IC3,public,M,True,1,2661.051815153465,0.31690996944736133,1330.5259075767326
SALES,ASR,IC3,mnc,F,True,1,2654.6816430200897,0.4013512483475483,1327.3408215100449
ENG_MECH,RUH,M1,public,M,False,2,2653.896026512726,0.27311905393978386,1326.948013256363
HEALTH,JED,IC4,mnc,M,False,2,2650.6989268554753,0.13481980299930782,1325.3494634277376
ENG_ELEC,RUH,IC4,public,M,True,2,2643.970017467067,0.2011859000978745,1321.9850087335335
EDU,MAK,IC3,public,F,True,2,2638.60931584779,0.22262023903379882,1319.304657923895
HEALTH,MAK,IC5,private,F,True,1,2637.1327184739966,0.20037129648779003,1318.5663592369983
OPS,EST,IC3,public,M,False,2,2635.624933617882,0.34298182418230816,1317.812466808941
SALES,NJR,M3,private,M,True,1,2631.569999999987,0.17433480932658052,1315.7849999999935
SALES,NJR,M2,semigov,M,False,1,2623.583333333323,0.2425769137479299,1311.7916666666615
SWE,JED,IC4,semigov,F,True,1,2618.4392871224118,0.08933981809951741,1309.2196435612059
DATA,BAH,IC4,public,M,False,1,2616.2199999999903,0.20949787997325367,1308.1099999999951
MARKETING,JED,IC5,public,F,False,1,2611.188899932895,0.13952183964927542,1305.5944499664474
ENG_ELEC,EST,IC1,private,F,False,1,2605.499999999999,0.3495771665935445,1302.7499999999995
CUSTOMER,JED,IC4,private,F,True,1,2598.3686394870347,0.5726129393678427,1299.1843197435173
SWE,JED,M3,private,M,True,1,2595.782499999972,0.059797126548784864,1297.891249999986
CUSTOMER,EST,M2,private,M,True,1,2594.024163167014,0.21185565227632566,1297.012081583507
SALES,RUH,IC6,public,M,True,1,2589.3731624908833,0.12508487118650627,1294.6865812454416
CUSTOMER,EST,IC4,private,M,False,2,2572.8648884715953,0.23676809400420548,1286.4324442357977
CUSTOMER,RUH,M1,private,F,True,3,2568.9831468780844,0.20572223373220758,1284.4915734390422
CUSTOMER,TAB,M2,public,M,False,1,2568.5350000000053,0.22539391843984125,1284.2675000000027
SWE,RUH,IC1,startup,M,True,1,2562.507094875449,0.25831334151957874,1281.2535474377246
HEALTH,TAB,IC5,private,F,True,1,2559.4901355050533,0.12658435736269555,1279.7450677525267
HR,ASR,IC4,semigov,F,False,1,2558.406666666662,0.2109264172337467,1279.203333333331
ENG_CIVIL,MAD,IC3,public,M,False,1,2553.3849999999957,0.29726090869191113,1276.6924999999978
SUPPLY,EST,IC4,private,F,False,2,2551.104384528713,0.3468990368381081,1275.5521922643566
EDU,JED,IC5,semigov,M,True,1,2549.255118048888,0.2684149747772966,1274.627559024444
DATA,EST,IC3,semigov,M,True,1,2544.3825341396678,0.1940627950557784,1272.1912670698339
ENG_MECH,JED,IC5,semigov,M,True,1,2542.368176824686,0.09187275755878938,1271.184088412343
ENG_ELEC,EST,IC1,private,M,False,1,2530.9900000000007,1.0924507941988952,1265.4950000000003
ENG_CIVIL,RUH,IC4,public,M,False,1,2525.2568969805716,0.34822195919123805,1262.6284484902858
FIN,NJR,IC2,private,M,True,1,2521.0649999999996,0.6302662499999999,1260.5324999999998
SWE,RUH,IC3,private,F,False,2,2515.3802728801074,0.26545597246034913,1257.6901364400537
HEALTH,MAK,IC2,private,F,True,1,2507.32288254826,0.626830720637065,1253.66144127413
OPS,JED,IC3,private,F,True,1,2507.319450444602,0.4947989482559132,1253.659725222301
SUPPLY,QAS,IC3,public,F,False,1,2505.8449999999993,0.36363339539378875,1252.9224999999997
HR,EST,IC2,private,M,False,1,2504.6507543874322,0.7060664653098054,1252.3253771937161
HEALTH,MAD,IC4,private,M,False,1,2503.2414134784703,0.23684258757774657,1251.6207067392352
EDU,EST,M3,public,M,True,1,2492.59989233343,0.14037541342680976,1246.299946166715
SALES,RUH,IC4,public,F,False,1,2489.940576391752,0.23434977457571346,1244.970288195876
HEALTH,RUH,IC3,mnc,F,False,3,2486.955602653319,0.18892589598668355,1243.4778013266596
CUSTOMER,ASR,M2,mnc,F,False,1,2486.9000000000005,0.360425513413238,1243.4500000000003
SUPPLY,JAZ,IC3,private,F,False,1,2485.0449999999955,0.4844472819783018,1242.5224999999978
DATA,JED,M4,private,M,False,1,2482.310000000012,0.04501723117668747,1241.155000000006
FIN,MAK,IC5,public,F,False,1,2465.541563766521,0.1632353869395699,1232.7707818832605
SALES,QAS,M5,private,M,True,1,2465.407709999996,0.11861001990298177,1232.703854999998
DESIGN,NJR,IC4,private,F,False,1,2465.270000000004,0.2354037041705343,1232.635000000002
PM,JED,IC1,public,M,False,1,2460.7100000000014,0.6368115814508389,1230.3550000000007
SUPPLY,QAS,IC2,semigov,M,False,1,2459.440000000002,0.6316881729267696,1229.720000000001
EDU,RUH,IC5,semigov,F,True,1,2458.3561740844507,0.15791866466188595,1229.1780870422253
DATA,JED,IC4,semigov,F,False,1,2440.585736302168,0.12988436872465361,1220.292868151084
ENG_ELEC,MAK,M1,mnc,M,True,1,2433.9622900000068,0.15320985858397698,1216.9811450000034
HEALTH,RUH,M3,private,F,False,2,2431.1964320203515,0.09907776028480175,1215.5982160101757
SUPPLY,ASR,IC5,pif_backed,M,False,1,2429.2600000000075,0.20182461830650028,1214.6300000000037
SWE,EST,IC3,mnc,M,True,1,2423.146557852164,0.18354459438584175,1211.573278926082
HEALTH,RUH,IC4,mnc,M,False,2,2421.9954017119126,0.20312407783239173,1210.9977008559563
CUSTOMER,JAZ,IC4,mnc,M,False,1,2419.393333333329,0.5464875605258729,1209.6966666666644
EDU,JED,IC5,public,F,True,1,2415.57993095213,0.23986502574351526,1207.789965476065
ENG_MECH,EST,IC4,private,M,False,1,2410.5296670946245,0.15299063770350105,1205.2648335473123
ENG_MECH,MAD,IC4,private,M,False,1,2407.2520707358453,0.17085214644589836,1203.6260353679227
FIN,NJR,IC4,public,F,False,1,2403.836000000001,0.21114377641124207,1201.9180000000006
EDU,JED,IC3,public,M,True,1,2396.069764051779,0.2249376664853367,1198.0348820258896
SALES,RUH,IC5,mnc,F,False,1,2395.4857195033746,0.1935375382252752,1197.7428597516873
SUPPLY,EST,IC2,semigov,M,False,1,2393.471446040561,0.2626692880178752,1196.7357230202806
PM,HAI,IC2,pif_backed,M,False,1,2386.3566666666666,0.20761199816836912,1193.1783333333333
LEGAL,RUH,IC3,private,M,False,1,2384.9704438380795,0.25022561962696294,1192.4852219190398
EDU,RUH,IC4,mnc,F,True,4,2381.8456635445336,0.12990271913204268,1190.9228317722668
LEGAL,RUH,IC4,mnc,M,False,1,2381.454011329599,0.11658786343312966,1190.7270056647994
PM,RUH,IC4,private,F,True,1,2381.4276668451166,0.11636115744365688,1190.7138334225583
SALES,RUH,IC3,mnc,F,True,1,2376.9205605181014,0.14882644581666632,1188.4602802590507
ENG_MECH,JED,IC3,public,M,False,2,2375.1188461466104,0.3402742232490278,1187.5594230733052
EDU,JED,IC4,private,F,True,2,2374.8678543271767,0.4459258090014955,1187.4339271635884
ENG_MECH,RUH,IC3,semigov,M,False,2,2366.1809824195707,0.21972829307918706,1183.0904912097853
HEALTH,JED,IC2,private,F,False,1,2361.9180640339937,0.5164344374526334,1180.9590320169968
ENG_ELEC,MAK,IC2,private,M,True,1,2361.8000000000006,0.38641826038157545,1180.9000000000003
SWE,RUH,IC4,private,M,True,2,2361.770165113837,0.11784993039160334,1180.8850825569184
MARKETING,RUH,IC3,private,F,True,1,2353.7415511605213,0.5884353877901304,1176.8707755802607
ENG_ELEC,RUH,M1,public,M,True,1,2352.912133083146,0.17522379536277413,1176.456066541573
FIN,RUH,IC4,semigov,M,True,1,2346.3881903214024,0.11986865622807254,1173.1940951607012
SALES,RUH,IC4,pif_backed,M,False,1,2346.308591711044,0.17516393080897352,1173.154295855522
OPS,EST,IC3,private,F,True,1,2344.2557529892492,0.1609916493312261,1172.1278764946246
ENG_ELEC,RUH,IC2,public,M,False,1,2341.710982767003,0.4148792029450851,1170.8554913835014
ENG_CIVIL,RUH,IC3,private,F,False,1,2338.319080646823,0.44733511898233147,1169.1595403234114
HEALTH,RUH,IC3,public,M,True,3,2334.2825005966715,0.22380644187536536,1167.1412502983358
EDU,TAB,M1,public,M,True,1,2327.1500000000033,0.19128512798509298,1163.5750000000016
CUSTOMER,JED,IC4,private,F,False,2,2324.0667389852856,0.5569304928066235,1162.0333694926428
FIN,RUH,M1,public,F,True,1,2313.8547558718183,0.19022528855155135,1156.9273779359091
ENG_ELEC,ASR,IC3,semigov,M,True,1,2312.6175000000076,0.29103585882992633,1156.3087500000038
SUPPLY,JED,IC4,semigov,F,True,1,2310.3629592389534,0.20297036564409277,1155.1814796194767
LEGAL,NJR,M1,public,M,True,1,2309.8177099999957,0.11196271638138944,1154.9088549999979
EDU,RUH,M1,pif_backed,F,True,1,2303.515887740992,0.16057601238458732,1151.757943870496
ENG_ELEC,RUH,IC4,private,F,False,1,2300.824095052498,0.23760449252975682,1150.412047526249
EDU,NJR,IC4,semigov,F,True,1,2297.236715111654,0.24746172818765663,1148.618357555827
HR,RUH,IC4,semigov,M,False,1,2296.909698357,0.126617632700551,1148.4548491785
SALES,RUH,IC3,semigov,M,False,1,2292.657742896283,0.43762614751258055,1146.3288714481414
FIN,RUH,IC5,startup,F,True,1,2291.0088195880708,0.09656334525111518,1145.5044097940354
ENG_ELEC,ASR,M2,semigov,M,True,1,2287.6600000000035,0.13709760546937758,1143.8300000000017
ENG_CIVIL,RUH,IC3,public,M,True,4,2278.9472084705912,0.2501564716765211,1139.4736042352956
EDU,MAK,IC4,private,F,True,2,2277.0089433900052,0.31722769398065165,1138.5044716950026
FIN,JED,IC4,public,M,True,1,2274.5733169591185,0.1835280561708558,1137.2866584795593
DATA,RUH,IC5,public,M,False,1,2273.1315368754185,0.07729428979823443,1136.5657684377093
SALES,RUH,M3,private,M,False,1,2271.6402516798153,0.1226348563633015,1135.8201258399076
HR,EST,M1,public,M,False,1,2271.1379999999917,0.14135279663611938,1135.5689999999959
SUPPLY,RUH,M1,public,M,False,1,2269.6468158683256,0.23913371824066343,1134.8234079341628
CUSTOMER,JED,IC4,startup,F,False,1,2269.4439693820586,0.22211038648670914,1134.7219846910293
HEALTH,EST,M4,public,F,True,1,2269.347106085599,0.0722036533496575,1134.6735530427995
FIN,BAH,IC3,semigov,M,True,1,2257.8222900000055,0.14056393672257328,1128.9111450000028
ENG_CIVIL,JED,IC3,mnc,M,False,2,2257.232205497633,0.20373353588119675,1128.6161027488165
ENG_MECH,RUH,IC3,public,M,False,1,2253.4769857279725,0.22498008112024676,1126.7384928639863
FIN,TAB,IC4,private,F,False,1,2246.12861246377,0.2544657671900442,1123.064306231885
SALES,NJR,M1,public,M,False,1,2243.6524999999947,0.273308519800273,1121.8262499999973
FIN,MAD,IC2,public,F,True,1,2241.6619999999966,0.275747194445845,1120.8309999999983
ENG_MECH,RUH,IC2,semigov,M,False,1,2237.5088093953955,0.40670294886112635,1118.7544046976977
ENG_MECH,MAK,VP,private,M,True,1,2237.4499999999607,0.05198121989813453,1118.7249999999804
HEALTH,RUH,IC5,private,F,True,3,2236.8759969620223,0.10226750836049643,1118.4379984810112
ENG_MECH,EST,IC4,startup,M,True,1,2235.9330264738383,0.13222627138385432,1117.9665132369191
DATA,RUH,IC1,private,M,True,1,2234.165612809439,0.42518847790562414,1117.0828064047196
SALES,HAI,IC4,semigov,F,False,1,2230.78238220789,0.1076355542810604,1115.391191103945
MARKETING,JAZ,IC3,private,F,False,1,2226.706666666665,0.2271428828878453,1113.3533333333326
EDU,RUH,M2,private,F,False,1,2225.658246394365,0.16488739087456078,1112.8291231971825
HEALTH,RUH,IC3,private,M,False,1,2223.5503593432204,0.22423343945665042,1111.7751796716102
SUPPLY,EST,IC4,semigov,M,True,1,2222.82408417459,0.09487785842380125,1111.412042087295
CUSTOMER,EST,IC3,semigov,F,True,1,2213.4954878652807,0.3437814778308689,1106.7477439326403
SUPPLY,EST,M2,semigov,M,False,1,2213.309999999994,0.13269737843972582,1106.654999999997
HEALTH,TAB,IC2,startup,M,False,1,2213.2300000000005,0.2827548937192267,1106.6150000000002
HR,RUH,IC4,mnc,M,False,2,2207.1470202320506,0.1392591665904734,1103.5735101160253
HEALTH,JED,IC4,semigov,F,False,1,2207.0839284819394,0.1305662424548324,1103.5419642409697
MARKETING,NJR,IC1,public,M,False,1,2199.9999999999995,1.2222222222222219,1099.9999999999998
HEALTH,NJR,IC1,semigov,M,True,1,2199.9999999999995,0.5499999999999999,1099.9999999999998
MARKETING,TAB,IC1,mnc,F,False,1,2199.9999999999995,1.2222222222222219,1099.9999999999998
EDU,ASR,M2,private,F,True,1,2198.8149999999896,0.21163737759323217,1099.4074999999948
ENG_ELEC,JED,IC3,private,M,True,3,2196.6975062909914,0.20091044101820957,1098.3487531454957
ENG_MECH,RUH,M3,semigov,M,False,1,2190.2191323908264,0.1021671320819264,1095.1095661954132
EDU,EST,IC1,startup,F,False,1,2187.689757181415,1.2153831984341195,1093.8448785907076
OPS,EST,IC4,mnc,M,False,1,2186.2743089987525,0.1265554385671712,1093.1371544993763
HEALTH,QAS,IC4,private,F,True,1,2176.6641457366204,0.230674862070398,1088.3320728683102
CUSTOMER,EST,IC3,public,F,False,1,2173.38006195306,0.9013723771055204,1086.69003097653
FIN,RUH,IC3,public,M,True,4,2170.1519261669955,0.28741319418810407,1085.0759630834978
SALES,QAS,IC3,public,M,False,1,2165.973754165453,0.22449976722278742,1082.9868770827266
ENG_MECH,EST,IC2,private,M,True,2,2165.493957669462,0.16634405927014595,1082.746978834731
CUSTOMER,EST,M4,private,F,True,1,2164.5566666666746,0.0700639141823412,1082.2783333333373
ENG_MECH,RUH,IC3,private,M,False,3,2161.3832484407453,0.19036401801794248,1080.6916242203727
EDU,ASR,IC4,mnc,F,True,1,2157.3257849196098,0.23137069220757903,1078.6628924598049
SWE,RUH,IC2,mnc,M,False,2,2147.9508802237397,0.1747997896355037,1073.9754401118698
SUPPLY,HAI,IC4,private,F,True,1,2147.810000000005,0.22194539742900887,1073.9050000000025
HR,QAS,IC3,private,F,True,1,2146.5099999999975,0.23710299379105623,1073.2549999999987
SALES,RUH,IC5,semigov,F,True,1,2144.500228685094,0.11948953700164004,1072.250114342547
ENG_CIVIL,RUH,IC2,private,M,True,2,2143.886090928382,0.2933544674075595,1071.943045464191
EDU,HAI,M3,private,F,True,1,2142.200000000006,0.19318156199133438,1071.100000000003
FIN,EST,IC3,pif_backed,M,False,2,2131.7487531722622,0.18076105160708114,1065.8743765861311
FIN,RUH,M1,mnc,F,True,1,2130.161020501928,0.08334390457812697,1065.080510250964
SALES,EST,IC1,pif_backed,M,False,1,2129.453832558843,0.3048443796269985,1064.7269162794214
PM,EST,VP,private,M,True,1,2122.58999999988,0.013446903801919192,1061.29499999994
SALES,TAB,IC3,pif_backed,F,False,1,2120.81663516526,0.17926050004270672,1060.40831758263
FIN,EST,M1,mnc,F,False,1,2120.234194034698,0.14847183296485794,1060.117097017349
EDU,JAZ,IC4,private,F,True,1,2111.8862092658674,0.394585776446494,1055.9431046329337
HEALTH,EST,IC2,public,M,True,1,2110.3964149127632,0.39013286333546476,1055.1982074563816
DESIGN,RUH,IC3,private,M,False,1,2103.7572685173236,0.1851845209177307,1051.8786342586618
OPS,JED,M2,mnc,M,False,1,2098.999476850837,0.10294203792185705,1049.4997384254184
FIN,JAZ,IC2,private,F,False,1,2097.006666666664,0.5593792874716681,1048.503333333332
ENG_ELEC,RUH,D2,private,M,True,1,2095.279999999999,0.07759118059850167,1047.6399999999994
EDU,EST,IC1,public,F,False,1,2092.0052127234203,1.1622251181796779,1046.0026063617101
ENG_ELEC,JED,IC5,pif_backed,M,True,1,2090.8988727830256,0.10696885796053705,1045.4494363915128
FIN,JED,IC3,private,F,False,1,2088.2733922593234,0.1275632795511511,1044.1366961296617
DATA,QAS,IC2,semigov,M,False,1,2080.7700000000023,0.18104451873030367,1040.3850000000011
ENG_ELEC,JED,IC4,semigov,M,False,1,2079.335704979212,0.16777387385983922,1039.667852489606
CUSTOMER,NOR,IC4,semigov,F,False,1,2079.329999999998,0.12157314893475196,1039.664999999999
LEGAL,JAZ,IC3,public,F,True,1,2076.6599999999953,0.2782958057158473,1038.3299999999977
DATA,EST,M2,semigov,M,False,1,2070.459481545484,0.06844659330772226,1035.229740772742
SALES,QAS,IC2,private,F,True,2,2066.549000000002,0.489388755747518,1033.274500000001
SALES,EST,M1,startup,M,False,1,2065.0493792646703,0.11412466975180939,1032.5246896323351
SWE,RUH,IC2,private,M,True,1,2061.1609147423987,0.17982653152454112,1030.5804573711994
CUSTOMER,MAD,IC2,public,M,False,1,2059.51333333333,1.0830252642908085,1029.756666666665
EDU,JED,IC3,public,F,False,1,2059.0759730946547,0.4451603778847673,1029.5379865473274
HR,RUH,IC4,mnc,M,True,1,2056.3454682278843,0.1469381804469203,1028.1727341139422
HR,QAS,M3,private,F,False,1,2055.1399999999903,0.14525661667729148,1027.5699999999952
OPS,MAK,IC3,private,M,True,1,2053.479855071626,0.2953164317589622,1026.739927535813
ENG_ELEC,ASR,IC3,private,M,True,1,2051.877500000008,0.2500185819249665,1025.938750000004
MARKETING,ASR,IC2,private,F,True,1,2047.4650000000047,0.42345603944464877,1023.7325000000023
HEALTH,MAK,IC2,semigov,F,True,2,2040.3893687756022,0.4729483919211998,1020.1946843878011
CUSTOMER,ASR,IC3,private,M,True,1,2037.8339999999962,0.2818440575572995,1018.9169999999981
EDU,QAS,IC4,semigov,F,True,1,2026.0826270441003,0.3162236117076159,1013.0413135220501
DATA,EST,IC3,private,M,False,1,2023.240108951104,0.11776368157587314,1011.620054475552
SALES,EST,IC4,private,F,False,2,2023.23271481984,0.17060492789275603,1011.61635740992
HEALTH,NJR,IC3,public,F,False,1,2018.208356737494,0.2419000445560123,1009.104178368747
LEGAL,EST,M1,private,M,False,1,2017.369065275314,0.09066423854737761,1008.684532637657
DATA,RUH,IC1,semigov,F,True,1,2017.0104441465974,0.5042526110366493,1008.5052220732987
EDU,TAB,IC2,private,M,False,1,2014.9680000000012,0.6694957603466154,1007.4840000000006
ENG_ELEC,RUH,IC5,public,M,True,1,2010.8749213632582,0.09897786672759894,1005.4374606816291
EDU,JED,IC4,semigov,F,True,1,2003.528130035591,0.1584114742564681,1001.7640650177955
CUSTOMER,QAS,D1,private,M,False,1,2002.2522900000058,0.12270078630140548,1001.1261450000029
FIN,EST,IC5,public,F,True,1,1998.4104907861165,0.1426257365010571,999.2052453930582
MARKETING,RUH,IC4,private,F,False,2,1996.618942251076,0.33122357777651257,998.309471125538
DESIGN,RUH,IC5,private,F,False,1,1994.8735627534406,0.07792423107945927,997.4367813767203
ENG_CIVIL,JED,IC4,private,M,False,3,1992.7871155241367,0.1499580186405046,996.3935577620683
SALES,EST,IC6,private,F,True,1,1992.5022778732855,0.07560493470561484,996.2511389366427
OPS,TAB,IC3,private,M,True,2,1990.364999999997,0.16898391984150377,995.1824999999985
HR,EST,IC5,public,F,True,1,1990.3223883300016,0.12818873463626712,995.1611941650008
HEALTH,JED,IC3,private,M,False,1,1984.917537266153,0.2507494419192355,992.4587686330765
LEGAL,RUH,IC4,private,F,False,2,1984.490308727276,0.09647088759835373,992.245154363638
SALES,MAK,IC3,semigov,M,True,1,1978.511389572508,0.1805599918935563,989.255694786254
MARKETING,JED,IC4,private,F,True,2,1977.9351712018597,0.08293611557017362,988.9675856009299
SUPPLY,EST,IC4,private,M,False,1,1977.1878704997507,0.21663277828966768,988.5939352498754
HEALTH,RUH,IC1,semigov,F,False,1,1973.5024436992326,0.32344916580198946,986.7512218496163
FIN,RUH,IC2,private,M,False,1,1970.501837012941,0.32940904307020324,985.2509185064705
HEALTH,RUH,IC3,semigov,F,False,3,1968.4489288307402,0.2092094234565692,984.2244644153701
OPS,RUH,IC3,private,M,False,2,1967.901926424906,0.177647477820249,983.950963212453
HEALTH,EST,M4,mnc,M,False,1,1961.8250905542736,0.05990280012709178,980.9125452771368
SUPPLY,EST,IC4,semigov,F,False,1,1958.3516307945401,0.26293234142233746,979.1758153972701
EDU,RUH,IC4,private,F,False,2,1956.483821877181,0.28060512703952484,978.2419109385905
SWE,RUH,M1,startup,M,False,1,1951.9573767134207,0.14819923945355049,975.9786883567103
MARKETING,MAK,IC4,private,F,False,2,1949.896667501378,0.1709069709816233,974.948333750689
MARKETING,RUH,IC2,private,F,True,1,1947.4419900980347,0.23353479563424243,973.7209950490173
HEALTH,TAB,IC3,private,F,False,1,1944.8851683832145,0.2620669298337649,972.4425841916072
ENG_MECH,MAK,IC2,pif_backed,M,False,1,1937.099999999994,0.28396147587844583,968.549999999997
SALES,JED,IC3,public,M,False,2,1936.7198690848968,0.840086505865977,968.3599345424484
HEALTH,EST,IC1,public,M,False,1,1926.9995042981773,1.070555280165654,963.4997521490886
EDU,EST,M1,public,M,True,1,1923.840443689267,0.14627128911802403,961.9202218446335
HR,RUH,IC5,private,F,True,1,1923.4669814230037,0.09134459950739099,961.7334907115019
SUPPLY,RUH,IC3,mnc,M,False,2,1917.0679458418645,0.3108301705488256,958.5339729209322
DATA,RUH,IC4,pif_backed,F,True,1,1913.5082487145628,0.0804469293753655,956.7541243572814
PM,EST,IC3,public,M,False,1,1912.981053684056,0.138755241720412,956.490526842028
PM,EST,IC5,public,M,True,1,1910.5864238254362,0.10890739692174162,955.2932119127181
CUSTOMER,RUH,IC2,private,F,False,1,1909.8829841892764,1.0177846023678405,954.9414920946382
EDU,JED,M1,startup,M,True,1,1909.3221139330508,0.1426602594150385,954.6610569665254
ENG_MECH,QAS,IC4,semigov,M,True,1,1908.2474999999977,0.12101496700106334,954.1237499999988
ENG_CIVIL,JED,IC4,mnc,M,False,1,1903.5705957522568,0.12485934385206189,951.7852978761284
FIN,JAZ,M2,public,M,True,1,1902.0973084255638,0.09951970899171411,951.0486542127819
SWE,RUH,IC1,pif_backed,M,False,1,1893.9167037600455,0.41336188953542663,946.9583518800227
ENG_ELEC,EST,IC4,pif_backed,M,True,1,1883.4282078297365,0.09296702261352857,941.7141039148682
CUSTOMER,EST,IC4,pif_backed,F,False,1,1881.5318296840305,0.11446950561350604,940.7659148420153
EDU,MAD,IC3,private,F,True,2,1880.6358088027082,0.4672737142336082,940.3179044013541
DESIGN,EST,IC2,public,F,False,1,1876.0710141654636,0.16435195692017,938.0355070827318
CUSTOMER,JED,IC1,private,F,False,1,1874.7799999999984,1.0415444444444435,937.3899999999992
EDU,RUH,M4,private,F,True,1,1873.1926606402922,0.07946166170377007,936.5963303201461
HEALTH,NJR,M4,semigov,M,False,1,1868.1677099999943,0.09253581899478835,934.0838549999971
ENG_CIVIL,TAB,IC4,public,M,False,1,1866.1885927796493,0.2587874264734762,933.0942963898246
HR,JED,M2,public,F,True,2,1856.2549999999983,0.1349777875533409,928.1274999999991
CUSTOMER,JED,IC2,semigov,F,True,1,1855.007674783542,0.3348679442954519,927.503837391771
ENG_ELEC,RUH,IC3,public,M,False,3,1852.7701420585047,0.24934379859210176,926.3850710292523
SWE,MAK,M3,private,F,False,1,1851.5750000000262,0.04161648840741794,925.7875000000131
EDU,RUH,IC4,mnc,M,False,1,1851.529465873491,0.14584599301096415,925.7647329367455
FIN,RUH,M1,semigov,F,False,1,1851.3624225378626,0.07226140246085096,925.6812112689313
SALES,RUH,IC4,semigov,F,False,1,1848.1276729027613,0.12014919268328711,924.0638364513807
ENG_ELEC,EST,IC4,private,M,True,1,1846.6649691400871,0.1663621667887436,923.3324845700436
OPS,MAK,IC5,private,M,True,1,1841.9028855325832,0.11423000671230216,920.9514427662916
OPS,JED,IC4,public,M,True,1,1841.4948628961647,0.12254517100779891,920.7474314480824
LEGAL,ASR,IC4,private,M,False,1,1840.6999999999916,0.156507602611662,920.3499999999958
ENG_CIVIL,NJR,IC3,private,M,True,1,1838.8833333333323,0.3642088765123515,919.4416666666662
CUSTOMER,RUH,IC4,startup,F,False,1,1838.1717987677116,0.48080662257532153,919.0858993838558
ENG_ELEC,MAD,IC1,public,M,True,1,1837.5499999999993,0.25722124624677156,918.7749999999996
EDU,JED,IC2,public,F,True,1,1837.1580160448366,0.45928950401120916,918.5790080224183
MARKETING,RUH,IC3,private,M,True,1,1835.3838641548664,0.17950069772095154,917.6919320774332
HEALTH,MAK,IC2,public,F,False,1,1835.183369087671,0.3989346940873723,917.5916845438355
ENG_ELEC,TAB,IC1,private,M,True,1,1829.6800000000007,0.31385599209562115,914.8400000000004
ENG_MECH,RUH,M2,private,M,False,3,1829.5175974885387,0.0642579902615123,914.7587987442694
HEALTH,JED,IC1,public,F,False,1,1826.674999999996,0.5215375962175361,913.337499999998
HEALTH,TAB,IC3,mnc,M,True,1,1825.0351625884641,0.23169253692580574,912.5175812942321
CUSTOMER,RUH,IC3,mnc,M,False,1,1817.253853175558,0.14993484918063496,908.626926587779
SALES,JED,IC3,private,F,False,1,1815.260138130992,0.4993110050339268,907.630069065496
HR,RUH,IC3,semigov,M,False,1,1811.4051006431946,0.1564032956192863,905.7025503215973
EDU,RUH,IC5,startup,M,True,1,1808.9546025814616,0.12978245665784652,904.4773012907308
CUSTOMER,RUH,IC3,private,M,False,2,1808.6085839147524,0.29487484596558367,904.3042919573762
CUSTOMER,RUH,IC5,private,M,False,1,1802.4470284732379,0.2870284836923598,901.2235142366189
SWE,RUH,IC2,private,M,False,1,1798.398019929442,0.1927105545073833,899.199009964721
EDU,EST,IC2,public,M,True,1,1795.6644833899563,0.2575485408195986,897.8322416949782
HR,ASR,IC5,mnc,F,False,1,1794.3299999999945,0.21297457950004028,897.1649999999972
OPS,RUH,IC1,private,M,False,1,1793.710716706249,0.996505953725694,896.8553583531245
CUSTOMER,EST,IC6,private,M,True,1,1792.311313887949,0.17079033161949617,896.1556569439745
EDU,RUH,IC2,semigov,M,False,1,1787.6746745476667,0.42496699833777873,893.8373372738333
EDU,RUH,IC4,private,F,True,5,1785.3120978714546,0.1426255041180443,892.6560489357273
HEALTH,EST,IC4,semigov,F,True,1,1784.6581267690326,0.12026581658739727,892.3290633845163
ENG_CIVIL,JED,M2,public,M,True,1,1782.825923223263,0.1381713199651293,891.4129616116315
ENG_ELEC,RUH,M2,private,M,True,2,1781.2749276631166,0.06777782216773044,890.6374638315583
FIN,QAS,IC5,semigov,M,False,1,1778.9786640718085,0.07933376073613196,889.4893320359042
ENG_CIVIL,MAD,IC4,private,M,False,2,1777.7349760058296,0.13027411405467537,888.8674880029148
FIN,JED,IC3,public,F,True,1,1777.423026747716,0.2044363783401596,888.711513373858
OPS,NJR,M1,public,M,False,1,1775.3700000000117,0.1310125937743992,887.6850000000059
MARKETING,RUH,M3,mnc,F,False,2,1774.8211714999288,0.04733449623012388,887.4105857499644
HEALTH,HAI,IC4,public,F,False,1,1774.7474999999886,0.17693774394711934,887.3737499999943
HEALTH,JED,IC3,private,F,False,1,1773.040506504296,0.18011474118664722,886.520253252148
EDU,RUH,IC4,private,M,True,2,1772.2251295753495,0.19600709325105062,886.1125647876747
LEGAL,ASR,IC4,private,F,True,1,1772.049999999992,0.14979619163227526,886.024999999996
SUPPLY,RUH,IC3,semigov,M,True,1,1771.252644445878,0.08807163286904895,885.626322222939
OPS,EST,IC4,private,M,False,1,1769.07466827381,0.12481283579682895,884.537334136905
ENG_ELEC,RUH,IC2,public,M,True,1,1762.83966380305,0.1688805795346644,881.419831901525
SALES,MAK,IC4,private,M,True,2,1761.43382966216,0.10840957798668788,880.71691483108
FIN,NOR,D2,private,F,True,1,1758.4122900000075,0.10617143027929628,879.2061450000037
DATA,QAS,IC3,private,M,False,1,1757.1300000000065,0.27467001394351415,878.5650000000032
OPS,ASR,IC5,mnc,M,False,1,1752.1266666666725,0.15332438422366523,876.0633333333362
FIN,RUH,IC3,private,F,False,1,1751.8443676526167,0.16770672912694928,875.9221838263084
HEALTH,RUH,M3,public,F,True,1,1751.5085534525388,0.06493307101165115,875.7542767262694
HEALTH,MAK,IC4,pif_backed,F,True,1,1750.6649127216097,0.12436137429791704,875.3324563608048
EDU,TAB,IC4,pif_backed,M,True,1,1749.9319066332246,0.15576813203894396,874.9659533166123
HR,MAD,IC4,semigov,M,True,1,1748.184270367914,0.12218417325174932,874.092135183957
HEALTH,JED,IC2,public,M,False,1,1746.1515987388793,0.18707370757742145,873.0757993694397
HEALTH,RUH,IC2,public,F,True,2,1741.5135763754074,0.14690373366662718,870.7567881877037
ENG_MECH,TAB,IC3,public,M,False,1,1739.266915988852,0.1548112212444994,869.633457994426
FIN,MAK,IC2,pif_backed,F,False,1,1737.1688540342138,0.2607367241373731,868.5844270171069
CUSTOMER,JAZ,M1,private,M,False,1,1736.1899999999941,0.34176363017190525,868.0949999999971
FIN,EST,IC2,public,M,True,1,1730.282263293925,0.26805468404047816,865.1411316469625
MARKETING,RUH,M2,semigov,M,False,1,1729.9230794447067,0.07817751873608476,864.9615397223533
ENG_CIVIL,RUH,IC6,private,M,False,1,1729.7614245889235,0.08897455411885159,864.8807122944618
DESIGN,RUH,IC5,private,M,True,1,1729.596635826776,0.07209722789566124,864.798317913388
MARKETING,EST,M2,semigov,F,True,1,1728.6470650256997,0.0744092346993322,864.3235325128499
HR,RUH,IC3,mnc,M,False,1,1728.270032920047,0.11389297136580008,864.1350164600235
PM,JED,IC4,semigov,F,False,1,1716.9332605032796,0.10526687511400959,858.4666302516398
SWE,BAH,IC5,public,M,True,1,1714.0800000000072,0.1216968894903245,857.0400000000036
LEGAL,ASR,IC2,public,F,True,1,1708.4700000000012,0.2630195824866065,854.2350000000006
ENG_ELEC,JED,M5,private,M,True,1,1704.6577099999959,0.08512613732379574,852.3288549999979
ENG_MECH,MAD,IC5,semigov,F,True,1,1697.6750000000102,0.09928417494436917,848.8375000000051
SWE,EST,IC4,startup,M,True,1,1696.9976336744803,0.07397735573412408,848.4988168372402
SALES,RUH,IC1,private,M,False,1,1691.8569852796445,0.9399205473775802,845.9284926398223
ENG_CIVIL,ASR,IC6,public,M,True,1,1686.5322900000065,0.10139133359665156,843.2661450000032
MARKETING,ASR,IC3,private,M,True,1,1683.2818613678846,0.29023151896325294,841.6409306839423
DESIGN,JED,IC3,private,M,False,1,1679.864241634572,0.10698218613058562,839.932120817286
SALES,EST,IC3,public,F,False,1,1678.5179323449056,0.20862816883287622,839.2589661724528
HR,HAI,M3,private,F,False,1,1677.3177099999957,0.0838753634160658,838.6588549999979
ENG_CIVIL,RUH,IC3,private,M,False,3,1675.2749588364259,0.17312893215790673,837.6374794182129
HEALTH,BAH,M1,semigov,M,True,1,1674.8222900000073,0.10061651667708028,837.4111450000037
ENG_ELEC,RUH,M1,private,M,True,1,1674.5082912745238,0.11006118512367437,837.2541456372619
SWE,MAD,M2,mnc,M,False,1,1662.723333333328,0.0866267030389165,831.361666666664
ENG_MECH,EST,IC4,mnc,M,True,2,1662.467252431341,0.07897913201390001,831.2336262156705
OPS,ASR,M4,pif_backed,M,True,1,1662.0577099999937,0.08317574745477006,831.0288549999968
SUPPLY,RUH,IC4,public,M,False,1,1660.8239625453461,0.16393614425396175,830.4119812726731
DATA,TAB,IC2,mnc,M,True,1,1654.8850000000048,0.19124013109237537,827.4425000000024
ENG_MECH,TAB,IC3,semigov,M,True,1,1653.4968880505712,0.13791714179848724,826.7484440252856
HR,HAI,IC1,semigov,F,False,1,1649.8199999999997,0.7019972938243028,824.9099999999999
FIN,RUH,IC4,mnc,F,False,1,1637.8406709003357,0.06781241340035474,818.9203354501678
ENG_MECH,RUH,IC3,startup,M,False,2,1630.7137213133583,0.25047866625397236,815.3568606566791
HEALTH,JAZ,IC2,private,F,True,1,1628.1233333333284,0.3315474299553887,814.0616666666642
ENG_CIVIL,RUH,IC2,pif_backed,M,False,1,1627.6487144081684,0.2650198749852512,813.8243572040842
HR,QAS,IC3,mnc,F,False,1,1623.4400000000023,0.307288117627463,811.7200000000012
MARKETING,NJR,IC3,pif_backed,F,False,1,1621.2266666666637,0.24804835221103402,810.6133333333319
PM,MAK,IC5,public,M,False,1,1619.5014187812558,0.06915310551534522,809.7507093906279
HEALTH,RUH,IC3,public,M,False,1,1617.6082568597012,0.20861866375110605,808.8041284298506
DATA,RUH,M3,private,M,True,1,1617.343611985787,0.03634146012166044,808.6718059928935
EDU,MAK,IC3,private,F,True,3,1612.4363369391933,0.1650699010090748,806.2181684695967
HR,EST,IC3,public,F,True,1,1608.891389469678,0.162064103698784,804.445694734839
SUPPLY,TAB,IC3,public,M,True,1,1603.7619999999997,0.22210585939609812,801.8809999999999
HEALTH,ASR,IC3,private,F,False,1,1602.8850013936144,0.24194673188380508,801.4425006968072
SWE,RUH,IC2,private,F,True,1,1600.3517973535618,0.13618809887070094,800.1758986767809
ENG_ELEC,EST,M3,public,M,False,1,1599.6947896195088,0.05162167483690921,799.8473948097544
HR,TAB,IC3,private,M,False,1,1597.3350000000055,0.27185302932571875,798.6675000000027
DESIGN,RUH,IC1,private,M,False,1,1593.5679999999984,0.45202729918476825,796.7839999999992
FIN,JED,IC3,private,M,True,1,1593.078313239117,0.10932656726232537,796.5391566195585
OPS,JAZ,IC3,public,M,False,1,1592.4474647313082,0.23046183103895881,796.2237323656541
SUPPLY,RUH,M1,semigov,M,False,1,1588.3307875899482,0.13912016827494056,794.1653937949741
PM,JED,IC4,private,M,False,1,1587.7898413848125,0.08486017283114612,793.8949206924062
HR,MAD,IC3,semigov,F,False,1,1587.3049999999967,0.158933139753185,793.6524999999983
OPS,JED,IC3,public,F,True,1,1586.5107149069645,0.19656368544905356,793.2553574534822
CUSTOMER,EST,M2,private,F,False,1,1582.0960981171847,0.09233195805495956,791.0480490585924
HEALTH,RUH,IC2,private,M,False,3,1580.5900843432028,0.2566638499975438,790.2950421716014
OPS,RUH,IC3,private,F,True,2,1576.490475283037,0.12235874407777338,788.2452376415185
EDU,NJR,IC3,public,M,True,1,1574.8600000000024,0.3011026115086873,787.4300000000012
ENG_CIVIL,RUH,M2,private,M,True,1,1566.3051198451703,0.1175599371218265,783.1525599225852
CUSTOMER,MAD,IC1,private,M,False,1,1566.0049999999987,0.8700027777777771,783.0024999999994
OPS,MAD,IC6,public,F,False,1,1561.6300000000065,0.15250605725312788,780.8150000000032
SUPPLY,RUH,IC3,mnc,M,True,1,1558.61007548013,0.08075733347496415,779.305037740065
SALES,MAK,IC2,private,M,False,1,1553.0520000000006,0.18160761206264497,776.5260000000003
CUSTOMER,NJR,IC2,semigov,M,False,1,1552.2899999999995,0.6341805197511141,776.1449999999998
SALES,QAS,IC2,mnc,M,True,1,1547.815999999998,0.19612791391647327,773.907999999999
CUSTOMER,RUH,IC4,semigov,F,False,1,1540.8398534541757,0.3129759065675255,770.4199267270878
SALES,MAK,IC1,private,M,False,1,1538.2247297858767,0.854569294325487,769.1123648929383
SALES,EST,IC4,semigov,F,True,1,1537.168986976787,0.08756273045929702,768.5844934883935
SWE,RUH,IC2,startup,F,True,1,1536.1520804935326,0.19323178102736457,768.0760402467663
HR,EST,IC4,private,F,False,1,1534.0135365659235,0.20018341762093417,767.0067682829617
MARKETING,EST,IC3,startup,M,True,1,1533.3819639196772,0.1566608156306788,766.6909819598386
CUSTOMER,RUH,IC2,pif_backed,F,False,1,1532.3277759869825,0.7217237481981877,766.1638879934912
FIN,EST,M1,private,F,False,1,1530.2105685061797,0.10556947713087708,765.1052842530898
ENG_ELEC,RUH,IC5,private,M,False,1,1527.293805198362,0.11725486051109,763.646902599181
OPS,MAK,IC2,semigov,M,False,1,1526.9701465415478,0.4579513687949819,763.4850732707739
OPS,JAZ,IC4,mnc,M,True,1,1524.3784172801843,0.1987393376582981,762.1892086400921
OPS,RUH,IC4,pif_backed,M,False,1,1524.209065941297,0.09081684421037403,762.1045329706485
HEALTH,RUH,IC3,startup,M,True,2,1518.872721527032,0.1368439970571693,759.436360763516
EDU,RUH,M1,private,F,True,3,1512.9091462932877,0.1459917832630659,756.4545731466438
ENG_CIVIL,JAZ,IC5,public,M,False,1,1512.7766666666712,0.22217767242485104,756.3883333333356
HR,ASR,IC2,private,M,False,1,1503.720000000003,0.15801087788024276,751.8600000000015
CUSTOMER,JAZ,IC5,public,M,False,1,1502.1351924806077,0.22292991288122224,751.0675962403038
HR,NJR,IC3,mnc,F,True,1,1499.1407368897799,0.1538296536941078,749.5703684448899
FIN,RUH,IC5,mnc,M,True,1,1495.654080012173,0.03981800030169039,747.8270400060865
PM,JED,IC4,mnc,M,True,1,1488.8114280992195,0.06739728548286016,744.4057140496097
ENG_MECH,JED,IC4,semigov,M,False,2,1487.6440553410966,0.09961611290579364,743.8220276705483
CUSTOMER,JED,IC2,private,M,False,3,1483.3322661116988,0.3796240685775376,741.6661330558494
ENG_MECH,RUH,IC2,public,M,False,2,1482.7320719673962,0.190591394040962,741.3660359836981
CUSTOMER,RUH,IC4,pif_backed,F,False,1,1482.560173656977,0.18540855429179645,741.2800868284885
HEALTH,EST,M1,pif_backed,F,True,1,1477.3858732611334,0.07598314475000172,738.6929366305667
CUSTOMER,RUH,IC1,pif_backed,F,True,1,1476.626453652324,0.25026676231054895,738.313226826162
HEALTH,MAK,M1,public,F,False,1,1465.9697325700254,0.10938774672035373,732.9848662850127
HEALTH,JED,IC1,semigov,F,False,1,1460.2049999999963,0.3774163532741432,730.1024999999981
OPS,JED,M3,private,M,False,1,1459.1200000000008,0.09789400943301291,729.5600000000004
HEALTH,TAB,IC4,semigov,F,False,1,1452.846326348812,0.11425439559077753,726.423163174406
OPS,QAS,M4,private,M,True,1,1448.6800000000185,0.05584510104452321,724.3400000000092
OPS,MAD,IC2,mnc,F,True,1,1445.5700464086585,0.27325897692272155,722.7850232043293
OPS,EST,IC2,public,M,True,1,1438.1615499170912,0.3595403874792728,719.0807749585456
OPS,ASR,M2,semigov,M,True,1,1432.0450000000055,0.1258075766813501,716.0225000000028
ENG_ELEC,RUH,IC6,pif_backed,M,False,1,1430.8966501593422,0.04386940291788907,715.4483250796711
FIN,EST,IC3,private,F,True,1,1421.2800194624397,0.07677444586968632,710.6400097312198
SALES,EST,IC3,private,F,False,1,1414.9246550165499,0.28465471556481314,707.4623275082749
OPS,RUH,IC3,semigov,M,False,2,1411.229207527902,0.16430851176847294,705.614603763951
EDU,EST,IC3,semigov,F,False,1,1406.138708745767,0.18802139819375085,703.0693543728835
CUSTOMER,BAH,IC3,startup,M,False,1,1406.0149999999985,0.1508842624885978,703.0074999999993
HEALTH,QAS,IC1,private,F,False,1,1402.7466666666664,0.3563816453595116,701.3733333333332
DESIGN,RUH,IC2,public,F,False,1,1390.7733974453822,0.1740008829631989,695.3866987226911
FIN,RUH,D1,pif_backed,F,True,1,1385.8673666398754,0.02818917205685066,692.9336833199377
HEALTH,RUH,IC1,semigov,M,False,1,1383.6405555074666,0.4445631467784789,691.8202777537333
EDU,QAS,IC2,public,F,True,2,1380.4749999999995,0.29789185967689713,690.2374999999997
EDU,EST,IC2,private,F,True,1,1378.1789026431388,0.2054637470117163,689.0894513215694
PM,EST,M4,public,M,True,1,1374.300000000032,0.02960745720997558,687.150000000016
SUPPLY,RUH,IC5,public,F,False,1,1373.6773395728615,0.1278791044100597,686.8386697864307
PM,QAS,IC6,private,M,False,1,1372.3377099999925,0.06968742370292395,686.1688549999963
CUSTOMER,JAZ,IC2,private,M,True,1,1359.5750000000044,0.20503688801486444,679.7875000000022
SUPPLY,EST,IC3,semigov,M,False,2,1358.183585030029,0.1406434543922056,679.0917925150145
SALES,MAK,IC2,public,M,False,1,1349.7879999999996,0.23894916664453816,674.8939999999998
OPS,EST,M1,pif_backed,M,True,1,1346.351376825347,0.07070437931482687,673.1756884126735
EDU,RUH,IC3,mnc,F,True,2,1344.6189181770715,0.15514447695746747,672.3094590885357
OPS,JAZ,IC1,semigov,F,False,1,1342.0333333333342,0.3278449574528727,671.0166666666671
HEALTH,MAK,IC2,public,M,False,1,1341.0578924013525,0.2636333222068268,670.5289462006763
ENG_ELEC,JAZ,IC3,private,M,False,2,1335.848333333328,0.1413106245426778,667.924166666664
SWE,JED,IC2,semigov,M,True,2,1331.7979320007453,0.1425175793103377,665.8989660003726
EDU,TAB,IC4,mnc,F,True,1,1330.7894364976128,0.12479984662453618,665.3947182488064
HR,RUH,M1,public,F,True,1,1320.8834555247104,0.11051161566380675,660.4417277623552
PM,JED,M1,pif_backed,M,True,1,1317.527418466736,0.05350541148629604,658.763709233368
OPS,RUH,IC2,private,M,False,3,1315.5330046956567,0.16466517050902227,657.7665023478284
ENG_ELEC,EST,IC4,private,M,False,2,1314.9066057101918,0.09787613548215965,657.4533028550959
EDU,MAD,M2,private,F,True,1,1314.8257465922743,0.12173219133024853,657.4128732961371
FIN,JED,D1,private,F,True,1,1309.0999999999985,0.022294127163889312,654.5499999999993
CUSTOMER,JED,IC2,mnc,M,True,1,1305.7673425249059,0.3264418356312265,652.8836712624529
PM,EST,M1,public,M,False,1,1300.9653178953486,0.060286338450101576,650.4826589476743
ENG_ELEC,RUH,IC2,private,M,True,2,1296.7953422769556,0.17192007475511054,648.3976711384778
SWE,ASR,IC6,pif_backed,M,True,1,1293.4400000000096,0.03614738981940585,646.7200000000048
SUPPLY,EST,IC3,startup,F,True,1,1292.9992552266467,0.09212585376609331,646.4996276133234
EDU,ASR,IC4,public,M,False,1,1289.7303534569573,0.15482269736601822,644.8651767284787
FIN,RUH,IC3,private,M,True,2,1289.1439415145978,0.0713125069289404,644.5719707572989
SALES,RUH,IC2,private,M,False,1,1287.9962740899273,0.34840183022122156,643.9981370449636
DATA,RUH,IC5,semigov,F,True,1,1285.1582091837263,0.04386398613398768,642.5791045918631
ENG_MECH,RUH,IC4,startup,M,True,1,1282.3413987410568,0.08915562474647865,641.1706993705284
SALES,RUH,IC5,private,M,False,2,1278.7754725171271,0.10259244053862568,639.3877362585636
OPS,ASR,IC3,private,M,False,1,1278.2130625112814,0.2025273774400689,639.1065312556407
SALES,RUH,IC3,public,F,False,1,1277.4511380608546,0.256817460246726,638.7255690304273
ENG_MECH,HAI,M1,private,M,True,1,1274.3099999999995,0.11430952404446039,637.1549999999997
HEALTH,QAS,IC5,semigov,M,False,1,1273.1872897760004,0.08210631298707582,636.5936448880002
DATA,MAK,IC3,public,F,True,1,1272.1921908575314,0.07381784200479925,636.0960954287657
ENG_ELEC,ASR,IC4,semigov,M,True,1,1258.982165665122,0.08703289431437791,629.491082832561
OPS,JAZ,M1,mnc,M,False,1,1257.2480000000087,0.09083059281821344,628.6240000000043
CUSTOMER,RUH,IC4,pif_backed,M,False,1,1255.1479905816223,0.19382429553277983,627.5739952908111
SUPPLY,MAK,IC4,private,M,False,1,1242.30888776364,0.11660864789787173,621.15444388182
HEALTH,JED,IC3,public,F,True,2,1236.442975077709,0.13765859281451565,618.2214875388545
ENG_CIVIL,RUH,M3,private,M,True,1,1235.8285578755022,0.0652273090095053,617.9142789377511
FIN,EST,IC5,private,F,False,1,1232.0180205527067,0.03932851440154996,616.0090102763534
ENG_CIVIL,EST,IC5,private,M,False,1,1228.8189754162104,0.08515039507677903,614.4094877081052
OPS,QAS,IC2,semigov,M,False,1,1223.7319999999972,0.1901019691669096,611.8659999999986
ENG_MECH,QAS,D1,public,M,True,1,1223.1199999999808,0.04831271653171562,611.5599999999904
ENG_CIVIL,JED,M2,public,M,False,1,1223.0547221629367,0.09066225869854976,611.5273610814684
EDU,EST,IC2,pif_backed,F,True,1,1222.9792747947486,0.14802854527653223,611.4896373973743
FIN,TAB,IC2,mnc,M,False,1,1222.0333333333301,0.2336047815670076,611.0166666666651
CUSTOMER,JED,IC3,public,M,True,1,1221.5247812478174,0.17196678444092112,610.7623906239087
OPS,EST,IC4,public,M,True,1,1220.4363225019042,0.061090512406296094,610.2181612509521
SWE,RUH,IC2,mnc,M,True,1,1219.301021799737,0.162433992918046,609.6505108998686
EDU,RUH,IC3,private,F,True,2,1217.3339672672837,0.1365541084734557,608.6669836336418
PM,RUH,IC3,public,M,False,2,1215.812531496782,0.08832651731000048,607.906265748391
OPS,RUH,IC2,startup,F,True,1,1214.7224319637562,0.13208917479921187,607.3612159818781
CUSTOMER,EST,IC4,private,F,False,3,1211.0201977705512,0.22632793964450468,605.5100988852756
HEALTH,EST,IC4,semigov,F,False,1,1201.9884552841304,0.08161102908857736,600.9942276420652
SWE,QAS,IC2,private,M,True,1,1197.9150000000027,0.09028296447588095,598.9575000000013
SUPPLY,RUH,IC2,mnc,M,False,1,1193.7550508881045,0.24223630615051447,596.8775254440523
SUPPLY,RUH,IC2,private,M,False,2,1188.7194117624813,0.3180533608185847,594.3597058812406
PM,RUH,IC3,private,M,False,2,1186.8192589615182,0.0833471754782562,593.4096294807591
HEALTH,EST,IC1,private,F,False,1,1182.5550698256598,0.22418275585514577,591.2775349128299
CUSTOMER,RUH,IC4,private,M,False,2,1177.9417813284908,0.33920174646184875,588.9708906642454
ENG_ELEC,RUH,IC6,semigov,M,True,1,1176.7975637717027,0.03651936817674637,588.3987818858513
CUSTOMER,RUH,IC1,private,F,True,2,1176.7887282088318,0.20203985868245913,588.3943641044159
ENG_ELEC,EST,IC3,private,M,True,2,1171.3941095879582,0.09958231783767059,585.6970547939791
PM,JED,IC5,pif_backed,M,True,1,1170.433421569025,0.0491400700372539,585.2167107845125
EDU,RUH,IC4,pif_backed,M,True,1,1164.868986679685,0.07811935744998356,582.4344933398424
HR,JAZ,M2,mnc,M,False,1,1158.6799999999957,0.1435456016333281,579.3399999999979
ENG_MECH,JED,IC4,semigov,M,True,1,1153.334165379887,0.07473837259988822,576.6670826899435
OPS,EST,IC2,private,F,False,1,1152.3858387905866,0.17426594465137107,576.1929193952933
CUSTOMER,ASR,IC3,private,M,False,1,1141.9639999999963,0.18027718095695097,570.9819999999982
CUSTOMER,RUH,IC2,public,F,False,2,1140.8355761235553,0.5221324840385535,570.4177880617776
ENG_CIVIL,RUH,IC2,mnc,M,False,1,1139.8446322554937,0.2853120919369559,569.9223161277469
CUSTOMER,MAK,IC2,public,M,False,1,1127.4900000000007,0.6263833333333337,563.7450000000003
EDU,RUH,IC5,private,F,False,1,1126.604303519378,0.07082911134005689,563.302151759689
DATA,RUH,IC3,semigov,F,True,1,1124.1464035894005,0.08675468627211806,562.0732017947003
DESIGN,RUH,IC2,public,M,False,1,1122.3355015157385,0.1366846586907939,561.1677507578693
HR,JED,IC3,public,M,True,2,1119.5451966908772,0.1235641824444751,559.7725983454386
DESIGN,RUH,IC1,public,F,True,1,1118.9479999999985,0.2797369999999996,559.4739999999993
SWE,EST,IC1,public,M,True,1,1118.7275083633458,0.1988011288334241,559.3637541816729
SALES,JED,IC1,private,M,False,1,1113.9404241719199,0.3161630467293312,556.9702120859599
HEALTH,ASR,IC1,public,F,True,1,1107.8900000000008,0.21689777970943006,553.9450000000004
DATA,JED,IC4,semigov,M,False,1,1106.9083927755164,0.05514172610255299,553.4541963877582
SALES,EST,IC3,startup,M,True,1,1105.4667069956395,0.07600112111015438,552.7333534978197
CUSTOMER,EST,IC1,private,M,True,1,1099.9999999999995,0.2749999999999999,549.9999999999998
CUSTOMER,EST,IC1,private,F,True,2,1099.9999999999995,0.2749999999999999,549.9999999999998
CUSTOMER,EST,IC1,pif_backed,F,True,1,1099.9999999999995,0.2749999999999999,549.9999999999998
SWE,RUH,IC3,mnc,M,True,1,1097.7902613246988,0.058321593010946624,548.8951306623494
SWE,EST,IC5,private,M,False,1,1096.7081716048997,0.07554725519688497,548.3540858024498
CUSTOMER,RUH,IC1,public,M,False,1,1087.2610708271577,0.6040339282373098,543.6305354135789
SALES,JED,IC2,startup,F,False,1,1084.9972141731196,0.2184200468191356,542.4986070865598
EDU,JED,IC2,private,F,True,3,1076.646668733244,0.21727166828064978,538.323334366622
ENG_MECH,MAK,M3,semigov,M,False,1,1073.709999999981,0.03475441992348016,536.8549999999905
PM,MAK,IC5,semigov,F,False,1,1072.755801927251,0.051626200987966914,536.3779009636255
HEALTH,JED,IC3,semigov,F,True,2,1072.7180133883412,0.09833721752963598,536.3590066941706
ENG_MECH,JED,M3,private,M,False,2,1063.7308446026054,0.05077777450623746,531.8654223013027
SUPPLY,JED,IC3,private,F,True,1,1051.549128310202,0.10512736946022161,525.774564155101
CUSTOMER,TAB,IC2,private,F,False,1,1050.6633333333357,0.40894889938943,525.3316666666678
SALES,EST,IC3,semigov,M,False,1,1050.0009742917737,0.0655794831524449,525.0004871458868
OPS,EST,IC4,semigov,M,True,1,1048.4049163464078,0.05261822187713311,524.2024581732039
CUSTOMER,JED,IC3,semigov,F,True,1,1046.9464279576496,0.14887342806893314,523.4732139788248
HEALTH,MAD,IC6,mnc,F,True,1,1046.6099999999824,0.04023114428181914,523.3049999999912
CUSTOMER,MAD,IC3,private,F,True,1,1037.6720000000005,0.14542223617421435,518.8360000000002
SUPPLY,RUH,IC1,public,M,False,2,1037.115,0.41491187202427,518.5575
SWE,EST,IC6,semigov,M,True,1,1035.387649867167,0.02240462071855265,517.6938249335835
FIN,RUH,IC1,private,F,False,1,1030.638481126257,0.16231754229079629,515.3192405631285
ENG_CIVIL,JED,IC3,public,M,False,1,1024.7397651523079,0.13920257626194496,512.3698825761539
DESIGN,JED,IC4,private,F,True,2,1019.7729607530109,0.05356498050667097,509.88648037650546
HEALTH,ASR,IC4,private,F,True,1,1018.117923095886,0.09114345133126413,509.058961547943
PM,RUH,IC1,private,M,True,1,1016.0599999999968,0.16304595506230954,508.0299999999984
FIN,RUH,IC3,mnc,F,False,1,1016.0100631528485,0.16127630248417785,508.00503157642424
SWE,MAD,IC6,private,F,True,1,1015.5300000000352,0.01997744415480862,507.7650000000176
DATA,RUH,IC6,public,F,True,1,1014.6947575735248,0.030395453196946743,507.3473787867624
SALES,ASR,IC1,private,M,False,1,1009.2249999999988,0.5387532963923848,504.6124999999994
SALES,EST,IC1,private,F,True,1,1006.968989895433,0.16414261610887423,503.4844949477165
EDU,EST,IC3,private,F,True,2,1006.7175530238555,0.13520935714221777,503.3587765119278
FIN,EST,IC2,public,F,True,1,1000.1569223459437,0.1525745854201159,500.07846117297186
SUPPLY,ASR,IC3,private,M,False,1,992.0724999999993,0.1976173117643425,496.03624999999965
DATA,RUH,IC2,mnc,F,True,1,985.9290103350268,0.07102631118788365,492.9645051675134
CUSTOMER,HAI,IC4,mnc,F,False,1,985.6000000000049,0.12146232954790588,492.80000000000246
FIN,JAZ,IC3,semigov,F,True,1,974.309999999994,0.10446415360565364,487.154999999997
DESIGN,EST,IC2,private,F,False,1,974.1153774615941,0.10980624733256465,487.05768873079705
SUPPLY,EST,IC3,private,M,False,1,965.0207516094424,0.12688125374514408,482.5103758047212
SWE,RUH,M1,public,M,True,1,961.9619035550277,0.036216372540239704,480.98095177751384
OPS,JED,IC2,mnc,M,False,1,961.4913767172675,0.10572368613553289,480.74568835863374
SALES,EST,IC4,startup,M,False,1,959.8086178941503,0.11271219870122028,479.90430894707515
OPS,RUH,IC4,public,F,False,1,950.5943838382373,0.08853898484491962,475.29719191911863
HEALTH,EST,IC5,semigov,M,False,1,950.3748288589268,0.04702760861240271,475.1874144294634
HEALTH,RUH,M1,public,F,False,1,947.8919160188707,0.06263484321787323,473.94595800943534
CUSTOMER,RUH,IC3,pif_backed,M,True,1,946.084071882553,0.08186540238397112,473.0420359412765
DATA,EST,IC2,semigov,M,False,1,945.8232730155469,0.09564619998397646,472.91163650777344
HEALTH,MAD,IC2,mnc,F,False,1,944.2850000000026,0.1334785982757625,472.1425000000013
SUPPLY,RUH,IC4,semigov,M,False,1,942.0403812991917,0.06319691443888253,471.02019064959586
CUSTOMER,EST,IC2,private,F,True,2,941.4145386766254,0.23535363466915632,470.7072693383127
HR,MAD,IC4,startup,F,False,1,941.3255641353298,0.0826114046923311,470.6627820676649
CUSTOMER,JED,IC2,private,F,False,1,940.9738714312953,0.16227044758075726,470.48693571564763
HEALTH,RUH,M1,private,F,False,1,938.920996263274,0.06525232997962858,469.460498131637
EDU,EST,IC4,private,F,False,1,937.0054819871366,0.10649713777684111,468.5027409935683
HEALTH,RUH,M2,private,F,True,2,926.094539683465,0.042660269687363535,463.0472698417325
EDU,MAK,IC2,startup,F,True,1,920.4833333333327,0.23012083333333316,460.24166666666633
EDU,MAK,IC2,private,F,True,1,920.4833333333327,0.23012083333333316,460.24166666666633
SALES,JED,IC5,public,M,True,1,918.0220834068368,0.05679364195048906,459.0110417034184
HR,EST,IC3,semigov,F,True,2,911.7435898538415,0.0726706058431481,455.87179492692076
HEALTH,EST,IC4,startup,F,True,1,911.5924895272528,0.06779085868339585,455.7962447636264
EDU,EST,IC2,public,F,False,1,908.5693984095042,0.21592760938969857,454.2846992047521
PM,HAI,IC3,private,M,True,1,902.0900000000147,0.049568353269509806,451.04500000000735
HEALTH,MAK,IC1,public,F,True,1,899.0100000000007,0.18350850477953723,449.50500000000034
SWE,BAH,IC3,mnc,M,False,1,895.8666666666631,0.070436968138777,447.9333333333316
ENG_CIVIL,RUH,M3,pif_backed,M,False,1,895.7962613960626,0.04268228965357839,447.8981306980313
SALES,NJR,IC5,startup,M,True,1,890.5890096233961,0.052424717836832446,445.29450481169806
PM,MAD,IC4,private,M,True,1,887.9839999999949,0.0958297135740697,443.99199999999746
HR,RUH,IC3,pif_backed,F,False,1,883.9689133513803,0.05418518089545878,441.9844566756901
SALES,NJR,IC4,semigov,F,True,1,880.8099999999995,0.07422816812388071,440.40499999999975
SWE,MAK,IC3,pif_backed,M,False,1,879.9751616319027,0.054297031758607256,439.98758081595133
ENG_CIVIL,ASR,IC3,public,F,True,1,878.5555329878634,0.11210269322780014,439.2777664939317
ENG_ELEC,ASR,IC4,mnc,M,False,1,877.9987820072602,0.06953608611139571,438.9993910036301
LEGAL,QAS,M1,semigov,F,False,1,877.2677099999928,0.04569652442559458,438.6338549999964
HR,RUH,M2,public,M,True,1,874.1391286997059,0.04989538071420696,437.06956434985295
EDU,RUH,IC2,mnc,F,True,1,872.5064767477161,0.15503894633785908,436.25323837385804
EDU,RUH,IC3,private,M,True,3,869.6221815298422,0.09522547074213461,434.8110907649211
DESIGN,NJR,M2,private,M,False,1,869.3122900000053,0.049814154515099913,434.65614500000265
OPS,JED,IC2,private,M,False,2,865.8416749102607,0.10846420569478132,432.92083745513037
MARKETING,ASR,IC5,mnc,M,False,2,864.625,0.07848648219406962,432.3125
CUSTOMER,EST,IC4,mnc,M,False,1,859.080360731823,0.10424391531329988,429.5401803659115
OPS,MAK,IC2,private,F,False,1,856.2542105227499,0.21204120959418293,428.12710526137494
MARKETING,JED,IC3,private,F,True,1,855.4440061707373,0.09229136052851049,427.72200308536867
ENG_CIVIL,EST,IC3,semigov,M,False,1,855.2838993415162,0.11109198991821098,427.6419496707581
EDU,RUH,IC5,private,M,False,1,855.0093181477605,0.06861179533426906,427.50465907388025
ENG_CIVIL,JAZ,D1,private,M,False,1,853.6622900000075,0.048873534072719126,426.83114500000374
SWE,JAZ,M3,public,M,True,1,842.0600000000013,0.04083576414904483,421.03000000000065
ENG_CIVIL,RUH,IC1,private,M,False,1,837.515060459662,0.2712643315550574,418.757530229831
EDU,MAK,IC1,private,M,False,1,831.4000000000001,0.17208262615390987,415.70000000000005
DATA,RUH,IC3,public,M,True,1,827.1644195144036,0.06648013221968992,413.5822097572018
PM,RUH,IC4,pif_backed,M,True,1,825.8834588310638,0.04557981505179855,412.9417294155319
HEALTH,RUH,IC1,private,M,False,1,824.2550368925777,0.15496253790943842,412.12751844628883
EDU,JAZ,IC2,private,F,True,1,822.2739938285422,0.20556849845713554,411.1369969142711
EDU,JED,IC6,private,F,True,1,821.5283312354877,0.05169771136086387,410.76416561774386
CUSTOMER,EST,IC3,private,F,False,1,820.5545504151769,0.15905949852875906,410.27727520758845
ENG_MECH,EST,M1,public,M,False,1,819.8556452185985,0.0406426660145476,409.92782260929926
PM,HAI,M3,pif_backed,M,True,1,812.9449999999815,0.026801942662380535,406.47249999999076
SUPPLY,RUH,IC3,private,M,False,1,806.1654070554441,0.09119146811390533,403.08270352772206
FIN,RUH,IC5,startup,F,False,1,805.8851676582635,0.04126368680895946,402.94258382913176
MARKETING,EST,IC4,mnc,M,True,1,802.9985038347222,0.051272459922786104,401.4992519173611
HR,RUH,IC2,private,F,True,1,801.9898277352868,0.2004974569338217,400.9949138676434
ENG_MECH,ASR,IC3,public,F,True,1,800.1400000000067,0.09693990050860393,400.07000000000335
ENG_ELEC,EST,IC2,private,M,False,1,794.0117240337859,0.09706246427858055,397.00586201689293
DATA,RUH,IC4,private,M,False,1,786.2120254510228,0.02840660002373887,393.1060127255114
MARKETING,RUH,IC4,public,F,True,1,780.7538481710344,0.06593514261775239,390.3769240855172
SWE,RUH,IC2,public,F,True,1,777.8898483241301,0.08633646781947686,388.94492416206504
CUSTOMER,MAK,M4,pif_backed,F,False,1,768.9649999999856,0.041865865244577236,384.4824999999928
EDU,RUH,IC2,public,F,True,1,757.6708825646037,0.16942664699553076,378.8354412823019
ENG_MECH,EST,IC3,private,M,True,1,752.570528834025,0.056915601795568115,376.2852644170125
FIN,RUH,IC1,public,F,True,1,745.9849638271953,0.18649624095679884,372.99248191359766
MARKETING,QAS,IC2,private,M,True,1,739.5099999999993,0.18487749999999983,369.75499999999965
LEGAL,EST,IC2,private,F,False,1,736.2959469361504,0.07846391332115825,368.1479734680752
MARKETING,TAB,IC5,private,F,False,1,736.1271041626278,0.05276420224141961,368.0635520813139
HR,RUH,IC2,mnc,F,True,1,734.1675462173398,0.10542476862352128,367.0837731086699
HEALTH,EST,IC3,public,F,False,1,733.1066223496518,0.09203395877398615,366.5533111748259
ENG_MECH,MAK,IC4,private,M,True,1,728.8079640358574,0.046694273993717186,364.4039820179287
DATA,JED,IC2,private,M,True,1,721.7791688065317,0.0652206949129039,360.88958440326587
DESIGN,JAZ,IC3,pif_backed,M,False,1,720.9160000000102,0.07368775036056113,360.4580000000051
DESIGN,RUH,M2,private,F,False,1,716.6918651156047,0.026882080776772475,358.34593255780237
SUPPLY,EST,IC2,public,M,False,1,713.3694212993314,0.1276314918888323,356.6847106496657
SALES,RUH,IC4,mnc,M,False,2,712.3282302822099,0.06650339574251803,356.16411514110496
EDU,TAB,IC3,private,F,False,2,708.8890559052916,0.16646530817450322,354.4445279526458
OPS,QAS,D2,public,F,True,1,707.012290000006,0.04014056846459635,353.506145000003
MARKETING,TAB,M2,public,F,False,1,705.6900000000041,0.11555958026567521,352.8450000000021
EDU,EST,M3,semigov,F,True,1,700.0425561345619,0.0330192554768333,350.02127806728095
DATA,QAS,IC4,private,M,False,1,698.0475000000115,0.03897211617590143,349.02375000000575
SALES,TAB,IC3,mnc,M,True,1,692.9582231735476,0.09686859649120898,346.4791115867738
PM,MAK,IC4,private,M,True,1,672.741420518978,0.031971590925654256,336.370710259489
EDU,ASR,IC4,private,F,True,1,672.7248579693123,0.10597029380888441,336.36242898465616
ENG_CIVIL,QAS,IC2,private,M,False,1,672.6733333333377,0.09997493220300423,336.33666666666886
OPS,EST,IC3,semigov,M,False,1,671.1273100653198,0.08218204094427985,335.5636550326599
SUPPLY,JED,M1,public,M,False,1,670.0439976826383,0.04397032510853318,335.02199884131915
DATA,EST,IC3,private,F,True,1,665.1393953448205,0.03828171250558684,332.56969767241026
HEALTH,JED,IC2,private,M,False,1,659.2017282307743,0.09847709401173212,329.60086411538714
HEALTH,JED,IC1,mnc,M,False,1,658.6549999999961,0.1410245155764899,329.32749999999805
HEALTH,QAS,IC5,private,F,True,1,654.3034725410889,0.04277684326100528,327.15173627054446
HR,TAB,IC3,mnc,M,False,1,652.6350000000048,0.09568824839489662,326.3175000000024
PM,RUH,IC1,private,M,False,1,651.2199999999966,0.09872085232044432,325.6099999999983
SALES,JAZ,IC5,startup,F,False,1,648.0620000000017,0.05552112470924893,324.03100000000086
HR,RUH,IC1,private,M,True,1,642.2452075921265,0.1605613018980316,321.12260379606323
SALES,RUH,IC1,startup,F,True,1,641.10908454318,0.12710809577346885,320.55454227159
FIN,MAK,IC4,public,F,True,1,639.8028003329182,0.046558438322194785,319.9014001664591
SWE,MAK,IC4,mnc,M,True,1,636.4230786562839,0.03101870015968319,318.21153932814195
ENG_CIVIL,JED,IC4,public,M,True,1,635.217049440369,0.040235901308161806,317.6085247201845
MARKETING,RUH,IC2,public,M,True,1,635.0554076573935,0.06672165813096828,317.52770382869676
OPS,RUH,IC2,semigov,M,False,2,633.1407130457628,0.13637905201472614,316.5703565228814
HEALTH,NJR,IC3,pif_backed,F,True,1,630.5360424669143,0.08930144098750195,315.26802123345715
HEALTH,JED,IC3,public,M,True,1,629.0250610105049,0.06493121704644977,314.51253050525247
DATA,JED,IC3,private,F,False,1,628.8916188337862,0.053766171644851805,314.4458094168931
CUSTOMER,RUH,IC5,public,M,False,1,620.6805025028025,0.07001195694505039,310.34025125140124
FIN,ASR,IC2,private,F,False,1,615.9980000000032,0.07392626551136539,307.9990000000016
ENG_MECH,RUH,D1,public,M,False,1,608.2042057901199,0.015205751389187037,304.10210289505994
SALES,RUH,M2,private,F,False,1,607.8824576755578,0.03961181114255632,303.9412288377789
HEALTH,ASR,IC1,semigov,F,False,1,601.5000000000005,0.13071824405085308,300.7500000000002
OPS,EST,M1,private,F,False,1,598.500885731939,0.039609746016988745,299.2504428659695
EDU,RUH,IC2,public,F,False,1,598.0496769960837,0.11886890663525257,299.02483849804185
SALES,RUH,IC2,private,M,True,1,597.1779451936436,0.05039540122395166,298.5889725968218
CUSTOMER,RUH,IC1,private,M,False,1,591.7632023705637,0.13731247198019397,295.88160118528185
SALES,RUH,IC4,public,F,True,1,590.9927226754662,0.028524673310059593,295.4963613377331
FIN,EST,IC1,mnc,M,True,1,589.2062219555355,0.14730155548888388,294.60311097776776
ENG_ELEC,JED,IC3,pif_backed,M,True,1,588.1941334152343,0.03649831892695823,294.09706670761716
LEGAL,EST,IC2,semigov,F,True,1,583.6927523623326,0.05419702561343425,291.8463761811663
OPS,RUH,IC4,semigov,M,True,1,583.0548526195143,0.03549418739164877,291.5274263097572
SALES,RUH,IC3,semigov,M,True,1,577.1533581042049,0.07618411832780099,288.57667905210246
SWE,RUH,IC3,semigov,F,True,1,566.2165894734426,0.034940749301819035,283.1082947367213
EDU,NJR,M2,private,F,False,1,558.5899999999929,0.05439040468314956,279.29499999999643
ENG_MECH,JED,IC3,mnc,M,True,1,558.4284363551651,0.04720032290976906,279.21421817758255
EDU,JAZ,IC3,private,M,True,1,553.7749999999969,0.09977406585962119,276.88749999999845
OPS,QAS,IC3,mnc,M,True,1,552.3550000000068,0.04105501552695825,276.1775000000034
EDU,JED,IC2,mnc,F,True,1,548.5643175639352,0.09536169179167438,274.2821587819676
HEALTH,JAZ,IC4,pif_backed,F,False,1,548.1593395455402,0.04251831824906012,274.0796697727701
SUPPLY,RUH,IC4,public,M,True,1,545.889370494584,0.07538180064993165,272.944685247292
CUSTOMER,RUH,D2,mnc,F,False,1,544.2100000000355,0.01275594035711372,272.10500000001775
EDU,RUH,IC5,private,M,True,1,540.4788004299171,0.03565953934578621,270.23940021495855
HEALTH,RUH,D2,public,M,False,1,535.1849488585358,0.013585725977403595,267.5924744292679
ENG_CIVIL,MAD,IC3,public,F,True,1,532.1349999999966,0.08101366225873288,266.0674999999983
HR,EST,IC3,public,F,False,1,523.6396533521984,0.05412396854434484,261.8198266760992
SWE,RUH,M2,private,F,False,1,523.1676792620528,0.016958032411617256,261.5838396310264
ENG_CIVIL,RUH,IC4,semigov,M,False,1,518.9871985102745,0.04310664535730597,259.49359925513727
HEALTH,JED,IC3,pif_backed,M,False,1,518.9091007260959,0.04371770942480465,259.45455036304793
EDU,MAK,IC3,public,M,True,1,517.4901030016063,0.08186295215340955,258.74505150080313
CUSTOMER,RUH,IC2,public,F,True,1,508.0919154037574,0.0663618988874321,254.0459577018787
MARKETING,EST,IC1,public,F,True,1,507.9840000000013,0.12699600000000033,253.99200000000064
ENG_CIVIL,EST,IC3,semigov,M,True,1,505.29022784790686,0.054697994532033195,252.64511392395343
FIN,RUH,IC4,public,F,False,1,494.7881360412284,0.05894404899111629,247.3940680206142
DESIGN,JAZ,IC2,semigov,M,False,1,493.54000000000633,0.058744411698891906,246.77000000000317
SALES,BAH,IC4,startup,F,False,1,493.25333333333947,0.07494235339936513,246.62666666666973
EDU,JED,IC3,private,F,True,1,488.4187294909516,0.07066079626208763,244.2093647454758
SUPPLY,RUH,IC3,public,M,True,1,488.04347269261234,0.060847762322458476,244.02173634630617
EDU,MAK,IC4,pif_backed,F,True,1,481.8959827004164,0.045155382352842395,240.9479913502082
DATA,JED,IC3,public,M,False,1,471.20520127521377,0.0391568409682414,235.60260063760688
MARKETING,ASR,M1,private,F,True,1,465.84999999999854,0.030331264153179136,232.92499999999927
DATA,RUH,IC4,mnc,F,True,1,464.2651784807349,0.01971965570121461,232.13258924036745
OPS,MAK,IC3,private,F,True,1,463.0704955448018,0.038334919661644574,231.5352477724009
CUSTOMER,JED,IC4,public,M,False,1,458.99476805131235,0.05243533108334597,229.49738402565617
EDU,EST,IC4,pif_backed,F,True,1,458.31232683701455,0.03440876231167018,229.15616341850728
FIN,RUH,IC5,private,F,True,1,454.43141376755375,0.018534754903276548,227.21570688377687
ENG_CIVIL,RUH,IC3,public,M,False,3,452.4810737319128,0.052677110844129044,226.2405368659564
ENG_CIVIL,ASR,M1,public,M,True,1,452.4599999999991,0.04546765481723393,226.22999999999956
PM,RUH,IC5,semigov,F,True,1,451.54588953761413,0.020054053373340288,225.77294476880706
EDU,RUH,IC2,private,F,False,2,450.75510536156435,0.09287628449423976,225.37755268078217
SUPPLY,MAD,IC1,semigov,M,False,1,450.4500000000007,0.19190133344693933,225.22500000000036
SWE,EST,IC2,public,M,False,1,449.86733740838827,0.051960329572804984,224.93366870419413
SUPPLY,RUH,IC2,private,F,False,1,446.0980751295215,0.12577941424759603,223.04903756476074
SALES,ASR,IC4,private,M,True,1,445.75570958606113,0.02629546399977708,222.87785479303056
SUPPLY,QAS,IC3,private,F,False,1,444.8950000000009,0.11290633668240983,222.44750000000045
ENG_ELEC,MAD,IC1,private,M,False,1,441.4599999999991,0.07680557295363744,220.72999999999956
FIN,JED,IC4,private,F,True,1,438.80621427635924,0.026124253613398627,219.40310713817962
SWE,JED,IC4,private,M,True,1,432.7495189316942,0.020309603598884257,216.3747594658471
OPS,RUH,IC5,public,M,False,1,429.33472785729646,0.026671607184245112,214.66736392864823
EDU,QAS,IC3,semigov,M,True,1,428.5176578621649,0.0687848075889976,214.25882893108246
FIN,EST,IC2,semigov,F,True,1,425.4186891538029,0.04146946846097936,212.70934457690146
SWE,RUH,IC6,semigov,M,True,1,409.1366290807928,0.011118985294706705,204.5683145403964
FIN,TAB,IC4,private,M,True,1,406.67961710945383,0.028767872387149507,203.33980855472691
OPS,MAD,IC4,startup,M,False,1,405.6869277891492,0.03219073268921883,202.8434638945746
SALES,JAZ,IC3,semigov,F,False,1,390.7413014856629,0.040127970920890724,195.37065074283146
EDU,NJR,IC4,private,M,False,1,385.8729600869465,0.05238013895989109,192.93648004347324
ENG_CIVIL,JED,M1,public,M,True,1,385.0592770446783,0.02860690776804471,192.52963852233916
CUSTOMER,RUH,IC2,public,M,True,1,384.5100359774942,0.09612750899437356,192.2550179887471
ENG_MECH,RUH,IC1,private,M,False,1,383.73453894811155,0.10529256431628048,191.86726947405577
DESIGN,EST,IC1,private,M,True,1,382.9950000000008,0.0957487500000002,191.4975000000004
CUSTOMER,JED,M1,private,F,False,1,378.20285972066995,0.034739867206958756,189.10142986033497
MARKETING,JED,IC5,semigov,M,False,1,376.5938243055425,0.02497347928881729,188.29691215277126
MARKETING,JED,IC3,pif_backed,F,False,1,375.1856325867502,0.040964541449989594,187.5928162933751
EDU,RUH,IC2,semigov,F,False,1,366.7799618420386,0.06097227867948881,183.3899809210193
ENG_CIVIL,RUH,M3,private,M,False,1,364.0774660990646,0.01754362765015353,182.0387330495323
SALES,JED,IC3,semigov,M,True,1,363.25931479883,0.021949136999515412,181.629657399415
OPS,EST,IC1,private,M,False,2,360.865,0.12469047307020423,180.4325
ENG_CIVIL,EST,IC2,startup,M,False,1,360.01054656070846,0.061971735960061836,180.00527328035423
SALES,MAD,IC3,public,M,True,2,357.65795772848196,0.030170657680025328,178.82897886424098
SALES,RUH,IC3,private,F,True,1,356.64512964717323,0.028019305391986774,178.32256482358662
SALES,RUH,IC3,public,M,False,1,356.2304970755313,0.06627729091519415,178.11524853776564
DATA,EST,IC1,public,M,True,1,355.7550000000015,0.08893875000000037,177.87750000000074
SALES,RUH,M1,private,M,True,1,354.7154833110362,0.014830935274428738,177.3577416555181
SALES,EST,IC3,mnc,F,False,1,351.6720077641885,0.057219190824055854,175.83600388209425
HR,EST,IC4,mnc,M,False,1,350.85953040899767,0.02805670927041724,175.42976520449884
EDU,MAK,IC4,startup,F,True,1,339.73669353728656,0.03330324179318995,169.86834676864328
SALES,JED,M3,private,F,False,1,337.2568870675241,0.012771684327050085,168.62844353376204
EDU,JED,IC1,public,F,True,1,328.388591332136,0.082097147833034,164.194295666068
OPS,RUH,IC1,private,M,True,1,322.8846079316909,0.08072115198292272,161.44230396584544
SWE,TAB,IC1,public,F,False,1,320.19000000000005,0.07411479587703321,160.09500000000003
CUSTOMER,EST,IC1,mnc,F,False,1,319.28000000000065,0.1237174121950466,159.64000000000033
SALES,ASR,IC3,private,M,False,1,315.7441477232296,0.032564170160171206,157.8720738616148
CUSTOMER,RUH,IC3,private,F,False,1,311.2324666128925,0.04695049240270216,155.61623330644625
SALES,RUH,IC4,pif_backed,F,False,1,308.5197930534978,0.020903359706700826,154.2598965267489
SWE,RUH,IC3,public,M,True,1,307.0777932934561,0.02795336641616261,153.53889664672806
FIN,RUH,M2,private,M,True,1,306.3126632418789,0.011886834225755098,153.15633162093945
DATA,MAK,M4,semigov,M,True,1,303.05999999996857,0.004120306533620736,151.52999999998428
CUSTOMER,MAD,IC3,pif_backed,F,True,1,302.35799999999927,0.05217071718818736,151.17899999999963
OPS,JED,M1,private,F,False,1,300.0107982830632,0.030087068670566798,150.0053991415316
HEALTH,RUH,IC3,public,F,False,1,296.1269788963473,0.02866173033872613,148.06348944817364
EDU,RUH,IC2,public,M,True,1,294.7675078483762,0.044184815393896223,147.3837539241881
ENG_MECH,ASR,IC3,private,M,False,1,294.07999999999447,0.0314584625917283,147.03999999999724
ENG_CIVIL,JAZ,IC2,private,M,False,1,287.91499999999814,0.06133838104084428,143.95749999999907
ENG_MECH,JED,IC2,mnc,M,False,1,287.11608623478605,0.03525492218010634,143.55804311739303
PM,JAZ,IC4,semigov,M,False,1,287.0680000000011,0.01984861925745036,143.53400000000056
ENG_ELEC,JED,IC4,private,F,False,1,285.97919453436043,0.022128703599608494,142.98959726718022
SUPPLY,JED,IC3,semigov,M,True,1,285.8528391331165,0.03177311201487619,142.92641956655825
EDU,JED,M3,semigov,F,False,1,281.0260000000053,0.01317118187063184,140.51300000000265
HEALTH,EST,IC2,mnc,F,False,1,280.65479935268013,0.03431654800293457,140.32739967634006
SALES,ASR,IC1,mnc,M,False,1,279.12500000000136,0.08828571518941342,139.56250000000068
SWE,JED,M1,private,M,True,1,278.57623262165725,0.010897195497801297,139.28811631082863
HEALTH,TAB,IC4,mnc,M,False,1,277.2091807956058,0.023274274784821324,138.6045903978029
ENG_MECH,JAZ,M2,mnc,M,True,1,270.1699999999928,0.017645172477527518,135.0849999999964
HR,NJR,IC4,private,F,True,1,269.11999999999534,0.03013040985955809,134.55999999999767
HEALTH,NJR,IC3,private,F,False,1,267.9956098132925,0.040251487273757026,133.99780490664625
SALES,EST,IC1,private,M,False,1,267.8490747156993,0.054437328205421465,133.92453735784966
EDU,ASR,IC2,mnc,F,True,1,256.5533333333324,0.052590509301016004,128.2766666666662
OPS,MAD,IC3,private,F,True,1,255.3244477663493,0.03860655443658415,127.66222388317465
CUSTOMER,RUH,IC4,public,M,False,1,253.07716162306406,0.0483885894386463,126.53858081153203
SALES,EST,IC4,mnc,F,True,1,251.1426957796375,0.022568315354506516,125.57134788981875
EDU,TAB,IC3,private,F,True,1,250.54572839957473,0.04264317806439983,125.27286419978736
DESIGN,RUH,IC4,public,M,False,1,248.55093638498147,0.016936062016551113,124.27546819249073
ENG_ELEC,JED,IC4,pif_backed,M,True,1,246.06200150309087,0.013593023647177056,123.03100075154543
MARKETING,ASR,IC3,semigov,F,False,1,243.53889360018547,0.03499127061966834,121.76944680009274
CUSTOMER,RUH,IC1,pif_backed,M,True,1,235.62527351461267,0.05890631837865317,117.81263675730634
FIN,BAH,M4,private,F,True,1,234.36229000000458,0.01295817275846727,117.18114500000229
HEALTH,JED,IC3,public,M,False,1,233.773151565616,0.02645593998017455,116.886575782808
HEALTH,JED,IC3,mnc,M,False,1,233.55590269725326,0.021119175210779797,116.77795134862663
OPS,ASR,IC2,private,M,False,1,230.27000000000407,0.027343791746870617,115.13500000000204
HEALTH,QAS,IC4,private,F,False,1,229.6317945838873,0.019268437331614346,114.81589729194366
LEGAL,QAS,IC3,private,M,True,1,226.71999999999662,0.03537012104656316,113.35999999999831
DATA,TAB,IC1,mnc,M,False,1,225.6150000000025,0.05055016703299715,112.80750000000126
FIN,RUH,IC3,public,F,False,1,223.4952679035032,0.017239405093214567,111.7476339517516
ENG_ELEC,RUH,M1,semigov,M,True,1,223.25261135617984,0.011077758322421758,111.62630567808992
SALES,TAB,IC5,private,M,False,1,223.0827285031628,0.01741932910503808,111.5413642515814
CUSTOMER,EST,IC4,public,F,False,1,222.73954123935528,0.04102085324422602,111.36977061967764
SUPPLY,RUH,IC2,public,M,True,1,220.80738564933154,0.05520184641233288,110.40369282466577
SWE,QAS,IC3,pif_backed,M,True,1,212.91348359051335,0.013838032068567907,106.45674179525668
ENG_ELEC,JED,IC3,private,F,True,1,210.23103292967244,0.016491075419426664,105.11551646483622
ENG_MECH,JED,IC3,private,M,True,1,206.51433339122923,0.020112283359115125,103.25716669561461
CUSTOMER,RUH,IC5,pif_backed,F,False,1,201.91727465981603,0.007814816485948508,100.95863732990802
SALES,ASR,M1,private,M,False,1,196.28999999998996,0.0109234606484954,98.14499999999498
ENG_CIVIL,ASR,M1,private,M,False,1,195.86999999999898,0.019188192604899665,97.93499999999949
CUSTOMER,RUH,IC2,private,M,True,1,195.71589797084425,0.048928974492711066,97.85794898542213
EDU,JAZ,IC4,mnc,M,True,1,195.65781901638366,0.02292828345519275,97.82890950819183
HEALTH,EST,D2,private,F,False,1,194.6639999999752,0.004271880539027459,97.3319999999876
SUPPLY,TAB,IC2,private,F,False,1,194.0699999999997,0.039407316558098676,97.03499999999985
HEALTH,HAI,IC2,private,F,False,1,192.15500000000247,0.03549184900056565,96.07750000000124
HEALTH,RUH,M1,mnc,F,False,1,191.1695871091979,0.010652501959168455,95.58479355459895
HEALTH,EST,IC2,private,M,False,1,188.44382087286067,0.023751097586605263,94.22191043643033
EDU,RUH,IC4,startup,M,True,1,187.78132880920384,0.01601244701929989,93.89066440460192
EDU,ASR,IC2,private,F,True,1,187.58333333333303,0.039003884793856344,93.79166666666652
FIN,HAI,IC3,public,F,True,1,187.30199999999604,0.012695092616252124,93.65099999999802
SWE,RUH,IC4,public,F,True,1,183.85395566753323,0.011646218222536689,91.92697783376661
ENG_MECH,NJR,IC3,private,F,False,1,183.3550000000032,0.02721858443469027,91.6775000000016
OPS,RUH,IC3,startup,F,False,1,182.50780175923774,0.03139227864818375,91.25390087961887
EDU,RUH,IC2,pif_backed,M,True,1,181.22859451567092,0.023583777456798644,90.61429725783546
SWE,RUH,IC1,private,M,True,1,170.26999181557858,0.024532459991294494,85.13499590778929
SUPPLY,RUH,IC1,startup,M,False,1,166.800000000002,0.036075160910790105,83.400000000001
CUSTOMER,RUH,IC5,public,F,True,1,162.74148295049963,0.008201749039576562,81.37074147524982
MARKETING,RUH,IC2,public,F,True,1,160.5930837979222,0.04014827094948055,80.2965418989611
SUPPLY,MAK,M1,public,M,False,1,158.79000000000542,0.019892887343794723,79.39500000000271
EDU,RUH,M3,private,M,True,1,142.97414261490485,0.006883652106388745,71.48707130745242
FIN,RUH,IC3,private,M,False,1,139.58055994545248,0.017529982824937295,69.79027997272624
ENG_CIVIL,RUH,M4,semigov,M,False,1,139.56231262886286,0.005357801319652004,69.78115631443143
SWE,JED,M1,private,F,False,1,136.6259572816598,0.005534612801876218,68.3129786408299
OPS,TAB,IC2,semigov,M,True,1,136.46000000000276,0.028407091988934177,68.23000000000138
ENG_CIVIL,MAK,M3,mnc,F,False,1,128.21999999998297,0.00687954518383457,64.10999999999149
CUSTOMER,RUH,IC2,semigov,M,True,1,121.94058059387135,0.01659055518283964,60.97029029693567
HR,QAS,IC3,public,F,True,1,113.35000000000218,0.016685778888037052,56.67500000000109
ENG_MECH,EST,IC1,private,F,True,1,111.59499999999844,0.027898749999999608,55.79749999999922
HEALTH,JAZ,M2,semigov,F,False,1,105.99333333333743,0.008013467504353812,52.996666666668716
OPS,TAB,M2,semigov,M,False,1,98.83500000001004,0.007267584009036411,49.41750000000502
CUSTOMER,RUH,IC3,mnc,F,True,1,92.42636219668748,0.00887241688049628,46.21318109834374
SWE,MAD,IC3,private,M,True,1,91.54184616870407,0.006266864616047893,45.770923084352034
ENG_CIVIL,RUH,IC2,semigov,M,True,1,87.71005399259502,0.014974869004993048,43.85502699629751
ENG_CIVIL,EST,IC2,public,M,True,1,84.87334712829033,0.01351241130245311,42.43667356414517
DATA,EST,M1,semigov,F,True,1,81.87596783622575,0.003652416626015505,40.93798391811288
PM,RUH,IC5,private,M,False,1,74.49908635019165,0.0030430905414354187,37.24954317509582
DATA,EST,IC2,private,M,True,1,74.14266445396242,0.0073468954144457746,37.07133222698121
HR,RUH,IC3,private,M,False,1,66.5479866932983,0.006274998132370003,33.27399334664915
HR,RUH,IC4,public,M,True,1,64.39557014638558,0.004904105959308776,32.19778507319279
EDU,RUH,IC4,startup,M,False,1,61.563957634640246,0.006129206602973235,30.781978817320123
ENG_CIVIL,RUH,IC4,public,M,True,1,45.03173727392277,0.0028899992602915924,22.515868636961386
SALES,TAB,M1,private,M,False,1,43.73673782315018,0.0026292629713458803,21.86836891157509
DATA,EST,IC5,public,F,True,1,42.6791407016899,0.0014321470021012818,21.33957035084495
SALES,NJR,M4,public,M,False,1,41.51229000000603,0.002271048437790111,20.756145000003016
HR,RUH,IC4,private,F,False,1,39.735720345475784,0.002996699078757102,19.867860172737892
MARKETING,RUH,IC6,startup,M,False,1,34.43443663258586,0.0020371657424335435,17.21721831629293
PM,EST,IC5,semigov,M,False,1,29.14425912286606,0.001365821726929284,14.57212956143303
OPS,RUH,IC1,public,F,True,1,26.301488093394255,0.005525615576184947,13.150744046697127
EDU,HAI,M1,pif_backed,F,True,1,21.929999999998472,0.002826096481619222,10.964999999999236
CUSTOMER,NJR,IC4,private,M,True,1,18.24000000000069,0.002966992211645557,9.120000000000346
CUSTOMER,EST,IC5,pif_backed,F,True,1,17.890632009713954,0.0015459902464954143,8.945316004856977
PM,MAD,IC4,mnc,M,False,1,16.093999999993684,0.001917235102532133,8.046999999996842
SUPPLY,RUH,IC1,startup,F,False,1,11.730000000001382,0.0026249773419478057,5.865000000000691
ENG_ELEC,JED,IC4,mnc,M,False,1,3.809972242306685,0.00019655131147660042,1.9049861211533425
SUPPLY,MAK,IC1,private,M,False,1,4.547473508864641e-13,2.5263741715914673e-16,2.2737367544323206e-13
OPS,ASR,IC1,private,F,True,1,4.547473508864641e-13,1.1368683772161603e-16,2.2737367544323206e-13
OPS,ASR,IC1,semigov,F,True,1,4.547473508864641e-13,1.1368683772161603e-16,2.2737367544323206e-13
