family,region,level,ownership,gender,is_saudi,n,mae,mape,pinball_p50
FIN,EST,CXO,private,M,True,1,211744.16216690658,0.750246098725778,105872.08108345329
OPS,EST,SVP,semigov,M,True,1,179288.35524361167,0.713014088982269,89644.17762180584
DATA,RUH,D2,semigov,M,False,1,123397.58344052022,0.6668988614047328,61698.79172026011
FIN,RUH,D1,mnc,M,True,1,92320.41412996079,0.6448021658464016,46160.20706498039
PM,RUH,D2,private,F,True,1,79862.57949950774,0.583118153909509,39931.28974975387
PM,TAB,SVP,private,M,True,1,75711.6516398214,0.5108676378303532,37855.8258199107
PM,EST,VP,private,M,True,1,74864.60477405397,0.4742777166412076,37432.30238702698
ENG_CIVIL,RUH,D3,private,M,False,1,72215.60468576371,0.531517394091464,36107.802342881856
SWE,JED,D1,pif_backed,M,True,1,70587.86856209731,0.5608430026155771,35293.934281048656
SUPPLY,MAK,M4,pif_backed,F,True,1,70043.27247468439,0.6352236503527837,35021.636237342194
DATA,RUH,M1,private,M,True,1,66917.05316978655,0.6660977561390207,33458.526584893276
SWE,RUH,VP,private,M,True,1,65665.08176948853,0.4806936691956781,32832.54088474427
DATA,EST,M4,public,M,False,1,64760.83254884418,0.5982864850875516,32380.41627442209
SALES,JED,M5,pif_backed,M,True,1,60541.9841601921,0.5447869597374967,30270.99208009605
ENG_MECH,EST,M3,public,M,True,1,58926.94260985114,0.5888005053760299,29463.47130492557
PM,HAI,M3,private,M,True,1,58249.71281316707,0.631859029691523,29124.856406583534
SWE,MAK,M5,semigov,M,True,1,57924.132247744754,0.5119449776870377,28962.066123872377
MARKETING,RUH,D2,private,F,True,1,57756.19500163988,0.5803648802420156,28878.09750081994
MARKETING,JED,D3,semigov,M,False,1,56316.78819237255,0.5353407620445,28158.394096186275
ENG_ELEC,RUH,SVP,mnc,M,True,1,55433.89806645723,0.41730408199374985,27716.949033228615
SALES,JED,IC5,private,M,True,2,52367.7484998163,0.5546936307795658,26183.87424990815
SWE,QAS,M2,public,M,True,1,51235.83169332167,0.6611118562628175,25617.915846660835
DATA,EST,M1,mnc,M,True,1,50662.80024610274,0.6422324246585206,25331.40012305137
SWE,RUH,M5,private,M,False,1,50100.803659722056,0.47573978400546774,25050.401829861028
SWE,ASR,M4,semigov,M,True,1,49683.57214257373,0.6361355360704878,24841.786071286864
PM,RUH,M4,semigov,M,True,1,46459.53975955592,0.49678088740697074,23229.76987977796
HEALTH,RUH,M5,mnc,F,True,1,46259.601559001225,0.514272422865434,23129.800779500612
DATA,RUH,D3,private,M,False,2,44819.989589153396,0.2967296077607846,22409.994794576698
FIN,JED,D3,startup,M,True,1,44569.59994699547,1.936666901904593,22284.799973497735
SALES,RUH,M3,private,M,True,1,44453.78996650179,0.5507660132437934,22226.894983250895
SWE,RUH,M3,semigov,M,False,1,44319.784735266774,0.5579168142904285,22159.892367633387
FIN,RUH,M2,pif_backed,F,True,1,44173.294887410346,0.5893828391431803,22086.647443705173
DATA,RUH,M2,public,M,False,1,43977.3679897546,0.5716090847579414,21988.6839948773
SWE,RUH,IC6,public,M,True,1,42550.55902182503,0.515036495960739,21275.279510912515
SALES,RUH,IC4,semigov,M,False,1,41374.8522557323,0.7104647452952436,20687.42612786615
ENG_CIVIL,RUH,M2,pif_backed,M,True,1,41265.97207462361,0.6591270222715254,20632.986037311806
SWE,RUH,D1,mnc,M,True,2,40561.10452670669,0.36213958014842196,20280.552263353344
LEGAL,EST,SVP,private,M,True,1,40270.10671007879,0.32267447400136673,20135.053355039396
PM,ASR,IC6,private,M,False,1,40169.758015691805,0.6919697608201124,20084.879007845902
EDU,JED,D2,private,M,True,1,40132.98762091387,0.5315097397691841,20066.493810456934
SWE,RUH,IC5,mnc,M,False,2,40035.52887565996,0.5275884809830108,20017.76443782998
SWE,QAS,M1,semigov,M,True,1,39743.071536205665,0.6760612445813077,19871.535768102833
MARKETING,NJR,M4,private,F,True,1,39234.65409154123,0.5707067136784373,19617.327045770617
HEALTH,TAB,VP,semigov,M,False,1,39165.26470219504,0.41889614421561483,19582.63235109752
OPS,RUH,M5,mnc,M,False,1,38802.45682789827,0.529902959169032,19401.228413949135
ENG_MECH,RUH,CXO,public,M,False,1,38643.11929241566,0.37297694478568066,19321.55964620783
HEALTH,MAD,M1,pif_backed,F,False,1,38384.98970773227,0.6991890553747,19192.494853866134
ENG_MECH,RUH,IC4,semigov,M,True,2,38038.79478162086,0.40667130296379844,19019.39739081043
DESIGN,TAB,M4,mnc,M,True,1,37445.16462898467,0.5013932985519802,18722.582314492334
HR,RUH,VP,pif_backed,M,True,1,37352.20755758417,0.37994539441935593,18676.103778792087
EDU,JED,VP,private,M,True,1,36964.61711141101,0.5341490773483188,18482.308555705506
EDU,JED,VP,private,F,True,1,36885.737995238866,0.5333604694929824,18442.868997619433
HR,RUH,VP,startup,M,False,1,36742.590273397574,0.44521697251745507,18371.295136698787
OPS,RUH,IC5,private,F,True,1,36383.97513312247,0.564962943429172,18191.987566561234
FIN,JED,D2,private,F,True,1,35668.86836257693,1.194054922999156,17834.434181288467
SALES,RUH,M2,private,F,True,1,35349.115647849976,0.5234160220223728,17674.557823924988
ENG_ELEC,RUH,M1,mnc,M,True,1,34534.889227546824,0.7050405657888932,17267.444613773412
LEGAL,MAD,VP,pif_backed,M,True,1,34168.362550746795,0.307997590263049,17084.181275373398
ENG_MECH,JED,IC5,private,M,True,1,34066.68620809715,0.5706335537713576,17033.343104048574
ENG_ELEC,RUH,IC5,semigov,M,True,1,33959.19320171857,0.5635113298456291,16979.596600859284
LEGAL,RUH,IC5,mnc,F,True,1,33677.125796187116,0.4850433284674177,16838.562898093558
PM,EST,M4,startup,F,False,1,33660.28180653258,0.5200360006280638,16830.14090326629
ENG_CIVIL,RUH,VP,startup,M,True,1,33049.78219209336,0.43818608317255386,16524.89109604668
ENG_ELEC,JED,IC6,public,M,False,1,32816.044507949424,0.6153106794949236,16408.022253974712
CUSTOMER,JED,D1,mnc,M,True,1,32730.93714413003,0.5969708226622464,16365.468572065016
SWE,RUH,IC4,mnc,M,False,1,32687.34979338694,0.5799267305161808,16343.67489669347
SALES,RUH,M2,semigov,M,True,1,32316.428171727766,0.5208896813876888,16158.214085863883
DESIGN,RUH,IC3,mnc,F,True,1,32314.403459377543,0.6692598791308126,16157.201729688772
PM,EST,IC6,mnc,F,False,1,31967.80706126756,0.4688256082467866,15983.90353063378
MARKETING,NJR,M3,private,F,False,1,31744.85780853247,0.5933680391520447,15872.428904266235
FIN,EST,M1,semigov,M,True,1,31711.397681325685,0.535364449304195,15855.698840662842
MARKETING,RUH,IC5,private,M,True,1,31601.822552312038,0.5313947492535182,15800.911276156019
SWE,RUH,M3,public,M,True,1,31393.158618096597,0.45579043325638274,15696.579309048298
DATA,EST,D2,pif_backed,M,True,1,30998.596930296786,0.31414452021826117,15499.298465148393
PM,RUH,M4,private,M,False,1,30868.37094679683,0.47514604079940237,15434.185473398415
MARKETING,EST,VP,mnc,M,False,1,30675.514044594842,0.35992904142317655,15337.757022297421
SWE,TAB,M5,private,M,True,1,30563.423891229977,1.3660912930925349,15281.711945614989
SWE,MAK,M2,semigov,F,False,1,30522.76341909742,0.5067548761874734,15261.38170954871
HEALTH,MAD,IC4,semigov,F,False,1,30495.700229846974,0.6865857183509032,15247.850114923487
PM,EST,IC6,private,F,True,1,30457.814086574537,0.5820643303032577,15228.907043287269
DATA,RUH,VP,mnc,M,False,1,30348.696007364342,0.295014469038766,15174.348003682171
SWE,EST,D1,public,F,False,1,30063.185586547683,0.4187414959848768,15031.592793273841
SWE,RUH,M3,pif_backed,F,True,1,30042.626882725664,0.3892076467009072,15021.313441362832
PM,RUH,D1,public,M,True,1,30022.067040102578,0.41641059418896964,15011.033520051289
ENG_MECH,RUH,D3,public,M,True,1,29860.692161658066,0.3659852442687508,14930.346080829033
HEALTH,RUH,M4,public,F,False,1,29798.686187623476,0.4901200466723983,14899.343093811738
ENG_ELEC,RUH,M3,semigov,M,True,1,29390.66355268124,0.46629723695664455,14695.33177634062
DATA,RUH,IC3,public,M,False,1,29295.51429745017,0.6975210472286952,14647.757148725084
FIN,EST,M2,semigov,M,True,1,29257.38898778343,0.4253454821223149,14628.694493891715
SALES,JED,IC3,mnc,F,True,1,28824.984784368324,0.6413651904030874,14412.492392184162
MARKETING,RUH,IC5,private,M,False,1,28514.77522593449,0.5735525949951482,14257.387612967244
OPS,RUH,D1,startup,M,True,1,28412.600750669797,0.5931703913495197,14206.300375334898
HEALTH,EST,SVP,private,M,True,1,28372.832354681384,0.32875142262832346,14186.416177340692
HEALTH,EST,SVP,mnc,F,True,1,28111.665875326944,0.32740951582865335,14055.832937663472
SWE,RUH,D1,startup,M,True,1,27952.020587500807,1.0354184024260307,13976.010293750403
ENG_CIVIL,RUH,M5,private,M,True,1,27768.3973742811,0.4496551102403745,13884.19868714055
PM,JED,M1,semigov,M,True,1,27768.32675079977,0.4946373370341591,13884.163375399885
HEALTH,RUH,M4,pif_backed,M,False,1,27699.549145080236,0.4454131530728257,13849.774572540118
OPS,RUH,VP,private,M,False,1,27577.798605404878,0.9700798499740357,13788.899302702439
FIN,EST,IC6,public,M,False,1,27563.26343186557,0.4854335817897587,13781.631715932785
OPS,RUH,D1,private,M,True,1,27538.142899293773,0.4073354750599473,13769.071449646886
ENG_CIVIL,RUH,D2,private,M,True,1,27414.45876898485,0.43623463233493887,13707.229384492424
ENG_ELEC,JAZ,IC4,pif_backed,M,False,1,27297.786679307203,0.6843128410387157,13648.893339653601
HEALTH,RUH,VP,public,F,True,1,27273.23368424714,0.33731888493703005,13636.61684212357
DESIGN,RUH,D2,pif_backed,M,False,1,27190.046792560795,0.3306232985370132,13595.023396280398
DATA,ASR,IC5,public,M,True,1,26844.213544951574,0.5785134010203765,13422.106772475787
PM,EST,IC5,public,F,True,1,26736.050598567577,0.5590523102384746,13368.025299283789
FIN,MAK,VP,semigov,M,True,1,26721.906034592917,0.6296494251464071,13360.953017296459
HEALTH,EST,D1,private,F,True,2,26678.15985587667,0.40996136444009246,13339.079927938335
SWE,RUH,M3,private,M,True,2,26621.940680692354,0.34001781333923514,13310.970340346177
SALES,RUH,D2,semigov,M,False,1,26412.28321113727,0.32160977544832153,13206.141605568635
ENG_MECH,JED,D1,private,M,True,1,26329.71163074422,0.3275673340596901,13164.85581537211
SWE,RUH,IC4,semigov,M,True,1,26292.860899049163,0.4668231374744716,13146.430449524581
FIN,MAK,IC4,pif_backed,F,True,1,26040.739093272787,0.5857207206605948,13020.369546636393
HEALTH,RUH,D2,semigov,F,False,1,26032.57059694903,0.3788790420669796,13016.285298474515
ENG_ELEC,RUH,D2,private,M,True,1,26020.23669415363,0.96356615084945,13010.118347076816
FIN,RUH,IC6,mnc,M,True,1,25991.081456802225,0.4076011304588047,12995.540728401113
ENG_MECH,RUH,M3,private,M,True,2,25397.37322483468,0.38813993391785784,12698.68661241734
SWE,EST,D1,private,F,True,1,25318.289311680794,1.316011058549857,12659.144655840397
ENG_CIVIL,RUH,IC3,private,M,True,1,25258.69955194441,0.6208652827969285,12629.349775972205
CUSTOMER,RUH,M3,private,M,True,1,25249.849089789113,0.5141241245541674,12624.924544894557
DATA,HAI,IC6,private,M,True,1,24902.246394980484,0.4364448411524484,12451.123197490242
FIN,EST,IC6,private,F,True,1,24601.35154096897,0.4681050823138299,12300.675770484486
DATA,JAZ,M2,private,M,True,1,24518.960801745656,0.5399090703887985,12259.480400872828
SWE,MAK,IC4,semigov,M,False,1,24504.915765663096,0.44568378668766045,12252.457882831548
DATA,RUH,M1,pif_backed,M,False,1,24487.52666331837,0.4530915317598245,12243.763331659185
ENG_CIVIL,QAS,M3,mnc,M,True,1,24416.019387671815,0.49839504486943603,12208.009693835907
SWE,JAZ,D3,pif_backed,M,False,1,23968.49978043184,0.26480761390458285,11984.24989021592
DESIGN,RUH,M2,public,F,True,1,23911.927955768242,0.4530087787911275,11955.963977884121
ENG_MECH,MAK,IC6,public,M,True,1,23783.865473845923,0.4531515104153783,11891.932736922961
SUPPLY,RUH,D1,private,M,False,1,23770.14737547578,0.4376717878823257,11885.07368773789
FIN,RUH,M2,mnc,M,False,1,23679.282805666793,0.40657138858922826,11839.641402833397
EDU,RUH,IC4,mnc,F,False,1,23673.843075636112,0.6310154120721644,11836.921537818056
DATA,JED,M3,private,M,True,1,23408.26595114758,0.41240117452570046,11704.13297557379
SALES,TAB,M3,mnc,F,True,1,23400.044785191916,0.3811638438637286,11700.022392595958
FIN,RUH,IC5,semigov,F,False,1,23350.560968827016,0.454686221835728,11675.280484413508
MARKETING,RUH,D3,private,F,True,1,23129.210229044795,0.2966795667771776,11564.605114522397
CUSTOMER,RUH,D2,mnc,F,False,1,23057.88566416481,0.5404623477944444,11528.942832082404
DESIGN,RUH,D2,semigov,M,False,1,23043.246288174923,0.31890787072730126,11521.623144087462
HR,BAH,M3,semigov,F,True,1,22888.292734673476,2.8526106929997366,11444.146367336738
LEGAL,ASR,IC3,semigov,F,False,1,22786.51918516348,0.7199991653547393,11393.25959258174
HEALTH,JED,IC4,semigov,F,True,1,22740.827705434163,0.6361917756163944,11370.413852717082
SALES,RUH,M4,semigov,M,True,1,22700.516377013948,0.34086788962399145,11350.258188506974
PM,QAS,M2,semigov,M,True,2,22611.55398857534,0.5165475253101176,11305.77699428767
OPS,EST,M3,pif_backed,M,True,1,22599.71909542808,0.4522261930551217,11299.85954771404
SALES,MAK,IC6,public,M,True,1,22543.59295213718,0.5063524970640544,11271.79647606859
HR,MAK,IC4,private,F,False,1,22492.357053188738,0.6757316696030046,11246.178526594369
DATA,MAK,M4,semigov,M,True,1,22445.30969151108,0.3051592297600591,11222.65484575554
HEALTH,RUH,D2,pif_backed,F,True,1,22399.790820685368,0.31214021944338705,11199.895410342684
MARKETING,MAK,IC4,private,F,True,1,22230.82270865942,0.7019498741292077,11115.41135432971
FIN,JED,D1,semigov,M,False,1,22159.83775169679,0.8191882861020062,11079.918875848394
FIN,MAD,IC6,mnc,M,True,1,21967.312400164585,0.3767718315163274,10983.656200082292
HEALTH,RUH,M4,private,F,True,1,21880.187803188393,0.44216227222550397,10940.093901594197
MARKETING,RUH,D3,public,M,False,1,21799.504228405804,0.46459194426998696,10899.752114202902
ENG_ELEC,QAS,D1,private,M,False,1,21649.212314207027,0.4234800827861705,10824.606157103513
SWE,RUH,M3,private,F,False,1,21556.093554072373,0.360440136933088,10778.046777036187
ENG_ELEC,EST,M2,pif_backed,M,True,1,21337.068143557364,0.4085464211673236,10668.534071778682
PM,TAB,IC3,public,M,False,1,21249.708178096495,0.6490963745131785,10624.854089048247
SALES,TAB,IC5,semigov,F,True,2,21168.04045955899,0.41982633463811847,10584.020229779495
FIN,EST,IC4,public,M,True,2,21130.176298215047,0.42680575200802934,10565.088149107523
DATA,EST,M3,startup,M,True,1,20985.56700365449,0.9287054502785151,10492.783501827245
MARKETING,RUH,IC6,private,M,True,1,20943.27084880624,0.4686800091037333,10471.63542440312
HR,RUH,IC4,private,M,True,2,20882.16436118204,0.5459747299261231,10441.08218059102
ENG_ELEC,EST,M3,pif_backed,M,True,1,20847.409086727843,0.3201562908045037,10423.704543363921
LEGAL,BAH,M1,private,M,True,1,20707.757080794963,0.5605309645234243,10353.878540397482
ENG_ELEC,EST,IC2,mnc,F,True,1,20704.659584198824,0.7553930802666713,10352.329792099412
PM,RUH,M4,public,M,True,3,20604.86754222179,0.45844275558223724,10302.433771110895
OPS,RUH,M3,startup,F,True,1,20581.588288122006,0.49408851875679843,10290.794144061003
ENG_CIVIL,TAB,IC5,pif_backed,M,True,1,20513.93537883654,0.5678260083852875,10256.96768941827
ENG_ELEC,JAZ,M2,private,M,False,1,20507.933708453813,0.6071288941785189,10253.966854226906
PM,RUH,M4,private,M,True,1,20498.86012145642,0.30269563415465506,10249.43006072821
PM,JED,IC5,public,F,True,1,20440.08442638659,0.5466501217357672,10220.042213193296
ENG_CIVIL,MAK,D1,private,M,False,1,20426.70140245257,0.39022654948018837,10213.350701226285
CUSTOMER,MAD,IC6,mnc,F,True,1,20408.29977957497,0.49928134632669735,10204.149889787484
DESIGN,MAD,M2,private,F,True,1,20367.11233671258,0.5676922626179642,10183.55616835629
SALES,JED,IC5,pif_backed,F,False,1,20190.251575552786,0.5012697079352758,10095.125787776393
DESIGN,RUH,IC2,mnc,M,True,1,20047.613413850453,0.6387004709694541,10023.806706925227
FIN,MAK,D3,private,M,True,1,20043.61785465508,0.2108819191783642,10021.80892732754
OPS,RUH,VP,pif_backed,F,True,1,20029.928254919672,0.2710063226680712,10014.964127459836
SWE,EST,IC6,private,M,True,1,19878.380925031477,0.7349825048466015,9939.190462515739
SWE,RUH,D1,private,M,False,2,19875.595381439933,0.7597024533755452,9937.797690719966
MARKETING,JED,D3,private,M,False,1,19578.70110632095,0.28713877739872773,9789.350553160475
SWE,MAD,IC6,private,F,True,1,19522.999806663956,0.384055260181339,9761.499903331978
OPS,EST,IC6,semigov,M,True,1,19521.754722109647,0.48185076068830457,9760.877361054823
DESIGN,NOR,IC5,pif_backed,M,False,1,19517.421676761875,0.5009933062036113,9758.710838380937
PM,RUH,M3,public,M,True,1,19510.374220207406,0.3129708483947182,9755.187110103703
ENG_CIVIL,TAB,D1,private,M,True,1,19461.19412418682,0.36855879106852424,9730.59706209341
HEALTH,MAD,IC3,private,M,False,1,19426.485409620498,0.7196268602226801,9713.242704810249
ENG_CIVIL,RUH,CXO,public,M,False,1,19350.81133128843,0.31392047245545973,9675.405665644215
EDU,EST,VP,pif_backed,M,True,1,19188.879472438886,0.3105086615362951,9594.439736219443
SWE,RUH,M4,private,M,True,1,19130.67672482304,0.2980407702363465,9565.33836241152
OPS,MAD,IC4,semigov,M,False,1,19069.967521450253,0.6489425152826819,9534.983760725127
HR,QAS,IC5,semigov,M,True,1,18967.780412102435,0.5348106137818647,9483.890206051217
ENG_CIVIL,RUH,VP,private,M,True,1,18887.211510736503,0.6577838748018869,9443.605755368251
FIN,RUH,VP,mnc,F,True,1,18860.458642796642,0.1957182601712819,9430.229321398321
ENG_ELEC,RUH,IC6,private,M,False,1,18746.1109166298,0.48004102620082023,9373.0554583149
SWE,EST,M4,semigov,F,False,1,18485.596408287915,0.8426989753132913,9242.798204143957
HEALTH,RUH,D1,private,F,False,2,18444.274132942497,0.4976122022326007,9222.137066471249
CUSTOMER,RUH,IC4,startup,M,True,1,18427.09068476379,0.5821003425477589,9213.545342381894
ENG_MECH,EST,M3,pif_backed,M,True,2,18398.675705165875,0.26925617944426117,9199.337852582938
MARKETING,JED,M1,mnc,M,True,1,18386.845799197417,0.42442723769572915,9193.422899598709
SWE,EST,M4,private,M,False,1,18374.785000660966,0.26801169026939126,9187.392500330483
MARKETING,RUH,IC5,private,F,True,2,18353.56228569197,0.441846949763009,9176.781142845985
MARKETING,RUH,IC5,startup,M,False,1,18118.318061139365,0.4822287547106669,9059.159030569683
EDU,EST,M3,private,F,True,1,18113.164120466066,0.4521956898990256,9056.582060233033
ENG_MECH,QAS,M1,public,M,True,1,18048.577873469116,0.5883463645795116,9024.288936734558
HEALTH,RUH,IC6,startup,M,True,1,18045.543757666073,0.4941818314619913,9022.771878833037
SWE,JAZ,M3,private,M,True,1,18024.297360062046,0.41988311675749646,9012.148680031023
OPS,QAS,M3,semigov,M,True,2,17984.884699568767,0.8252337421109212,8992.442349784384
SUPPLY,ASR,IC5,semigov,M,True,1,17963.72576473762,0.5151453367720169,8981.86288236881
SWE,HAI,IC5,mnc,F,True,1,17950.773123125713,1.7441193764896725,8975.386561562857
CUSTOMER,JED,IC6,pif_backed,M,True,1,17950.065131059815,0.4438355942754024,8975.032565529908
ENG_MECH,JAZ,IC4,private,M,True,1,17879.055282214198,0.5094480910277461,8939.527641107099
DATA,QAS,M3,pif_backed,F,False,1,17814.802014126835,1.239375930177232,8907.401007063418
FIN,JED,M3,pif_backed,M,True,1,17772.464827441,0.276760480089339,8886.2324137205
SWE,JED,M2,public,F,True,1,17728.093167098636,1.054847445221386,8864.046583549318
ENG_ELEC,RUH,D3,public,M,True,1,17642.353812043817,0.5240246559332326,8821.176906021909
HEALTH,MAK,IC4,private,F,True,1,17604.633061951063,0.6323487355438066,8802.316530975531
SALES,QAS,IC6,pif_backed,F,True,1,17526.57094744928,0.3745453170420748,8763.28547372464
DATA,QAS,IC4,startup,M,True,1,17473.393495511235,0.5018647099805794,8736.696747755617
SWE,MAK,M3,private,M,True,1,17469.70816789806,0.7963824471959557,8734.85408394903
SUPPLY,JED,M2,private,M,True,1,17421.794943152934,0.4405469538293401,8710.897471576467
FIN,RUH,M3,private,M,True,1,17415.719789160434,1.123003618041111,8707.859894580217
FIN,MAK,M3,private,F,True,1,17412.89410879787,0.8841909529343238,8706.447054398936
ENG_MECH,RUH,IC3,public,M,True,1,17337.5330261621,0.5212113613236834,8668.76651308105
SWE,RUH,IC4,pif_backed,F,True,2,17329.285879616964,0.416460002725302,8664.642939808482
FIN,EST,IC5,private,M,False,2,17321.635784046422,0.30781553822626256,8660.817892023211
DATA,EST,IC4,private,M,True,1,17244.68635438772,0.4742533462183271,8622.34317719386
FIN,QAS,M2,private,M,True,1,17200.292266365625,0.3764170881342794,8600.146133182812
FIN,RUH,M3,startup,F,False,1,17194.002282725294,0.7084493631301185,8597.001141362647
CUSTOMER,MAK,IC6,private,M,True,1,17178.22981685102,0.4794032075561235,8589.11490842551
SALES,RUH,IC5,mnc,M,True,1,17176.569293542743,0.3272729874891728,8588.284646771372
SWE,RUH,M4,private,F,True,1,17117.199388278892,0.6500958550094204,8558.599694139446
FIN,TAB,M1,public,M,True,1,17040.851636636024,0.48416406990695715,8520.425818318012
SALES,RUH,SVP,public,F,True,1,17030.628831986163,0.515940357678765,8515.314415993082
MARKETING,QAS,M4,semigov,F,True,1,17024.128349162464,0.9872270546631376,8512.064174581232
ENG_CIVIL,MAK,IC4,pif_backed,M,False,1,16955.40012650247,0.5700911494387809,8477.700063251235
OPS,ASR,M1,pif_backed,F,True,1,16938.77702758393,0.5502136057309478,8469.388513791964
FIN,RUH,M1,private,M,True,1,16936.574824260213,0.4562250496725967,8468.287412130107
HEALTH,ASR,M2,private,M,True,1,16904.076249615053,0.5210800417014757,8452.038124807526
SWE,HAI,IC5,private,F,True,1,16893.171725833352,0.5218595138020707,8446.585862916676
SWE,MAK,IC6,mnc,M,True,1,16893.090250017194,0.4036133210085475,8446.545125008597
PM,RUH,M3,private,M,True,1,16887.227096139748,0.9875663805123175,8443.613548069874
SWE,JAZ,M3,public,M,True,1,16774.61515617308,0.813486245883281,8387.30757808654
PM,TAB,IC3,mnc,M,False,1,16708.64918884222,0.5880117959860717,8354.32459442111
ENG_ELEC,JED,IC4,startup,F,True,1,16705.735150194716,2.240999860514759,8352.867575097358
FIN,RUH,M3,mnc,M,True,2,16668.953071735577,1.0510902157214665,8334.476535867789
LEGAL,ASR,IC4,public,M,True,1,16626.980516910913,0.5649973908524791,8313.490258455457
HEALTH,JAZ,IC6,public,M,True,1,16562.866316190084,0.47491313593412476,8281.433158095042
PM,TAB,IC5,public,M,True,1,16456.62854282419,0.5051042103758546,8228.314271412095
HEALTH,EST,IC4,private,M,True,1,16437.04534453867,0.5242350929580616,8218.522672269335
DATA,QAS,M4,public,F,True,1,16436.98537379761,0.3026680621989702,8218.492686898804
LEGAL,JED,IC4,private,F,True,2,16395.956904522987,0.4368351059944665,8197.978452261494
SALES,BAH,IC4,private,M,False,1,16386.163995538293,0.572134606902777,8193.081997769146
SUPPLY,RUH,VP,semigov,M,True,1,16319.677697853716,0.2597130988514903,8159.838848926858
SALES,NJR,M4,public,M,False,1,16244.42258545088,0.8886975528327937,8122.21129272544
SWE,JED,M2,private,F,False,1,16232.197835543297,1.2373865661907069,8116.098917771648
MARKETING,QAS,M4,pif_backed,M,True,1,16110.25299496975,0.30601002988574566,8055.126497484875
MARKETING,RUH,D2,startup,F,False,1,16077.111885914579,0.27377151716274384,8038.5559429572895
ENG_MECH,RUH,IC6,public,M,False,1,16037.601007580306,0.38173494034095423,8018.800503790153
DESIGN,TAB,VP,mnc,M,True,1,16034.60877965021,0.1969790741284702,8017.304389825105
SALES,RUH,M2,public,M,False,1,15990.74313681557,1.026279830643816,7995.371568407785
MARKETING,JED,M1,startup,M,False,1,15990.31118576854,0.4874053193439006,7995.15559288427
LEGAL,EST,M2,private,F,True,1,15961.467369075206,0.3363773961066675,7980.733684537603
DATA,RUH,IC5,public,M,True,1,15950.982475058976,0.33373984614722596,7975.491237529488
FIN,RUH,IC5,public,M,False,1,15920.025215361344,0.3690209536200584,7960.012607680672
PM,MAK,M1,startup,M,True,1,15908.346818342412,0.45843173594649517,7954.173409171206
FIN,JED,IC4,private,F,False,2,15886.663087187506,0.5153910674007874,7943.331543593753
DATA,EST,M2,private,F,False,1,15859.03031266301,1.2318870317446255,7929.515156331505
SWE,NJR,M2,private,M,True,1,15799.917437355765,0.4060752630342042,7899.958718677883
CUSTOMER,RUH,IC5,mnc,M,True,2,15778.968687124465,0.2923491688759249,7889.484343562232
SWE,EST,IC3,mnc,F,False,1,15760.315200034645,0.48570078040429604,7880.157600017323
HR,EST,IC4,semigov,M,False,1,15731.965133313442,0.46403376768449656,7865.982566656721
SWE,RUH,IC4,private,F,False,1,15686.815837365253,2.012353127075332,7843.407918682627
CUSTOMER,MAK,IC6,public,M,False,1,15672.414583381234,0.5853332405876047,7836.207291690617
OPS,RUH,IC6,public,M,True,1,15658.29710952404,0.3724466341891825,7829.14855476202
SWE,RUH,M3,semigov,M,True,2,15616.17473552978,0.41279319441866497,7808.08736776489
CUSTOMER,EST,IC4,public,M,True,1,15615.91439882667,0.5561005230858717,7807.957199413335
DATA,RUH,IC6,private,M,False,1,15481.220158312979,0.26636080300958787,7740.6100791564895
ENG_MECH,RUH,M2,private,M,True,3,15430.179614596747,0.5035956204724172,7715.089807298374
SWE,RUH,M2,startup,M,True,1,15420.049848323884,0.31585285008803465,7710.024924161942
HEALTH,JED,IC5,pif_backed,M,True,1,15363.597353196132,0.37980995045076127,7681.798676598066
SALES,RUH,M3,pif_backed,M,False,1,15353.093846979657,0.725957164721698,7676.546923489828
SWE,MAK,IC5,public,F,True,2,15346.234716815861,0.3054710235380952,7673.117358407931
PM,NJR,IC5,private,F,False,1,15345.003332566957,2.8667620695545932,7672.501666283479
DATA,EST,IC6,semigov,F,True,1,15344.3169786941,0.2850837607369906,7672.15848934705
SALES,RUH,M3,private,F,True,2,15280.376691405485,0.4442885372857963,7640.1883457027425
EDU,JED,D1,public,F,True,1,15152.963554203692,0.37712758043450767,7576.481777101846
SALES,JAZ,IC3,semigov,M,False,1,15141.925653332719,0.6139033307655674,7570.962826666359
ENG_ELEC,RUH,IC5,pif_backed,M,True,1,15118.33748096897,0.314192320165779,7559.168740484485
FIN,ASR,IC5,private,F,True,1,15099.108497504192,0.41693037452234327,7549.554248752096
ENG_CIVIL,EST,D1,semigov,M,True,1,15095.89897435582,0.847052521106642,7547.94948717791
MARKETING,RUH,M2,mnc,F,False,1,15078.143184051736,0.35563428236763045,7539.071592025868
FIN,NJR,D1,semigov,M,True,1,15075.589683540871,0.7046515317118587,7537.794841770436
HEALTH,RUH,IC5,private,M,False,1,14998.975216948591,0.4013336752113391,7499.4876084742955
CUSTOMER,RUH,M3,mnc,F,True,1,14977.806886798975,0.3161854031162328,7488.9034433994875
SALES,JED,VP,private,M,True,1,14957.416463557587,0.21951239378457751,7478.708231778794
ENG_MECH,HAI,IC5,semigov,M,True,1,14956.49048171247,0.4503468117302063,7478.245240856235
PM,TAB,M1,private,M,True,1,14925.863454487484,0.459423577715736,7462.931727243742
SWE,NJR,IC4,public,F,True,1,14919.351671183576,2.771547614579044,7459.675835591788
FIN,RUH,IC4,pif_backed,M,False,2,14866.604352722641,0.40625849137131304,7433.302176361321
HEALTH,EST,M1,public,F,True,1,14796.045736496939,0.5129180961665397,7398.022868248469
MARKETING,MAD,IC5,private,F,True,1,14741.38439922591,0.4386529560089636,7370.692199612955
SWE,QAS,IC3,mnc,M,False,1,14676.6870905546,0.5220545666806553,7338.3435452773
HR,RUH,M2,mnc,M,False,1,14676.525777438928,0.4512477363843096,7338.262888719464
ENG_MECH,EST,IC5,mnc,M,True,1,14644.592177381655,0.32307877335148366,7322.296088690828
MARKETING,EST,M2,semigov,F,False,1,14636.434316256564,0.5218225711960978,7318.217158128282
ENG_ELEC,TAB,IC4,public,M,True,1,14575.043078230403,0.44194840842129535,7287.521539115201
MARKETING,RUH,IC4,mnc,F,True,2,14453.65807356743,0.749541031708786,7226.829036783715
SWE,MAD,M3,public,M,False,1,14451.180004068508,0.36691066147875795,7225.590002034254
DESIGN,RUH,M2,private,M,False,1,14437.691202469818,1.38297227602083,7218.845601234909
FIN,MAD,IC6,private,M,True,1,14436.62268141536,0.3669788838998991,7218.31134070768
DATA,RUH,IC4,private,F,False,1,14409.510933410533,0.3509134759101176,7204.755466705266
OPS,RUH,D1,private,F,False,1,14293.33160749773,0.4338507958046096,7146.665803748865
SALES,RUH,M2,pif_backed,M,False,2,14213.006999181904,1.6194133202605256,7106.503499590952
SWE,RUH,IC5,startup,F,True,1,14116.46901900035,0.32698409396612893,7058.234509500175
SALES,HAI,IC5,semigov,M,False,1,14031.774294412204,0.42086968619965553,7015.887147206102
SWE,RUH,IC5,semigov,M,True,1,14022.230348668949,0.7628364269174749,7011.115174334474
HEALTH,RUH,M3,private,M,False,1,13977.071238725894,0.3515139831214266,6988.535619362947
FIN,RUH,M1,private,F,True,1,13902.705265932556,0.3945225181965077,6951.352632966278
LEGAL,JED,IC4,public,M,False,1,13872.772671084263,0.49932791984866454,6936.386335542132
OPS,QAS,M3,private,M,True,1,13861.728256010432,1.285942601418668,6930.864128005216
SWE,MAK,M2,public,M,True,1,13861.23514462655,0.748632767567892,6930.617572313275
SWE,EST,IC5,mnc,M,False,3,13858.38664094625,0.29288677583134054,6929.193320473125
PM,RUH,IC4,public,M,True,2,13847.100865201683,0.9862523619606401,6923.550432600841
EDU,EST,D1,public,M,True,1,13782.581006501587,0.38879523147888817,6891.290503250793
ENG_CIVIL,RUH,IC5,public,M,False,1,13780.880227943751,0.4802100324014352,6890.440113971876
ENG_CIVIL,TAB,IC4,pif_backed,M,False,1,13760.367678707878,0.4830685717422925,6880.183839353939
SALES,RUH,IC6,private,F,False,1,13723.073423048925,0.30213843698739723,6861.536711524463
LEGAL,RUH,IC5,public,F,True,1,13711.406483486542,0.8727709694011878,6855.703241743271
SWE,RUH,M3,mnc,M,True,1,13695.526783301379,0.22793924688742795,6847.763391650689
DATA,RUH,IC4,pif_backed,M,True,1,13661.028541532818,0.3592246207989285,6830.514270766409
SWE,JED,IC3,public,M,False,1,13657.281451113005,0.46842577784491557,6828.640725556503
PM,EST,IC5,mnc,M,True,1,13654.60448882539,0.7981596779927406,6827.302244412695
CUSTOMER,EST,IC5,mnc,M,True,1,13552.704875133231,0.5838358794467992,6776.352437566616
EDU,MAK,IC4,startup,M,True,1,13547.6681521383,0.5620732394283333,6773.83407606915
SWE,EST,M3,public,M,True,1,13523.981641355007,0.6300744797757655,6761.9908206775035
PM,RUH,VP,private,M,False,1,13520.507653507062,0.32318875052574914,6760.253826753531
SUPPLY,JED,IC6,startup,F,True,1,13457.800135881575,0.6077207665343811,6728.900067940787
OPS,RUH,M3,private,M,True,2,13443.546421461946,0.3468174704695405,6721.773210730973
HR,JED,IC5,private,M,True,1,13433.86065620813,0.43118413031461067,6716.930328104065
PM,RUH,IC4,semigov,M,True,2,13425.82749719666,0.3632487022128663,6712.91374859833
SWE,RUH,IC6,mnc,M,True,2,13409.326879269862,0.467072734167182,6704.663439634931
PM,RUH,IC4,private,M,True,5,13403.091539039335,0.335349726303763,6701.545769519667
ENG_ELEC,JED,M2,public,M,True,1,13394.731504861771,0.37484619677711917,6697.365752430886
SALES,RUH,M2,startup,F,True,1,13352.62847150534,0.8740661915239037,6676.31423575267
SWE,RUH,IC5,public,M,False,3,13334.695803390981,0.32899767555041065,6667.347901695491
ENG_CIVIL,RUH,D1,private,M,False,1,13327.570376184558,0.27928033491637577,6663.785188092279
MARKETING,JED,IC5,semigov,F,True,1,13320.145899399618,2.4467616397898633,6660.072949699809
SALES,EST,IC4,mnc,M,False,2,13306.214238260389,0.27565338143945534,6653.107119130194
CUSTOMER,TAB,D1,semigov,M,True,1,13304.285987582185,1.549741869106726,6652.1429937910925
MARKETING,RUH,VP,public,F,True,1,13279.52593223719,0.6483890244637509,6639.762966118595
FIN,RUH,IC5,public,F,True,1,13265.35363892835,0.38554128346594707,6632.676819464175
DESIGN,ASR,IC4,semigov,M,True,1,13193.186852570823,0.418091638272061,6596.593426285412
DATA,EST,M1,semigov,M,False,1,13139.661243169729,0.3037739041587056,6569.830621584864
OPS,JED,M4,public,F,True,1,13138.264348769355,1.217672894743514,6569.1321743846775
FIN,EST,IC5,pif_backed,F,True,1,13130.952840938051,0.7363610835295914,6565.4764204690255
ENG_MECH,RUH,IC5,startup,M,False,1,13123.156192551436,0.40711132445177856,6561.578096275718
SWE,TAB,M2,private,M,True,1,13119.147340996042,0.3545098458807721,6559.573670498021
FIN,JED,D1,private,F,True,1,13107.375232062812,0.22322014376932386,6553.687616031406
SWE,EST,IC6,private,F,True,1,13099.18675302634,0.23781307953337705,6549.59337651317
SWE,RUH,M3,private,M,False,2,13034.323806295339,0.2664995757531059,6517.161903147669
FIN,MAD,M1,pif_backed,M,True,1,13024.124200550632,0.3371371571498885,6512.062100275316
DATA,RUH,IC3,pif_backed,M,True,4,13014.69737560992,0.4032144574763683,6507.34868780496
ENG_MECH,RUH,IC4,public,M,False,3,12960.162155638596,0.4214374912482566,6480.081077819298
DATA,HAI,IC3,private,F,True,1,12954.014961153496,0.47808926024513754,6477.007480576748
FIN,QAS,M3,semigov,F,True,1,12940.52602752539,0.5234031807190551,6470.263013762695
ENG_CIVIL,ASR,IC4,pif_backed,M,True,1,12933.287099341873,0.4835797454893953,6466.643549670936
ENG_MECH,RUH,IC4,private,F,True,1,12931.772502598807,0.35629860901680593,6465.886251299404
DATA,RUH,M1,semigov,M,False,1,12928.55644145685,0.5996555858592034,6464.278220728425
DATA,RUH,IC3,private,M,True,2,12903.848430910959,1.1862643875454866,6451.9242154554795
SALES,JED,IC5,startup,M,True,1,12869.911772332918,0.8352621795191867,6434.955886166459
ENG_ELEC,RUH,M1,public,M,False,1,12866.329900540493,0.944570831858846,6433.164950270247
SALES,EST,M3,pif_backed,M,False,1,12798.89826936806,0.2337474172680804,6399.44913468403
ENG_MECH,ASR,IC4,semigov,F,False,1,12796.096736539223,0.6150426064487288,6398.048368269611
DATA,JED,IC4,mnc,M,True,1,12769.593806057143,0.3380058451740294,6384.796903028571
SWE,EST,IC4,semigov,F,False,1,12766.400663050754,0.9923782721415026,6383.200331525377
HR,MAD,IC5,mnc,F,False,1,12708.83088488357,0.49972321535544045,6354.415442441785
HEALTH,RUH,VP,private,M,True,1,12692.301608014008,0.2851865511630312,6346.150804007004
DATA,RUH,M3,private,F,True,2,12666.724734892965,0.4623309640740412,6333.3623674464825
LEGAL,JED,IC5,private,M,True,1,12662.380882073736,0.6931594783819103,6331.190441036868
ENG_MECH,ASR,IC3,startup,M,True,1,12656.637815416576,0.5210688708087925,6328.318907708288
FIN,EST,D2,public,F,False,1,12645.728773884875,0.26980363553336056,6322.864386942438
SWE,MAK,IC5,private,M,True,1,12629.35106767001,0.3512265351702065,6314.675533835005
DESIGN,EST,IC5,private,M,False,1,12624.420592309707,0.38506309353328777,6312.2102961548535
SWE,TAB,IC4,semigov,M,False,1,12602.398147836284,0.4331264281546065,6301.199073918142
ENG_ELEC,EST,M1,private,M,True,1,12580.7878959519,0.8489152309304216,6290.39394797595
ENG_CIVIL,EST,M3,public,M,True,1,12578.954034998573,0.3411077115463599,6289.477017499286
PM,RUH,VP,mnc,M,False,1,12549.843583431735,0.19806317968171142,6274.921791715868
SWE,EST,M1,public,M,False,1,12547.8999638534,0.36206525316934857,6273.9499819267
SALES,TAB,IC4,semigov,M,True,1,12540.48917826525,0.5703901370140673,6270.244589132625
SALES,JED,IC6,public,M,False,1,12539.893343402302,0.40797083352671343,6269.946671701151
DESIGN,RUH,IC5,public,M,True,2,12488.44772506773,0.6087952264394131,6244.223862533865
ENG_ELEC,RUH,IC4,mnc,M,False,1,12486.402557518872,0.4784419739221464,6243.201278759436
ENG_ELEC,JED,M5,private,M,True,1,12455.878741019733,0.6220139315807843,6227.939370509866
SWE,RUH,M4,private,M,False,2,12448.251932742263,0.2881172573162466,6224.125966371132
SWE,HAI,IC4,mnc,M,True,1,12439.250558629563,0.3654968561741857,6219.625279314781
ENG_MECH,MAK,M3,semigov,M,False,1,12415.13533672582,0.40185974508891054,6207.56766836291
HEALTH,RUH,M4,private,M,True,2,12367.613895477582,0.2607862100680618,6183.806947738791
ENG_MECH,EST,IC5,public,M,False,1,12361.952983707764,0.45750579503528327,6180.976491853882
ENG_ELEC,ASR,IC4,public,F,False,1,12302.891088382801,0.5712606007034049,6151.445544191401
DATA,HAI,IC6,private,M,False,1,12288.629333684836,0.3426091420680297,6144.314666842418
DATA,RUH,IC5,public,F,True,1,12266.022951619881,0.33161567992630936,6133.011475809941
SWE,RUH,M5,private,F,False,2,12221.043874500852,0.283985274554419,6110.521937250426
SALES,RUH,IC5,semigov,M,True,2,12154.577014035603,0.9578146160755976,6077.288507017802
OPS,RUH,M2,pif_backed,M,True,1,12143.502592369256,0.3138492586317704,6071.751296184628
SALES,RUH,M1,pif_backed,F,False,1,12122.618796729043,0.962864554281204,6061.309398364521
FIN,EST,IC4,private,M,False,1,12049.023338921255,1.4828654653770543,6024.511669460628
SUPPLY,MAD,IC5,private,F,False,1,12040.91585705476,0.5201974118714692,6020.45792852738
ENG_ELEC,JAZ,IC5,private,M,True,1,12035.179993146683,0.5023346627081541,6017.5899965733415
SWE,QAS,M3,private,M,False,1,12022.641510757428,0.5481430836421817,6011.320755378714
HEALTH,JED,M2,public,F,False,1,11994.052288763784,1.1829293883553647,5997.026144381892
SALES,NJR,M2,pif_backed,M,False,1,11979.782970309861,0.6616306879763765,5989.891485154931
DATA,MAD,IC6,private,F,False,1,11930.547618034634,0.8808908342114494,5965.273809017317
MARKETING,RUH,D1,private,M,True,1,11912.108156278406,0.39609297846707575,5956.054078139203
ENG_ELEC,RUH,IC3,semigov,M,True,2,11903.640888006847,0.4130050143629699,5951.820444003423
HEALTH,JED,CXO,private,M,True,1,11894.997298350543,0.28244536475709203,5947.498649175272
SALES,NJR,M3,private,M,True,1,11856.792143024903,0.7854822776818229,5928.396071512451
CUSTOMER,TAB,D2,pif_backed,F,True,1,11759.408437476392,1.0792903893787702,5879.704218738196
OPS,QAS,M4,private,M,True,1,11755.453825353208,0.45316046794396864,5877.726912676604
ENG_CIVIL,RUH,IC5,private,F,True,1,11743.621299422408,0.3907509521009333,5871.810649711204
PM,RUH,IC2,semigov,F,True,1,11738.002651384715,0.5252405667202459,5869.001325692358
OPS,RUH,IC4,public,M,True,2,11730.935280499954,0.4089673871786683,5865.467640249977
ENG_CIVIL,JED,M3,semigov,M,False,1,11728.124839088327,1.3175447777440124,5864.062419544163
DATA,RUH,IC2,semigov,M,True,2,11714.24661669166,0.3902429618887183,5857.12330834583
SALES,EST,D2,private,F,False,1,11701.223809092953,0.2724067508158649,5850.611904546477
SALES,RUH,IC6,public,M,False,2,11676.669371856791,0.3426843090326219,5838.334685928396
PM,RUH,IC3,startup,F,False,1,11643.781872717947,0.46458442466772243,5821.890936358974
OPS,RUH,M1,public,F,True,1,11631.281280699965,0.46178600901634,5815.640640349982
DATA,JAZ,M3,private,M,False,1,11629.230888253871,0.8106767464166394,5814.6154441269355
MARKETING,EST,IC5,private,M,True,3,11629.085990215943,0.39964523513057276,5814.542995107971
DESIGN,EST,M3,public,M,False,1,11602.200369764596,0.332703525609,5801.100184882298
LEGAL,RUH,D1,public,M,True,1,11580.008564880933,0.2413279061314526,5790.004282440466
OPS,JED,M3,private,M,False,1,11519.92885819009,0.7728850432529865,5759.964429095045
ENG_MECH,EST,M3,mnc,F,False,1,11496.790090606071,0.39390753301887554,5748.395045303036
MARKETING,RUH,M3,pif_backed,M,False,1,11489.296025679745,0.41898707681826536,5744.6480128398725
DATA,JED,IC4,semigov,F,True,1,11432.648311971901,0.35654491369033314,5716.324155985951
ENG_ELEC,EST,M5,public,M,True,1,11427.227739444916,0.2815732437923027,5713.613869722458
PM,EST,IC3,private,F,False,1,11425.248896588146,0.3954565163614413,5712.624448294073
DATA,EST,IC3,public,M,False,1,11403.015054267826,0.46600589195558856,5701.507527133913
LEGAL,RUH,M1,mnc,F,False,1,11388.519601315063,0.8197590934772858,5694.259800657532
ENG_CIVIL,RUH,D1,pif_backed,M,False,1,11302.178941634924,0.6744360409784075,5651.089470817462
DATA,ASR,IC4,private,M,True,1,11298.203067945424,2.3402529673007253,5649.101533972712
SUPPLY,EST,IC4,startup,M,True,1,11287.099720047114,0.3630418994976613,5643.549860023557
ENG_CIVIL,JED,M1,pif_backed,M,False,1,11262.865266655277,0.28101290775254295,5631.4326333276385
EDU,RUH,M1,mnc,M,False,2,11255.49049501703,0.3810416792173383,5627.745247508515
DATA,RUH,IC4,public,M,False,1,11253.248332223557,0.3608931767014186,5626.624166111778
CUSTOMER,JED,IC4,mnc,M,True,1,11251.58793347757,0.44533829984245443,5625.793966738785
PM,EST,IC4,public,F,True,1,11244.246841625965,0.39112763760565733,5622.123420812983
LEGAL,EST,IC5,private,F,False,1,11200.434498859548,0.9870215663653326,5600.217249429774
SWE,EST,IC4,mnc,M,True,2,11180.652232217477,0.2833972581431475,5590.3261161087385
SUPPLY,RUH,M4,private,M,False,1,11152.988581856796,0.3304925087751673,5576.494290928398
DESIGN,JED,IC4,semigov,F,False,1,11130.760054805074,0.5605566332439799,5565.380027402537
SUPPLY,HAI,IC6,private,M,True,1,11130.05582253299,0.42380160786907645,5565.027911266495
ENG_ELEC,RUH,M5,semigov,M,True,1,11108.379580932378,0.25225649396193295,5554.189790466189
ENG_ELEC,EST,M1,private,F,False,1,11093.953609830814,0.47733914411756057,5546.976804915407
CUSTOMER,EST,M1,mnc,F,True,1,11066.68801101382,0.4393186819914683,5533.34400550691
SWE,EST,M3,private,M,True,1,11060.297624873223,0.21418181697345653,5530.1488124366115
DATA,BAH,IC6,startup,M,True,1,11035.893876023323,0.7236409717460808,5517.946938011662
OPS,EST,CXO,private,M,False,1,10975.122875047578,0.24521189477852148,5487.561437523789
DATA,HAI,M5,private,F,True,1,10960.827957950001,0.16664377957779672,5480.413978975001
FIN,EST,IC2,pif_backed,M,False,1,10924.505733746577,0.4722601397324953,5462.252866873288
DESIGN,JED,M3,semigov,M,False,1,10847.802589905576,0.4858948879283998,5423.901294952788
SWE,EST,M4,public,M,True,1,10843.48132792929,0.5045197401128798,5421.740663964645
SWE,EST,M2,private,M,True,1,10835.797727057485,0.42134814976482393,5417.898863528742
DATA,NJR,M3,public,M,False,1,10818.87336099561,0.2630488582927278,5409.436680497805
PM,EST,M3,private,F,False,1,10806.720652143402,0.5529895392441548,5403.360326071701
FIN,RUH,D1,semigov,M,True,1,10802.802439184634,0.2612731886719237,5401.401219592317
DATA,JED,IC6,pif_backed,M,True,1,10792.14602654348,0.22431153329664447,5396.07301327174
SWE,EST,IC5,public,M,True,3,10788.184697249882,0.745920331138669,5394.092348624941
ENG_MECH,RUH,M2,semigov,M,False,1,10754.215394402963,1.2505832287987668,5377.107697201482
SWE,EST,M3,private,F,True,1,10728.697286929284,0.3356386852543588,5364.348643464642
ENG_MECH,RUH,D2,private,F,False,1,10719.34978671305,0.5122011020977651,5359.674893356525
ENG_CIVIL,EST,M4,semigov,M,False,1,10699.644952868974,0.31459421447537095,5349.822476434487
PM,EST,IC5,private,M,True,1,10695.939232724882,0.8136157600705971,5347.969616362441
SALES,EST,M3,public,F,True,1,10667.348252686774,0.5099202592724719,5333.674126343387
EDU,MAK,D2,public,M,True,1,10659.67624188193,0.24894664444019238,5329.838120940965
SALES,ASR,M5,private,M,False,1,10653.709093657688,0.9153252950494867,5326.854546828844
SALES,EST,IC4,public,M,True,1,10606.41910606511,0.3226787762075671,5303.209553032555
HEALTH,MAK,IC4,private,F,False,1,10589.573707073338,0.4772027899269358,5294.786853536669
SWE,RUH,IC3,startup,M,True,1,10571.642435683872,0.43438239088028574,5285.821217841936
SALES,MAD,M4,public,M,True,1,10555.67023958423,0.24137773089576506,5277.835119792115
SWE,RUH,IC5,semigov,F,True,2,10540.316635042605,0.24340908450248222,5270.158317521303
DATA,RUH,IC3,mnc,M,True,3,10517.16075876849,0.2836362251021404,5258.580379384245
SWE,TAB,D1,startup,M,False,1,10493.173282919186,0.3550956821348565,5246.586641459593
MARKETING,JAZ,M3,private,M,False,1,10473.608006127717,0.8254988927093216,5236.8040030638585
EDU,RUH,M2,private,M,True,1,10466.757679544888,0.35665232049310575,5233.378839772444
CUSTOMER,NJR,M3,semigov,F,True,1,10446.193003947292,0.8458729840599931,5223.096501973646
SWE,MAK,M1,pif_backed,M,True,1,10436.911282955582,0.47072102440786523,5218.455641477791
EDU,RUH,IC6,mnc,F,True,1,10433.737262285324,0.8985189876366844,5216.868631142662
EDU,RUH,M4,private,M,True,3,10426.347056589377,0.2125304438934611,5213.173528294688
EDU,EST,IC6,mnc,F,False,1,10422.401535357338,0.34299481102468754,5211.200767678669
EDU,TAB,IC3,mnc,M,True,1,10421.387392498718,0.5828503399600179,5210.693696249359
ENG_MECH,EST,IC2,mnc,M,True,1,10419.63549626628,0.558734636070654,5209.81774813314
ENG_MECH,RUH,IC5,private,M,True,2,10393.824864891038,0.412721576837934,5196.912432445519
PM,MAD,M2,semigov,F,True,1,10386.516270578106,0.7045293075035565,5193.258135289053
ENG_CIVIL,RUH,IC3,public,F,False,1,10374.533002343118,0.6314249545714558,5187.266501171559
PM,QAS,IC3,private,M,True,1,10368.77477478416,0.39225055760576166,5184.38738739208
SWE,RUH,M2,private,M,True,3,10368.06333786959,0.31672824819276263,5184.031668934795
ENG_CIVIL,EST,M4,private,M,False,1,10348.361378041776,0.3120948007039614,5174.180689020888
DATA,QAS,M1,private,F,True,1,10332.49039115032,0.35399412953851456,5166.24519557516
DATA,MAD,M2,semigov,M,False,1,10318.339711829738,0.6869614581791352,5159.169855914869
SWE,MAK,M3,private,F,False,1,10298.609426609917,0.2314742637025401,5149.304713304959
ENG_MECH,MAD,IC4,public,M,True,1,10276.518895326839,1.3086355775707976,5138.259447663419
LEGAL,RUH,IC4,private,M,True,2,10229.791407782295,0.3567291346562461,5114.895703891148
ENG_ELEC,EST,M3,pif_backed,M,False,1,10212.104970620712,0.2484071522285924,5106.052485310356
FIN,RUH,IC5,semigov,M,False,1,10198.595754213431,0.31515335416351514,5099.2978771067155
HEALTH,RUH,IC4,public,M,True,1,10186.843651561125,0.39011323879996024,5093.421825780562
OPS,RUH,IC5,private,M,True,3,10179.672835061172,0.5925852636395849,5089.836417530586
CUSTOMER,JED,M3,public,M,True,1,10143.168272024996,1.9654598440960633,5071.584136012498
ENG_ELEC,JED,IC4,public,M,True,1,10135.704989536393,0.433226618803608,5067.852494768196
PM,RUH,M3,semigov,M,False,1,10110.38725433786,0.2230059488989169,5055.19362716893
SWE,RUH,IC4,public,F,False,2,10105.985023751178,0.3602410888212876,5052.992511875589
HEALTH,MAK,IC4,public,M,True,1,10094.658177138674,0.4105228427255359,5047.329088569337
ENG_MECH,RUH,IC5,mnc,F,False,1,10087.962365578253,0.41818144141223207,5043.981182789126
SALES,EST,M4,public,M,True,1,10077.323491750809,0.1821209733075069,5038.661745875404
HEALTH,QAS,M2,pif_backed,F,False,1,10050.932831919468,0.30576146649422314,5025.466415959734
SALES,RUH,M2,mnc,F,False,2,10041.227526456514,0.6112670949475529,5020.613763228257
ENG_MECH,QAS,IC6,mnc,M,True,1,10024.661666896878,0.3293483304481187,5012.330833448439
SALES,QAS,M1,private,F,True,1,10017.37644180875,0.39331350709656454,5008.688220904375
PM,RUH,IC5,semigov,M,False,1,9948.63466165504,0.25763599768937523,4974.31733082752
SWE,MAK,IC4,mnc,F,False,1,9900.643473148337,0.77380031412284,4950.321736574168
PM,JED,D2,pif_backed,M,True,1,9900.27195281996,0.16382477572871826,4950.13597640998
SWE,RUH,M1,private,F,True,3,9879.39405585707,0.455964367355056,4939.697027928535
DESIGN,JAZ,IC4,pif_backed,M,False,1,9877.508853885147,0.44250523160934435,4938.754426942573
DATA,JED,IC4,semigov,M,True,1,9870.615530831932,0.3326335836803335,4935.307765415966
SWE,JED,M2,semigov,M,True,1,9838.392680198103,0.5025390376847403,4919.196340099052
LEGAL,RUH,IC5,pif_backed,F,False,1,9817.620755594031,1.087605685678238,4908.8103777970155
ENG_MECH,JED,IC5,mnc,M,False,1,9782.475424593922,0.33761289481201384,4891.237712296961
PM,JED,IC3,pif_backed,M,True,1,9735.410301024225,0.3347196124025744,4867.705150512113
FIN,RUH,M4,public,M,True,1,9718.551788147292,0.15815334939860698,4859.275894073646
MARKETING,JED,M4,mnc,M,True,1,9706.072510175647,0.4422702845516247,4853.0362550878235
LEGAL,RUH,M2,public,M,True,1,9694.536357131,0.26257484505124995,4847.2681785655
HEALTH,MAK,M4,private,F,False,1,9686.193204107425,0.6481642985502866,4843.096602053713
MARKETING,RUH,IC5,startup,M,True,1,9682.963267899651,0.6662934776825348,4841.481633949826
PM,RUH,M2,private,M,False,1,9669.18181217758,0.54795131673459,4834.59090608879
SWE,EST,IC6,semigov,M,True,1,9657.573347029975,0.2089789924861176,4828.786673514987
HEALTH,JED,M3,public,F,False,1,9622.163490933784,0.5380782896164054,4811.081745466892
SALES,RUH,IC4,private,M,False,3,9608.528310203308,0.4840024744112481,4804.264155101654
FIN,RUH,IC4,private,F,True,3,9594.671219519236,0.32009225660587165,4797.335609759618
HEALTH,EST,M5,mnc,M,True,1,9585.072655946788,0.20833894274051962,4792.536327973394
HR,QAS,M1,private,F,True,1,9582.155791898105,0.37056603377417824,4791.077895949053
DESIGN,RUH,M1,private,F,True,1,9581.724411135547,0.35181373277453043,4790.862205567773
FIN,HAI,D1,mnc,F,False,1,9579.008930630593,0.4420237799541592,4789.504465315296
HEALTH,RUH,M3,public,F,True,2,9571.328717108632,0.21719109207386406,4785.664358554316
SWE,RUH,IC2,pif_backed,M,False,1,9543.302559939482,0.49005403928418756,4771.651279969741
ENG_MECH,JED,M3,public,M,False,1,9540.123481124738,0.5208301226514352,4770.061740562369
HEALTH,RUH,M3,semigov,F,True,1,9531.445865574407,0.622365443883912,4765.722932787204
DATA,RUH,IC5,private,M,False,2,9510.213087267248,0.28138860516891684,4755.106543633624
HR,EST,VP,public,F,True,1,9487.2917504375,0.16114055111256936,4743.64587521875
SALES,TAB,IC4,pif_backed,M,True,1,9477.711814372378,0.32735111821445495,4738.855907186189
SWE,JED,M2,public,M,True,1,9465.04304821385,0.3219661941528569,4732.521524106925
ENG_ELEC,JED,IC5,pif_backed,M,True,1,9464.51801387264,0.4841978233712239,4732.25900693632
EDU,EST,M1,pif_backed,F,True,1,9460.990967098965,0.45925602332246956,4730.495483549483
SWE,RUH,IC4,private,M,False,3,9439.480458165179,0.22618694174902054,4719.740229082589
CUSTOMER,MAK,IC4,private,F,True,1,9431.228738227397,1.591717520995512,4715.614369113699
SALES,EST,M1,private,F,False,1,9427.566149468003,0.5714040074955075,4713.783074734001
SALES,EST,IC2,private,M,True,1,9415.097861606451,0.516631796620196,4707.548930803226
DATA,JED,M1,private,M,True,1,9413.297410070558,0.24556500628098962,4706.648705035279
HEALTH,JED,M4,private,F,True,1,9402.756656710779,0.43631977766794094,4701.378328355389
FIN,RUH,IC2,public,F,False,1,9391.242416483175,0.5609468064895872,4695.621208241588
PM,JED,IC3,public,M,True,1,9368.41016448959,0.41560703628504,4684.205082244795
HEALTH,TAB,M1,private,M,False,1,9355.169518455321,0.40324041307170616,4677.5847592276605
MARKETING,QAS,IC4,private,F,True,1,9339.300772097691,0.4323075877558775,4669.650386048846
SWE,EST,M1,private,M,False,1,9338.188179092365,0.34120678289529444,4669.094089546183
ENG_ELEC,MAK,IC6,private,M,True,1,9334.778770326731,0.33571940494534247,4667.389385163366
PM,RUH,IC6,private,F,True,1,9323.671063606218,0.6162907074972266,4661.835531803109
FIN,EST,M3,private,M,True,1,9319.739417151977,0.2133065689537793,4659.869708575989
SWE,JED,IC5,private,F,True,1,9304.15905206411,0.7534171265097325,4652.079526032055
FIN,RUH,IC6,private,M,True,1,9300.524368297472,0.23904181937829688,4650.262184148736
EDU,EST,M3,public,F,True,1,9297.985568950171,0.8669636336210632,4648.9927844750855
OPS,EST,VP,public,F,True,1,9291.686824987955,0.18511545152475276,4645.843412493978
FIN,EST,IC5,semigov,M,True,1,9235.548717173435,0.2443895933311256,4617.774358586717
PM,RUH,M3,private,M,False,2,9230.618752919147,0.2452088707920957,4615.309376459573
SUPPLY,RUH,IC4,mnc,M,True,1,9229.234174803858,0.37282905701582164,4614.617087401929
SUPPLY,EST,IC4,private,M,True,1,9220.1029468434,0.6745798151323245,4610.0514734217
HEALTH,RUH,IC5,private,F,False,3,9218.029398642957,0.3303691679203476,4609.0146993214785
SALES,MAK,IC4,private,M,True,3,9216.263892358229,0.9558684004527812,4608.1319461791145
DATA,ASR,IC5,pif_backed,M,False,1,9195.066542024477,0.39957112323320776,4597.533271012238
SALES,RUH,IC3,mnc,M,False,1,9181.93819358392,0.49285263293524756,4590.96909679196
PM,JED,M2,pif_backed,F,False,1,9173.179566018487,0.4470798341367008,4586.589783009244
OPS,RUH,IC3,semigov,M,True,1,9153.494699869218,0.5652528000126728,4576.747349934609
HEALTH,TAB,IC3,pif_backed,F,False,1,9097.195424767713,0.515216626169164,4548.597712383857
DESIGN,RUH,IC5,mnc,M,True,1,9096.675347582572,0.4389253567491137,4548.337673791286
ENG_MECH,QAS,IC3,public,M,True,2,9084.413809798554,0.33508848975085237,4542.206904899277
MARKETING,HAI,M3,private,F,True,1,9070.7049686738,0.27750182622007336,4535.3524843369
DATA,RUH,IC4,private,F,True,1,9064.452064366196,0.7573343947823229,4532.226032183098
HEALTH,JED,IC5,private,M,False,1,9058.74199466979,0.9980776068669551,4529.370997334895
DATA,RUH,M1,public,F,True,2,9050.71821001174,0.23086217723641847,4525.35910500587
DATA,JED,IC4,semigov,F,False,1,9047.107425109745,0.4814736967507295,4523.553712554873
SUPPLY,EST,IC5,private,M,True,1,9033.594005721381,0.35834285383371023,4516.797002860691
FIN,JAZ,M1,public,F,False,1,9031.110408892959,0.38612475079814784,4515.555204446479
SWE,JED,IC5,private,M,True,2,9027.221361943653,0.6013567600340902,4513.610680971827
ENG_CIVIL,QAS,D1,pif_backed,M,True,1,9023.43849011646,0.20257337377531812,4511.71924505823
FIN,JED,IC3,semigov,M,True,1,9015.439804163143,0.6853987019617597,4507.7199020815715
LEGAL,EST,IC5,public,F,True,1,8995.117657867575,0.6284174885613147,4497.5588289337875
PM,RUH,M1,private,M,False,1,8992.275835954479,0.7079584493378428,4496.137917977239
ENG_CIVIL,RUH,M2,public,M,True,2,8986.129751233933,0.31733966666473296,4493.064875616967
PM,EST,IC3,mnc,M,False,1,8984.603487113185,0.39119383114803086,4492.301743556593
SWE,EST,IC4,private,M,False,1,8967.169651243705,0.26662976632184265,4483.584825621852
HR,RUH,IC6,private,F,False,1,8918.602324350462,1.1605192868129595,4459.301162175231
ENG_MECH,EST,IC6,semigov,F,False,1,8914.818398529624,0.4743526881967911,4457.409199264812
ENG_CIVIL,RUH,IC3,pif_backed,M,True,1,8874.95744955911,0.44213562492167857,4437.478724779555
MARKETING,RUH,IC5,pif_backed,F,True,1,8872.188411383842,0.38649864198552236,4436.094205691921
SWE,ASR,IC4,public,M,True,1,8867.050738887856,0.7070133810218072,4433.525369443928
EDU,EST,IC5,pif_backed,F,True,1,8863.49470129368,0.3302570443995876,4431.74735064684
SWE,RUH,IC3,public,M,False,1,8862.178214113093,1.2544327088822147,4431.089107056547
DATA,EST,IC4,startup,M,True,1,8849.523270087644,0.904825923594596,4424.761635043822
DATA,RUH,M2,semigov,M,True,1,8835.633657909435,0.30443106338256487,4417.8168289547175
MARKETING,RUH,D2,pif_backed,F,False,1,8807.544450672001,0.23226352753636031,4403.772225336001
HEALTH,RUH,M1,private,M,False,1,8797.239261102086,1.0039003796735486,4398.619630551043
OPS,RUH,M4,semigov,F,False,1,8785.140948020417,0.5046480845807878,4392.570474010208
HEALTH,EST,M2,semigov,M,False,1,8780.791315989598,0.31576062021554646,4390.395657994799
CUSTOMER,JED,M3,semigov,M,True,1,8758.297142265721,0.2549269894506571,4379.1485711328605
SWE,JED,M2,public,M,False,2,8746.234588677682,0.5025131570219908,4373.117294338841
DATA,ASR,IC6,private,M,True,1,8737.356073840325,0.2638144766812943,4368.678036920162
HR,EST,M3,semigov,M,True,1,8732.946744229772,0.2632279162617782,4366.473372114886
SALES,JED,M2,startup,M,True,1,8726.238671918007,0.39124360466547287,4363.119335959003
SWE,RUH,D1,private,M,True,1,8722.56434247092,0.2335184156918645,4361.28217123546
SALES,RUH,IC6,private,M,True,1,8714.98005187822,0.3671204276500751,4357.49002593911
SUPPLY,EST,IC6,public,M,False,1,8709.017398988646,0.9033547596388918,4354.508699494323
ENG_MECH,MAK,IC5,private,M,False,1,8691.969249403555,0.22855811842790677,4345.984624701778
HEALTH,RUH,M2,semigov,F,False,1,8670.373007804264,0.8408767831789462,4335.186503902132
HEALTH,QAS,M3,public,M,True,1,8670.284957329639,0.6891702057212473,4335.1424786648195
PM,MAD,IC4,mnc,M,False,1,8667.409528134294,1.0325252762126917,4333.704764067147
CUSTOMER,TAB,M4,private,M,True,1,8667.25213321815,0.24845717465421108,4333.626066609075
HEALTH,BAH,IC4,pif_backed,F,False,1,8657.396320069325,0.4090248918814532,4328.698160034663
HR,EST,IC5,public,M,True,1,8655.686333471756,0.3249800008962713,4327.843166735878
HEALTH,HAI,IC5,public,F,False,1,8642.912536922253,0.4200349686135621,4321.4562684611265
SWE,JAZ,IC3,private,F,True,1,8595.021128302147,0.4927589058028537,4297.510564151074
HEALTH,HAI,IC4,private,F,False,1,8551.208964991209,0.4703397278570727,4275.604482495604
SUPPLY,QAS,M2,semigov,M,False,1,8547.468715115681,0.45558192990039154,4273.734357557841
SWE,QAS,D1,private,F,True,1,8545.7974859208,0.20937417506851616,4272.8987429604
LEGAL,RUH,M4,public,M,True,1,8531.087868932053,0.3081520519815498,4265.543934466026
ENG_ELEC,EST,IC4,mnc,F,True,1,8528.833130156832,0.43502491560518985,4264.416565078416
SALES,EST,IC4,private,F,True,1,8522.151201734294,0.6486464978684017,4261.075600867147
ENG_CIVIL,MAD,IC5,semigov,M,False,1,8508.8937197745,0.4931354113651774,4254.44685988725
HEALTH,EST,M4,private,M,False,1,8462.532251581299,0.4487890432560084,4231.266125790649
SUPPLY,EST,IC6,private,F,False,1,8458.702721576354,0.6412903225045056,4229.351360788177
SWE,EST,IC4,semigov,M,True,2,8432.542372191801,0.21644244989644054,4216.271186095901
DATA,JED,IC6,private,M,True,1,8424.198407136657,0.2449130543414688,4212.099203568328
DESIGN,BAH,IC4,semigov,F,False,1,8410.716674255362,0.4110211061270334,4205.358337127681
HR,RUH,M4,public,F,False,1,8409.82537091031,0.6130021379648133,4204.912685455155
OPS,JAZ,IC6,semigov,F,True,1,8405.128412255104,0.35353990511794736,4202.564206127552
LEGAL,RUH,D1,semigov,F,True,1,8404.152493883026,0.20515851757066417,4202.076246941513
SUPPLY,EST,IC3,semigov,M,True,1,8381.226151083989,0.27672813065084956,4190.6130755419945
HEALTH,RUH,IC5,public,F,False,2,8375.076468899391,0.280673500455737,4187.538234449696
PM,ASR,D2,private,F,False,1,8374.84152538736,0.17433871865356254,4187.42076269368
PM,RUH,M1,semigov,M,True,1,8374.010766287902,0.44183432058895167,4187.005383143951
HEALTH,MAK,IC4,public,F,False,1,8368.041705780504,0.39406205437636055,4184.020852890252
SWE,MAD,IC3,private,M,False,2,8359.700285730094,0.6405123833890687,4179.850142865047
ENG_ELEC,RUH,M1,private,M,False,1,8352.054238598434,0.900470635015103,4176.027119299217
SWE,RUH,IC4,mnc,F,False,1,8349.902368530118,0.6540258596647838,4174.951184265059
SWE,HAI,M4,private,M,False,1,8344.637343253631,0.26729791681960374,4172.318671626816
DATA,JED,IC3,private,F,True,1,8334.433675623966,1.1840197859987733,4167.216837811983
SALES,RUH,M2,private,M,True,4,8334.376077482975,0.25055233525930976,4167.188038741488
DATA,EST,IC4,private,M,False,1,8325.308909954816,0.2759423923253015,4162.654454977408
OPS,RUH,M2,public,M,True,1,8322.984615103796,1.0273995885831408,4161.492307551898
PM,JED,IC3,private,F,False,1,8319.81887901262,0.34765122965548856,4159.90943950631
SALES,JED,IC4,private,F,False,1,8312.978295028814,0.7309044489212967,4156.489147514407
SALES,MAD,IC5,private,M,True,3,8312.537633140413,0.387933588347289,4156.268816570207
MARKETING,JED,IC4,pif_backed,F,True,1,8299.124974227096,0.31287900425473963,4149.562487113548
SWE,JED,IC6,semigov,F,True,1,8296.783105883485,0.2819172746678453,4148.391552941743
SALES,TAB,M4,public,F,True,1,8282.212195815904,0.6913100328214363,4141.106097907952
SALES,EST,M3,public,F,False,1,8269.187398985985,0.30021475992751967,4134.5936994929925
SALES,RUH,IC5,pif_backed,F,False,1,8260.236218100286,0.26790401325925706,4130.118109050143
HR,RUH,IC4,mnc,F,False,1,8237.703868244675,0.8852329991913199,4118.851934122337
HEALTH,JED,IC2,private,F,True,1,8234.12387128313,0.5563567136990563,4117.061935641565
PM,RUH,IC2,pif_backed,F,False,1,8233.007188287444,0.48648774169476056,4116.503594143722
SWE,MAD,IC2,startup,M,False,1,8230.938822128523,0.5123276893748959,4115.469411064261
HEALTH,RUH,IC6,startup,F,True,1,8228.845954670242,0.8635527486100667,4114.422977335121
SWE,JED,IC6,pif_backed,M,True,1,8226.968511418796,0.19197761764872595,4113.484255709398
DESIGN,EST,IC4,mnc,F,False,1,8209.16556093076,0.4319867707538257,4104.58278046538
ENG_MECH,JAZ,IC3,pif_backed,M,True,1,8208.268650175072,0.3661161270113347,4104.134325087536
SWE,QAS,IC4,semigov,F,True,1,8192.001049694863,0.2841936405330734,4096.000524847432
EDU,MAD,IC4,pif_backed,M,True,1,8171.575574367222,0.40225116673995814,4085.787787183611
MARKETING,MAD,M3,public,F,False,1,8163.5355840033635,1.2901778100187855,4081.7677920016818
SALES,EST,IC4,mnc,M,True,4,8160.06739015188,0.3984617285485468,4080.03369507594
HEALTH,EST,M4,pif_backed,F,True,1,8155.802755327735,0.18957103415005655,4077.9013776638676
HEALTH,ASR,IC3,private,M,False,1,8146.2090263237715,0.4787725157964882,4073.1045131618857
CUSTOMER,RUH,IC5,semigov,M,True,1,8139.430013976078,0.565888180867196,4069.715006988039
MARKETING,NJR,D3,pif_backed,M,False,1,8129.454704797114,0.1551783354374569,4064.727352398557
ENG_CIVIL,MAK,M3,mnc,F,False,1,8123.095332715096,0.4358384134613682,4061.547666357548
SWE,QAS,IC6,public,M,True,1,8119.638522255846,0.25467583129345783,4059.819261127923
OPS,EST,M5,mnc,M,False,1,8114.818742042702,0.21864340369351792,4057.409371021351
SALES,EST,IC6,pif_backed,M,False,1,8106.974863883122,0.26565151223528144,4053.487431941561
FIN,EST,M2,startup,F,False,1,8100.877112345581,0.40527283476892345,4050.4385561727904
HEALTH,JED,M2,mnc,F,False,1,8084.499346744622,0.47765456474877843,4042.249673372311
HR,EST,M1,private,F,True,1,8077.885574319582,0.33919161298518385,4038.942787159791
OPS,RUH,M3,mnc,M,False,1,8064.521549267425,0.463635459682733,4032.2607746337126
HR,RUH,M2,private,M,True,1,8042.735239287549,0.6041268895482945,4021.3676196437746
ENG_ELEC,JED,M1,semigov,M,False,1,8041.976087586725,0.32856672198305537,4020.9880437933625
SALES,MAK,IC4,semigov,M,True,1,8014.679048380176,0.6073571629245078,4007.339524190088
HEALTH,MAD,M2,private,M,True,2,8011.948603043096,0.8808188784631812,4005.974301521548
SWE,RUH,IC5,mnc,F,False,1,8006.733593282592,0.2197528211273443,4003.366796641296
FIN,JAZ,M1,public,M,True,1,8001.714990041797,0.3711444611391506,4000.8574950208986
OPS,TAB,IC5,startup,M,True,1,7992.3074997753865,0.2768289856982523,3996.1537498876933
MARKETING,RUH,M1,private,F,True,1,7990.757865838541,0.946141124562471,3995.3789329192705
FIN,EST,IC5,pif_backed,M,True,1,7986.661627632639,0.33614093802036876,3993.3308138163193
HEALTH,EST,IC4,private,F,False,2,7976.277468109753,0.4064114421997921,3988.1387340548763
DATA,HAI,IC4,private,F,True,1,7974.475773761336,0.37500156470631035,3987.237886880668
HR,EST,D3,startup,F,False,1,7974.19852048032,0.20060276234448127,3987.09926024016
DATA,RUH,IC2,startup,M,False,1,7961.837318584025,0.4235612385447552,3980.9186592920123
ENG_MECH,MAD,M2,private,M,True,1,7956.620520114193,0.3100020267827016,3978.3102600570965
ENG_CIVIL,ASR,IC4,private,M,False,1,7946.164793063401,0.48773265445805786,3973.0823965317004
OPS,EST,M1,private,M,True,1,7941.294720852849,0.33085681363727965,3970.6473604264247
CUSTOMER,ASR,IC5,public,F,False,1,7940.313797773912,1.4615159403441442,3970.156898886956
SUPPLY,JED,M4,public,M,True,1,7938.196538870216,0.578709340906638,3969.098269435108
PM,RUH,M2,private,M,True,1,7932.550816674608,0.33788907327937967,3966.275408337304
DESIGN,TAB,M4,public,F,True,1,7932.208908135843,0.4694756481094422,3966.1044540679213
HR,RUH,M4,pif_backed,F,True,1,7917.124515504038,0.6654885691509702,3958.562257752019
SUPPLY,BAH,IC3,public,M,False,1,7902.5290044141275,0.6209492300268908,3951.2645022070637
MARKETING,RUH,M1,semigov,M,True,1,7894.096178236006,0.46607182391248814,3947.048089118003
SWE,EST,IC4,public,M,True,3,7886.246615151879,0.41073157448161474,3943.1233075759396
ENG_CIVIL,RUH,IC6,semigov,M,False,2,7880.862163282696,0.21770121549514587,3940.431081641348
LEGAL,RUH,IC4,public,M,True,1,7877.898154819428,0.3335040028964773,3938.949077409714
DATA,JED,IC4,mnc,M,False,1,7875.299585312005,0.30989792391289994,3937.6497926560023
OPS,ASR,M4,pif_backed,M,True,1,7859.571913062089,0.39332314672963964,3929.7859565310446
DESIGN,RUH,IC4,pif_backed,F,False,1,7857.162363059233,0.3061569259728565,3928.5811815296165
OPS,MAK,D1,public,M,True,1,7848.255445403578,0.3190653837280153,3924.127722701789
HR,MAK,IC5,private,F,True,1,7839.150867799668,0.28686309651023495,3919.575433899834
SWE,JAZ,IC4,public,M,True,1,7808.524169190374,0.34855499412524166,3904.262084595187
DATA,JED,IC4,private,M,True,2,7806.421248991302,0.3174180937061019,3903.210624495651
FIN,NJR,IC5,semigov,M,False,1,7805.240529965697,0.47815681160808254,3902.6202649828483
SALES,EST,M2,semigov,F,True,1,7802.34234955017,0.18395524980461025,3901.171174775085
SALES,JAZ,M1,public,M,False,1,7782.835026780141,1.31547469593351,3891.4175133900703
SALES,RUH,M3,private,F,False,2,7775.746581092197,0.4194986304828675,3887.8732905460984
OPS,RUH,M1,public,M,False,1,7770.125432559073,0.5659079422156192,3885.0627162795363
SALES,JED,IC4,private,M,True,2,7761.769816871658,0.28434105420233474,3880.884908435829
OPS,RUH,IC3,mnc,M,True,1,7756.912902899954,0.36464938607340336,3878.456451449977
SALES,NJR,IC4,semigov,F,True,1,7756.422233774119,0.6536540384514163,3878.2111168870597
CUSTOMER,RUH,IC6,public,F,True,1,7740.067609965154,0.5861174382776139,3870.033804982577
SUPPLY,RUH,D2,semigov,M,False,1,7730.945371258673,0.2987340854197212,3865.4726856293364
CUSTOMER,RUH,IC3,pif_backed,F,False,1,7729.473126650117,0.3876871170087432,3864.7365633250583
LEGAL,QAS,M3,semigov,M,False,1,7723.071553810314,0.21978181823333579,3861.535776905157
SWE,QAS,M2,semigov,M,True,1,7712.498932730439,0.2655683846942525,3856.2494663652196
ENG_MECH,MAK,IC4,mnc,M,True,1,7704.981397912916,0.8566706394094924,3852.490698956458
SALES,EST,IC5,private,F,False,2,7704.328116875399,0.23885950840610926,3852.1640584376996
PM,RUH,IC3,private,F,False,1,7702.764668946718,0.3094241541771817,3851.382334473359
FIN,EST,IC4,private,M,True,3,7689.67610769469,0.2549783794219998,3844.838053847345
SWE,JAZ,M1,pif_backed,M,True,1,7687.521649503791,0.6924765639120326,3843.7608247518956
CUSTOMER,TAB,D1,public,F,False,1,7673.95835550045,0.8222594530348921,3836.979177750225
DATA,JED,M2,public,F,False,1,7666.7058200672145,0.33239248617907025,3833.3529100336073
HEALTH,TAB,IC5,private,F,True,1,7659.523028181442,0.3788159941611939,3829.761514090721
SWE,MAD,IC4,mnc,M,True,1,7658.734291414163,0.2641756337870304,3829.3671457070814
SWE,EST,IC5,startup,F,True,1,7656.668759221313,0.3514508133117955,3828.3343796106565
PM,MAK,IC4,public,M,True,1,7642.9354520492325,0.7922989356845656,3821.4677260246162
MARKETING,RUH,D2,mnc,F,False,1,7642.694104120703,0.1433036133929028,3821.3470520603514
ENG_ELEC,RUH,IC5,private,M,True,4,7641.536408992626,0.25994954902980083,3820.768204496313
HR,RUH,D2,private,M,False,1,7630.277030489531,0.18270428028475766,3815.1385152447656
FIN,HAI,M2,startup,F,True,1,7630.014544183217,0.41646891494952537,3815.0072720916087
PM,RUH,M3,private,F,True,1,7612.882335347516,0.16537556746978893,3806.441167673758
DESIGN,EST,IC4,private,M,False,1,7610.983923270289,0.8499543164805372,3805.4919616351444
HEALTH,RUH,M2,private,F,False,1,7602.564619111625,0.2772870422290306,3801.2823095558124
CUSTOMER,MAK,M2,private,F,False,1,7598.189660863536,0.5387644507202753,3799.094830431768
HR,RUH,IC5,public,F,False,1,7589.310535504037,0.3435571094717675,3794.6552677520185
FIN,JED,M3,private,F,False,1,7588.39622285101,0.24122992299200435,3794.198111425505
HR,JED,IC5,private,F,True,1,7587.390896969955,0.6738591209615568,3793.6954484849775
HR,RUH,IC1,mnc,M,True,1,7553.576202720854,0.5289734022741988,3776.788101360427
DATA,RUH,M2,private,M,False,2,7545.212771138225,0.165942991898959,3772.6063855691127
FIN,EST,M1,mnc,M,True,1,7536.01660586274,0.34885154241771454,3768.00830293137
HEALTH,RUH,IC6,private,F,True,1,7535.790984481089,0.5405662606196376,3767.8954922405446
SALES,EST,IC4,private,M,False,3,7527.569670990636,0.7602253029810274,3763.784835495318
SWE,EST,IC2,semigov,F,True,2,7506.113350182404,0.7592176577243814,3753.056675091202
SWE,EST,M1,pif_backed,M,False,2,7501.281738384285,0.22313997236032718,3750.6408691921424
ENG_CIVIL,EST,IC6,private,M,True,2,7499.759035130812,0.5168985296370098,3749.879517565406
FIN,QAS,IC5,semigov,M,False,1,7492.021491530115,0.3341075710703504,3746.0107457650574
DATA,RUH,IC4,startup,M,True,1,7477.099591510532,0.3313996959296722,3738.549795755266
HEALTH,RUH,IC6,mnc,F,True,1,7465.833417912487,0.34409757259291035,3732.9167089562434
HEALTH,EST,IC4,public,F,True,1,7447.759936486182,0.40411967583034575,3723.879968243091
OPS,QAS,D2,public,F,True,1,7436.576898220814,0.4222110822504452,3718.288449110407
SWE,JED,IC3,semigov,M,False,1,7428.715037543982,1.5715928378702995,3714.357518771991
SWE,EST,D2,mnc,M,False,1,7425.210198768116,0.13575638112379912,3712.605099384058
HR,MAD,IC6,public,F,True,1,7415.256448081231,0.3214929088912902,3707.6282240406154
EDU,TAB,D1,private,F,True,1,7408.1916134254025,0.23641688375711226,3704.0958067127012
CUSTOMER,MAK,M4,pif_backed,F,False,1,7404.4359593057925,0.4031303350404818,3702.2179796528962
HEALTH,EST,M3,private,F,False,1,7402.041044220521,0.3964940863262001,3701.0205221102606
FIN,JED,M3,semigov,M,False,1,7374.642904538821,0.15369542124981833,3687.3214522694107
PM,RUH,IC3,private,M,True,2,7369.234041434163,0.33771476567169206,3684.6170207170817
CUSTOMER,MAD,D1,pif_backed,F,False,1,7358.149311168083,0.32326646761307765,3679.0746555840415
EDU,RUH,IC6,semigov,F,True,2,7342.712723570734,0.6725659552712687,3671.356361785367
LEGAL,RUH,IC3,semigov,F,True,1,7340.834739618151,1.1473783260212929,3670.4173698090754
ENG_MECH,EST,M1,public,M,False,1,7340.30510909029,0.36388060597434846,3670.152554545145
CUSTOMER,EST,M2,private,M,True,1,7331.182043351604,0.5987424387961422,3665.591021675802
LEGAL,RUH,D2,startup,F,True,1,7317.783947468131,0.13402780174486953,3658.8919737340657
SWE,RUH,IC5,private,M,True,6,7307.948522806854,0.21695601188790378,3653.974261403427
FIN,EST,IC6,public,M,True,1,7304.485019284024,0.17249804746508055,3652.242509642012
OPS,ASR,M2,private,M,True,1,7279.585454412823,0.34644120631286196,3639.7927272064117
OPS,RUH,IC5,semigov,M,True,2,7271.579507684856,0.4308100999334053,3635.789753842428
SWE,EST,IC4,pif_backed,M,False,2,7255.0219282892685,0.24859344102006603,3627.5109641446343
PM,RUH,IC6,public,M,True,1,7241.29292464137,0.30784092926880297,3620.646462320685
FIN,MAD,IC2,semigov,F,True,1,7218.793509570915,0.47536252513493893,3609.3967547854577
PM,RUH,VP,public,F,False,1,7216.372451144445,0.10770703543394167,3608.1862255722226
FIN,ASR,IC4,mnc,M,True,1,7215.643306042428,0.2836494988929193,3607.821653021214
HR,RUH,IC3,startup,F,False,1,7212.820330120856,0.4343037016459067,3606.410165060428
FIN,MAD,M2,private,M,False,1,7207.679474538243,0.890579121433076,3603.8397372691215
ENG_MECH,RUH,M1,public,M,False,3,7204.718653999647,0.41748243123819484,3602.3593269998237
HEALTH,RUH,IC5,startup,F,False,1,7191.029260304782,0.7090374306647613,3595.514630152391
PM,EST,IC5,semigov,M,False,1,7180.49194682698,0.3365078477264304,3590.24597341349
SWE,RUH,M4,mnc,M,True,1,7173.638108961393,0.22339354558019991,3586.8190544806966
PM,EST,M1,private,M,True,2,7149.9201043150515,0.23734803113921138,3574.9600521575258
CUSTOMER,MAD,IC3,mnc,M,True,1,7137.288241126567,0.5296712446308901,3568.6441205632836
DATA,MAD,IC3,public,M,False,1,7125.304609665211,2.734422940411397,3562.6523048326053
HR,EST,IC5,public,F,False,1,7114.2450308270745,0.2938146194718405,3557.1225154135373
HR,RUH,IC4,semigov,M,True,1,7113.439628404598,0.7304983603471216,3556.719814202299
HEALTH,JED,M1,private,M,True,1,7109.4191606937275,0.26782295120152433,3554.7095803468637
EDU,RUH,IC6,private,M,True,1,7106.110192731361,0.5204172495746033,3553.0550963656806
EDU,EST,M2,private,M,True,1,7102.295750685214,0.6522342132911031,3551.147875342607
SWE,BAH,IC5,public,M,True,1,7098.3105177999405,0.5039684907663025,3549.1552588999702
HEALTH,NJR,IC5,pif_backed,F,True,1,7079.99290258713,0.3138908316114599,3539.996451293565
SWE,RUH,M1,private,M,True,3,7078.41589566326,0.4411583213143795,3539.20794783163
SWE,JED,IC4,public,M,False,2,7077.23830340588,0.566555340627974,3538.61915170294
ENG_CIVIL,ASR,M3,public,M,True,1,7072.665017639283,0.31446365768119455,3536.3325088196416
ENG_CIVIL,RUH,IC6,public,M,True,1,7070.884607803284,0.2560436895590076,3535.442303901642
OPS,JED,M2,private,M,False,1,7068.17931512609,0.31374222278710767,3534.089657563045
ENG_CIVIL,JED,IC4,pif_backed,M,True,1,7064.934717235699,0.32659374678075437,3532.4673586178496
FIN,EST,IC4,public,F,True,3,7056.172875095964,0.22922372868726884,3528.086437547982
HEALTH,EST,M1,semigov,M,False,1,7051.555171600758,0.7016326197761796,3525.777585800379
SWE,EST,IC2,startup,F,False,1,7048.052722053644,0.37930932218090707,3524.026361026822
SWE,MAK,M1,private,M,False,1,7043.558685834962,0.4940355487887137,3521.779342917481
SALES,NJR,M1,pif_backed,M,True,1,7039.799948142685,0.40118740874822467,3519.8999740713425
SALES,EST,M3,semigov,M,False,2,7037.665195891857,0.25436528426646965,3518.8325979459287
PM,RUH,IC5,mnc,M,False,1,7030.93998971998,0.314506752926914,3515.46999485999
SWE,MAK,IC4,private,M,False,2,7006.5835533231075,0.32728214686713547,3503.2917766615537
OPS,RUH,IC6,public,M,False,1,6994.874536447936,0.5699191780997142,3497.437268223968
SALES,JED,IC2,startup,M,True,1,6994.87153237116,0.49250016773977773,3497.43576618558
FIN,RUH,D1,public,M,True,1,6987.436378962313,0.27979616554482817,3493.7181894811565
SUPPLY,RUH,IC5,startup,M,True,1,6985.588394938866,0.22475234747289496,3492.794197469433
HEALTH,TAB,M2,public,F,False,1,6948.520493611142,0.31289817987826085,3474.260246805571
PM,RUH,IC5,private,M,True,1,6947.798558074421,0.21817713677460346,3473.8992790372104
SWE,RUH,IC5,private,F,False,1,6939.5486497114725,0.24427555968654213,3469.7743248557363
SWE,RUH,IC2,semigov,F,True,1,6936.025524686649,1.3622540595820254,3468.0127623433245
ENG_CIVIL,QAS,M2,private,M,False,1,6924.482927188488,0.3258856245323598,3462.241463594244
SALES,JAZ,IC5,startup,F,False,1,6922.217492015372,0.5930440307234938,3461.108746007686
ENG_CIVIL,RUH,IC6,public,M,False,1,6898.366244163026,0.5899145399768618,3449.183122081513
EDU,RUH,D1,public,M,True,1,6897.692587594403,0.3842237636441947,3448.8462937972017
DATA,RUH,M1,private,M,False,2,6897.446144744081,0.2359277256961187,3448.7230723720404
EDU,RUH,M1,public,M,True,1,6892.912953438614,0.35499773667099355,3446.456476719307
SALES,JED,VP,public,F,True,1,6877.735937346304,0.20491163069640167,3438.867968673152
DESIGN,EST,D1,private,F,True,1,6873.8753014413305,0.1725495907443396,3436.9376507206653
ENG_MECH,RUH,IC5,startup,M,True,1,6873.330057173429,0.23046884753249325,3436.6650285867145
OPS,RUH,IC2,mnc,M,True,1,6873.024373295891,0.5413228277299879,3436.5121866479453
SWE,RUH,IC4,public,M,False,7,6870.914056799957,0.41936304191667384,3435.4570283999783
EDU,RUH,IC4,private,M,False,1,6844.265686474597,0.35714740297930964,3422.1328432372984
OPS,JED,IC5,semigov,M,True,1,6822.288022286139,0.5128602835937598,3411.1440111430693
DESIGN,EST,IC2,private,M,True,2,6822.118153717403,0.39076935856513323,3411.0590768587017
SALES,RUH,IC5,pif_backed,M,True,1,6819.144756334164,0.28486681876789943,3409.572378167082
CUSTOMER,JAZ,IC3,mnc,M,False,1,6808.537699971557,0.5857607793213486,3404.2688499857786
PM,RUH,D2,private,M,True,1,6806.785856870592,0.14592416414402917,3403.392928435296
FIN,JED,IC4,mnc,F,True,1,6800.771809447306,0.41816858086907127,3400.385904723653
ENG_ELEC,MAD,VP,private,M,False,1,6798.526167275573,0.09768668260946044,3399.2630836377866
SWE,JED,M2,semigov,M,False,1,6792.048740418824,0.30647287271670204,3396.024370209412
SALES,RUH,M1,semigov,M,False,3,6791.1245429811,0.48343145529615894,3395.56227149055
HEALTH,JED,M1,public,F,True,1,6788.414813166448,0.3140143135689306,3394.207406583224
DESIGN,MAD,IC6,private,M,True,1,6788.1326134767405,0.3955956525817672,3394.0663067383703
HEALTH,MAD,IC5,semigov,M,True,1,6787.255815462575,0.4677901258073383,3393.6279077312875
DATA,MAD,M1,public,F,True,1,6781.650389799217,0.4153036055134498,3390.8251948996085
HEALTH,ASR,IC5,startup,M,True,1,6778.774666576046,0.377871810660701,3389.387333288023
EDU,EST,M3,private,F,False,2,6777.956354004442,0.31898353716262395,3388.978177002221
ENG_MECH,RUH,M4,private,M,True,1,6776.860231061837,0.12923431771209992,3388.4301155309186
DESIGN,RUH,IC4,mnc,F,True,1,6770.188688621065,0.5980642241787062,3385.0943443105325
OPS,MAD,IC3,public,M,False,1,6769.212509440525,0.5006836205959881,3384.6062547202623
HEALTH,ASR,M3,private,F,True,1,6765.4700726050305,0.6608259577261969,3382.7350363025153
HEALTH,RUH,IC5,public,F,True,1,6763.507666969772,0.6019395958033614,3381.753833484886
SALES,JAZ,M4,startup,M,False,1,6752.238419821981,0.22302759240841083,3376.1192099109903
SWE,RUH,M4,semigov,M,True,1,6748.50793338802,0.17307958274720384,3374.25396669401
SALES,TAB,IC5,public,M,False,2,6731.444523062114,0.8135057156567672,3365.722261531057
EDU,RUH,IC5,mnc,F,True,1,6723.605661714131,0.2982927753686457,3361.8028308570656
SALES,EST,M3,private,M,True,1,6707.842207318299,0.29214220915393047,3353.9211036591496
CUSTOMER,JED,IC3,private,F,False,1,6701.715400702768,1.2932955737583716,3350.857700351384
SALES,JAZ,IC4,semigov,M,False,1,6696.464814985022,0.7552239253788852,3348.232407492511
SWE,ASR,IC6,pif_backed,M,True,1,6682.772579042903,0.18676149298699454,3341.3862895214515
ENG_MECH,RUH,IC3,pif_backed,M,False,2,6680.3275662095575,0.35014641067640073,3340.1637831047788
SWE,RUH,IC4,startup,M,True,1,6670.441199386854,0.41353818337852943,3335.220599693427
SALES,NOR,IC2,public,F,True,1,6667.034920700126,0.5154710013862924,3333.517460350063
DATA,RUH,IC4,private,M,True,3,6646.556558053588,0.21017579897257518,3323.278279026794
OPS,MAK,IC4,private,M,True,2,6640.662900969715,0.32682309574112833,3320.3314504848577
MARKETING,QAS,IC3,mnc,F,True,1,6632.172682423311,1.576596210377715,3316.0863412116555
OPS,TAB,D1,startup,M,False,1,6627.623307201309,0.37010817440531435,3313.8116536006546
ENG_MECH,RUH,IC6,private,M,True,1,6621.540715549705,0.34484928153411315,3310.7703577748525
SWE,RUH,IC3,semigov,M,True,5,6615.945210380103,0.2810174489268745,3307.9726051900516
PM,EST,IC3,semigov,F,True,1,6615.712334244641,0.6355798317835093,3307.8561671223206
ENG_MECH,JED,M4,private,M,False,1,6602.530076184572,0.22168363551396195,3301.265038092286
SALES,MAK,IC2,semigov,M,False,1,6601.115160185793,0.4403050638658519,3300.5575800928964
SWE,RUH,IC4,mnc,M,True,3,6600.744150160287,0.22414509094133558,3300.3720750801435
SALES,RUH,IC3,private,M,False,2,6598.153810548045,1.0207889349479418,3299.0769052740225
CUSTOMER,EST,IC3,semigov,M,True,1,6591.626129343607,1.1392903107029895,3295.8130646718037
HEALTH,JED,M2,mnc,M,False,1,6576.632686293986,0.24406893416762487,3288.316343146993
ENG_ELEC,RUH,IC3,semigov,M,False,1,6572.892650890986,0.9307870895457842,3286.446325445493
FIN,EST,M1,pif_backed,M,True,1,6535.554234314809,1.5824050115286186,3267.7771171574045
SALES,RUH,D1,public,F,False,1,6534.996470646092,0.3258032023279408,3267.498235323046
HR,RUH,M4,mnc,M,True,1,6521.385075149996,0.30431201012555786,3260.692537574998
HEALTH,EST,M1,mnc,M,False,1,6512.139028123762,0.4750036855854749,3256.069514061881
SWE,JED,IC4,private,M,False,1,6504.1891759180435,0.30550011864173093,3252.0945879590217
PM,RUH,IC4,startup,F,True,1,6493.185795805197,0.5107665208383472,3246.5928979025985
ENG_MECH,RUH,D1,public,M,False,1,6493.130150153571,0.16233515299784168,3246.5650750767854
HEALTH,JED,IC5,semigov,F,False,1,6492.995083079379,0.2649261316626087,3246.4975415396893
SWE,JED,IC3,private,M,True,1,6486.657418642848,0.24617426501100376,3243.328709321424
SWE,EST,IC2,mnc,M,True,1,6481.553162262369,1.131556068830721,3240.7765811311847
OPS,RUH,IC5,private,F,False,2,6479.896034538799,0.4334879556862605,3239.9480172693993
EDU,MAK,IC3,private,M,True,1,6475.2696925667,0.4875265920612669,3237.63484628335
ENG_ELEC,RUH,IC4,semigov,M,True,1,6472.092835047796,0.8994789483040223,3236.046417523898
HEALTH,JED,IC2,mnc,M,True,1,6470.250527361857,0.43800864254137106,3235.1252636809286
PM,TAB,M2,private,M,False,1,6458.29274341503,0.602610079443794,3229.146371707515
MARKETING,RUH,IC4,private,M,True,1,6452.882881156102,0.6930542823064532,3226.441440578051
HR,EST,IC3,private,F,False,1,6447.396909537061,0.44733050322707973,3223.6984547685306
SWE,RUH,M4,public,M,True,1,6446.043521108513,0.1690080615490513,3223.0217605542566
DATA,RUH,IC3,private,M,False,1,6442.279695939547,0.7633765439502543,3221.1398479697737
SWE,RUH,IC5,private,M,False,2,6439.3928298772535,0.31555695941097345,3219.6964149386267
HR,MAK,IC6,private,F,False,1,6438.231822042505,0.9281043196154092,3219.1159110212525
HEALTH,RUH,IC3,mnc,M,False,2,6426.716072408448,0.3889153100419533,3213.358036204224
SUPPLY,JED,M3,private,M,False,2,6424.317562272851,0.3227616171520833,3212.1587811364257
DATA,RUH,IC5,public,M,False,1,6417.401983975884,0.21821373759260015,3208.700991987942
OPS,ASR,M4,public,M,False,1,6417.39401436791,0.2537807335567897,3208.697007183955
DESIGN,RUH,M3,private,M,False,1,6415.4595874588995,0.7746839102444034,3207.7297937294497
HEALTH,RUH,IC4,semigov,F,True,1,6412.757338243358,0.2906234404737961,3206.378669121679
SALES,JED,M3,private,F,False,1,6411.000379022291,0.24278013645152827,3205.5001895111454
SALES,EST,IC2,private,M,False,1,6408.568746120479,0.5757597499980216,3204.2843730602394
SALES,TAB,M1,pif_backed,M,False,1,6404.759653399717,0.2373271496291635,3202.3798266998583
EDU,RUH,IC6,mnc,M,True,1,6392.176407215327,0.2730874221854904,3196.0882036076637
HEALTH,QAS,VP,private,F,True,1,6384.020645836572,0.10891841068073567,3192.010322918286
SALES,MAK,M2,public,F,False,1,6374.752401498667,0.7751910268303934,3187.3762007493333
DATA,RUH,IC2,private,M,False,2,6363.638116152599,0.8428633650671298,3181.8190580762994
FIN,EST,M2,mnc,F,False,1,6361.9037442305635,0.4053805004205879,3180.9518721152817
SALES,RUH,IC4,public,M,False,1,6349.444921940486,0.875760139629126,3174.722460970243
MARKETING,MAD,IC5,private,M,True,1,6347.6276771101475,0.25669839635417346,3173.8138385550737
DESIGN,JED,M2,private,M,False,1,6342.559856970196,0.7735593219537779,3171.279928485098
ENG_MECH,RUH,M1,private,M,False,3,6339.80730742633,0.6716220700157994,3169.903653713165
ENG_MECH,RUH,IC5,private,M,False,2,6338.237366979043,0.22024141674177028,3169.1186834895216
PM,NJR,IC3,private,M,False,2,6333.569188749645,0.3741442429368014,3166.7845943748225
CUSTOMER,RUH,IC4,private,F,True,4,6320.681952905743,0.6118216210030465,3160.3409764528715
ENG_CIVIL,JAZ,IC5,public,M,True,1,6315.960406424258,0.34449102203775994,3157.980203212129
CUSTOMER,RUH,M4,startup,F,False,1,6315.3644957299075,0.25102249475844035,3157.6822478649538
MARKETING,RUH,IC3,private,M,False,3,6308.5844816940835,0.5353993431067644,3154.2922408470417
CUSTOMER,RUH,M2,startup,F,True,1,6300.973388241657,0.4105138766942748,3150.4866941208284
SUPPLY,JED,IC5,private,M,False,1,6291.745224540249,0.3110250908613771,3145.8726122701246
SWE,RUH,IC3,private,M,True,7,6286.402253369555,0.3001992582712544,3143.2011266847776
OPS,EST,D2,private,M,True,1,6286.108916226993,0.24379542157443476,3143.0544581134964
OPS,EST,IC3,mnc,M,True,1,6279.860654549582,0.3669793455321367,3139.930327274791
SALES,RUH,IC5,private,M,True,3,6279.755372701325,0.14391273770663773,3139.8776863506623
SWE,QAS,M3,pif_backed,M,True,1,6273.7170114758555,0.14120795669748118,3136.8585057379278
HR,RUH,M2,semigov,F,False,1,6271.344097914065,0.5913545054397731,3135.6720489570325
SALES,ASR,IC6,private,F,False,1,6264.785265180334,1.0754017686254014,3132.392632590167
LEGAL,NJR,M1,public,M,True,1,6253.743692529748,0.30313480078417643,3126.871846264874
OPS,EST,IC5,semigov,F,False,1,6241.385887897377,0.6724225633754771,3120.6929439486885
MARKETING,NJR,D1,private,M,False,1,6237.130045875855,1.3725172294689731,3118.5650229379276
OPS,RUH,M1,semigov,M,False,1,6230.787631294781,0.6172953232459865,3115.3938156473905
ENG_MECH,EST,IC3,semigov,F,False,1,6226.89881944339,0.4218091700407922,3113.449409721695
HEALTH,EST,IC3,mnc,F,False,1,6223.0926328368205,0.38045440073588194,3111.5463164184102
HEALTH,JED,IC3,pif_backed,F,False,1,6216.929649548623,0.379864662871559,3108.4648247743116
SUPPLY,QAS,IC4,private,M,False,1,6207.892167624626,0.5227782311990362,3103.946083812313
CUSTOMER,RUH,IC4,public,F,False,1,6192.115539439724,0.511546808670005,3096.057769719862
SWE,EST,IC4,private,F,False,1,6179.294871377137,0.601794767622974,3089.6474356885683
FIN,RUH,IC4,public,F,True,6,6172.475106330774,0.31742078815300995,3086.237553165387
CUSTOMER,TAB,IC6,public,F,True,1,6172.353549179343,0.5198401784451624,3086.1767745896714
SALES,ASR,M1,private,M,False,1,6171.015378032058,0.3434145582719272,3085.507689016029
ENG_MECH,EST,IC4,private,M,False,2,6170.725251131926,0.6274804744247413,3085.362625565963
PM,MAK,IC5,public,M,False,1,6168.857410448065,0.26341171577044115,3084.4287052240325
SALES,RUH,M1,mnc,M,False,1,6164.137196914411,0.7282108311170192,3082.0685984572056
HEALTH,ASR,IC4,public,F,True,3,6160.487140281406,0.38032693935922834,3080.243570140703
CUSTOMER,EST,IC4,startup,M,True,1,6159.260861008066,0.3196371507056248,3079.630430504033
DESIGN,MAK,IC1,mnc,F,True,1,6148.723400467515,0.4904003854204812,3074.3617002337573
MARKETING,TAB,IC5,private,F,False,1,6133.616135952012,0.4396460345482782,3066.808067976006
PM,RUH,IC4,pif_backed,F,True,1,6133.335779081004,0.181318553287856,3066.667889540502
HEALTH,QAS,IC5,semigov,M,False,1,6123.166471206714,0.3948756218304057,3061.583235603357
SUPPLY,EST,IC5,public,M,False,1,6116.908890363613,0.9987752110592879,3058.4544451818065
DATA,ASR,IC4,public,M,False,1,6108.56513639219,0.24871592682663643,3054.282568196095
HEALTH,JED,M2,semigov,M,True,1,6106.720449401204,0.31795137934846945,3053.360224700602
HEALTH,RUH,IC3,private,M,True,2,6092.549493407489,0.3376407157018386,3046.2747467037443
ENG_CIVIL,EST,IC4,private,M,False,3,6074.914960303012,0.32942845593671033,3037.457480151506
OPS,MAD,IC3,mnc,F,True,1,6068.720102822154,0.4967528352660974,3034.360051411077
ENG_ELEC,ASR,IC4,mnc,M,False,1,6064.0516191077,0.480263098550329,3032.02580955385
PM,RUH,IC5,startup,F,True,1,6061.09837206759,0.20053195430511697,3030.549186033795
LEGAL,RUH,IC2,private,M,False,1,6057.315214294037,1.0807197312157841,3028.6576071470186
SUPPLY,RUH,IC5,pif_backed,F,False,1,6050.658914588982,0.8018780343257844,3025.329457294491
MARKETING,RUH,M3,startup,M,False,1,6046.656713960836,0.4334390444130597,3023.328356980418
SWE,ASR,IC2,semigov,M,True,1,6046.4802601887095,0.4164951104071222,3023.2401300943548
DESIGN,RUH,IC1,mnc,M,False,1,6043.768092627263,0.551061599510122,3021.8840463136316
OPS,JED,IC4,private,M,False,1,6038.406711421052,0.6065897358248634,3019.203355710526
LEGAL,JED,IC4,private,M,False,1,6033.295307812672,0.4768935936566433,3016.647653906336
FIN,RUH,M1,private,M,False,1,6027.839140013288,0.4653904226467191,3013.919570006644
DATA,EST,IC1,mnc,M,False,1,6018.757966029361,0.4744712508073873,3009.3789830146807
OPS,MAD,IC4,private,M,False,1,6017.152784342656,0.34252884178681187,3008.576392171328
EDU,EST,IC4,semigov,F,True,1,6001.174859258486,0.35235904341848695,3000.587429629243
SUPPLY,EST,M2,public,M,False,1,5983.751688489283,0.258339576445796,2991.8758442446415
DATA,EST,M2,semigov,M,False,1,5965.434989142308,0.197209221549555,2982.717494571154
ENG_MECH,JAZ,IC4,pif_backed,M,False,1,5957.429468192491,0.2981547203939989,2978.7147340962456
DATA,EST,M2,private,M,True,1,5951.850642652993,0.1671320753554592,2975.9253213264965
ENG_CIVIL,MAK,IC5,private,M,True,1,5948.888274184421,0.9686234792919132,2974.4441370922104
SALES,JED,IC4,private,M,False,1,5941.17893963723,0.8295789451130502,2970.589469818615
SUPPLY,EST,D1,public,M,False,1,5937.68900959134,0.2086995875908044,2968.84450479567
SALES,JED,IC5,public,M,False,1,5930.12666596192,0.5257866385628261,2965.06333298096
FIN,MAD,IC4,semigov,M,True,1,5927.382935724694,0.41835733438296063,2963.691467862347
HEALTH,EST,IC4,pif_backed,F,False,1,5920.111477319479,0.5929717619863658,2960.0557386597393
ENG_ELEC,ASR,M2,private,M,True,1,5919.226629966452,0.23862018514695407,2959.613314983226
DATA,HAI,IC4,pif_backed,M,False,1,5918.9764788460525,0.26143138464867627,2959.4882394230262
SALES,EST,IC3,pif_backed,M,False,1,5916.154465075466,0.4641923307539371,2958.077232537733
SUPPLY,RUH,M1,private,M,True,1,5909.488029524206,0.660551807455851,2954.744014762103
SWE,EST,IC4,private,M,True,5,5909.384841733287,0.29150827147264946,2954.6924208666437
SWE,RUH,IC4,private,F,True,1,5908.295688342474,0.7027803740848402,2954.147844171237
HEALTH,RUH,IC3,pif_backed,M,False,1,5903.36684925605,0.319403394417635,2951.683424628025
PM,JED,IC4,mnc,F,True,1,5899.449662496791,0.21045944237660094,2949.7248312483953
CUSTOMER,EST,IC6,mnc,F,False,1,5895.3699685042675,0.7558108486991468,2947.6849842521337
HEALTH,RUH,IC2,private,F,True,1,5889.07251123162,0.4542824609503652,2944.53625561581
DESIGN,RUH,IC4,public,M,True,1,5888.910183116786,0.23465121679077935,2944.455091558393
MARKETING,MAK,IC4,public,M,False,1,5888.469907203162,0.562330842187793,2944.234953601581
LEGAL,ASR,IC4,private,F,True,1,5874.196577954148,0.49656176534346047,2937.098288977074
HEALTH,RUH,M3,public,M,False,1,5861.3399418386525,0.4479064732783731,2930.6699709193263
SWE,RUH,IC2,semigov,M,True,2,5852.62354099275,0.3021411440771608,2926.311770496375
HR,QAS,IC4,public,F,True,1,5851.783240048277,0.9780798438304102,2925.8916200241383
OPS,JED,IC5,public,F,False,1,5849.46474624204,0.8182191050300656,2924.73237312102
HEALTH,JED,IC4,private,F,False,1,5846.60304918037,0.6735422929849121,2923.301524590185
FIN,TAB,M2,private,M,True,1,5846.30143037824,0.3180898957734333,2923.15071518912
SALES,EST,M1,pif_backed,M,True,1,5841.293205477476,0.19656158016262798,2920.646602738738
DESIGN,QAS,IC3,public,F,False,1,5841.145441527773,0.38409383739234154,2920.5727207638865
HEALTH,JAZ,M2,private,F,False,1,5840.491519646384,0.3552845973149305,2920.245759823192
CUSTOMER,RUH,IC5,semigov,F,True,1,5837.246221697034,0.3694410531060685,2918.623110848517
DESIGN,EST,IC5,startup,M,False,1,5832.786300528251,0.7097453073965947,2916.3931502641253
PM,RUH,IC4,public,F,False,1,5825.9851845808425,0.27840613205070786,2912.9925922904213
HR,RUH,IC3,mnc,F,False,1,5815.0344759316395,1.0395871131170693,2907.5172379658197
DESIGN,EST,IC2,public,F,False,1,5803.527280741358,0.5084141583274367,2901.763640370679
SWE,MAD,IC4,private,M,True,2,5795.052034865741,0.21128062383363214,2897.5260174328705
PM,RUH,M2,mnc,F,True,1,5792.512277944781,0.1857344769896483,2896.2561389723905
EDU,ASR,M2,private,M,True,1,5787.210910241927,0.828541166449805,2893.6054551209636
ENG_MECH,JED,IC3,pif_backed,M,False,1,5783.452662247386,0.7049964725200141,2891.726331123693
CUSTOMER,ASR,IC3,pif_backed,M,False,1,5778.4910147299215,0.3444289280652894,2889.2455073649608
HEALTH,ASR,M2,private,M,False,1,5774.079893410108,0.6139548815766224,2887.039946705054
CUSTOMER,BAH,M2,private,F,False,1,5772.580140806595,0.459188668503125,2886.2900704032977
HEALTH,EST,M4,public,F,True,1,5772.315896933615,0.18365735895105997,2886.1579484668073
HEALTH,EST,IC4,semigov,M,True,2,5754.40597075233,0.33629547971036516,2877.202985376165
ENG_MECH,RUH,IC3,private,M,True,1,5744.746995047482,0.3650012259401488,2872.373497523741
CUSTOMER,EST,M2,private,F,False,1,5734.8893923187425,0.33469115273817324,2867.4446961593712
ENG_MECH,EST,IC4,mnc,M,False,1,5734.73466452974,0.21139743541222897,2867.36733226487
PM,EST,M1,pif_backed,M,True,1,5732.894289170839,0.16124525056536276,2866.4471445854197
ENG_MECH,ASR,IC4,public,M,False,1,5731.7334020331455,0.3649950999760657,2865.8667010165727
HEALTH,RUH,IC4,pif_backed,M,True,1,5730.941515257155,0.3901816678279748,2865.4707576285773
LEGAL,QAS,M1,semigov,F,False,1,5727.362405088668,0.29833601881729876,2863.681202544334
OPS,EST,IC3,private,M,True,3,5721.635478448198,0.3201996306302818,2860.817739224099
PM,JED,IC4,private,M,False,1,5719.563233862846,0.30568473981478184,2859.781616931423
EDU,JED,IC5,private,F,True,1,5717.222971789037,0.6881372238939365,2858.6114858945184
SALES,TAB,IC4,private,M,False,2,5714.97112167106,0.3909248783458624,2857.48556083553
CUSTOMER,EST,M4,private,F,True,1,5710.291502992841,0.1848347885657145,2855.1457514964204
ENG_CIVIL,JED,IC4,startup,F,False,1,5708.613409795971,0.35021287254713046,2854.3067048979856
FIN,RUH,M3,pif_backed,F,False,1,5706.1310591566,0.1552709003860894,2853.0655295783
EDU,EST,D1,private,F,True,1,5695.225215273294,0.19759568058952637,2847.612607636647
HEALTH,NJR,M5,public,F,True,1,5689.141588585626,0.2533729106868522,2844.570794292813
FIN,RUH,M1,public,M,True,1,5686.238041726945,0.23431437036632216,2843.1190208634725
CUSTOMER,JAZ,D2,mnc,M,True,1,5680.469408902838,0.1912899999260105,2840.234704451419
FIN,MAK,M1,private,M,False,1,5672.254602617054,1.027452062712528,2836.127301308527
ENG_ELEC,RUH,IC3,private,M,False,1,5667.904380467309,0.2416674645835775,2833.9521902336546
FIN,JAZ,M2,public,M,True,1,5667.068141395826,0.2965068978173141,2833.534070697913
PM,NOR,M3,public,M,False,1,5665.967763959845,0.2083241051759549,2832.9838819799224
SWE,JED,IC3,public,M,True,2,5663.939750256843,0.7842708042849426,2831.9698751284213
ENG_ELEC,RUH,M3,pif_backed,M,True,1,5660.35726061336,0.11385784278377649,2830.17863030668
MARKETING,RUH,IC4,public,F,False,2,5653.969486082517,0.86115363633747,2826.9847430412583
SALES,EST,IC3,public,M,True,2,5651.234301342003,0.2650069109829901,2825.6171506710016
HEALTH,HAI,IC5,public,M,False,1,5651.093200192824,0.8669820746155064,2825.546600096412
PM,RUH,M2,semigov,M,False,1,5648.544194868984,0.27866096743804036,2824.272097434492
OPS,EST,D2,public,M,False,1,5648.22635774377,0.19491287963417236,2824.113178871885
SWE,RUH,IC3,semigov,M,False,3,5643.853039129259,0.30088168562970513,2821.9265195646294
PM,MAD,M1,public,F,False,1,5622.933638227275,0.8859366552112652,2811.4668191136375
ENG_MECH,EST,IC4,pif_backed,M,True,2,5604.373279253408,0.5161108895567748,2802.186639626704
SWE,QAS,IC2,private,M,True,1,5603.730264642045,0.4223349573342813,2801.8651323210224
PM,RUH,M2,public,M,False,1,5600.580704560209,0.28536042403016604,2800.2903522801043
SWE,EST,IC3,private,M,True,3,5597.654788674212,0.4581819050213543,2798.827394337106
OPS,MAK,IC4,public,M,True,1,5595.327562417693,0.2656128015700236,2797.6637812088466
SALES,RUH,IC5,private,F,True,1,5589.8349810483505,0.6931263127999472,2794.9174905241753
OPS,EST,IC4,private,M,True,3,5589.6040574036515,0.29791977203023495,2794.8020287018257
CUSTOMER,NOR,M3,public,F,False,2,5586.470868795828,1.1264491271580654,2793.235434397914
MARKETING,EST,IC2,semigov,F,True,2,5584.846528722031,0.4003737394494204,2792.4232643610153
SUPPLY,RUH,IC5,private,M,False,3,5581.547842248457,0.31289648924428476,2790.7739211242283
HEALTH,RUH,M4,mnc,M,False,1,5580.906661141362,0.2049760188055645,2790.453330570681
ENG_ELEC,JED,IC4,semigov,M,True,2,5580.708988740467,0.18791766289755849,2790.3544943702336
ENG_MECH,RUH,IC6,private,M,False,1,5570.165233369455,0.16860644800248015,2785.0826166847273
FIN,MAD,IC4,private,F,False,1,5569.907509528662,1.2976842846026533,2784.953754764331
FIN,MAD,D1,public,M,True,1,5562.198620965406,0.2674454115403914,2781.099310482703
ENG_CIVIL,RUH,IC5,public,M,True,1,5561.105807474214,0.2401428569104084,2780.552903737107
SWE,ASR,IC2,semigov,M,False,1,5557.674838868745,1.3636190375271722,2778.8374194343724
HR,TAB,IC4,private,F,False,1,5555.493323840077,0.3017790795137675,2777.7466619200386
DESIGN,RUH,IC2,private,F,False,1,5553.678698899265,1.276279386435648,2776.8393494496327
SALES,RUH,M4,mnc,M,True,2,5543.351870445118,0.16737539334471085,2771.675935222559
EDU,EST,IC4,public,F,True,5,5541.371758458687,0.3886731767077052,2770.6858792293433
SUPPLY,EST,IC5,mnc,M,False,1,5538.283798945543,0.7948579144366733,2769.1418994727715
HR,RUH,VP,private,M,True,1,5536.335982304467,0.1137927281549507,2768.1679911522333
MARKETING,RUH,M1,pif_backed,F,False,1,5534.981791495161,0.8030278371560332,2767.4908957475805
SWE,MAK,IC4,private,M,True,2,5534.808749206189,0.5010384880635291,2767.4043746030943
CUSTOMER,EST,IC4,semigov,M,False,1,5531.78917721881,0.27337025078766497,2765.894588609405
SUPPLY,QAS,M4,public,M,True,1,5517.0133865261305,0.13444043687860452,2758.5066932630652
ENG_MECH,NOR,IC3,private,M,True,1,5516.674545466938,0.5906914876802923,2758.337272733469
HEALTH,RUH,M5,private,M,False,1,5503.166125956217,0.18985010904774974,2751.5830629781085
CUSTOMER,RUH,IC3,mnc,M,True,1,5498.555131219939,0.7698998070852109,2749.2775656099693
HEALTH,RUH,IC4,mnc,M,True,2,5498.191244963395,0.3192565035840491,2749.0956224816973
LEGAL,HAI,IC6,public,M,True,1,5492.37110333726,0.23386849079161437,2746.18555166863
DESIGN,RUH,IC3,public,M,False,1,5490.707099327761,0.28589927952911115,2745.3535496638806
ENG_ELEC,MAK,IC4,private,M,True,1,5484.681182156401,0.22466544744228611,2742.3405910782003
CUSTOMER,RUH,IC4,semigov,M,True,2,5482.315399901327,0.34832654722008183,2741.1576999506633
DESIGN,RUH,IC4,private,M,False,1,5470.031488454939,0.37748514141843464,2735.0157442274694
SWE,JAZ,IC4,pif_backed,M,True,1,5462.912213717927,0.36341740345088613,2731.4561068589637
SALES,RUH,M1,public,M,True,1,5462.529318268713,0.3263227915917425,2731.2646591343564
SWE,QAS,IC3,semigov,M,False,1,5457.53231153844,0.6485565838101793,2728.76615576922
SWE,QAS,M3,private,F,True,1,5444.212608088976,0.17674092616838674,2722.106304044488
DESIGN,BAH,M2,private,F,True,1,5440.492594272522,0.2522991270624988,2720.246297136261
MARKETING,RUH,M3,mnc,M,True,1,5435.187860040034,0.20925655314355368,2717.593930020017
HEALTH,RUH,IC5,public,M,True,1,5425.512230780627,0.2071595298812535,2712.7561153903134
CUSTOMER,EST,M4,public,F,True,1,5424.221312695023,0.3401921726815647,2712.1106563475114
HEALTH,JED,IC4,pif_backed,F,True,1,5416.916437104208,0.465032440921787,2708.458218552104
CUSTOMER,EST,IC5,private,F,False,1,5416.5368586049735,0.3607071222343627,2708.2684293024868
HEALTH,EST,IC5,private,F,False,1,5409.979796478598,0.21882269699287946,2704.989898239299
OPS,RUH,M1,private,M,True,2,5398.031874091612,0.3848143368587474,2699.015937045806
MARKETING,NJR,IC5,public,M,False,1,5390.7907563421695,0.4565135741075511,2695.3953781710848
SALES,RUH,M2,private,M,False,1,5390.054728500787,0.45573687664459195,2695.0273642503935
HEALTH,RUH,IC5,semigov,F,True,1,5387.327883861286,0.34531983784744846,2693.663941930643
SALES,RUH,M4,semigov,F,False,1,5385.949992669477,0.3135144853459709,2692.9749963347385
FIN,EST,D1,public,M,True,1,5384.799414738045,0.16038518345317385,2692.3997073690225
DATA,JED,IC3,private,M,True,4,5381.676208893662,0.36451274109324705,2690.838104446831
SUPPLY,RUH,IC5,private,F,True,1,5380.741406817828,0.6895884450664475,2690.370703408914
OPS,RUH,IC6,private,M,False,2,5376.151308902642,0.49117918144302675,2688.075654451321
OPS,NJR,IC3,pif_backed,F,True,1,5371.526196259518,0.25769575096774044,2685.763098129759
CUSTOMER,RUH,IC3,private,M,True,3,5371.145155058731,0.7036683144738755,2685.5725775293654
EDU,RUH,M5,semigov,F,True,1,5364.951472305027,0.2211802960299335,2682.4757361525135
HR,JAZ,IC2,private,M,False,1,5364.724342750769,0.5482712311698522,2682.3621713753846
OPS,TAB,M2,private,M,True,1,5350.972607084459,0.24057381068369255,2675.4863035422295
HEALTH,ASR,M4,semigov,M,True,1,5349.316952782894,0.16630785035303408,2674.658476391447
FIN,JAZ,IC2,private,F,True,2,5329.839069305064,0.5453626662334278,2664.919534652532
SUPPLY,RUH,M1,private,F,False,1,5317.026053618757,0.9371900746150449,2658.5130268093785
PM,MAD,IC4,private,M,True,1,5316.622721038995,0.5737608251258591,2658.3113605194976
SUPPLY,EST,IC3,private,M,False,2,5316.495609709571,0.8553445393271822,2658.2478048547855
DATA,RUH,IC2,semigov,F,True,1,5314.7009495084385,0.6408110422848687,2657.3504747542192
HEALTH,RUH,IC3,private,F,True,4,5314.512768718481,0.3038867826548933,2657.2563843592407
FIN,QAS,M3,private,M,False,1,5312.284258035705,0.35539474389369935,2656.1421290178523
FIN,JED,IC2,private,F,True,1,5299.996399296519,0.3430198582289238,2649.9981996482593
HR,EST,IC4,private,F,True,1,5297.230331205912,0.24082599822086162,2648.615165602956
FIN,RUH,IC4,private,M,True,5,5288.549365934099,0.2393855616734189,2644.2746829670496
HEALTH,RUH,IC6,mnc,M,False,1,5287.846791634078,0.17359758898641342,2643.923395817039
OPS,EST,IC3,pif_backed,M,False,2,5276.246262383838,0.47882513251572456,2638.123131191919
OPS,EST,M1,private,M,False,2,5271.136069843865,0.45546479600823725,2635.5680349219324
OPS,RUH,IC4,public,M,False,1,5264.920231247461,0.35232223225429826,2632.4601156237304
ENG_MECH,MAK,VP,private,M,True,1,5255.654016100947,0.12210118980064895,2627.8270080504735
PM,RUH,IC2,private,M,True,3,5249.270157707354,0.3448944095454572,2624.635078853677
SWE,MAK,IC4,mnc,M,True,1,5242.909752642663,0.25553480229671705,2621.4548763213315
SWE,BAH,IC1,private,M,False,1,5239.303494500384,0.6902730359187825,2619.651747250192
SUPPLY,MAD,IC5,semigov,M,False,1,5236.390758536772,0.8706538326089687,2618.195379268386
DATA,EST,IC3,private,M,True,3,5231.446986838059,0.5254112686123192,2615.7234934190296
OPS,RUH,M1,semigov,M,True,1,5221.441308025773,0.22882320959222308,2610.7206540128864
HEALTH,RUH,M2,semigov,M,True,1,5219.797285543544,0.16921840705945482,2609.898642771772
SWE,MAK,IC3,private,M,True,2,5213.371211898969,0.7061934977018609,2606.6856059494844
SWE,RUH,IC1,private,F,False,1,5212.45189837417,0.46620168883951335,2606.225949187085
FIN,NOR,D2,private,F,True,1,5203.4090624675155,0.3141773892460828,2601.7045312337577
SWE,EST,IC4,public,F,True,2,5200.122225839408,0.3532247590287507,2600.061112919704
SALES,RUH,IC4,private,M,True,10,5197.73881250838,0.20103924999947806,2598.86940625419
HR,JED,M2,private,M,True,1,5196.316307961482,0.17595687855926917,2598.158153980741
SALES,EST,IC4,public,M,False,3,5196.271126569272,0.2876031043571491,2598.135563284636
OPS,RUH,IC3,private,M,True,5,5179.190836549545,0.47668781495278756,2589.5954182747723
LEGAL,EST,IC2,public,M,True,1,5167.378793665617,1.0120347896789845,2583.6893968328086
HR,JAZ,M2,mnc,M,False,1,5145.973256476512,0.6375201324696553,2572.986628238256
DATA,JED,M4,private,M,False,1,5139.850113110384,0.09321229852653869,2569.925056555192
FIN,JED,M1,semigov,F,True,1,5138.736744698677,0.40100140343624674,2569.3683723493386
ENG_ELEC,ASR,M2,semigov,M,True,1,5132.82752685302,0.3076061841439966,2566.41376342651
OPS,MAD,IC6,public,F,False,1,5129.8298309251495,0.5009702182295876,2564.9149154625748
HEALTH,RUH,D2,public,M,False,1,5127.935202146589,0.13017317216194757,2563.9676010732946
HEALTH,EST,IC3,semigov,F,False,1,5115.358086792531,0.760274970912791,2557.6790433962656
EDU,QAS,VP,private,F,True,1,5106.198012102905,0.15929793117582036,2553.0990060514523
ENG_CIVIL,TAB,IC4,pif_backed,M,True,1,5102.989156417612,0.3082315550787712,2551.494578208806
PM,EST,IC3,mnc,F,True,1,5093.297176574887,0.6877675765574315,2546.6485882874435
SWE,EST,IC3,semigov,M,True,1,5092.975806430382,0.20266864122348224,2546.487903215191
SALES,EST,IC2,public,M,True,2,5086.62696689273,0.3541002367021375,2543.313483446365
SWE,RUH,IC4,pif_backed,M,True,1,5081.0496440646675,0.15299794892805124,2540.5248220323338
SWE,ASR,IC3,semigov,M,False,1,5078.656734519695,0.8066942732620822,2539.3283672598477
LEGAL,QAS,IC3,private,M,True,1,5074.379943072097,0.7916435816104228,2537.1899715360487
DATA,MAK,IC3,private,F,False,1,5073.119097471483,0.28125961751538675,2536.5595487357414
SWE,ASR,IC3,semigov,M,True,1,5069.771217007554,0.6965655456549322,2534.885608503777
SALES,RUH,IC4,startup,M,True,3,5069.698678513062,0.332655130476311,2534.849339256531
CUSTOMER,RUH,IC2,private,F,True,2,5065.92991128188,0.3305082671208851,2532.96495564094
ENG_MECH,EST,D2,semigov,M,True,1,5063.403881394144,0.09890264289821486,2531.701940697072
SALES,RUH,M1,public,M,False,1,5056.384263207412,0.32307017701107477,2528.192131603706
OPS,ASR,IC4,private,M,True,1,5044.906192861436,0.510575660002048,2522.453096430718
FIN,TAB,IC4,private,F,True,1,5042.061541711904,0.22798726785382153,2521.030770855952
FIN,BAH,M4,private,F,True,1,5040.0887057565415,0.27867256360736065,2520.0443528782707
FIN,RUH,IC4,public,M,True,5,5039.244540946163,0.19639379086995112,2519.6222704730817
HEALTH,JED,IC5,startup,F,False,1,5037.049251061304,0.41766265849270645,2518.524625530652
HEALTH,MAD,IC5,public,F,False,1,5029.84740690039,0.24401620194968504,2514.923703450195
HR,JED,IC3,private,M,False,1,5029.324609706579,0.8380657261250968,2514.6623048532897
HEALTH,MAK,IC3,semigov,F,True,2,5017.410170933377,0.3360129031350416,2508.7050854666886
ENG_MECH,RUH,IC3,semigov,M,True,1,5008.303020114778,0.2828378428659079,2504.151510057389
FIN,QAS,IC3,private,M,True,2,5008.242204127428,0.38297962593318124,2504.121102063714
SALES,EST,IC5,private,M,False,3,5001.981340127667,0.20368882052070644,2500.9906700638335
OPS,RUH,M1,private,M,False,3,5000.708378797809,0.39364343170860816,2500.3541893989045
ENG_CIVIL,JED,IC5,pif_backed,M,False,1,4997.656553065779,0.21992333191632388,2498.8282765328895
FIN,EST,IC3,semigov,M,False,1,4996.65187154981,0.537672156557734,2498.325935774905
SWE,RUH,M1,semigov,M,False,1,4994.518291589859,0.26134902023072404,2497.2591457949293
PM,EST,M1,private,F,False,1,4990.824566498781,0.17047849973984228,2495.4122832493904
ENG_ELEC,RUH,IC6,private,M,True,1,4986.675208923993,0.29256267502682587,2493.3376044619963
ENG_MECH,JED,VP,pif_backed,M,False,1,4984.683926237805,0.10735879595103107,2492.3419631189026
EDU,JED,M2,public,F,True,3,4981.107719542047,0.21513122238691765,2490.5538597710233
CUSTOMER,JED,IC4,semigov,M,False,1,4976.890377928874,2.6858265846719807,2488.445188964437
FIN,JED,IC3,private,F,False,1,4975.576134996263,0.3039356876303802,2487.7880674981316
MARKETING,EST,IC3,public,F,True,1,4960.943199811885,0.572867766588284,2480.4715999059426
CUSTOMER,RUH,M3,private,F,False,1,4958.3002212594765,0.49838574422231974,2479.1501106297383
MARKETING,RUH,M2,private,M,False,1,4954.22716365385,0.19892699841009645,2477.113581826925
SALES,RUH,IC5,private,M,False,4,4945.328553831911,0.28916312914326514,2472.6642769159557
SALES,RUH,IC3,pif_backed,F,False,1,4938.4156466198965,0.239624108417624,2469.2078233099483
EDU,RUH,IC6,public,M,True,1,4929.781968827023,0.33445764709338177,2464.8909844135114
HR,ASR,IC2,private,M,False,1,4927.646229540074,0.5177970011790053,2463.823114770037
LEGAL,RUH,IC2,private,F,True,1,4927.2957640695695,1.2318239410173923,2463.6478820347847
DESIGN,RUH,IC5,pif_backed,M,True,1,4922.682294695933,0.21605475560474804,2461.3411473479664
HEALTH,RUH,IC3,mnc,F,True,3,4920.0646585028635,0.3937332001130669,2460.0323292514317
EDU,EST,IC3,private,M,True,1,4908.924397609429,0.341060715690315,2454.4621988047147
EDU,ASR,IC4,private,F,False,1,4902.638382922192,0.35344647503755633,2451.319191461096
FIN,MAK,IC4,semigov,F,True,1,4901.23576430701,0.20682719574241779,2450.617882153505
SALES,EST,M1,private,F,True,1,4894.021938852835,0.4690865255502286,2447.0109694264174
SALES,QAS,IC3,private,M,False,1,4890.014197108304,0.80402078233269,2445.007098554152
EDU,RUH,M3,public,F,False,1,4875.276024131794,0.33446847386949496,2437.638012065897
DESIGN,ASR,M2,public,F,False,1,4872.739311370513,0.313174960047362,2436.3696556852565
EDU,RUH,M3,semigov,F,True,2,4872.150846840908,0.2869560565817163,2436.075423420454
SWE,JED,M4,public,M,True,1,4872.11987959205,0.07828319598374747,2436.059939796025
DATA,RUH,IC3,semigov,M,True,1,4869.428982053716,0.22116497126578955,2434.714491026858
MARKETING,QAS,M4,private,M,False,1,4867.245183669791,0.21785366466144823,2433.6225918348955
ENG_MECH,TAB,IC4,private,M,False,1,4860.247790340609,1.218913714924313,2430.1238951703044
SWE,RUH,IC4,semigov,M,False,3,4859.315281333649,0.15883539234574973,2429.6576406668246
FIN,ASR,VP,private,M,False,1,4857.190930471144,0.1165692997398268,2428.595465235572
SALES,EST,M2,private,F,True,1,4849.053625971952,0.23446016861082325,2424.526812985976
SALES,QAS,M2,semigov,M,True,1,4847.038083698053,0.27268497137297537,2423.5190418490265
EDU,JAZ,M1,private,M,True,1,4833.93409283089,0.324050165635928,2416.967046415445
CUSTOMER,RUH,IC3,startup,F,False,1,4824.053560791602,0.7432518077722571,2412.026780395801
HEALTH,EST,IC4,public,M,True,1,4822.955794987181,0.21902694446606444,2411.4778974935907
EDU,RUH,SVP,private,F,True,1,4822.099002853385,0.10006846108685534,2411.0495014266926
SWE,QAS,IC5,private,F,False,1,4820.733384080457,0.29228399037188735,2410.3666920402284
FIN,RUH,M3,public,M,True,1,4812.328099016013,0.20870408883873603,2406.1640495080064
FIN,EST,M1,private,M,True,1,4800.6413632874755,0.15340889298914284,2400.3206816437378
HEALTH,EST,M2,private,M,True,2,4794.999241288855,0.32765256575018387,2397.4996206444275
MARKETING,JED,D1,private,F,True,1,4793.208459537891,0.2459401354247627,2396.6042297689455
PM,MAK,M2,public,M,True,1,4793.203802442407,0.25409117114151725,2396.6019012212037
HEALTH,HAI,IC4,startup,M,False,1,4785.046555048371,0.3194198400879261,2392.5232775241857
HR,MAK,IC5,semigov,F,True,1,4783.969069997096,0.15932229870516812,2391.984534998548
DESIGN,ASR,M1,mnc,F,False,1,4778.258285464308,0.5626517724061552,2389.129142732154
ENG_MECH,NJR,IC3,private,F,False,1,4777.929558934319,0.7092715176725692,2388.9647794671596
HEALTH,JAZ,IC5,private,F,False,1,4776.1865524219265,0.5789232826215771,2388.0932762109633
ENG_MECH,JED,IC5,semigov,M,True,1,4775.549217428001,0.17257251701868018,2387.7746087140004
ENG_ELEC,RUH,IC6,semigov,M,True,1,4761.24206800968,0.14775485386201126,2380.62103400484
DATA,EST,IC2,public,M,True,1,4758.948700002125,1.14707736769592,2379.4743500010627
FIN,RUH,IC3,semigov,M,True,3,4756.520891793852,0.20951916073590918,2378.260445896926
HR,JED,IC4,public,F,False,1,4756.1450993653025,0.8042370126051855,2378.0725496826512
HEALTH,JED,IC4,pif_backed,F,False,1,4755.748247116911,0.23447706515005706,2377.8741235584557
FIN,RUH,IC3,public,F,True,1,4754.0653091991735,0.328786040215857,2377.0326545995867
SALES,RUH,IC4,semigov,F,True,1,4753.953900442535,0.346186731499696,2376.9769502212675
PM,JAZ,IC4,semigov,M,False,1,4748.127728334652,0.3282977533736147,2374.063864167326
OPS,JED,IC5,public,M,True,1,4736.533035949042,0.5567695292264104,2368.266517974521
FIN,RUH,IC5,startup,F,True,1,4726.870113941055,0.19923205308818398,2363.4350569705275
ENG_MECH,ASR,IC4,private,F,False,1,4716.139688061816,0.3454477971075695,2358.069844030908
SWE,QAS,IC4,mnc,M,True,2,4709.655394387837,0.17445855690476758,2354.8276971939185
EDU,EST,IC4,mnc,F,True,1,4701.114200596468,0.5690257320955481,2350.557100298234
PM,EST,M4,private,M,True,1,4698.865595418116,0.11223487294854666,2349.432797709058
DATA,TAB,IC1,mnc,M,False,1,4694.073520359981,1.0517306053204056,2347.0367601799903
HEALTH,RUH,M1,public,M,True,1,4680.689520249522,0.20565997990494994,2340.344760124761
SALES,RUH,M2,mnc,M,False,1,4680.3409141959,0.4788880899789632,2340.17045709795
HR,RUH,IC3,semigov,F,False,1,4665.394095709784,0.33919629959807246,2332.697047854892
HEALTH,RUH,IC5,semigov,F,False,3,4664.980471579497,0.19485089427300806,2332.4902357897486
FIN,EST,M2,public,M,True,1,4657.712383549904,0.1318688247024389,2328.856191774952
ENG_ELEC,MAK,M1,private,M,True,1,4654.839593982455,0.5081436337378015,2327.4197969912275
ENG_MECH,EST,IC3,public,M,True,1,4648.451495721651,0.43333598974950904,2324.2257478608253
ENG_MECH,QAS,IC4,semigov,M,True,1,4642.286813496439,0.2943990156123584,2321.1434067482196
DESIGN,RUH,IC3,semigov,F,False,1,4636.996208075099,0.2939363740427472,2318.4981040375496
LEGAL,RUH,IC1,public,M,False,1,4636.21934262833,0.3960309380371027,2318.109671314165
DESIGN,MAK,M1,startup,M,True,1,4626.68484656349,0.39713896660985626,2313.342423281745
HEALTH,EST,IC3,startup,F,False,1,4622.368967732242,0.3303603490399618,2311.184483866121
LEGAL,TAB,IC3,public,M,True,1,4612.517252446713,0.8084065647532049,2306.2586262233567
CUSTOMER,RUH,IC5,semigov,F,False,1,4612.277197003348,0.3122566360366201,2306.138598501674
HR,RUH,IC4,public,F,True,2,4610.834193245339,0.5374939135355407,2305.4170966226693
ENG_MECH,JED,IC4,private,M,True,2,4608.905956270519,0.22203730608343553,2304.4529781352594
SALES,RUH,IC3,private,M,True,5,4605.705172522004,0.2951960394838811,2302.852586261002
ENG_ELEC,RUH,IC4,private,M,False,2,4604.765874037265,0.2456655944086274,2302.3829370186327
SWE,HAI,IC3,private,M,True,1,4600.866343799164,0.20478484698549654,2300.433171899582
SALES,TAB,IC5,private,M,False,1,4599.202996899807,0.3591269981384477,2299.6014984499034
CUSTOMER,RUH,M2,private,M,False,1,4595.2750900409455,0.873802532457291,2297.6375450204728
EDU,RUH,IC5,public,M,False,1,4595.203408456671,0.33466246167076724,2297.6017042283356
HR,ASR,IC2,private,M,True,1,4578.3489083571,1.1445872270892752,2289.17445417855
EDU,RUH,IC3,public,F,True,3,4561.6488909037735,0.36112499627519745,2280.8244454518867
SWE,JAZ,IC3,mnc,M,False,1,4560.355442671064,0.4435733509715604,2280.177721335532
CUSTOMER,RUH,IC4,public,F,True,2,4555.316684894728,0.7813537196464844,2277.658342447364
PM,RUH,M5,private,M,True,1,4554.058228498907,0.11196523340786704,2277.0291142494534
SWE,RUH,IC4,public,M,True,4,4553.759097677721,0.29501158521542814,2276.8795488388605
ENG_MECH,JED,IC6,private,M,False,1,4553.2702455980925,0.3078757728114491,2276.6351227990463
ENG_MECH,RUH,M1,public,M,True,1,4548.65939870209,0.15248867475448255,2274.329699351045
HEALTH,HAI,IC3,private,F,True,1,4547.265789543915,0.3843062936972985,2273.6328947719576
FIN,TAB,IC4,private,M,True,1,4544.536200632585,0.3214732973533635,2272.2681003162925
HEALTH,RUH,M2,mnc,F,True,1,4541.322972793747,0.20378274708835972,2270.6614863968734
SWE,RUH,M1,pif_backed,M,True,4,4535.9394906983725,0.13784213804099815,2267.9697453491863
SALES,EST,M1,pif_backed,M,False,1,4535.405826957898,0.46827533436698127,2267.702913478949
ENG_MECH,QAS,D1,public,M,True,1,4530.4951016029445,0.17895261756170502,2265.2475508014722
HEALTH,JED,IC5,private,F,True,1,4528.4691048539535,0.2050022569122902,2264.2345524269767
CUSTOMER,NOR,IC4,semigov,F,False,1,4526.252410825391,0.2646384933885222,2263.1262054126955
MARKETING,RUH,M3,semigov,F,False,1,4523.328386498277,0.1992328303101859,2261.6641932491384
CUSTOMER,JAZ,IC4,mnc,M,False,1,4514.275889387114,1.019675298076901,2257.137944693557
HEALTH,RUH,M1,mnc,M,True,1,4513.358279220327,0.26541656620805093,2256.6791396101635
SUPPLY,RUH,IC4,startup,F,True,1,4505.5382529111575,0.2569057335827287,2252.7691264555788
SALES,EST,IC4,semigov,M,False,1,4504.3955655075315,0.3056637536275743,2252.1977827537658
SALES,MAK,IC5,private,F,True,1,4495.9666817855,0.5945583073192972,2247.98334089275
PM,EST,IC4,private,M,True,1,4494.814732716926,0.2819635466464669,2247.407366358463
FIN,EST,IC4,private,F,True,2,4487.365686032024,0.44553467850159373,2243.682843016012
MARKETING,EST,IC4,public,F,True,1,4480.900012935272,0.20646245178988515,2240.450006467636
SALES,EST,M3,private,F,False,1,4468.26845809318,0.21432034640745665,2234.13422904659
PM,HAI,IC3,private,M,True,1,4448.038719056118,0.24441236969995003,2224.019359528059
SALES,QAS,IC3,private,F,False,1,4447.77892172789,0.8373881757713729,2223.889460863945
HEALTH,JED,IC6,public,F,True,2,4442.712798212526,0.16045089636793464,2221.356399106263
SALES,RUH,IC6,private,M,False,2,4442.145838769442,0.4301527674092249,2221.072919384721
FIN,ASR,IC4,private,F,True,1,4441.069250039014,0.5940689342025092,2220.534625019507
OPS,RUH,IC6,public,F,True,1,4438.942124078563,0.21704577843530218,2219.4710620392816
PM,EST,IC3,private,M,True,1,4438.678874111234,0.35271783822209357,2219.339437055617
HEALTH,EST,M2,private,M,False,2,4437.554914846205,0.16028574787144378,2218.7774574231025
SWE,MAD,IC3,private,F,True,1,4434.691927528982,0.83405590491083,2217.345963764491
HEALTH,EST,IC2,pif_backed,F,True,1,4414.81335619297,0.33824777610444445,2207.406678096485
HEALTH,BAH,D2,private,M,False,1,4414.339341910105,0.17257595521932173,2207.1696709550524
ENG_ELEC,JED,IC4,private,F,False,1,4405.757498057252,0.34091186935820167,2202.878749028626
HEALTH,RUH,IC4,private,M,True,3,4404.450921924718,0.41476202040550453,2202.225460962359
ENG_MECH,QAS,IC4,mnc,M,True,1,4399.393992209318,0.22615736512015328,2199.696996104659
HEALTH,EST,IC4,pif_backed,M,True,2,4386.454113242253,0.16381373786861836,2193.2270566211264
HEALTH,QAS,IC3,pif_backed,F,False,1,4382.567295204059,0.291246929424231,2191.2836476020293
CUSTOMER,RUH,IC4,mnc,M,False,2,4381.908534686362,0.28782507102443744,2190.954267343181
EDU,EST,IC5,private,F,True,2,4378.083476713645,0.39884255221346493,2189.0417383568224
SWE,JED,IC4,private,F,True,1,4367.45829212446,0.30736856162275683,2183.72914606223
PM,JED,IC5,pif_backed,M,True,1,4364.5524691820465,0.18324358315858877,2182.2762345910232
DATA,QAS,IC3,private,M,False,1,4364.278261758516,0.6822126826191477,2182.139130879258
HR,JED,M2,startup,F,False,1,4354.215036410911,0.2028134923658004,2177.1075182054556
MARKETING,QAS,IC2,private,M,True,1,4353.467979526202,1.0883669948815504,2176.733989763101
MARKETING,EST,M1,public,F,True,2,4347.7410103784105,0.428635573596808,2173.8705051892052
ENG_CIVIL,JED,D1,public,M,False,1,4347.3820571412,0.20393517885289386,2173.6910285706
MARKETING,TAB,M2,public,F,False,1,4345.264422510824,0.7115545534281618,2172.632211255412
MARKETING,EST,IC3,private,F,True,3,4341.845401816486,0.256826501686432,2170.922700908243
SUPPLY,MAK,D2,private,M,True,1,4339.925525412837,0.08684120164298442,2169.9627627064183
ENG_MECH,RUH,M1,semigov,M,True,1,4337.640590435918,0.5141376564659433,2168.820295217959
EDU,NOR,M1,public,M,True,1,4329.633115479459,0.8435571739569026,2164.8165577397294
SWE,RUH,IC2,semigov,M,False,1,4325.473609400262,0.3191465965285272,2162.736804700131
PM,JAZ,IC5,public,M,True,1,4321.94357484254,0.371941026942629,2160.97178742127
HR,RUH,M1,private,M,True,1,4319.416403593208,0.21554683954627288,2159.708201796604
DESIGN,EST,M4,semigov,F,False,1,4316.599785974271,0.14047101319919514,2158.2998929871355
HEALTH,NJR,IC6,private,F,False,1,4313.0855530859935,0.3960789197155776,2156.5427765429968
CUSTOMER,RUH,IC4,semigov,M,False,1,4305.262552619755,1.0181536130116484,2152.6312763098776
HEALTH,MAD,M1,private,M,True,1,4304.6832726758985,0.22175703596828403,2152.3416363379492
FIN,HAI,M1,mnc,F,True,1,4303.627529990066,0.2379218256325496,2151.813764995033
HEALTH,RUH,IC4,public,M,False,2,4299.043078726786,0.5923843071107803,2149.521539363393
SALES,RUH,IC4,private,F,True,4,4292.155481866466,0.16306838366108484,2146.077740933233
LEGAL,ASR,IC2,public,F,True,1,4291.799819149615,0.6607241546815714,2145.8999095748077
SALES,MAK,M4,private,M,False,1,4291.694484900399,0.09509133550133674,2145.8472424501997
OPS,RUH,IC4,private,F,False,1,4290.982914253047,0.23735137348795327,2145.4914571265235
SUPPLY,RUH,D1,public,M,True,1,4290.8856445164565,0.1581058060208729,2145.4428222582283
SALES,EST,M4,mnc,M,True,1,4290.303731163796,0.10651684848551453,2145.151865581898
OPS,BAH,IC3,semigov,M,True,1,4288.706003238216,0.2317411498822419,2144.353001619108
PM,EST,IC6,private,M,True,1,4288.369722203395,0.12067385025585815,2144.1848611016976
CUSTOMER,EST,M2,private,M,False,1,4286.087993119502,0.7957639331244329,2143.043996559751
ENG_CIVIL,EST,IC3,public,M,False,2,4280.389286011959,1.2957864650125417,2140.1946430059793
PM,TAB,IC5,mnc,M,False,1,4278.6623507735385,0.1856366203213966,2139.3311753867692
PM,RUH,IC3,private,M,False,4,4274.808285394153,0.4887529348893489,2137.4041426970766
MARKETING,ASR,IC3,private,M,True,1,4274.618028557336,0.737029793933459,2137.309014278668
EDU,RUH,IC5,public,F,True,3,4272.509205307343,0.2479342632528232,2136.2546026536716
SWE,JED,M1,private,F,False,1,4266.898692313625,0.1728487953288651,2133.4493461568127
SALES,RUH,IC2,private,F,False,1,4266.75429263331,0.7258964993736396,2133.377146316655
SWE,EST,IC2,startup,M,True,2,4262.7933456304945,0.8375211752934648,2131.3966728152473
EDU,RUH,M3,semigov,M,True,1,4260.690831146447,0.14634950947017863,2130.3454155732234
SALES,MAD,IC4,semigov,M,False,1,4255.251852713573,0.3088387879077046,2127.6259263567863
ENG_MECH,RUH,IC4,private,M,True,2,4246.041696432657,0.3346416866430631,2123.0208482163284
FIN,HAI,IC3,public,F,True,1,4243.4917315245275,0.28761850139349876,2121.7458657622637
SALES,ASR,IC3,mnc,F,True,1,4240.853700578079,0.6411585853473472,2120.4268502890395
FIN,MAK,IC4,public,F,True,1,4239.933928206301,0.3085399160238992,2119.9669641031505
HEALTH,RUH,IC3,private,F,False,2,4237.9507580906,0.23167677262889624,2118.9753790453
FIN,RUH,M3,pif_backed,M,False,1,4226.423023803265,0.15988973871665443,2113.2115119016325
FIN,RUH,IC5,public,M,True,3,4216.222979647323,0.20174967705273783,2108.1114898236615
HEALTH,TAB,IC4,private,M,False,1,4215.204994073128,0.5595370197803812,2107.602497036564
HR,TAB,IC3,mnc,M,False,1,4210.256864223291,0.6173007954371338,2105.1284321116455
SALES,EST,IC5,private,M,True,1,4210.216385126827,0.14060206601367967,2105.1081925634135
SWE,JAZ,IC3,semigov,M,True,1,4209.2323163284245,0.8121039675578463,2104.6161581642123
PM,EST,IC3,public,M,True,1,4206.925370905974,0.20354688657277833,2103.462685452987
FIN,MAD,IC1,private,F,True,1,4206.265851732521,0.6874994241342681,2103.1329258662604
SALES,EST,IC3,private,F,True,2,4193.05712071838,0.309127331863967,2096.52856035919
HEALTH,RUH,IC4,startup,M,False,1,4192.868200552552,0.19827482712722058,2096.434100276276
MARKETING,EST,IC5,private,M,False,1,4191.798972564429,0.3308979726447001,2095.8994862822146
CUSTOMER,JED,M4,public,F,False,1,4177.596095880177,0.16737318075768234,2088.7980479400885
HEALTH,HAI,IC6,public,M,True,1,4176.196632679104,0.43213195056369086,2088.098316339552
CUSTOMER,RUH,M1,private,F,True,3,4175.156193590309,0.3340553727879821,2087.5780967951546
SUPPLY,JED,M1,public,M,False,1,4174.945537974345,0.2739726245590522,2087.4727689871725
HEALTH,RUH,IC4,private,F,True,3,4172.9410825431205,0.3608152706682537,2086.4705412715603
SUPPLY,MAK,M1,public,M,False,1,4172.545119405211,0.5227279425481801,2086.2725597026056
FIN,TAB,IC2,mnc,M,False,1,4169.263130251788,0.7969993749525517,2084.631565125894
ENG_MECH,QAS,IC4,private,M,True,1,4166.893793424801,0.21273587728215976,2083.4468967124003
CUSTOMER,EST,IC3,pif_backed,M,False,1,4166.6157503914355,0.3888215623530993,2083.3078751957178
HEALTH,JAZ,M2,semigov,F,False,1,4159.8555469634175,0.3144996595546513,2079.9277734817088
SUPPLY,QAS,IC3,private,F,False,1,4154.104687821009,1.0542369379226446,2077.0523439105045
OPS,MAK,IC6,public,F,True,1,4153.8728296837835,0.18498555472799894,2076.9364148418917
SALES,EST,M2,private,F,False,3,4150.943948076496,0.17330800898946241,2075.471974038248
HR,QAS,IC4,private,F,False,1,4146.046132461717,0.6411180213799065,2073.0230662308586
SWE,EST,IC3,semigov,F,False,1,4141.491703280906,0.39439059586580943,2070.745851640453
HEALTH,RUH,IC3,private,M,False,2,4139.818557087554,0.3048149643765579,2069.909278543777
EDU,RUH,M1,mnc,F,True,3,4139.566566690257,0.34093152261706844,2069.7832833451284
PM,JED,IC4,semigov,F,False,1,4139.335571156556,0.2537867549354767,2069.667785578278
HR,QAS,IC3,mnc,F,False,1,4135.8198552984895,0.7828366297374448,2067.9099276492448
OPS,EST,M1,private,F,True,1,4135.7614010610905,0.429192302014922,2067.8807005305453
SUPPLY,EST,M1,semigov,M,False,1,4135.197844243838,0.341395820577533,2067.598922121919
HEALTH,EST,IC3,public,M,False,1,4131.536722099869,0.31369912805096506,2065.7683610499344
ENG_CIVIL,EST,M1,public,M,False,1,4129.314491331184,0.2585316776627351,2064.657245665592
SALES,JAZ,M3,semigov,M,True,1,4128.550645871066,0.14879429430782998,2064.275322935533
MARKETING,JED,IC5,public,F,False,1,4126.895090761656,0.22050951392962304,2063.447545380828
HEALTH,EST,IC3,pif_backed,M,True,1,4121.310990561398,0.258872090692074,2060.655495280699
HR,JED,IC4,mnc,F,False,1,4116.880979676707,0.4820201383786359,2058.4404898383536
PM,RUH,IC4,public,M,False,1,4098.176934785211,0.2623491419789932,2049.0884673926057
SALES,RUH,M3,semigov,M,True,1,4097.148400990969,0.09374218426229311,2048.5742004954845
HR,TAB,IC4,public,F,True,1,4095.596606942351,0.7214621982353352,2047.7983034711756
ENG_MECH,JED,M2,private,M,True,2,4093.065307879726,0.19953956627709768,2046.532653939863
OPS,RUH,M1,private,F,False,1,4089.204141442704,0.4698722412835759,2044.602070721352
EDU,JED,IC5,semigov,M,True,1,4086.739063865243,0.43029901361474704,2043.3695319326216
DATA,RUH,M1,semigov,M,True,1,4085.7973089970874,0.1706441324907798,2042.8986544985437
MARKETING,RUH,IC3,public,F,True,1,4081.589410548362,0.27828519059873896,2040.794705274181
MARKETING,RUH,IC4,private,M,False,4,4078.774413843599,0.5773229466643268,2039.3872069217996
ENG_MECH,RUH,IC4,public,M,True,2,4071.1204627362204,0.21670838337563555,2035.5602313681102
ENG_MECH,EST,IC4,private,F,False,1,4069.759622481739,0.18278961614975345,2034.8798112408695
SWE,EST,IC5,private,F,True,1,4062.075521344548,0.13587581814468894,2031.037760672274
ENG_CIVIL,MAD,IC4,private,M,False,2,4055.1339235410805,0.3391675236503098,2027.5669617705403
HR,ASR,M1,semigov,F,False,1,4053.9025838390335,0.4584799434338229,2026.9512919195167
SALES,RUH,IC2,pif_backed,M,True,1,4053.271960870705,0.47458644327248367,2026.6359804353524
FIN,RUH,IC2,semigov,F,False,1,4046.2656141310563,0.5225998104157995,2023.1328070655281
EDU,JAZ,IC3,private,M,False,1,4042.1231838525127,0.358121380475317,2021.0615919262564
SALES,EST,IC3,mnc,M,True,1,4041.468982585984,0.25287724660372796,2020.734491292992
HEALTH,RUH,IC3,startup,F,False,1,4037.1738802448735,0.6208362367356944,2018.5869401224368
HEALTH,MAK,IC2,semigov,F,True,2,4027.6079986102563,0.9237160768751977,2013.8039993051282
CUSTOMER,RUH,M4,mnc,F,False,1,4027.160290347756,0.4154255585737819,2013.580145173878
ENG_CIVIL,RUH,M4,semigov,M,False,1,4020.388894292817,0.1543428488508834,2010.1944471464085
EDU,EST,IC5,semigov,F,True,1,4017.928805106276,0.20957810861566337,2008.964402553138
DESIGN,RUH,M3,private,M,True,1,4015.7606571035067,0.10389751868063779,2007.8803285517533
MARKETING,JED,IC4,semigov,F,False,1,4011.598597886914,0.3927060760887293,2005.799298943457
HEALTH,MAK,IC4,private,M,True,1,4010.20338837242,0.41713293262577794,2005.10169418621
CUSTOMER,RUH,M5,private,F,True,1,4006.4104363673614,0.20640311851958085,2003.2052181836807
PM,RUH,IC3,mnc,M,False,1,4004.638042143368,0.17526090379531561,2002.319021071684
SALES,HAI,M1,startup,F,True,1,4003.849186722766,0.42283000376197344,2001.924593361383
CUSTOMER,JED,IC4,semigov,F,False,1,4002.1577375587094,0.33885548387948916,2001.0788687793547
SWE,EST,IC4,semigov,F,True,1,3998.9355184077613,0.12148364693797219,1999.4677592038806
HEALTH,QAS,IC4,public,F,True,1,3997.830528921634,0.5165135702215152,1998.915264460817
OPS,BAH,IC4,public,M,False,1,3997.4221140559875,0.28923525461562527,1998.7110570279938
ENG_MECH,RUH,IC4,private,M,False,2,3992.992765602398,0.467469834831911,1996.496382801199
CUSTOMER,TAB,IC6,private,M,True,1,3992.2057483168355,0.7878415297224808,1996.1028741584178
SALES,MAK,IC3,public,F,True,1,3988.318713878378,0.38209496560925554,1994.159356939189
HEALTH,JAZ,IC2,private,M,False,1,3986.4547617591074,1.5423338047344584,1993.2273808795537
ENG_MECH,EST,IC3,semigov,F,True,1,3983.16658596205,0.3135973844066069,1991.583292981025
HEALTH,RUH,M1,semigov,F,True,1,3981.0517695799717,0.1883537204499978,1990.5258847899859
HEALTH,RUH,IC4,pif_backed,M,False,1,3980.3060277883305,0.33125463681623274,1990.1530138941653
HR,JED,IC2,private,F,True,1,3978.186440070598,0.2886360113555751,1989.093220035299
ENG_CIVIL,RUH,M4,public,M,True,1,3977.9617312179216,0.11675646741714546,1988.9808656089608
OPS,RUH,M3,private,F,True,1,3977.619047381744,0.18045676754469292,1988.809523690872
FIN,JED,IC3,public,M,True,3,3977.533260772165,0.32328171569296665,1988.7666303860824
HEALTH,JED,IC5,private,F,False,1,3965.5825745035036,0.41767815327047175,1982.7912872517518
DATA,RUH,M3,private,M,True,1,3957.4665982774095,0.08892366068551025,1978.7332991387048
LEGAL,MAK,M1,private,F,True,2,3955.3127894577538,0.2815635474837309,1977.6563947288769
SALES,QAS,M5,private,M,True,1,3954.2526776890154,0.19023790138228855,1977.1263388445077
ENG_CIVIL,JAZ,IC5,public,M,False,1,3948.8859396738617,0.5799628630451884,1974.4429698369308
HEALTH,RUH,IC2,mnc,F,False,1,3943.8705953662757,0.8683936602025898,1971.9352976831378
SALES,EST,IC6,private,F,True,1,3942.9094427767595,0.14961258226990454,1971.4547213883798
CUSTOMER,RUH,IC4,private,M,True,2,3938.0812515554526,0.4610631866125407,1969.0406257777263
SALES,JED,M2,semigov,M,True,1,3937.7439986717873,0.12959167079705664,1968.8719993358936
SUPPLY,EST,IC6,private,M,False,1,3930.557133852939,0.35488723624040236,1965.2785669264695
ENG_CIVIL,JED,IC4,semigov,M,False,2,3929.13393692952,0.2783138643673547,1964.56696846476
EDU,MAK,IC4,semigov,M,True,1,3926.6571371246073,0.6466496501536659,1963.3285685623036
EDU,RUH,IC5,private,F,True,6,3926.101491297805,0.2376677436725437,1963.0507456489024
HEALTH,RUH,IC4,private,M,False,4,3926.073977327655,0.25813570316905343,1963.0369886638275
DESIGN,JED,IC3,semigov,F,True,2,3922.0061583676693,0.27370126498843206,1961.0030791838346
ENG_MECH,MAK,IC4,private,M,True,1,3919.4932633839326,0.2511195011419683,1959.7466316919663
SWE,RUH,M1,startup,M,False,1,3917.2701840555437,0.297412468600401,1958.6350920277719
EDU,RUH,M1,pif_backed,F,True,1,3914.9821086340016,0.2729098674365805,1957.4910543170008
OPS,QAS,IC3,mnc,M,True,1,3912.9297786108255,0.29083722029629994,1956.4648893054127
EDU,RUH,M2,mnc,F,True,1,3912.1028856553203,0.18426779197953705,1956.0514428276601
OPS,MAK,IC1,mnc,M,True,1,3903.7059195921884,0.3067094541505683,1951.8529597960942
MARKETING,RUH,M3,mnc,F,False,2,3899.2816677653973,0.11029707390858917,1949.6408338826986
DESIGN,RUH,IC5,private,F,True,1,3894.185048403282,0.45414719645694346,1947.092524201641
HEALTH,RUH,IC4,public,F,False,4,3888.260193594724,0.20178701676865368,1944.130096797362
OPS,EST,IC4,semigov,M,False,1,3885.7991117449674,0.5632890929569231,1942.8995558724837
ENG_CIVIL,EST,M1,private,M,True,1,3872.671501220635,0.22364390313489735,1936.3357506103175
HR,QAS,IC6,pif_backed,M,True,1,3872.598921399338,0.1391222114351886,1936.299460699669
SWE,EST,M1,private,M,True,2,3871.7054258358185,0.11352086865004538,1935.8527129179092
DESIGN,RUH,IC2,public,F,True,1,3869.3921731880346,0.39141386057287253,1934.6960865940173
DATA,MAK,IC3,private,M,False,1,3865.160777568406,0.3363293486766583,1932.580388784203
PM,RUH,IC6,semigov,M,False,1,3865.1423515252172,0.1477538741063023,1932.5711757626086
OPS,RUH,M1,pif_backed,M,False,1,3862.7472584649277,0.4501370145054202,1931.3736292324638
SUPPLY,EST,IC5,public,F,True,1,3857.0163699252544,0.483086576954132,1928.5081849626272
HEALTH,RUH,IC4,mnc,M,False,3,3856.683217820811,0.25755935824903387,1928.3416089104055
ENG_CIVIL,JED,IC3,mnc,M,False,2,3849.4657715242324,0.3468314593363069,1924.7328857621162
ENG_CIVIL,EST,IC3,private,M,True,1,3848.8938121816827,0.22123881127743694,1924.4469060908414
SALES,RUH,IC4,public,M,True,2,3846.8142726151636,0.2647386177975153,1923.4071363075818
LEGAL,JED,IC2,public,M,True,1,3837.8701882565265,0.7661658248652031,1918.9350941282632
SUPPLY,RUH,IC4,private,F,False,1,3831.57137730698,0.31856544519404406,1915.78568865349
ENG_ELEC,RUH,IC2,semigov,M,True,1,3821.1650158890916,0.286157781821722,1910.5825079445458
DATA,ASR,IC3,semigov,M,True,1,3819.961796643198,0.39356299612029527,1909.980898321599
SALES,MAK,M3,public,M,True,1,3817.0691130345767,0.24694680505235972,1908.5345565172884
ENG_CIVIL,RUH,M3,startup,M,False,1,3814.575891664972,0.24327543765206228,1907.287945832486
CUSTOMER,EST,IC3,private,F,True,1,3813.9238394653803,0.6210236901439228,1906.9619197326901
HEALTH,RUH,D1,startup,F,True,1,3813.53508916435,0.13429950218481113,1906.767544582175
DESIGN,HAI,IC4,pif_backed,M,True,1,3811.474702101277,0.15691002333396087,1905.7373510506386
SWE,EST,IC3,private,M,False,1,3809.112308956761,0.2881218705930537,1904.5561544783804
SWE,RUH,IC6,private,M,False,1,3808.8314919402837,0.09402771661622215,1904.4157459701419
ENG_CIVIL,ASR,IC6,public,M,True,1,3805.6593742361656,0.2287894998846431,1902.8296871180828
PM,RUH,IC3,private,F,True,1,3805.2049409772662,0.22249394626737634,1902.6024704886331
PM,HAI,M3,pif_backed,M,True,1,3805.095053255718,0.12544998670545962,1902.547526627859
EDU,RUH,M3,private,F,True,4,3796.8324814053058,0.16657800469570871,1898.4162407026529
DESIGN,RUH,M2,private,F,False,1,3796.282787945245,0.14239310577433967,1898.1413939726226
DATA,RUH,IC4,semigov,M,True,3,3795.2618287096097,0.18993880067970229,1897.6309143548049
ENG_CIVIL,HAI,IC6,public,F,False,1,3784.7428709308424,0.43256873806278817,1892.3714354654212
ENG_ELEC,RUH,IC3,public,M,True,3,3781.8759483857434,0.4555124686651028,1890.9379741928717
SALES,QAS,IC5,semigov,M,False,1,3778.761548504319,0.521364539248895,1889.3807742521594
EDU,JED,M2,public,M,True,1,3776.698556705549,0.3934983258269437,1888.3492783527745
CUSTOMER,EST,IC3,mnc,M,False,1,3768.4055633282514,0.40313805814151227,1884.2027816641257
SALES,RUH,M1,private,M,False,3,3766.6989405514055,0.6164559816396705,1883.3494702757027
FIN,QAS,IC4,mnc,M,True,1,3755.9037654565473,0.17190977917341807,1877.9518827282736
SALES,NJR,IC5,startup,M,True,1,3755.390415716247,0.2210618823988429,1877.6952078581235
SALES,RUH,IC4,private,F,False,1,3752.2393879650754,0.37194229195459216,1876.1196939825377
EDU,RUH,IC4,public,M,False,1,3749.2177401994013,0.27388863776619504,1874.6088700997007
FIN,RUH,IC2,public,M,True,1,3747.2128097398245,0.3737700362317726,1873.6064048699122
ENG_ELEC,EST,IC4,semigov,M,True,1,3745.89623118447,0.29111342945040286,1872.948115592235
ENG_CIVIL,JED,IC4,mnc,M,False,1,3744.497005831352,0.2456097190445156,1872.248502915676
HEALTH,MAD,IC2,pif_backed,M,True,1,3743.3316175243044,0.726911321475735,1871.6658087621522
EDU,MAK,IC5,private,M,True,1,3741.8682822457686,0.3644224919746092,1870.9341411228843
MARKETING,JED,M3,mnc,M,True,1,3739.94952273988,0.2620443605568784,1869.97476136994
EDU,JED,IC5,public,F,True,1,3731.7523422607737,0.370559822995376,1865.8761711303869
FIN,RUH,M1,private,F,False,1,3728.262827418681,0.8491233390921491,1864.1314137093404
SALES,RUH,IC4,semigov,M,True,2,3721.7336769197536,0.12764764130618744,1860.8668384598768
HEALTH,TAB,IC4,private,F,False,1,3720.9547588069145,0.26842144907554805,1860.4773794034572
FIN,EST,IC4,mnc,M,False,1,3711.379891670673,0.21757325955812545,1855.6899458353364
SALES,EST,VP,public,M,False,1,3708.2939314862015,0.10060351714047677,1854.1469657431007
ENG_CIVIL,NJR,IC3,private,M,True,1,3706.152880645637,0.7340399210624002,1853.0764403228186
SWE,RUH,IC2,private,M,True,2,3705.655612944078,0.26207862144338795,1852.827806472039
ENG_CIVIL,RUH,M3,private,M,False,2,3702.6754478707735,0.20481016812277908,1851.3377239353867
MARKETING,TAB,IC2,private,F,False,1,3699.868413391986,0.8926638309649523,1849.934206695993
MARKETING,TAB,D1,public,M,False,1,3699.851553378183,0.13047824499642344,1849.9257766890914
SWE,EST,IC3,semigov,M,False,2,3697.6325842646766,0.3186109986089939,1848.8162921323383
ENG_CIVIL,JAZ,D1,private,M,False,1,3693.1629459203577,0.2114394968454572,1846.5814729601789
DATA,RUH,IC1,public,M,True,1,3692.0868989946657,0.36097203011627343,1846.0434494973329
SUPPLY,JED,IC4,semigov,F,True,1,3690.759007985911,0.3242411337835385,1845.3795039929555
SWE,JED,IC2,semigov,M,False,1,3681.0202334265396,0.23827424842569228,1840.5101167132698
SALES,QAS,IC3,public,M,False,1,3680.6030877233397,0.38148871141411067,1840.3015438616699
CUSTOMER,NJR,M1,pif_backed,F,False,1,3676.7309946984224,0.8105060455562022,1838.3654973492112
SUPPLY,JED,IC4,public,M,True,1,3665.899379082908,0.26489166884040655,1832.949689541454
LEGAL,MAK,IC1,public,M,True,1,3664.283652055511,0.7378698179542836,1832.1418260277555
OPS,JED,IC3,private,M,True,2,3659.158318370175,0.23805910912850098,1829.5791591850875
MARKETING,RUH,IC6,private,F,True,2,3658.639896861281,0.10988088779792911,1829.3199484306406
ENG_MECH,EST,IC3,public,M,False,3,3654.366243858925,0.4033009644841492,1827.1831219294625
HR,JED,IC6,public,M,True,1,3652.527637968029,0.1446663051046928,1826.2638189840145
HR,RUH,IC5,public,F,True,3,3651.9377350474065,0.40818427543487235,1825.9688675237032
SUPPLY,EST,IC4,semigov,M,True,1,3650.05006255877,0.1557968242025028,1825.025031279385
ENG_ELEC,RUH,M2,private,M,True,2,3637.733661218488,0.15301629369382488,1818.866830609244
SWE,MAD,IC4,private,M,False,1,3636.275806491809,0.32370532644415023,1818.1379032459045
OPS,TAB,IC2,semigov,M,True,1,3635.9769943596075,0.7569070273224365,1817.9884971798037
MARKETING,RUH,IC3,private,F,True,3,3626.2021732893686,0.6583818369813689,1813.1010866446843
HEALTH,JED,IC4,private,M,False,4,3624.5455741010906,0.16918176313692943,1812.2727870505453
DATA,ASR,IC3,private,F,True,1,3620.4653661142747,0.3727922739067907,1810.2326830571374
SALES,JED,IC5,mnc,M,True,1,3610.3879987256405,0.4353972480937608,1805.1939993628203
HEALTH,EST,M2,public,M,True,1,3606.5708938018597,0.3028227829930427,1803.2854469009299
ENG_MECH,JED,M3,private,M,False,2,3585.497584437344,0.17016382898074167,1792.748792218672
SALES,MAK,IC6,semigov,M,False,1,3584.036000150365,0.3249944913035254,1792.0180000751825
MARKETING,RUH,IC6,startup,M,False,1,3583.0076570296114,0.21197327929769205,1791.5038285148057
FIN,RUH,IC4,semigov,M,True,1,3582.0319559722593,0.18299331666410856,1791.0159779861297
SUPPLY,ASR,IC4,pif_backed,F,False,1,3581.891327419472,0.6663711117720711,1790.945663709736
HR,RUH,D2,private,F,False,1,3580.932212511121,0.10871514279450632,1790.4661062555606
SALES,EST,M2,private,M,False,1,3579.3958290827723,0.11572633373939566,1789.6979145413861
MARKETING,JED,IC4,private,F,True,3,3577.789210308137,0.20606552644717524,1788.8946051540686
ENG_CIVIL,RUH,IC3,semigov,F,False,1,3575.526463393575,0.2979175888304082,1787.7632316967874
MARKETING,MAK,IC3,private,M,True,1,3573.099303549053,0.8932748258872633,1786.5496517745264
ENG_CIVIL,EST,IC5,private,M,False,2,3570.0538402943303,0.1818128538964319,1785.0269201471651
LEGAL,RUH,IC3,private,M,False,2,3569.3394071488,0.3044392957085564,1784.6697035744
HR,RUH,IC5,public,M,True,1,3568.907722458791,0.34106077732702267,1784.4538612293954
FIN,MAK,IC4,private,F,False,1,3562.559048033376,0.5288779730663986,1781.279524016688
OPS,JED,D1,pif_backed,M,False,1,3560.243686408161,0.1396560102462901,1780.1218432040805
MARKETING,HAI,IC4,private,F,False,1,3558.8855758736117,0.43669504550211874,1779.4427879368059
ENG_ELEC,EST,IC6,public,F,True,1,3554.6550208184563,0.12981778536822366,1777.3275104092281
EDU,JED,M1,private,F,True,1,3547.3053179270228,0.24385770150914937,1773.6526589635114
HEALTH,JED,IC6,private,M,False,1,3545.7799469007314,0.1913432551040571,1772.8899734503657
SWE,EST,M2,private,M,False,1,3542.284363704697,0.19883595238562643,1771.1421818523486
HEALTH,QAS,IC3,semigov,M,True,1,3530.7119948722348,0.6868381265885493,1765.3559974361174
OPS,RUH,IC3,public,M,False,2,3527.7640872519105,0.47768453079405676,1763.8820436259552
SWE,EST,IC3,private,F,True,3,3527.660613031137,0.2729524721902812,1763.8303065155685
CUSTOMER,RUH,IC6,pif_backed,F,False,1,3527.3038349756735,0.33916513476741006,1763.6519174878367
SWE,RUH,M1,private,F,False,1,3527.2221524444467,0.1715615864602049,1763.6110762222233
DATA,QAS,IC4,private,M,False,1,3510.550986945602,0.19599468647143237,1755.275493472801
MARKETING,JED,M3,startup,F,False,1,3503.5592203083506,0.12255396324486874,1751.7796101541753
ENG_CIVIL,RUH,IC4,pif_backed,M,False,1,3494.3662856075425,0.36494687055953445,1747.1831428037713
SUPPLY,RUH,IC3,private,M,True,1,3491.931378522322,0.615527638213934,1745.965689261161
FIN,QAS,IC3,public,F,False,1,3491.630690785003,0.5298176382967267,1745.8153453925015
OPS,JED,M2,private,F,True,1,3491.159845951779,0.3012100346364273,1745.5799229758895
OPS,JAZ,IC4,private,M,True,3,3487.3906191010087,0.25691231432109407,1743.6953095505044
ENG_MECH,TAB,IC3,semigov,M,True,1,3470.4874551720404,0.2894711891651256,1735.2437275860202
ENG_MECH,EST,IC4,startup,M,True,1,3468.0916506243193,0.20509238083160272,1734.0458253121596
EDU,QAS,IC5,private,M,True,1,3467.850179627305,0.24382536762602441,1733.9250898136524
ENG_ELEC,EST,IC4,public,M,False,1,3466.9957568677564,0.2649741336067217,1733.4978784338782
ENG_MECH,MAD,IC2,private,M,False,1,3466.5494680695874,0.41699439541422023,1733.2747340347937
HEALTH,EST,IC3,startup,M,False,1,3458.2054070877157,0.558980480017023,1729.1027035438578
ENG_CIVIL,EST,IC4,public,M,True,3,3446.901064051619,0.2064427219126468,1723.4505320258095
HEALTH,ASR,IC3,private,M,True,1,3435.0950415728566,0.27576395271384013,1717.5475207864283
ENG_ELEC,EST,IC3,semigov,M,True,1,3434.004787660124,0.3143075438885961,1717.002393830062
FIN,RUH,M2,private,M,False,1,3431.415106374374,0.11454437836980018,1715.707553187187
SUPPLY,JED,IC3,private,F,True,1,3430.9453494307127,0.34300466772012855,1715.4726747153563
SUPPLY,MAK,IC1,private,M,False,1,3430.1950497512044,1.9056639165284468,1715.0975248756022
PM,RUH,IC4,private,F,False,2,3429.4355624148884,0.21511242758023164,1714.7177812074442
CUSTOMER,RUH,IC4,private,F,False,2,3426.9618550407263,0.37816707781701664,1713.4809275203631
FIN,EST,IC2,public,F,False,1,3423.0800384939057,0.8429155475237394,1711.5400192469529
ENG_ELEC,RUH,IC4,public,M,True,2,3416.223031892684,0.22335785463701052,1708.111515946342
MARKETING,RUH,IC3,semigov,M,True,1,3414.1321648717712,0.2344726057367176,1707.0660824358856
SUPPLY,JAZ,IC3,private,M,True,1,3410.27804199586,0.30126982759193366,1705.13902099793
DATA,RUH,IC1,startup,M,True,1,3402.424503748305,0.8506061259370763,1701.2122518741526
LEGAL,EST,IC3,private,M,True,1,3401.5341871247456,0.2062285793091273,1700.7670935623728
OPS,EST,IC4,public,M,False,1,3384.2251496101326,0.3032655466670011,1692.1125748050663
SALES,JED,M3,mnc,F,False,1,3381.3437854575823,0.20557943280543817,1690.6718927287911
ENG_CIVIL,JED,IC4,private,M,False,3,3381.0325901822875,0.2621175171840378,1690.5162950911438
CUSTOMER,EST,M1,private,F,True,2,3375.4111735200595,0.4532616762424596,1687.7055867600297
ENG_MECH,EST,IC4,public,M,False,1,3371.7833481977286,0.262804830572567,1685.8916740988643
FIN,EST,IC3,public,M,False,1,3370.7539953244504,0.21990698093007352,1685.3769976622252
CUSTOMER,RUH,IC4,semigov,F,True,2,3367.9690633015025,0.3161274862508304,1683.9845316507513
EDU,RUH,M2,private,M,False,1,3360.4691707919574,0.17856362278344784,1680.2345853959787
HEALTH,RUH,IC4,semigov,F,False,1,3357.1813365418366,0.36472310315574763,1678.5906682709183
ENG_ELEC,JED,IC6,startup,M,False,1,3352.0249515298565,0.15871645892247177,1676.0124757649282
DESIGN,MAK,IC4,public,M,True,1,3346.6834355286046,0.29313467738371646,1673.3417177643023
SWE,JED,IC4,semigov,M,True,1,3337.7745403210974,0.22474946554906727,1668.8872701605487
PM,QAS,IC4,public,M,True,1,3331.4424659769047,0.2959895645308291,1665.7212329884524
MARKETING,NJR,M2,mnc,F,True,1,3324.0969404500865,0.18202490451090372,1662.0484702250433
ENG_MECH,RUH,IC6,public,M,True,2,3322.698371553628,0.1499773770523756,1661.349185776814
FIN,BAH,IC2,public,M,True,1,3319.1331842880163,0.33739943321284244,1659.5665921440082
SALES,JED,IC4,pif_backed,M,True,1,3314.0089943122857,0.4028127526612779,1657.0044971561429
SALES,RUH,IC5,semigov,F,True,2,3311.012459746873,0.14272508228990569,1655.5062298734365
ENG_MECH,NJR,IC6,mnc,M,False,1,3309.8671280350027,0.22898777308649185,1654.9335640175013
EDU,JED,IC2,pif_backed,F,True,1,3303.2872122311155,0.36090810396386597,1651.6436061155578
EDU,ASR,M2,mnc,F,True,1,3302.5387312412204,0.19131743208622018,1651.2693656206102
HEALTH,RUH,IC6,semigov,F,True,1,3301.248607318892,0.11616502732958761,1650.624303659446
FIN,RUH,D1,pif_backed,F,True,1,3294.6194573946414,0.06701405703167763,1647.3097286973207
MARKETING,EST,IC4,public,F,False,1,3293.2210849708263,0.32048879629363736,1646.6105424854131
CUSTOMER,JED,IC4,startup,F,False,1,3293.068133288084,0.3222924406504911,1646.534066644042
CUSTOMER,EST,IC3,semigov,F,True,1,3292.5055946314096,0.5113642405390258,1646.2527973157048
DATA,EST,IC2,semigov,M,False,1,3289.3463384154384,0.3326345276930739,1644.6731692077192
SWE,EST,IC3,mnc,M,True,1,3289.032080345314,0.24913229336161052,1644.516040172657
PM,EST,IC2,private,M,True,2,3288.1975010862607,0.21917349613662804,1644.0987505431303
ENG_CIVIL,JED,IC3,private,M,True,1,3283.5398342351655,0.2527755966721298,1641.7699171175827
SALES,QAS,IC5,public,M,False,1,3281.655209796143,0.4193417367831682,1640.8276048980715
DESIGN,EST,IC3,private,M,True,1,3273.8031093411446,0.1946231734010777,1636.9015546705723
FIN,RUH,M4,semigov,F,True,1,3268.209092574325,0.06427649500304497,1634.1045462871625
ENG_MECH,RUH,IC5,private,F,True,1,3267.46055893194,0.2292132827408515,1633.73027946597
EDU,EST,VP,semigov,F,False,1,3265.7495020921997,0.0706023888201038,1632.8747510460998
OPS,MAD,IC4,semigov,M,True,1,3260.5635873757637,0.34151467917578926,1630.2817936878819
DATA,JED,IC4,semigov,M,False,1,3258.8692932881568,0.162343766789886,1629.4346466440784
SWE,EST,M2,mnc,F,False,1,3258.331921843652,0.0970872305111176,1629.165960921826
SALES,EST,IC3,semigov,M,True,3,3256.621818818416,0.2943911652850238,1628.310909409208
SUPPLY,MAD,IC3,private,M,False,1,3247.2612535723347,0.3149690152042366,1623.6306267861673
SUPPLY,NJR,IC4,public,M,False,1,3244.477945801288,1.1399973105793622,1622.238972900644
HEALTH,EST,IC5,semigov,M,True,1,3243.821634718195,0.12466211345868362,1621.9108173590976
HR,MAK,IC4,semigov,F,True,1,3240.2553966905716,0.6403616170406897,1620.1276983452858
OPS,HAI,IC6,public,M,True,1,3234.1713344903437,0.3257045565496828,1617.0856672451719
ENG_CIVIL,RUH,IC4,public,M,True,2,3233.0422577014515,0.30991465553572267,1616.5211288507257
SUPPLY,QAS,D1,private,F,False,1,3231.8403857598605,0.1278406748738682,1615.9201928799303
EDU,RUH,IC4,semigov,F,True,3,3228.0790765778324,0.1953454135745606,1614.0395382889162
ENG_ELEC,EST,IC4,mnc,M,False,1,3220.6963782160183,0.34389786714275383,1610.3481891080091
PM,RUH,IC4,pif_backed,F,False,1,3208.909050824175,0.17893378597731482,1604.4545254120876
EDU,RUH,M1,private,F,True,6,3208.866098819641,0.29991109991775855,1604.4330494098206
OPS,TAB,M2,startup,M,False,1,3203.701158196358,0.17467038565717455,1601.850579098179
ENG_MECH,JED,IC4,semigov,M,False,2,3203.3809341635297,0.22473413423675614,1601.6904670817648
FIN,JED,IC5,public,M,True,1,3201.8425359707508,0.1397558968571164,1600.9212679853754
SALES,TAB,IC3,pif_backed,F,False,1,3201.7092621876945,0.27062217157986823,1600.8546310938473
OPS,RUH,IC4,private,M,False,3,3201.3988519717973,0.27795493118240494,1600.6994259858986
DATA,JED,M3,private,M,False,1,3199.7339698044125,0.10527154815683516,1599.8669849022062
SUPPLY,EST,IC2,semigov,M,False,1,3199.543179711459,0.3511308774489617,1599.7715898557294
CUSTOMER,EST,IC3,pif_backed,F,False,1,3195.1512396368234,0.37448503298556785,1597.5756198184117
ENG_ELEC,MAD,IC4,pif_backed,M,True,1,3194.298410749476,0.2009918031917509,1597.149205374738
SALES,ASR,IC1,private,M,False,1,3191.458496867771,1.7036922247140125,1595.7292484338855
SALES,RUH,IC3,mnc,F,True,1,3191.372642601018,0.19982184325559607,1595.686321300509
EDU,ASR,M2,private,F,True,2,3190.2705681877424,0.24064070680590488,1595.1352840938712
EDU,EST,M2,private,F,True,3,3188.196727268085,0.15115684080876343,1594.0983636340425
SALES,QAS,IC4,public,M,True,1,3187.753140999812,0.3430664792282141,1593.876570499906
CUSTOMER,JAZ,IC4,private,F,False,1,3186.9750455771728,1.4518454779589147,1593.4875227885864
CUSTOMER,JED,IC2,semigov,F,True,1,3177.009284190317,0.5735170708274935,1588.5046420951585
MARKETING,RUH,M2,semigov,M,False,1,3176.457554439832,0.14354833051670102,1588.228777219916
SALES,MAD,M1,semigov,F,False,1,3176.4220265814674,0.5529029687747877,1588.2110132907337
SALES,RUH,IC3,mnc,F,False,1,3174.7206170020017,0.2916467426394747,1587.3603085010009
HEALTH,RUH,IC4,private,F,False,10,3173.141267204361,0.2997655663441309,1586.5706336021806
HEALTH,JED,IC1,public,F,False,1,3172.07880261166,0.9056664999119652,1586.03940130583
CUSTOMER,JED,IC3,public,M,True,1,3170.194588020702,0.44630135853406777,1585.097294010351
SALES,JED,IC5,private,F,False,1,3168.447726717246,0.21910203862768332,1584.223863358623
ENG_ELEC,JED,IC5,private,M,True,3,3162.646720965438,0.10463321842426569,1581.323360482719
OPS,NOR,M3,private,M,True,1,3161.8686803190285,0.16911915748840822,1580.9343401595142
DESIGN,JED,IC3,private,M,False,1,3161.4990389074483,0.2013401263324465,1580.7495194537241
OPS,MAD,IC5,private,M,True,1,3159.0685385942506,0.3793569611025551,1579.5342692971253
FIN,EST,IC3,pif_backed,M,False,2,3155.8562138258403,0.2613874275318298,1577.9281069129202
OPS,RUH,IC6,semigov,M,False,1,3155.6803522401824,0.1443128463443071,1577.8401761200912
SUPPLY,JED,IC3,private,M,True,1,3151.10229959793,0.7533764081053903,1575.551149798965
DATA,JED,IC1,private,M,True,1,3146.8912731416804,0.7867228182854201,1573.4456365708402
FIN,EST,IC5,public,M,True,3,3146.6239764970182,0.15935042818485734,1573.3119882485091
MARKETING,RUH,IC3,mnc,M,True,1,3139.221089616938,0.1424978115991558,1569.610544808469
SWE,EST,IC5,private,M,True,3,3135.9843289915975,0.10448583295324253,1567.9921644957988
CUSTOMER,TAB,M2,public,M,False,1,3133.215447404982,0.2749457208123883,1566.607723702491
ENG_CIVIL,RUH,M2,private,M,True,1,3132.998918109144,0.23514904672728737,1566.499459054572
FIN,JED,IC4,private,M,False,1,3132.2858418693286,0.16949919732621171,1566.1429209346643
SUPPLY,EST,IC3,private,M,True,1,3132.0623651916867,0.3142832853380221,1566.0311825958433
HR,EST,IC4,public,F,True,1,3126.4291734144317,0.19947535952408316,1563.2145867072159
SALES,JED,IC4,mnc,M,False,1,3126.0724196418887,0.4769833288029443,1563.0362098209444
ENG_CIVIL,MAD,M3,pif_backed,M,False,1,3119.9544372083656,0.251062156269835,1559.9772186041828
ENG_MECH,JED,M2,public,M,True,1,3118.964551419118,0.19458466721645423,1559.482275709559
CUSTOMER,NJR,M3,semigov,F,False,1,3116.6328840519755,0.535015798996444,1558.3164420259877
HEALTH,RUH,M1,pif_backed,M,True,1,3103.5325214859367,0.1739119909470294,1551.7662607429684
OPS,TAB,IC2,private,M,False,1,3103.2515127428132,1.7240286181904518,1551.6257563714066
SALES,NJR,IC4,private,F,True,1,3097.733260829875,0.21476615033052257,1548.8666304149374
LEGAL,MAK,M1,public,M,False,1,3095.3496692466124,0.23678710227868355,1547.6748346233062
PM,MAK,M1,private,M,True,1,3095.1110392603878,0.12118894182788607,1547.5555196301939
ENG_CIVIL,RUH,IC4,public,M,False,1,3093.440867287266,0.4265720611384205,1546.720433643633
SWE,RUH,IC4,private,M,True,2,3079.310860213757,0.14726795940399223,1539.6554301068786
MARKETING,QAS,IC4,private,M,False,1,3070.9303323860404,0.2523190986627064,1535.4651661930202
HEALTH,JED,VP,mnc,F,True,1,3067.5404998236336,0.05148814294201519,1533.7702499118168
EDU,TAB,IC4,pif_backed,F,False,1,3066.687033861439,0.46854271459543223,1533.3435169307195
ENG_MECH,RUH,M3,mnc,M,True,1,3065.3021565586387,0.06773786145710305,1532.6510782793193
MARKETING,EST,M2,semigov,F,True,1,3060.036523219049,0.13171860262947865,1530.0182616095244
EDU,RUH,M2,pif_backed,M,True,1,3057.988967949219,0.1847507558284131,1528.9944839746095
SUPPLY,EST,IC4,private,F,False,2,3056.932809746253,0.42734195467627356,1528.4664048731265
FIN,RUH,IC4,private,M,False,2,3055.8494902309103,0.24615696024859224,1527.9247451154552
HEALTH,RUH,IC2,startup,F,True,1,3052.5286583552006,0.6112991980300831,1526.2643291776003
DESIGN,NJR,IC4,private,F,False,1,3041.1064614168954,0.29038917676136167,1520.5532307084477
CUSTOMER,ASR,IC3,private,M,True,1,3040.277259151194,0.42048767407863424,1520.138629575597
OPS,RUH,IC3,public,F,False,2,3036.5661714778134,0.5376540931621211,1518.2830857389067
HEALTH,TAB,M2,public,M,False,1,3035.67328093594,0.24184295890664542,1517.83664046797
HEALTH,MAK,IC2,private,F,True,1,3029.1931686402595,0.7572982921600648,1514.5965843201298
CUSTOMER,JED,M3,private,F,True,1,3023.2876259880104,0.10635855380157874,1511.6438129940052
EDU,MAD,IC6,public,F,True,1,3021.312389545361,0.2223549517283797,1510.6561947726805
FIN,NJR,IC5,semigov,F,True,1,3021.088598414597,0.13112790557047635,1510.5442992072985
SWE,QAS,IC4,private,M,False,1,3012.1023937211103,0.2261937580846208,1506.0511968605551
FIN,HAI,M4,public,M,True,1,3005.0852476095206,0.13948517032069635,1502.5426238047603
EDU,TAB,IC3,public,F,False,1,3004.4750378811977,0.310174898789043,1502.2375189405989
MARKETING,JED,IC5,semigov,M,False,1,3004.398172645546,0.19923395100353428,1502.199086322773
ENG_ELEC,RUH,IC5,private,M,False,1,3003.2514923709823,0.23056849547814828,1501.6257461854912
SWE,JAZ,IC3,private,M,False,1,3002.547638574253,0.2159498758675979,1501.2738192871266
HEALTH,JED,IC3,private,F,True,2,3001.0471331359504,0.21247907354593815,1500.5235665679752
ENG_MECH,JED,IC4,semigov,M,True,1,2998.8395940251557,0.1943308346126431,1499.4197970125779
ENG_MECH,MAD,IC4,private,M,False,1,2998.223733576895,0.2127957294684404,1499.1118667884475
CUSTOMER,EST,IC5,public,F,True,1,2996.6941739878202,0.2616781923926412,1498.3470869939101
EDU,ASR,D2,public,F,True,1,2996.1498325826906,0.13479691190961549,1498.0749162913453
SUPPLY,EST,M2,private,F,False,1,2996.0863241456973,0.1378351272612957,1498.0431620728486
HEALTH,JED,IC4,semigov,F,False,1,2995.6242501535544,0.1772145576802541,1497.8121250767772
ENG_MECH,TAB,IC4,private,M,True,1,2992.9418471169647,0.24729395395574438,1496.4709235584824
CUSTOMER,QAS,IC2,private,F,True,1,2988.0810997341578,0.28956771463180037,1494.0405498670789
FIN,RUH,M1,mnc,F,True,2,2984.3457977245416,0.10911672158757786,1492.1728988622708
HEALTH,QAS,IC3,public,M,False,1,2984.3133817414987,0.8242024336113064,1492.1566908707493
MARKETING,EST,IC3,semigov,F,False,2,2979.7154755457173,0.2101806961684931,1489.8577377728586
SWE,RUH,IC6,pif_backed,M,False,1,2979.6958561656174,0.09349045064378879,1489.8479280828087
SWE,EST,IC6,pif_backed,M,False,1,2978.5341457637696,0.07809025556375274,1489.2670728818848
SALES,JED,M4,semigov,M,True,1,2978.164064631652,0.11025426923481725,1489.082032315826
MARKETING,BAH,IC3,private,M,False,1,2973.8098319753026,0.5102195992401639,1486.9049159876513
ENG_ELEC,JED,IC6,mnc,M,False,1,2972.427408198244,0.13181215691188145,1486.213704099122
HR,RUH,IC4,mnc,M,True,1,2971.5031398650117,0.21233166863754252,1485.7515699325058
HEALTH,MAK,IC3,mnc,F,False,1,2970.0289447879322,0.5230019924575627,1485.0144723939661
ENG_MECH,MAK,IC4,private,F,False,1,2969.090341569783,0.21342182928856163,1484.5451707848915
LEGAL,EST,IC2,private,F,False,1,2968.304948733772,0.31631957662861976,1484.152474366886
ENG_MECH,TAB,IC3,public,M,False,1,2961.8480220516212,0.26363251391677445,1480.9240110258106
OPS,TAB,M2,semigov,M,False,1,2959.518836191339,0.21762080000348094,1479.7594180956694
OPS,QAS,IC3,private,M,True,1,2957.8618061490115,0.5768612457409173,1478.9309030745057
CUSTOMER,QAS,D1,private,M,False,1,2956.825874259828,0.18119837422087332,1478.412937129914
SALES,JED,IC4,mnc,F,True,1,2953.701465268172,0.14138523017717408,1476.850732634086
SWE,EST,IC1,mnc,M,True,1,2950.1652110386813,0.26574521694753145,1475.0826055193406
SWE,TAB,IC6,private,M,False,1,2948.8807076631165,0.1045519968737056,1474.4403538315582
HEALTH,MAK,IC3,public,M,False,1,2948.103674551937,0.48113766361890553,1474.0518372759684
SWE,JED,IC3,private,M,False,1,2944.699664531545,0.14471335304968647,1472.3498322657724
CUSTOMER,JED,IC3,mnc,F,True,1,2944.5570122027075,0.19514942690357026,1472.2785061013537
SWE,EST,IC1,public,M,True,1,2944.035087470761,0.5231635892914027,1472.0175437353805
HEALTH,JED,IC2,public,M,False,1,2939.596629685396,0.3149332742326086,1469.798314842698
DESIGN,JED,IC3,private,M,True,2,2937.095924303163,0.22405079483337767,1468.5479621515815
SWE,JED,IC2,semigov,M,True,3,2932.882866112563,0.19856536642654313,1466.4414330562815
SWE,JED,IC2,private,M,False,1,2930.873653317145,0.21079765309863938,1465.4368266585725
SWE,MAK,IC3,pif_backed,M,False,1,2929.6700000830588,0.18076917619100868,1464.8350000415294
ENG_ELEC,ASR,IC4,semigov,M,True,1,2929.4747382271325,0.20251332563878366,1464.7373691135663
CUSTOMER,RUH,IC5,private,M,False,1,2919.7781825135644,0.4649565236626013,1459.8890912567822
SWE,MAD,M2,mnc,M,False,1,2919.380328043724,0.15209763865411513,1459.690164021862
FIN,JAZ,IC5,public,F,True,1,2918.8556608019317,0.18280597313464378,1459.4278304009658
ENG_ELEC,QAS,IC3,startup,M,False,1,2914.922842590133,0.2546691609403292,1457.4614212950664
FIN,RUH,M1,public,F,True,1,2912.943390581526,0.23947721679657652,1456.471695290763
SALES,RUH,IC4,pif_backed,M,False,1,2912.1772977994697,0.2174089224654007,1456.0886488997348
ENG_ELEC,EST,M3,public,M,False,1,2909.902653815894,0.09390169273356953,1454.951326907947
OPS,RUH,IC2,semigov,M,True,1,2903.365767234769,0.37153237698744385,1451.6828836173845
EDU,EST,M2,public,F,True,1,2901.7493481556285,0.1519113240857116,1450.8746740778142
FIN,JAZ,IC3,semigov,F,True,1,2900.13677831299,0.3109486035113008,1450.068389156495
ENG_ELEC,QAS,IC3,mnc,M,True,1,2895.199088407414,0.4374483013074822,1447.599544203707
FIN,NJR,IC4,public,F,False,1,2894.0633330049386,0.2542034736579236,1447.0316665024693
SUPPLY,MAK,IC6,private,M,False,1,2892.9440958732757,0.2027947447508076,1446.4720479366379
OPS,JAZ,IC4,mnc,M,True,1,2892.185311426405,0.37706581690095814,1446.0926557132025
ENG_CIVIL,TAB,M3,public,M,False,1,2891.7526335305556,0.15987442445704972,1445.8763167652778
HR,RUH,IC4,mnc,M,False,2,2890.2750802899864,0.1863727641561464,1445.1375401449932
HEALTH,NJR,IC3,private,M,False,1,2889.1062637526375,0.28799135796065334,1444.5531318763187
EDU,MAK,IC5,pif_backed,M,True,1,2889.1027411981286,0.1987499452200328,1444.5513705990643
SWE,ASR,IC4,private,M,False,1,2886.2720541100243,0.3339224500736994,1443.1360270550122
SWE,RUH,IC1,pif_backed,M,False,1,2885.8547664906782,0.6298600022023682,1442.9273832453391
OPS,EST,IC1,pif_backed,M,True,1,2885.697923401667,0.7214244808504168,1442.8489617008336
SUPPLY,HAI,IC4,private,F,True,1,2883.2817227977675,0.29794586479537133,1441.6408613988838
EDU,NJR,IC4,private,F,True,3,2877.3515893723074,0.22135175185137568,1438.6757946861537
ENG_MECH,JED,IC3,public,M,False,2,2874.0190222002725,0.3975129132992934,1437.0095111001363
SWE,JED,IC4,semigov,F,True,1,2868.7802115856575,0.09788132324894187,1434.3901057928288
EDU,EST,IC4,private,M,True,1,2867.8143408893366,0.3969463521465055,1433.9071704446683
HR,EST,M1,public,M,False,1,2866.682534275833,0.17841874570713387,1433.3412671379165
HR,JED,M2,public,F,True,2,2865.8776150437325,0.24242018688162453,1432.9388075218662
ENG_CIVIL,RUH,IC4,mnc,M,True,1,2864.8015717710496,0.17176325677124166,1432.4007858855248
CUSTOMER,TAB,IC2,semigov,F,False,1,2864.652720278258,0.2705670242499245,1432.326360139129
PM,EST,M1,public,M,False,1,2854.404435845154,0.13227223625854928,1427.202217922577
DESIGN,RUH,M2,private,M,True,1,2849.939097184415,0.09798955846283125,1424.9695485922075
MARKETING,QAS,IC5,private,M,False,1,2848.5669045157265,0.1247613299554499,1424.2834522578632
HEALTH,RUH,M2,startup,F,False,1,2848.133041235811,0.13494922304699078,1424.0665206179056
SALES,RUH,IC5,pif_backed,M,False,2,2845.0234752499055,0.19808865572202747,1422.5117376249527
FIN,RUH,M4,public,F,False,1,2840.1366082974637,0.10807821473642033,1420.0683041487318
HEALTH,EST,D2,private,F,False,1,2838.9630348011633,0.06230073839737686,1419.4815174005817
CUSTOMER,TAB,M1,startup,F,True,1,2838.233117605527,0.18585187012689844,1419.1165588027634
FIN,RUH,IC3,private,F,True,2,2837.7839515429696,0.420009339026484,1418.8919757714848
DATA,MAD,IC3,public,M,True,1,2832.5061957279213,0.263808954837116,1416.2530978639606
ENG_ELEC,HAI,IC2,startup,M,True,1,2820.6091405613497,0.2507854594127686,1410.3045702806749
EDU,ASR,IC3,semigov,F,True,1,2819.6181069339837,0.27141411534294096,1409.8090534669918
SALES,RUH,D1,pif_backed,F,True,1,2816.521175552385,0.05229404490240193,1408.2605877761926
LEGAL,RUH,IC6,public,M,True,1,2815.905951847344,0.12778540192924936,1407.952975923672
MARKETING,RUH,IC4,semigov,M,True,1,2814.920105770183,0.15948212479109133,1407.4600528850915
SALES,EST,M1,startup,M,False,1,2807.5892730001906,0.1551610347903467,1403.7946365000953
OPS,RUH,IC3,private,F,True,2,2804.5747176436707,0.1917115588018609,1402.2873588218354
CUSTOMER,RUH,IC5,public,F,True,1,2803.281709425184,0.14127813419848131,1401.640854712592
DESIGN,MAK,M1,private,M,True,1,2790.7756325372247,0.23196462089206124,1395.3878162686124
SWE,RUH,IC1,public,F,False,1,2784.359194841304,1.0127741466155389,1392.179597420652
EDU,HAI,M1,pif_backed,F,True,1,2782.6630711131475,0.3585989199637553,1391.3315355565737
FIN,MAD,IC4,semigov,F,True,2,2782.6091729535747,0.12277243044041102,1391.3045864767873
SALES,EST,IC4,semigov,F,True,1,2781.4929579789095,0.15844394482154486,1390.7464789894548
SUPPLY,EST,M4,public,M,False,1,2781.235092105995,0.10738682833328551,1390.6175460529976
MARKETING,MAK,IC4,private,F,False,2,2775.1240825899267,0.23703278305878825,1387.5620412949634
FIN,RUH,IC4,semigov,F,True,2,2774.2058296089363,0.2224229665577913,1387.1029148044681
EDU,EST,M1,private,F,True,4,2773.905815768572,0.2722448383878653,1386.952907884286
OPS,JED,IC3,private,M,False,5,2772.3942495206334,0.46133690611527606,1386.1971247603167
FIN,JED,IC4,public,M,True,1,2770.25676133279,0.22352317013077638,1385.128380666395
OPS,BAH,IC3,mnc,F,False,1,2769.0861745167067,0.49915479347039804,1384.5430872583534
ENG_MECH,BAH,IC3,pif_backed,M,True,1,2763.0655046970096,0.47176003549590134,1381.5327523485048
DATA,TAB,IC3,private,M,False,1,2760.5020513580757,0.3446298152143964,1380.2510256790379
SWE,EST,IC3,pif_backed,M,False,1,2760.1759803502337,0.1865160204580321,1380.0879901751168
EDU,RUH,IC5,public,M,True,2,2750.7121542632176,0.16972707925360433,1375.3560771316088
FIN,MAD,D1,private,M,False,1,2748.07683652798,0.1416223466665557,1374.03841826399
EDU,MAD,IC4,public,F,True,1,2743.6724030468786,0.2618682678788313,1371.8362015234393
DATA,RUH,IC4,public,M,True,1,2741.2085085716826,0.1390057412748551,1370.6042542858413
EDU,RUH,IC4,public,M,True,3,2731.0148477972466,0.36782012325825186,1365.5074238986233
ENG_ELEC,MAD,D1,private,M,False,1,2727.286113788985,0.06146629892450862,1363.6430568944925
SALES,MAD,M2,public,M,False,1,2725.794666011634,0.2922781361427782,1362.897333005817
EDU,JED,IC6,public,F,True,2,2725.5377120628655,0.12732726209440146,1362.7688560314327
DESIGN,EST,IC3,private,M,False,2,2724.6497142523217,0.4632922984025387,1362.3248571261609
EDU,JED,IC3,semigov,M,True,1,2720.277383339794,0.5559176474287943,1360.138691669897
OPS,MAK,M1,private,M,False,2,2720.225743643303,0.3182991174577093,1360.1128718216514
OPS,MAK,IC1,mnc,M,False,1,2715.912084644592,1.5088400470247734,1357.956042322296
SALES,EST,IC4,pif_backed,M,True,1,2713.0596427140026,0.18045175417557394,1356.5298213570013
ENG_MECH,HAI,M1,public,M,False,1,2710.961000426807,0.22715158211776082,1355.4805002134035
CUSTOMER,NJR,IC5,private,F,False,1,2708.7336150540996,0.19397408233173472,1354.3668075270498
SALES,RUH,IC5,private,F,False,1,2706.3000235476648,0.22227606678611503,1353.1500117738324
FIN,EST,IC3,private,M,False,1,2703.254279083474,0.28092938861085265,1351.627139541737
ENG_MECH,RUH,IC2,semigov,M,False,1,2702.7502194778444,0.4912680029151343,1351.3751097389222
SALES,MAD,IC3,semigov,M,True,1,2698.8688444193413,0.16364308457159027,1349.4344222096706
CUSTOMER,JED,M1,private,F,False,1,2697.2561056903323,0.2477567700150305,1348.6280528451662
ENG_CIVIL,RUH,IC2,pif_backed,M,False,1,2696.5580624189142,0.4390637084443516,1348.2790312094571
OPS,NOR,M3,private,M,False,1,2690.9203161013793,0.12804382245688586,1345.4601580506896
FIN,JED,M3,pif_backed,M,False,1,2690.171186628446,0.16876233480871447,1345.085593314223
DESIGN,JED,M5,private,M,True,1,2688.307105150292,0.070845935208418,1344.153552575146
MARKETING,RUH,IC2,private,F,True,1,2687.588462924934,0.32229223033571663,1343.794231462467
ENG_ELEC,NJR,IC3,semigov,M,True,1,2687.4810170865885,0.3653722564036224,1343.7405085432943
OPS,EST,M1,private,F,False,1,2684.0634852291078,0.17763561504738654,1342.0317426145539
HEALTH,RUH,IC3,mnc,F,False,3,2683.8978426675208,0.21037588526254736,1341.9489213337604
FIN,MAD,M2,public,F,False,1,2683.609649512444,0.10084261864869437,1341.804824756222
HR,QAS,M3,private,F,False,1,2683.3047283585365,0.1896550922835143,1341.6523641792683
ENG_CIVIL,QAS,IC3,mnc,M,False,1,2682.562608909251,0.32065209598291783,1341.2813044546256
SALES,RUH,D1,public,M,False,1,2679.4128109564226,0.11869453517611939,1339.7064054782113
FIN,RUH,IC1,private,M,False,1,2678.7873531705472,0.3096126648648469,1339.3936765852736
EDU,MAK,IC3,public,F,True,2,2678.426704561133,0.2355481828441911,1339.2133522805666
HEALTH,EST,M1,private,F,False,2,2674.6993411434205,0.1296744227655412,1337.3496705717102
SALES,RUH,M3,startup,M,True,1,2671.9743765644234,0.11989023013421478,1335.9871882822117
ENG_MECH,JED,IC3,public,M,True,1,2669.5859323435225,0.6673964830858806,1334.7929661717612
PM,EST,IC2,public,F,True,1,2664.5750564622895,0.3741560917077564,1332.2875282311447
EDU,MAK,IC4,private,M,False,1,2657.9593851518803,0.4250191701528814,1328.9796925759401
CUSTOMER,RUH,M2,semigov,M,False,1,2648.5841069710405,0.40849508725971356,1324.2920534855202
OPS,JED,IC4,pif_backed,M,True,1,2648.3483739874464,0.17826133079264342,1324.1741869937232
HR,EST,IC2,mnc,F,True,1,2647.837057654049,0.2050718963466648,1323.9185288270246
CUSTOMER,EST,IC5,pif_backed,F,False,1,2645.247853652256,0.19917670202209456,1322.623926826128
FIN,NJR,M4,mnc,F,True,1,2640.181296212999,0.07322856717103074,1320.0906481064994
HEALTH,EST,M4,mnc,M,False,1,2632.9966237491753,0.08039649979356349,1316.4983118745877
ENG_ELEC,JAZ,IC5,private,M,False,1,2632.4567672902813,0.15317404332527146,1316.2283836451406
HEALTH,RUH,IC3,public,M,True,3,2624.030117107967,0.24928265776709224,1312.0150585539834
OPS,NJR,M1,public,M,False,1,2621.3064386835904,0.19343807522345652,1310.6532193417952
SALES,HAI,IC1,mnc,F,False,1,2621.2081814594844,0.41548179720193956,1310.6040907297422
ENG_CIVIL,RUH,IC3,semigov,M,False,1,2620.83669853052,0.24398487204477093,1310.41834926526
SUPPLY,MAK,IC2,mnc,M,True,1,2620.5492351982994,0.19826330773082237,1310.2746175991497
FIN,EST,M1,private,F,False,1,2619.8283665478775,0.18074238704225906,1309.9141832739388
SUPPLY,EST,IC4,private,M,False,1,2618.4038681437996,0.2868883190634946,1309.2019340718998
SUPPLY,RUH,IC5,public,F,False,1,2615.8847277199793,0.24351933789983052,1307.9423638599897
OPS,MAD,IC1,public,M,False,1,2614.5933507788077,1.2048095509387953,1307.2966753894038
HR,RUH,IC1,public,F,True,2,2613.0584562494378,0.24752732681235515,1306.5292281247189
ENG_CIVIL,MAD,IC4,startup,M,False,1,2612.0795843785045,0.4046160113354872,1306.0397921892522
PM,RUH,M1,pif_backed,M,True,1,2607.7736895495,0.10550099884899668,1303.88684477475
HEALTH,JED,IC1,semigov,F,False,1,2600.412000175572,0.6721234443907448,1300.206000087786
SALES,RUH,IC6,public,M,True,1,2597.1427013330867,0.12546019436484673,1298.5713506665434
SALES,ASR,IC4,private,M,True,1,2596.0428419055097,0.15314251645726973,1298.0214209527549
SWE,HAI,IC4,private,M,False,1,2591.9334857170306,0.22609289635895877,1295.9667428585153
HEALTH,NJR,M4,semigov,M,False,1,2590.064795964354,0.1282934962750917,1295.032397982177
ENG_MECH,EST,IC4,semigov,M,False,1,2584.192248481517,0.2756071917547446,1292.0961242407584
PM,TAB,IC3,mnc,M,True,1,2583.0133421920345,0.16587156240135795,1291.5066710960173
FIN,EST,IC2,pif_backed,F,True,1,2582.9280917196393,0.20886205354550896,1291.4640458598196
HEALTH,BAH,M1,semigov,M,True,1,2581.3000698945907,0.15507401775211413,1290.6500349472954
EDU,JED,IC3,public,M,True,1,2568.701886065087,0.24114398370893078,1284.3509430325435
CUSTOMER,QAS,IC4,private,F,True,1,2563.465155808706,0.2701757305234436,1281.732577904353
CUSTOMER,EST,IC5,public,M,True,1,2560.7714968621867,0.4617555302660221,1280.3857484310934
EDU,MAK,M1,public,M,True,1,2559.3352756406857,0.18927558699107405,1279.6676378203429
DATA,RUH,IC3,pif_backed,M,False,1,2554.8314944982303,0.15863385168515223,1277.4157472491152
LEGAL,EST,IC2,semigov,F,True,1,2554.343003552016,0.23717579604803565,1277.171501776008
OPS,EST,IC3,public,M,False,2,2551.057376211108,0.2804843556186141,1275.528688105554
DESIGN,MAK,IC4,public,F,False,1,2550.7434337077357,0.2839699940893271,1275.3717168538678
ENG_MECH,MAK,IC2,pif_backed,M,False,1,2549.2389192892815,0.3736955479263646,1274.6194596446408
OPS,HAI,IC5,public,M,False,2,2547.3477822699233,0.3747535048615072,1273.6738911349617
OPS,RUH,IC5,pif_backed,M,True,1,2540.3086768682006,0.15589870987204973,1270.1543384341003
DATA,MAK,IC3,public,F,True,1,2536.7093734889913,0.14719034835301364,1268.3546867444957
SALES,EST,IC4,startup,M,False,1,2532.96297997044,0.297450784852974,1266.48148998522
HEALTH,HAI,IC4,public,F,False,1,2532.5679632929387,0.252490487699127,1266.2839816464693
ENG_MECH,TAB,M3,private,M,False,1,2531.05565268355,0.18561420028758566,1265.527826341775
SUPPLY,RUH,M1,semigov,M,False,1,2526.795641894374,0.22131928540535487,1263.397820947187
OPS,JED,IC2,private,M,False,2,2524.732750054958,0.3382040447025556,1262.366375027479
SWE,EST,IC4,startup,M,True,1,2520.655528667703,0.10988314127679354,1260.3277643338515
SWE,RUH,IC3,private,F,False,2,2516.9692242692463,0.2638144238265411,1258.4846121346231
SWE,MAK,IC3,private,M,False,2,2516.7390948860375,0.2188284591343638,1258.3695474430187
EDU,RUH,IC4,mnc,F,True,5,2515.889629511972,0.1444580225138943,1257.944814755986
HEALTH,JAZ,IC3,pif_backed,M,True,1,2514.3566168056896,0.20928851305584395,1257.1783084028448
HEALTH,RUH,M5,semigov,M,False,1,2513.7228097412954,0.06554342664979043,1256.8614048706477
HEALTH,TAB,IC3,pif_backed,M,True,1,2513.2444739660577,0.37672541202167165,1256.6222369830289
EDU,MAK,IC3,semigov,F,True,2,2511.66634923512,0.23391025822622533,1255.83317461756
ENG_MECH,ASR,IC3,private,M,False,1,2511.396421294825,0.26865026649994916,1255.6982106474125
MARKETING,MAK,IC3,private,F,False,1,2508.3774110637864,1.1039713270589782,1254.1887055318932
EDU,RUH,M2,private,F,True,2,2503.8417149196184,0.1949177577160295,1251.9208574598092
SUPPLY,EST,M3,public,M,True,1,2498.1900877736916,0.18593146868533766,1249.0950438868458
SUPPLY,TAB,IC4,pif_backed,M,False,1,2497.617111063775,0.19197376758726037,1248.8085555318876
CUSTOMER,RUH,M2,public,F,True,2,2491.90055587185,0.2500798896930794,1245.950277935925
FIN,HAI,IC4,public,F,False,1,2485.9504532535366,0.7314932214160345,1242.9752266267683
HR,ASR,IC2,public,F,True,1,2482.9741564330716,0.6207435391082678,1241.4870782165358
OPS,RUH,IC3,semigov,M,False,2,2482.313991736495,0.2867237334911501,1241.1569958682476
EDU,QAS,IC4,semigov,M,True,1,2479.6970129410565,0.20996392183824336,1239.8485064705283
HEALTH,NJR,IC3,public,F,False,1,2479.5486386529747,0.29719574005657035,1239.7743193264873
ENG_ELEC,RUH,IC2,public,M,False,1,2477.3082951442193,0.43890287849452536,1238.6541475721097
HR,HAI,M3,private,F,False,1,2473.1844404472213,0.12367319709363263,1236.5922202236106
HR,RUH,IC3,mnc,M,False,1,2472.772307767247,0.16295566102412842,1236.3861538836236
EDU,RUH,IC4,private,F,False,2,2467.395401533382,0.35109270386869973,1233.697700766691
DATA,EST,M1,private,M,True,3,2465.9897870607347,0.09109011673332056,1232.9948935303673
ENG_ELEC,RUH,M1,private,F,True,1,2464.5545675794565,0.1650661333305286,1232.2772837897282
EDU,JED,IC3,public,F,False,1,2464.037660759426,0.5327107646918964,1232.018830379713
HEALTH,RUH,IC2,public,F,True,2,2462.5898384459556,0.22104566615725074,1231.2949192229778
SALES,HAI,IC4,semigov,F,False,1,2461.5714484214986,0.11877115821178715,1230.7857242107493
FIN,QAS,IC4,private,M,True,1,2460.5216949973255,0.13241553814412826,1230.2608474986628
SUPPLY,RUH,IC6,private,F,False,1,2454.781537205501,0.12711948727218736,1227.3907686027505
MARKETING,NJR,IC3,pif_backed,F,False,1,2454.5246444052664,0.37554328831631706,1227.2623222026332
EDU,RUH,IC5,semigov,F,True,1,2453.7998721630283,0.15762597919880597,1226.8999360815142
EDU,QAS,D1,mnc,F,True,1,2447.1144462849334,0.10987659761654517,1223.5572231424667
ENG_MECH,RUH,IC2,pif_backed,F,False,1,2444.2667886150966,0.23363485143870447,1222.1333943075483
MARKETING,RUH,IC3,private,M,True,1,2439.713565084996,0.23860419377375278,1219.856782542498
SALES,RUH,IC3,semigov,M,False,1,2439.318933189439,0.46562106820951904,1219.6594665947196
EDU,JED,IC4,semigov,F,True,1,2438.558773922141,0.1928077198652506,1219.2793869610705
DESIGN,JED,IC5,pif_backed,M,False,1,2437.8590366402423,0.07734385699887347,1218.9295183201211
DATA,EST,IC3,private,M,False,1,2436.0584540171512,0.14179197555934903,1218.0292270085756
EDU,ASR,IC1,private,F,False,1,2432.2437356167875,1.3512465197871042,1216.1218678083937
LEGAL,EST,IC4,public,F,True,3,2429.5927576813897,0.10593810504127198,1214.7963788406948
SALES,JED,IC5,public,M,True,2,2427.58851441351,0.11791599311649138,1213.794257206755
OPS,EST,IC3,private,F,True,1,2424.8006153171464,0.1665230638173759,1212.4003076585732
ENG_ELEC,BAH,M2,semigov,M,True,1,2424.150808172286,0.11383255672360536,1212.075404086143
SALES,RUH,IC1,mnc,M,True,1,2422.7486189955252,0.23985710230828503,1211.3743094977626
PM,MAK,IC4,private,M,True,1,2421.916259239013,0.11509996788490619,1210.9581296195065
SWE,MAD,IC2,private,M,False,1,2421.6601153226147,0.3946591497051236,1210.8300576613074
HR,RUH,IC4,private,F,True,1,2420.7503085345215,0.17337836253599148,1210.3751542672608
HEALTH,EST,IC2,pif_backed,F,False,1,2416.1048251442953,0.420208221035291,1208.0524125721477
ENG_ELEC,MAK,M4,private,F,True,1,2413.1722126206514,0.059372867788314326,1206.5861063103257
SUPPLY,EST,IC2,public,M,False,1,2408.953523452485,0.4309945491202792,1204.4767617262426
FIN,EST,IC2,private,M,False,1,2408.366267857665,1.1173691386977138,1204.1831339288326
EDU,RUH,IC4,public,F,True,1,2405.644340852541,0.19824375397432348,1202.8221704262705
ENG_MECH,TAB,IC2,private,M,False,1,2405.2645466434733,0.2767076386657225,1202.6322733217366
SWE,MAD,IC2,semigov,M,False,1,2402.1813301767024,0.3843779180477096,1201.0906650883512
EDU,JED,IC4,private,F,True,2,2402.180134712979,0.4579640037458203,1201.0900673564895
FIN,EST,M1,semigov,F,True,1,2392.898167597612,0.2580428207121996,1196.449083798806
HEALTH,JAZ,IC6,semigov,F,False,1,2392.4586673111717,0.14655434624980837,1196.2293336555858
SWE,TAB,IC3,startup,M,True,1,2392.2476931708916,0.2548023668146709,1196.1238465854458
ENG_MECH,RUH,IC3,public,M,False,1,2388.896995403288,0.2384999905557607,1194.448497701644
CUSTOMER,ASR,IC3,private,M,False,1,2386.6373201742354,0.37676866175086476,1193.3186600871177
EDU,EST,IC2,public,M,True,1,2382.4041719125644,0.341703432792882,1191.2020859562822
SALES,MAK,IC1,private,M,False,1,2378.469947188173,1.3213721928823183,1189.2349735940866
OPS,RUH,IC4,semigov,M,True,2,2377.041019676444,0.15572029912781565,1188.520509838222
EDU,ASR,IC2,mnc,F,True,1,2359.3135713353113,0.48363239216273457,1179.6567856676556
CUSTOMER,EST,IC4,private,F,True,2,2353.3069326315835,0.20373604238954096,1176.6534663157918
HEALTH,RUH,M1,public,F,True,1,2339.969249071948,0.17555027098655657,1169.984624535974
SALES,QAS,IC2,private,F,True,2,2336.60979891681,0.571769647731733,1168.304899458405
HEALTH,EST,IC2,private,F,False,1,2336.458009161785,0.6235642975766319,1168.2290045808925
MARKETING,RUH,IC5,pif_backed,M,False,1,2333.7797787364107,0.10192865014499827,1166.8898893682053
ENG_ELEC,RUH,IC4,private,F,False,1,2331.8939970749234,0.24081305954661922,1165.9469985374617
OPS,EST,IC3,public,M,True,1,2331.17993541786,0.36543567283222295,1165.58996770893
OPS,EST,IC4,mnc,M,False,1,2331.0807244153493,0.1349377533274723,1165.5403622076747
SUPPLY,RUH,IC4,private,M,False,4,2329.563590015351,0.18146954193433085,1164.7817950076756
SALES,JED,IC3,private,F,False,1,2324.3816329363012,0.639351520393533,1162.1908164681506
HEALTH,QAS,M2,private,M,False,1,2324.2943783196115,0.14013178064313855,1162.1471891598057
DATA,RUH,IC2,mnc,F,True,1,2323.8984471057065,0.16741360944139522,1161.9492235528533
PM,ASR,IC3,public,F,True,1,2318.704857917339,0.4292427331224189,1159.3524289586694
HEALTH,JED,IC4,mnc,M,False,3,2318.5159146966384,0.12096480947553222,1159.2579573483192
PM,HAI,IC2,pif_backed,M,False,1,2317.352115041076,0.20160863201367252,1158.676057520538
HR,RUH,IC3,semigov,M,False,1,2314.541772888493,0.19984594335067632,1157.2708864442466
DESIGN,RUH,IC3,private,M,False,1,2310.2460945087732,0.2033608261827582,1155.1230472543866
DESIGN,JED,IC4,private,F,True,3,2309.184542595758,0.1183381186518961,1154.592271297879
DATA,JED,D1,semigov,M,True,1,2305.6132546904046,0.04750392096070451,1152.8066273452023
DATA,RUH,IC5,pif_backed,M,True,1,2300.795353540343,0.08013109629648367,1150.3976767701715
SALES,EST,IC5,mnc,F,False,1,2296.9632016303076,0.12083047699767002,1148.4816008151538
MARKETING,HAI,IC4,public,F,True,1,2296.0599464437983,0.19615323699440587,1148.0299732218991
FIN,RUH,IC3,public,M,True,4,2294.5174521068907,0.2665995088445992,1147.2587260534453
ENG_CIVIL,RUH,IC4,pif_backed,M,True,1,2291.614450527788,0.08838496549158091,1145.807225263894
SALES,JED,IC3,mnc,M,True,1,2286.560382275372,0.37366371680999,1143.280191137686
HEALTH,MAK,IC2,semigov,F,False,1,2283.369886802524,0.22307596511888853,1141.684943401262
HEALTH,EST,IC3,public,F,False,3,2278.8670006633924,0.3668284363479268,1139.4335003316962
ENG_ELEC,BAH,IC4,semigov,M,True,1,2277.4145797841447,0.31541347095028466,1138.7072898920724
OPS,EST,IC2,private,F,False,1,2277.0963869293937,0.3443467800219867,1138.5481934646969
DESIGN,TAB,IC5,semigov,M,False,1,2275.7769597168844,0.22666378758016523,1137.8884798584422
FIN,RUH,IC5,mnc,M,True,1,2275.668773879428,0.060583915181872124,1137.834386939714
ENG_MECH,JED,M3,semigov,M,True,1,2275.5127576518826,0.08626489895640652,1137.7563788259413
HEALTH,RUH,SVP,private,F,True,1,2273.9220142496124,0.03539828348629962,1136.9610071248062
EDU,RUH,M2,public,F,True,1,2272.507987160874,0.18332635422325758,1136.253993580437
FIN,RUH,IC3,private,M,True,2,2272.1779937264173,0.12487034911700312,1136.0889968632086
OPS,RUH,IC4,pif_backed,M,False,1,2268.1371026868583,0.13514225738794733,1134.0685513434291
OPS,EST,IC6,private,F,True,1,2266.1681446464463,0.1323177740877522,1133.0840723232232
FIN,EST,IC3,private,F,True,1,2259.8073428817115,0.12206986248045022,1129.9036714408558
SUPPLY,RUH,IC4,public,M,False,1,2258.9960440709237,0.22298034572091416,1129.4980220354619
EDU,EST,IC2,private,F,True,1,2254.483535953548,0.33610631681044006,1127.241767976774
HEALTH,RUH,IC3,semigov,F,False,3,2253.7338720535577,0.24026390725782987,1126.8669360267788
SALES,JAZ,VP,public,M,True,1,2253.0201216588757,0.03258063231976912,1126.5100608294379
FIN,MAK,M2,semigov,M,True,1,2252.232287135892,0.07769120472887434,1126.116143567946
SALES,EST,IC3,public,F,False,1,2248.5811859196265,0.2794830881759526,1124.2905929598132
ENG_ELEC,MAK,IC4,private,M,False,1,2248.514865329127,0.272510921613982,1124.2574326645636
HR,RUH,IC5,semigov,M,True,1,2247.6401637548806,0.14366315081452283,1123.8200818774403
EDU,NJR,IC3,public,M,True,1,2246.2658602882375,0.42947088419008383,1123.1329301441187
OPS,EST,IC6,public,M,True,1,2245.5879254801075,0.09035902071959692,1122.7939627400538
ENG_MECH,RUH,IC2,private,M,False,4,2245.0732172743487,0.2714439785093831,1122.5366086371744
EDU,QAS,IC4,semigov,F,True,1,2241.319496618834,0.34981699993426596,1120.659748309417
SUPPLY,JAZ,M2,private,M,False,1,2240.2430069776965,0.15748688093650215,1120.1215034888482
OPS,JED,M1,pif_backed,M,False,1,2239.934389182359,0.13240480106673866,1119.9671945911796
HEALTH,RUH,IC5,private,F,True,3,2239.551348996369,0.10202942370461977,1119.7756744981846
ENG_CIVIL,RUH,M2,semigov,M,True,1,2238.7968060713247,0.10309852333633546,1119.3984030356623
ENG_MECH,HAI,IC4,public,M,False,1,2237.351017025292,0.1781028390110031,1118.675508512646
ENG_ELEC,RUH,IC4,private,M,True,2,2237.236392158772,0.1675972859791283,1118.618196079386
SALES,EST,IC6,private,M,False,1,2235.598008599689,0.10566825962953161,1117.7990042998445
ENG_ELEC,JED,IC3,private,M,True,3,2235.387391461956,0.19193717094456275,1117.693695730978
ENG_CIVIL,HAI,M1,mnc,F,False,1,2232.3156668302563,0.1762470889653703,1116.1578334151282
HEALTH,MAK,IC3,private,F,True,1,2222.2673373464913,0.38182631524312144,1111.1336686732457
EDU,RUH,IC3,public,F,False,1,2214.8680524102983,0.4240596997536475,1107.4340262051492
ENG_MECH,JAZ,IC3,startup,M,False,1,2212.915980271633,0.5242137632708659,1106.4579901358165
MARKETING,RUH,M4,semigov,F,False,1,2212.332406863854,0.06724473884006436,1106.166203431927
SWE,RUH,IC3,public,M,True,2,2211.427683496194,0.19515959605886138,1105.713841748097
ENG_CIVIL,JAZ,IC4,public,F,True,1,2208.2657114166323,0.172456761078243,1104.1328557083161
SUPPLY,RUH,IC4,mnc,M,False,1,2204.8891108454354,0.14782694265403507,1102.4445554227177
PM,EST,M4,public,M,True,1,2202.737280993788,0.04745503150101143,1101.368640496894
OPS,MAD,IC4,startup,M,False,1,2202.613292080974,0.17477451415429943,1101.306646040487
SALES,ASR,IC3,semigov,F,False,1,2200.2234822309265,0.6562953154911504,1100.1117411154632
CUSTOMER,QAS,M3,private,F,False,1,2199.105778913705,0.27457692078027846,1099.5528894568524
SWE,EST,IC2,private,M,True,2,2198.5997489009096,0.15676805910886896,1099.2998744504548
HR,TAB,IC1,public,F,True,1,2196.1803144837377,0.5490450786209344,1098.0901572418688
ENG_MECH,EST,IC4,semigov,M,True,1,2195.8348677384874,0.13467826694421028,1097.9174338692437
MARKETING,RUH,IC4,pif_backed,F,True,1,2195.642005947815,0.09929101197238821,1097.8210029739075
HEALTH,MAD,IC4,private,M,False,1,2193.9632615013525,0.20758043275675525,1096.9816307506762
MARKETING,EST,IC3,private,M,False,1,2192.6251379373903,1.2181250766318834,1096.3125689686951
HEALTH,RUH,IC2,private,M,False,3,2192.1151750621493,0.2975475943190548,1096.0575875310747
EDU,MAD,M2,private,F,True,2,2191.7188824536233,0.18119919932188117,1095.8594412268117
HR,MAK,IC4,semigov,F,False,1,2190.7324260393534,0.4650328228964519,1095.3662130196767
EDU,MAK,IC3,private,F,True,4,2187.2196650478154,0.21046699424752865,1093.6098325239077
ENG_ELEC,RUH,M2,mnc,M,False,1,2184.3796663643625,0.11278560242366156,1092.1898331821812
SALES,RUH,IC4,public,F,False,1,2180.04702461339,0.20518302068194497,1090.023512306695
EDU,QAS,IC4,private,M,True,1,2176.7394821508224,0.1793605596975326,1088.3697410754112
ENG_CIVIL,RUH,IC6,private,M,False,1,2176.3135399188504,0.11194406586047947,1088.1567699594252
LEGAL,EST,M1,private,M,False,1,2175.129888029376,0.09775429713596456,1087.564944014688
EDU,RUH,M4,private,F,True,1,2173.9867149592064,0.09222147861370021,1086.9933574796032
PM,EST,IC3,private,M,False,1,2173.9544873912764,0.16158713158189802,1086.9772436956382
EDU,MAK,IC4,private,F,True,2,2172.9278042961428,0.3081495423163427,1086.4639021480714
FIN,QAS,IC4,private,F,False,1,2170.9273054116784,0.24986991658964813,1085.4636527058392
HEALTH,EST,IC4,semigov,F,True,1,2168.955702223402,0.14616313609712883,1084.477851111701
OPS,EST,M2,public,M,False,1,2166.949871922121,0.201218282958462,1083.4749359610605
HEALTH,EST,IC2,mnc,M,False,1,2166.2091067266474,0.22151008118457058,1083.1045533633237
HEALTH,JED,M4,private,F,False,1,2164.953245521345,0.0886503862628385,1082.4766227606724
ENG_ELEC,JED,M2,startup,F,False,1,2163.598152225215,0.15603835277024675,1081.7990761126075
EDU,RUH,IC3,semigov,F,True,3,2161.55908495031,0.16472116230375214,1080.779542475155
HR,EST,IC5,private,M,False,1,2157.7011710167753,0.1507434589737808,1078.8505855083877
HEALTH,JED,IC2,private,F,False,1,2157.591453325009,0.47175833294887487,1078.7957266625044
ENG_CIVIL,RUH,IC2,private,M,True,2,2154.354510360144,0.30468763749370326,1077.177255180072
DATA,JED,IC2,private,M,True,1,2153.9093736383365,0.19462942711465878,1076.9546868191683
SUPPLY,ASR,IC2,private,M,True,1,2153.036150635964,0.2345966052856859,1076.518075317982
SUPPLY,RUH,M3,private,M,True,1,2150.741944150177,0.06417571587634463,1075.3709720750885
SWE,JED,IC5,pif_backed,M,True,1,2146.4302115416394,0.07162512435252118,1073.2151057708197
OPS,RUH,IC3,private,M,False,2,2145.459647935798,0.193829147763935,1072.729823967899
EDU,JED,IC6,pif_backed,F,False,1,2143.4192090066936,0.09185701773812344,1071.7096045033468
EDU,NOR,M3,public,M,True,1,2142.2469401564813,0.10540587853724533,1071.1234700782406
DATA,RUH,IC4,pif_backed,F,True,1,2136.4795438150322,0.08982099715988173,1068.2397719075161
HR,JAZ,IC2,startup,F,False,1,2133.5731846533386,0.6613372548248961,1066.7865923266693
ENG_ELEC,EST,M5,private,M,True,1,2130.055036091573,0.07430555875260492,1065.0275180457866
CUSTOMER,EST,D1,public,F,False,1,2129.0387439533006,0.2075909979839274,1064.5193719766503
ENG_CIVIL,EST,M4,public,M,False,1,2128.846865644442,0.09574650158964307,1064.423432822221
ENG_CIVIL,RUH,IC5,private,M,False,1,2123.2176660110363,0.1790371492257025,1061.6088330055181
MARKETING,TAB,IC1,mnc,F,False,1,2121.6675593527953,1.1787041996404417,1060.8337796763976
SWE,MAD,IC4,mnc,M,False,1,2118.9908452328,0.15770032234061332,1059.4954226164
SALES,ASR,IC1,mnc,M,False,1,2118.7628514449293,0.6701531344615336,1059.3814257224647
HR,MAK,IC5,public,F,True,1,2113.8429804889183,0.15206748589378788,1056.9214902444592
MARKETING,ASR,M4,public,F,False,1,2113.281386978677,0.15299099094835825,1056.6406934893384
SALES,NJR,M1,public,M,False,1,2111.2491887832884,0.2571799290290671,1055.6245943916442
SALES,MAK,IC4,private,F,False,1,2107.268994077751,0.37718644344048763,1053.6344970388755
PM,RUH,IC1,private,M,True,1,2104.7410328183105,0.3377453219836371,1052.3705164091552
MARKETING,ASR,IC3,semigov,F,False,1,2104.2093530701068,0.3023293644200792,1052.1046765350534
HR,MAD,IC3,semigov,F,False,1,2103.7692237410283,0.21064549538071325,1051.8846118705142
MARKETING,JED,IC3,pif_backed,F,False,1,2102.9556055059365,0.22961063694068062,1051.4778027529683
LEGAL,RUH,IC4,mnc,M,False,1,2096.9663985953775,0.10266032051855688,1048.4831992976888
PM,TAB,IC1,pif_backed,M,False,1,2094.7770748482435,0.19462581178733296,1047.3885374241218
DESIGN,RUH,IC3,private,F,True,1,2094.0398577452834,0.17277927230660753,1047.0199288726417
HR,EST,IC3,public,F,True,1,2093.714761934989,0.21090050485368814,1046.8573809674945
CUSTOMER,RUH,IC4,pif_backed,M,False,1,2092.3366579441654,0.3231058662297768,1046.1683289720827
DESIGN,RUH,IC2,public,F,False,1,2091.8681971421584,0.26171546997803785,1045.9340985710792
ENG_CIVIL,NJR,M1,public,M,True,1,2087.3257767017767,0.15917672468186986,1043.6628883508884
ENG_ELEC,EST,IC1,private,M,False,1,2086.073161685884,0.9004114130204954,1043.036580842942
SWE,EST,IC3,public,F,True,1,2084.5375638484893,0.13039647218676725,1042.2687819242446
DATA,EST,M1,semigov,F,True,1,2075.967102248833,0.09260710999449223,1037.9835511244164
PM,MAD,IC4,private,F,True,1,2070.6058812539577,0.15209632308249124,1035.3029406269789
CUSTOMER,JAZ,M1,private,M,False,1,2069.4927408681397,0.4073732435583109,1034.7463704340698
FIN,RUH,IC2,private,M,False,2,2063.867094401984,0.2830859996648666,1031.933547200992
ENG_ELEC,RUH,IC3,public,M,False,3,2062.9184593061573,0.25534455696658215,1031.4592296530786
LEGAL,NOR,IC1,public,F,True,1,2060.3703946861724,0.5150925986715431,1030.1851973430862
HEALTH,QAS,IC4,private,F,False,2,2057.7294147563284,0.3444916314323294,1028.8647073781642
EDU,JED,IC4,public,F,True,1,2055.7350389994754,0.32399699901645335,1027.8675194997377
EDU,HAI,M3,private,F,True,1,2055.0489055324542,0.1853223590417984,1027.5244527662271
HR,JED,M1,public,F,True,2,2053.600513022424,0.19879314376934115,1026.800256511212
PM,JED,M1,pif_backed,M,True,1,2052.67460285742,0.08336008627522042,1026.33730142871
PM,RUH,IC3,semigov,M,False,1,2051.913756561138,0.15272863228151615,1025.956878280569
LEGAL,EST,IC4,private,F,True,1,2051.6925678986045,0.07101955919386276,1025.8462839493022
HEALTH,RUH,IC3,pif_backed,F,True,1,2044.4298451049126,0.1370242004036748,1022.2149225524563
HR,RUH,IC4,semigov,M,False,1,2041.4313003917086,0.11253433200325617,1020.7156501958543
ENG_MECH,RUH,IC3,private,M,False,3,2041.367223931066,0.1837558365475319,1020.683611965533
SALES,MAD,IC4,pif_backed,M,False,1,2035.2170748753524,0.11920103848320718,1017.6085374376762
ENG_MECH,RUH,IC3,semigov,M,False,2,2031.0147681964472,0.18649069137049568,1015.5073840982236
HEALTH,EST,IC3,public,M,True,1,2027.4175525916344,0.2414492010227185,1013.7087762958172
SALES,RUH,M3,private,M,False,2,2026.9577152715974,0.0689602275162285,1013.4788576357987
DATA,QAS,IC2,semigov,M,False,1,2022.0442897230714,0.175934887221688,1011.0221448615357
FIN,RUH,IC6,private,F,False,1,2019.3057834179217,0.13532352660543664,1009.6528917089609
CUSTOMER,JAZ,IC3,private,F,False,1,2013.0843957950456,0.22967489709501906,1006.5421978975228
PM,JAZ,IC4,semigov,M,True,1,2012.2758612974794,0.2821079295243908,1006.1379306487397
HR,EST,IC5,public,F,True,1,2012.131064953599,0.12959334460139754,1006.0655324767995
ENG_ELEC,MAD,IC1,public,M,True,1,2008.8336342142302,0.28119762232048967,1004.4168171071151
OPS,QAS,IC3,private,M,False,1,2004.402558312594,0.367479559537075,1002.201279156297
SALES,EST,IC4,private,F,False,2,2003.7351616926771,0.172961836885442,1001.8675808463386
CUSTOMER,JED,IC3,semigov,F,True,1,2003.453119950619,0.284886529031181,1001.7265599753096
CUSTOMER,EST,IC5,pif_backed,F,True,1,2002.8527083042718,0.17307330174384578,1001.4263541521359
HEALTH,NJR,IC1,pif_backed,F,True,1,2002.4061116948342,0.5006015279237086,1001.2030558474171
CUSTOMER,RUH,IC6,pif_backed,F,True,1,2000.9699713955997,0.06657131526384394,1000.4849856977999
SWE,RUH,IC2,mnc,M,False,2,1999.6144504389395,0.15782132931785992,999.8072252194697
SALES,QAS,M2,public,M,True,1,1999.0646918630882,0.09101501411679996,999.5323459315441
LEGAL,RUH,IC4,private,F,False,2,1999.022637416414,0.09572779915959452,999.511318708207
CUSTOMER,JAZ,IC5,public,M,False,1,1996.7591704807564,0.29633640843269393,998.3795852403782
CUSTOMER,RUH,M4,private,M,True,1,1995.5715541145146,0.07634863289444542,997.7857770572573
SUPPLY,MAD,IC1,semigov,M,False,1,1995.2716375811215,0.8500283890346872,997.6358187905607
FIN,RUH,IC3,semigov,F,True,1,1994.397222110023,0.14191301213420723,997.1986110550115
MARKETING,TAB,IC2,private,F,True,1,1988.586402642566,0.18722838730184085,994.293201321283
SUPPLY,RUH,IC3,mnc,M,False,2,1982.7311976279916,0.31861038970022565,991.3655988139958
SUPPLY,ASR,IC4,semigov,M,False,1,1981.3979035228103,0.25310672463441153,990.6989517614052
HEALTH,EST,IC3,private,M,False,1,1978.7290772009164,0.18539959384536328,989.3645386004582
ENG_CIVIL,RUH,M2,semigov,M,False,1,1971.7969813015625,0.061639959976840825,985.8984906507812
HEALTH,JAZ,IC2,private,F,True,1,1969.1125576664654,0.400985720443292,984.5562788332327
SUPPLY,MAK,IC2,public,F,False,1,1968.8301440087039,0.8538265676197494,984.4150720043519
OPS,JED,IC4,semigov,F,True,1,1966.3241857362882,0.2004189334839409,983.1620928681441
ENG_CIVIL,QAS,IC2,private,M,False,2,1965.4826726234023,0.25113057014915374,982.7413363117012
CUSTOMER,EST,IC3,public,M,True,1,1963.6638693444092,0.17040368195220323,981.8319346722046
ENG_ELEC,NJR,IC5,private,M,False,1,1959.317024861888,0.15865775915469812,979.658512430944
HEALTH,QAS,IC1,private,F,False,1,1957.7052640649727,0.4973743582612581,978.8526320324863
PM,RUH,IC5,semigov,F,True,1,1953.191171200524,0.08674511473396879,976.595585600262
CUSTOMER,JED,IC3,pif_backed,F,True,1,1950.387305099688,0.11232956970190126,975.193652549844
EDU,MAD,IC4,startup,F,True,1,1949.994438240472,0.17672982176886862,974.997219120236
OPS,TAB,IC3,private,M,True,2,1948.508571163089,0.16394805500150972,974.2542855815445
DATA,EST,IC2,pif_backed,M,False,1,1947.9659572670698,0.13228485727973777,973.9829786335349
ENG_MECH,JAZ,M3,private,M,True,1,1943.3532275599646,0.060518635061106,971.6766137799823
ENG_ELEC,RUH,M3,public,M,False,1,1942.858590901571,0.09398653282011425,971.4292954507855
DATA,RUH,IC1,private,M,True,2,1941.9497125754851,0.34353636587357694,970.9748562877426
HEALTH,JED,M2,private,F,True,1,1936.0174078784548,0.11128820153781292,968.0087039392274
ENG_MECH,RUH,IC3,startup,M,False,2,1935.5576447565968,0.2943405557903451,967.7788223782984
EDU,ASR,D2,private,F,True,1,1934.960907109289,0.07497788038516892,967.4804535546446
SWE,RUH,IC2,startup,F,True,1,1932.2700577119022,0.24305925788126506,966.1350288559511
HEALTH,MAK,M1,private,M,True,1,1931.6338789922283,0.11688107268949596,965.8169394961142
HEALTH,MAK,M1,public,F,False,1,1931.1829178996904,0.14410102964645916,965.5914589498452
CUSTOMER,MAK,IC3,private,M,True,1,1930.45618025961,0.48261404506490246,965.228090129805
HR,RUH,M1,private,F,False,3,1927.3467665968453,0.17503601094447216,963.6733832984227
PM,JED,IC1,public,M,False,1,1919.4261326077599,0.4967317526177463,959.7130663038799
ENG_CIVIL,RUH,IC5,private,M,True,1,1917.714713554211,0.13644077877825436,958.8573567771055
OPS,RUH,M2,semigov,M,False,1,1917.6855721326465,0.11872163088436402,958.8427860663232
HEALTH,JED,IC3,private,M,False,1,1914.021532996433,0.24179333509304432,957.0107664982165
EDU,EST,IC4,private,F,False,1,1913.0964363395142,0.21743660915318952,956.5482181697571
DESIGN,EST,IC2,private,F,False,1,1904.2634489728553,0.21465632111173608,952.1317244864276
ENG_ELEC,EST,IC2,pif_backed,M,False,2,1899.390146064085,0.43322930480827226,949.6950730320425
ENG_ELEC,EST,M2,public,F,True,1,1898.420902809179,0.05862390672926667,949.2104514045895
DATA,NJR,M1,public,M,True,1,1894.9038247265562,0.08983767356151948,947.4519123632781
FIN,RUH,IC3,public,M,False,1,1893.8179069180787,0.16020047345044253,946.9089534590394
SUPPLY,JED,IC5,pif_backed,M,False,1,1892.863128204408,0.10524682683751327,946.431564102204
EDU,JAZ,IC4,mnc,M,True,1,1890.6780162443574,0.2215602816022506,945.3390081221787
ENG_CIVIL,QAS,IC4,public,M,False,1,1890.5247513898103,0.3485120915594648,945.2623756949051
MARKETING,EST,IC5,public,M,True,1,1889.6254275176798,0.07537258700150216,944.8127137588399
HR,JED,M1,startup,F,False,1,1885.948791808567,0.1612582238205699,942.9743959042835
HR,ASR,IC5,mnc,F,False,1,1885.5327049344305,0.22379971073714708,942.7663524672153
FIN,NOR,IC3,public,M,True,1,1879.8323766818112,0.4699580941704528,939.9161883409056
SALES,RUH,IC1,semigov,M,True,1,1873.1467165458116,0.22161935291103285,936.5733582729058
ENG_CIVIL,MAD,IC3,private,M,True,1,1866.2052765363005,0.1978387777045912,933.1026382681503
EDU,EST,M3,public,M,True,1,1860.9657125377453,0.10480375613996011,930.4828562688726
MARKETING,ASR,M3,private,M,True,1,1855.014876542613,0.0766088715476773,927.5074382713065
HEALTH,RUH,IC1,public,M,True,1,1854.7659226311262,0.23321148508843995,927.3829613155631
OPS,ASR,IC2,semigov,F,True,1,1854.3878769069142,0.3976258674872502,927.1939384534571
EDU,RUH,IC4,pif_backed,M,True,1,1853.4227652164918,0.12429569089532115,926.7113826082459
HEALTH,TAB,IC3,mnc,M,True,1,1853.3983097644586,0.23529330564474138,926.6991548822293
HEALTH,QAS,IC5,private,F,True,2,1851.3165391770344,0.17464833018515613,925.6582695885172
ENG_CIVIL,TAB,IC5,private,M,False,1,1849.558475282467,0.18667663272874024,924.7792376412335
CUSTOMER,RUH,IC3,startup,M,False,1,1848.1580636912722,0.5389017211571611,924.0790318456361
HEALTH,JED,IC1,mnc,M,False,1,1845.7430808027184,0.3951917526608968,922.8715404013592
SUPPLY,QAS,IC3,mnc,M,False,1,1845.6614594671782,0.19510493406518273,922.8307297335891
SALES,MAK,IC2,private,M,False,1,1843.0656019733278,0.2155206283171312,921.5328009866639
SUPPLY,RUH,IC5,private,M,True,1,1842.6038764012283,0.11752229617656168,921.3019382006141
LEGAL,TAB,IC2,private,M,True,1,1837.5662171144977,0.14071823191631014,918.7831085572489
SALES,RUH,IC3,semigov,F,False,1,1832.5414033578227,0.3174314707108438,916.2707016789113
MARKETING,RUH,IC4,private,F,True,2,1831.4684252748389,0.22539151940069865,915.7342126374194
EDU,RUH,IC3,private,F,True,4,1831.1029054004484,0.20247339171220932,915.5514527002242
PM,JED,IC6,public,M,False,1,1825.2519829362172,0.05954614753518585,912.6259914681086
SUPPLY,MAD,IC3,public,M,False,1,1824.7315884991885,0.43600252046507126,912.3657942495943
SALES,EST,IC2,private,F,True,1,1823.2835118018083,0.14179365673553634,911.6417559009042
CUSTOMER,RUH,IC2,pif_backed,F,False,1,1819.6242270411963,0.8570398827408314,909.8121135205981
SUPPLY,EST,IC4,semigov,F,False,1,1819.2861905000236,0.2442611277073978,909.6430952500118
HEALTH,MAK,IC1,public,F,True,1,1818.5188937712373,0.3712013026654849,909.2594468856187
MARKETING,ASR,IC5,mnc,M,False,2,1818.1092905471069,0.15837845235251316,909.0546452735534
EDU,RUH,IC2,semigov,M,False,1,1817.9492195068515,0.4321638796722432,908.9746097534257
HEALTH,QAS,IC4,startup,M,False,1,1816.3523343854613,0.22775577860632742,908.1761671927306
OPS,RUH,IC4,mnc,M,False,1,1807.8256562205697,0.15792773726786355,903.9128281102849
CUSTOMER,EST,IC3,public,F,False,1,1805.8071724861516,0.7489277794309662,902.9035862430758
PM,BAH,IC4,semigov,M,True,1,1804.664241819204,0.1406622442817918,902.332120909602
HR,RUH,IC2,mnc,F,True,1,1803.3760680038831,0.2589606496365375,901.6880340019416
ENG_ELEC,RUH,M2,semigov,M,False,1,1801.483479829334,0.09294237570574602,900.741739914667
FIN,EST,M1,mnc,F,False,1,1801.3986929357252,0.12614501105262782,900.6993464678626
EDU,NJR,M1,mnc,F,True,1,1800.4545512596196,0.15659653358970582,900.2272756298098
CUSTOMER,RUH,IC4,mnc,F,False,1,1797.2969966223063,0.14289188573577608,898.6484983111532
ENG_MECH,RUH,M3,semigov,M,False,1,1794.0252483338882,0.08368587955158659,897.0126241669441
PM,RUH,IC3,semigov,M,True,1,1788.0027148778136,0.11092062207750124,894.0013574389068
SALES,RUH,IC5,mnc,F,False,1,1780.4766822940874,0.14384935428884224,890.2383411470437
HEALTH,RUH,IC4,pif_backed,F,True,1,1778.592512337891,0.08819010747069901,889.2962561689455
MARKETING,JED,IC5,private,M,True,1,1778.2183367895523,0.17747929863259435,889.1091683947761
SWE,QAS,IC5,public,M,False,1,1777.3724667129263,0.1398065981424585,888.6862333564632
HEALTH,NOR,IC6,private,F,True,1,1776.5797677951468,0.11118035301979859,888.2898838975734
OPS,NJR,SVP,startup,F,False,1,1776.1515947572989,0.043030347245549036,888.0757973786494
HEALTH,RUH,IC1,semigov,F,False,1,1768.578422278213,0.2898629374225736,884.2892111391066
SALES,EST,M3,private,M,False,1,1761.8825568522388,0.15616660389912834,880.9412784261194
ENG_MECH,HAI,IC3,mnc,M,False,1,1758.7046776644866,0.17813347543841834,879.3523388322433
MARKETING,NOR,M3,mnc,F,False,1,1758.0109668370242,0.1551230402900045,879.0054834185121
ENG_ELEC,RUH,IC3,mnc,M,True,1,1752.1913867274761,0.15051548385420802,876.0956933637381
CUSTOMER,RUH,M1,public,F,False,1,1747.664782933206,0.22111171483430597,873.832391466603
CUSTOMER,RUH,IC4,startup,F,False,1,1746.0720177690368,0.45671628201434356,873.0360088845184
ENG_MECH,QAS,IC4,private,M,False,1,1744.3287909009468,0.13489731028815305,872.1643954504734
HEALTH,QAS,IC3,private,F,True,1,1744.2850722492458,0.3113855054901728,872.1425361246229
SWE,RUH,M3,startup,M,False,1,1740.9491350620156,0.043369960182722544,870.4745675310078
EDU,JED,M3,semigov,F,False,1,1740.511425899047,0.08157463202133848,870.2557129495235
HEALTH,RUH,M3,private,F,False,2,1731.532135855301,0.06662402352587528,865.7660679276505
EDU,RUH,IC3,mnc,F,True,2,1731.3285874231005,0.20079932233299355,865.6642937115503
SALES,ASR,IC4,private,M,False,2,1728.741228146373,0.3690088931279037,864.3706140731865
SWE,TAB,IC3,semigov,M,False,1,1725.0521612264893,0.13516992980986586,862.5260806132446
EDU,MAK,IC4,startup,F,True,1,1723.9288997080257,0.16899093348874075,861.9644498540129
FIN,RUH,IC4,mnc,M,True,2,1723.1178386640845,0.16066708910482042,861.5589193320423
FIN,JED,IC3,public,F,False,2,1721.129808806193,0.16803735347523205,860.5649044030965
OPS,EST,IC4,private,M,False,1,1721.0020982118785,0.12142119049147503,860.5010491059393
ENG_ELEC,RUH,IC1,semigov,M,True,1,1718.7526196251874,0.3213883243189266,859.3763098125937
SWE,TAB,IC5,public,M,False,1,1717.3639119919972,0.08466664885241086,858.6819559959986
EDU,RUH,IC4,private,F,True,5,1716.7105994274905,0.13844943017792213,858.3552997137452
OPS,HAI,IC4,private,M,False,1,1714.0393854803688,0.2791231411999037,857.0196927401844
DESIGN,JED,IC4,public,M,False,1,1712.9197417958603,0.1076016117627239,856.4598708979302
EDU,ASR,IC5,mnc,F,True,1,1710.4946282402716,0.2256479074557405,855.2473141201358
ENG_ELEC,JED,IC3,private,F,True,1,1708.3162091950944,0.1340048186677064,854.1581045975472
MARKETING,RUH,IC4,private,F,False,3,1707.5970691162086,0.28313544643036365,853.7985345581043
HEALTH,MAK,D1,public,F,True,1,1706.9212136655442,0.05522946243318994,853.4606068327721
ENG_ELEC,EST,IC3,semigov,F,False,1,1704.448723780988,0.22153650799881827,852.224361890494
ENG_CIVIL,RUH,IC4,private,M,False,2,1704.4146699162457,0.16122715263630588,852.2073349581228
OPS,JAZ,IC4,public,M,False,1,1701.397895756072,0.33186934618031294,850.698947878036
ENG_CIVIL,TAB,IC3,private,M,False,1,1699.8831680487956,0.35172567816312,849.9415840243978
FIN,RUH,IC3,private,F,False,2,1696.8861659681575,0.14503636888300758,848.4430829840787
ENG_CIVIL,RUH,IC3,public,M,True,4,1694.4968695983014,0.20333400432886342,847.2484347991507
OPS,QAS,IC2,semigov,M,False,1,1691.0480056854376,0.26269767877000666,845.5240028427188
ENG_CIVIL,RUH,IC3,private,F,False,1,1687.0615222171236,0.32274545976965263,843.5307611085618
HR,BAH,IC4,public,F,False,1,1686.848959319661,0.2636175186665824,843.4244796598305
ENG_ELEC,EST,IC4,private,M,False,3,1685.0898763221728,0.14034371138959623,842.5449381610864
OPS,EST,IC2,private,M,True,1,1683.2787217317345,0.2053680544790072,841.6393608658673
DESIGN,RUH,M2,public,M,False,1,1682.7686524555575,0.0786328366177324,841.3843262277787
CUSTOMER,JED,IC6,public,F,True,1,1682.4175539898715,0.07272400757619739,841.2087769949358
FIN,ASR,IC2,private,F,False,1,1680.5269081919432,0.20168097690900116,840.2634540959716
ENG_ELEC,RUH,IC5,public,M,True,1,1679.8357370300728,0.08268368954111838,839.9178685150364
ENG_MECH,ASR,IC3,public,F,True,1,1679.4369922427431,0.20346996142984877,839.7184961213716
EDU,MAK,IC4,public,M,False,1,1671.7041962030044,0.3187628964891749,835.8520981015022
SALES,RUH,IC4,mnc,M,False,2,1671.5647212671238,0.14107656646606026,835.7823606335619
OPS,RUH,IC2,private,M,False,3,1671.185746772947,0.21650333834200577,835.5928733864735
HEALTH,MAD,IC4,semigov,M,False,1,1669.4100524277437,0.11679472352039758,834.7050262138719
OPS,RUH,M2,semigov,M,True,1,1669.2205171337519,0.07538101070069121,834.6102585668759
EDU,ASR,IC4,private,F,True,1,1662.3387319830535,0.2618582051061481,831.1693659915268
PM,ASR,IC4,mnc,M,False,1,1659.8348023743893,0.11626114588684487,829.9174011871946
FIN,EST,IC5,public,F,True,1,1659.8047278596023,0.11845958217812867,829.9023639298011
HR,JED,IC2,private,F,False,1,1657.8358022632447,0.4358894556529904,828.9179011316223
ENG_MECH,EST,M1,semigov,M,True,1,1655.4118826889462,0.10393445550570815,827.7059413444731
FIN,RUH,M1,semigov,F,False,1,1653.8548402454471,0.06455239058972446,826.9274201227236
SALES,EST,IC1,pif_backed,M,False,1,1652.6724437625653,0.23659019892440572,826.3362218812827
ENG_ELEC,JED,IC4,mnc,M,False,1,1652.385039723522,0.08524430782344518,826.192519861761
ENG_CIVIL,TAB,IC3,mnc,M,True,1,1650.5855664874016,0.12058781899595492,825.2927832437008
HEALTH,RUH,M1,private,F,False,2,1641.9175733238299,0.13556244080313262,820.9587866619149
ENG_CIVIL,EST,IC3,mnc,M,True,1,1640.4575708872144,0.16243698122665265,820.2287854436072
EDU,MAK,IC2,private,M,True,1,1632.8508582383802,0.40821271455959507,816.4254291191901
SWE,JED,M3,private,M,True,1,1627.6126210188377,0.037494111263737966,813.8063105094188
CUSTOMER,JED,M1,private,M,False,2,1626.1899407481715,0.26420619388315114,813.0949703740857
ENG_CIVIL,QAS,IC2,private,F,False,1,1622.6925658010177,0.5578640265271173,811.3462829005089
ENG_MECH,JED,M1,public,M,False,1,1621.1832415229783,0.1920205290121925,810.5916207614891
DESIGN,EST,IC3,semigov,F,False,1,1620.5680013654637,0.17256184774150604,810.2840006827319
EDU,EST,IC2,pif_backed,F,True,1,1617.8748211590328,0.19582642253352578,808.9374105795164
SALES,JED,M1,private,M,False,2,1617.1951181739937,0.14502352504811444,808.5975590869969
CUSTOMER,ASR,IC6,pif_backed,F,False,1,1616.7063887264103,0.155577747545516,808.3531943632051
SWE,BAH,IC3,mnc,M,False,1,1616.0614667494865,0.12706184332907344,808.0307333747432
CUSTOMER,RUH,IC3,private,M,False,2,1611.458889528322,0.24249863374966507,805.729444764161
EDU,EST,M1,public,M,True,1,1608.8929936640216,0.12232555615937758,804.4464968320108
ENG_MECH,JAZ,IC3,public,M,True,1,1605.8505134639963,0.1763930430812556,802.9252567319982
DESIGN,EST,IC2,private,M,False,2,1603.203642429407,0.338837618275989,801.6018212147035
HEALTH,NJR,IC3,pif_backed,F,True,1,1596.6041119397996,0.22612354929778092,798.3020559698998
ENG_MECH,RUH,IC2,public,M,False,2,1590.998398061845,0.2056589007728732,795.4991990309225
OPS,RUH,M2,private,M,True,1,1589.7550123083201,0.14672837705482028,794.8775061541601
CUSTOMER,EST,IC4,private,F,False,3,1585.7872595314323,0.28117173013903607,792.8936297657161
PM,JED,IC4,mnc,M,True,1,1583.571640683247,0.07168700342792995,791.7858203416235
HR,TAB,IC3,private,F,False,1,1582.4110491652864,0.1901353610570422,791.2055245826432
FIN,ASR,IC4,private,M,True,1,1581.8170386113688,0.14670007573375854,790.9085193056844
ENG_CIVIL,JED,M2,public,M,True,1,1580.459694597901,0.12248767493770066,790.2298472989505
SALES,ASR,M1,public,M,False,1,1578.645332542883,0.13498313678795215,789.3226662714414
MARKETING,JAZ,IC3,private,M,False,1,1573.5836465918658,0.8641553291369152,786.7918232959329
EDU,JAZ,IC4,private,F,True,1,1573.4319953975228,0.29398074709977334,786.7159976987614
HR,RUH,IC3,private,F,True,1,1568.3197442353994,0.10302567984303607,784.1598721176997
EDU,RUH,IC5,startup,M,True,1,1567.133503692463,0.1124331344356483,783.5667518462315
ENG_CIVIL,MAK,IC3,private,M,False,1,1566.3136370579277,0.29400206418283936,783.1568185289639
SUPPLY,RUH,IC2,private,M,False,2,1561.08175382743,0.40456736339491034,780.540876913715
OPS,ASR,IC5,mnc,M,False,1,1560.9764287105536,0.13659728732684903,780.4882143552768
ENG_CIVIL,QAS,M4,private,M,False,1,1559.5909026212248,0.08919583178178948,779.7954513106124
ENG_CIVIL,TAB,IC3,public,M,False,1,1559.3896339396497,0.42069826392412857,779.6948169698248
SUPPLY,ASR,M1,private,M,True,1,1558.764978967426,0.1914544848087532,779.382489483713
CUSTOMER,RUH,IC2,public,F,False,2,1558.2308550010866,0.7187582341545671,779.1154275005433
EDU,ASR,IC2,private,F,True,1,1558.1032386302159,0.32397376748005774,779.0516193151079
HR,JED,IC2,public,F,False,1,1557.7017358143294,0.1893339754030595,778.8508679071647
CUSTOMER,EST,IC4,private,M,False,3,1553.2019276574358,0.14742953634823547,776.6009638287179
HR,JED,IC2,public,F,True,1,1548.9119455921127,0.21025659082503087,774.4559727960564
EDU,QAS,IC2,public,F,True,2,1543.1299742706674,0.3635726549432821,771.5649871353337
ENG_ELEC,JAZ,IC2,startup,M,True,1,1540.7028767685433,0.3160053156495958,770.3514383842717
PM,EST,IC3,public,M,False,1,1540.3393922921423,0.11172623183975768,770.1696961460711
FIN,EST,IC2,public,M,True,1,1539.9950228709295,0.2385754555986295,769.9975114354647
CUSTOMER,RUH,IC4,private,M,False,2,1539.176301263375,0.41217006702755943,769.5881506316875
SWE,TAB,IC1,public,F,False,1,1535.5590221440698,0.35543784466518136,767.7795110720349
DATA,ASR,IC3,mnc,F,False,1,1532.4076568941673,0.11920527544450239,766.2038284470837
EDU,JED,D1,semigov,F,False,1,1529.99677574413,0.0553601502233092,764.998387872065
HEALTH,RUH,IC3,public,F,False,2,1529.3753578760652,0.10817878629469556,764.6876789380326
SALES,EST,IC1,private,M,False,1,1528.414050333734,0.31063305848679235,764.207025166867
SWE,RUH,IC4,public,F,True,1,1526.09075417434,0.09667013084368749,763.04537708717
HR,ASR,M1,public,M,True,1,1523.2025656204078,0.12097588790850006,761.6012828102039
SWE,RUH,IC2,private,M,False,2,1522.9206557298976,0.16321038027175916,761.4603278649488
ENG_MECH,RUH,M2,private,M,False,3,1520.7769325516638,0.05567204940414377,760.3884662758319
HEALTH,HAI,IC2,private,F,False,1,1518.8740159419722,0.28054251632637467,759.4370079709861
ENG_ELEC,ASR,IC4,public,M,True,1,1515.6514866170091,0.17437195401515973,757.8257433085046
EDU,MAD,IC4,private,F,False,1,1514.5986352664631,0.1586005354334673,757.2993176332316
SWE,RUH,D2,private,F,True,1,1511.9193041430553,0.022308275869878196,755.9596520715277
ENG_ELEC,JAZ,IC3,private,M,False,2,1506.9156660931467,0.1611772003834846,753.4578330465733
DATA,TAB,IC2,mnc,M,True,1,1506.8235415215586,0.1741300039662329,753.4117707607793
FIN,MAD,IC2,public,F,True,1,1506.1044483213736,0.18526614456908602,753.0522241606868
SALES,RUH,IC2,mnc,F,False,1,1504.0831331700838,0.18486446068652748,752.0415665850419
HEALTH,QAS,IC1,private,M,False,1,1502.625498559546,0.5599164941011701,751.312749279773
CUSTOMER,JED,IC4,private,F,False,2,1498.3980380278304,0.3377988678208094,749.1990190139152
MARKETING,JED,IC3,pif_backed,M,True,1,1494.3670795161252,0.10193089633610415,747.1835397580626
SWE,JED,IC4,pif_backed,M,True,1,1494.09594401914,0.07463080076200147,747.04797200957
ENG_CIVIL,RUH,IC2,mnc,M,False,1,1492.6861413203542,0.37363110158503815,746.3430706601771
SUPPLY,ASR,IC3,private,M,True,1,1492.0188507439525,0.18695408414881864,746.0094253719762
DESIGN,RUH,IC5,private,M,True,1,1491.998313703618,0.062193080291008,745.999156851809
SALES,JED,IC3,public,M,False,2,1485.6031051228733,0.6895413784871854,742.8015525614367
ENG_MECH,JED,IC4,private,M,False,1,1485.4484874962327,0.05407415815378607,742.7242437481164
CUSTOMER,MAD,IC1,private,M,False,1,1485.4227161147146,0.8252348422859526,742.7113580573573
SALES,TAB,IC2,public,F,False,1,1484.8325759191994,0.29532392352121484,742.4162879595997
ENG_ELEC,ASR,IC3,semigov,M,True,1,1484.7954854291856,0.18685698317541877,742.3977427145928
EDU,QAS,IC3,private,F,True,1,1481.8646645241633,0.31376093648283865,740.9323322620817
CUSTOMER,RUH,M1,private,M,False,1,1475.1183503439624,0.26163487398972035,737.5591751719812
SUPPLY,JAZ,IC3,private,F,False,1,1472.075178422905,0.28697380492292945,736.0375892114525
MARKETING,EST,IC4,mnc,M,True,2,1471.15924440839,0.08923441469468935,735.579622204195
FIN,JED,IC3,private,M,True,2,1469.638642831033,0.11419434778753307,734.8193214155165
HEALTH,EST,M1,pif_backed,F,True,1,1466.5116744506013,0.07542387595150082,733.2558372253006
SUPPLY,JAZ,IC2,mnc,F,False,1,1465.5894828981436,0.34672259696003854,732.7947414490718
SWE,RUH,IC2,mnc,M,True,1,1464.5413685364265,0.1951046526098159,732.2706842682132
HEALTH,RUH,IC1,semigov,M,False,1,1461.0367604428307,0.4694305158923873,730.5183802214153
PM,JED,IC5,mnc,M,False,1,1459.3676607046473,0.0628797920062669,729.6838303523236
SUPPLY,RUH,IC3,public,M,False,1,1454.8571065158485,0.39900092053914255,727.4285532579242
ENG_MECH,EST,IC4,mnc,M,True,2,1451.823833850547,0.07660300827964646,725.9119169252735
DESIGN,RUH,IC5,private,F,False,1,1450.2678119600496,0.05665071020856696,725.1339059800248
OPS,ASR,IC1,semigov,F,True,1,1449.3262687057831,0.36233156717644577,724.6631343528916
ENG_CIVIL,JED,M2,public,M,False,1,1445.6305027596336,0.10716129397049817,722.8152513798168
HR,MAD,IC4,public,F,True,1,1444.7676001451418,0.1307852450644519,722.3838000725709
CUSTOMER,BAH,IC3,startup,M,False,1,1443.4526174093662,0.15490182083053777,721.7263087046831
HEALTH,EST,IC4,startup,F,True,1,1442.1414481998108,0.10724529681796865,721.0707240999054
SUPPLY,TAB,IC1,mnc,M,True,1,1438.1576462884295,0.3595394115721074,719.0788231442148
PM,NJR,M4,public,M,True,1,1438.076656831854,0.04647051821986215,719.038328415927
HR,MAD,IC4,semigov,M,True,1,1437.061774484675,0.10043918584746725,718.5308872423375
SALES,MAK,IC3,semigov,M,True,1,1433.7166634390178,0.13084173813330405,716.8583317195089
FIN,JED,IC3,public,F,True,2,1432.957724887489,0.1086858736267455,716.4788624437444
EDU,RUH,IC4,mnc,M,False,1,1431.9231899740334,0.11279337618246674,715.9615949870167
SUPPLY,RUH,IC3,private,M,False,1,1431.5501254174887,0.16193346486087543,715.7750627087444
CUSTOMER,JED,IC3,mnc,M,False,1,1426.4809652548383,0.25646768630425193,713.2404826274192
ENG_ELEC,ASR,IC3,private,M,True,1,1425.472556889912,0.1736919612630728,712.736278444956
LEGAL,JED,IC3,public,M,True,2,1423.255990852208,0.1538307272330235,711.627995426104
HR,MAK,IC3,public,F,False,1,1420.9154352780752,0.25062314429557214,710.4577176390376
SUPPLY,RUH,IC2,mnc,M,True,1,1411.9863828262514,0.23142840939396173,705.9931914131257
SALES,MAD,IC4,private,M,True,1,1410.7992533737415,0.17083141146364883,705.3996266868708
FIN,BAH,IC3,semigov,M,True,1,1407.8408120172626,0.08764713134967331,703.9204060086313
FIN,BAH,IC4,mnc,M,True,1,1406.3282287678157,0.10437425160998788,703.1641143839079
DATA,EST,IC4,semigov,M,True,1,1398.8098212743826,0.07595176983943071,699.4049106371913
OPS,EST,IC4,public,M,True,1,1397.093579853332,0.06993331900989322,698.546789926666
SUPPLY,TAB,IC4,private,M,False,1,1391.3693396230474,0.3263780804452781,695.6846698115237
SUPPLY,MAD,IC5,public,M,True,1,1388.8384837319272,0.2192107941486367,694.4192418659636
CUSTOMER,RUH,IC4,semigov,F,False,1,1388.7068446374342,0.282074598916035,694.3534223187171
CUSTOMER,NOR,IC1,semigov,F,False,1,1387.6630906442929,0.6136599421764979,693.8315453221464
SALES,RUH,M1,private,M,True,1,1385.8626498514677,0.05794401492525977,692.9313249257339
ENG_MECH,MAK,IC4,public,M,False,1,1376.676178637881,0.15228348188848073,688.3380893189405
EDU,EST,IC3,semigov,F,False,1,1375.7150620737239,0.18395330978266333,687.8575310368619
OPS,BAH,IC3,pif_backed,F,True,1,1375.6456952642802,0.10409681796861159,687.8228476321401
HEALTH,TAB,IC2,startup,M,False,1,1371.9411531934848,0.17527463253265904,685.9705765967424
EDU,TAB,IC3,private,F,False,2,1371.0925555789836,0.28819045156588474,685.5462777894918
OPS,RUH,IC4,public,F,False,2,1369.0538335158553,0.08744449911417342,684.5269167579277
SALES,TAB,M1,private,M,False,1,1368.67231153592,0.08227864280090415,684.33615576796
HR,HAI,IC1,semigov,F,False,1,1363.8574085614464,0.5803204046334521,681.9287042807232
PM,EST,IC5,public,M,True,1,1362.3348286909804,0.07765591657010402,681.1674143454902
MARKETING,RUH,IC2,public,M,True,1,1358.4081311964592,0.14272021281789404,679.2040655982296
PM,RUH,IC5,mnc,F,False,1,1358.2910392637423,0.061717974723941325,679.1455196318711
CUSTOMER,MAD,IC3,private,F,True,1,1351.74850413298,0.1894377897988643,675.87425206649
CUSTOMER,RUH,IC5,private,F,False,1,1348.8225189618352,0.2876911123874541,674.4112594809176
FIN,RUH,IC4,public,F,False,1,1346.621448675406,0.16042284537840484,673.310724337703
ENG_MECH,EST,IC2,semigov,M,False,1,1341.4832132002375,0.127669113794931,670.7416066001188
LEGAL,NOR,IC6,mnc,M,True,1,1339.173812203524,0.051100495110730365,669.586906101762
DESIGN,RUH,IC2,public,M,False,1,1338.6309272900362,0.16302639554970344,669.3154636450181
ENG_MECH,JAZ,IC5,mnc,F,False,1,1337.2389560292177,0.1439140152830701,668.6194780146088
OPS,RUH,IC2,startup,F,True,1,1333.1000805337271,0.1449615854033367,666.5500402668636
FIN,QAS,IC4,private,F,True,1,1324.642932378354,0.1481027598566151,662.321466189177
HEALTH,EST,IC2,private,M,False,1,1324.4418143719304,0.16693010487274948,662.2209071859652
MARKETING,RUH,IC1,private,F,False,1,1324.0542820765322,0.7355857122647401,662.0271410382661
HR,EST,M2,private,M,False,1,1323.7665206803122,0.09068912742085136,661.8832603401561
DESIGN,EST,IC1,private,F,False,1,1322.9832601467676,0.6855155215252356,661.4916300733838
EDU,EST,IC1,startup,F,False,1,1322.1955211726754,0.734553067318153,661.0977605863377
FIN,RUH,M1,public,F,False,1,1321.8742486430165,0.060162994811154266,660.9371243215082
PM,RUH,IC3,public,M,False,2,1319.5817503295275,0.09763634691940096,659.7908751647637
SUPPLY,QAS,IC2,semigov,M,False,1,1318.3850002082331,0.33861700712178255,659.1925001041166
SWE,MAD,IC3,private,M,True,1,1313.8352872951455,0.08994386958387499,656.9176436475727
ENG_MECH,TAB,M2,public,M,True,1,1312.7442559087704,0.07662241522081654,656.3721279543852
OPS,MAD,M1,public,M,False,1,1312.649959271108,0.13991988002599898,656.324979635554
SALES,NOR,IC3,mnc,M,True,1,1305.4307975633455,0.11558049163166566,652.7153987816728
OPS,NJR,IC3,startup,F,True,1,1304.9319152727167,0.32623297881817914,652.4659576363583
ENG_ELEC,EST,M3,private,M,False,1,1302.9882121630908,0.05445478945962602,651.4941060815454
SALES,EST,IC3,private,F,False,1,1302.6170326465444,0.26206065432759457,651.3085163232722
HR,TAB,IC5,public,F,True,1,1301.3300693969268,0.1071268690499925,650.6650346984634
DESIGN,MAK,IC3,public,F,False,1,1300.5923056807733,0.13771698343180272,650.2961528403866
SUPPLY,JED,M1,private,M,False,1,1298.4842076981076,0.10398313568407541,649.2421038490538
EDU,ASR,IC4,mnc,F,True,1,1290.291928416651,0.13838231513963808,645.1459642083255
ENG_ELEC,EST,IC4,private,M,True,1,1289.4786430911117,0.11616642145561429,644.7393215455559
HR,JED,M1,private,M,False,1,1286.9726291404168,0.14912845820147683,643.4863145702084
SALES,EST,IC3,startup,M,True,1,1285.1873326310797,0.08835696045698845,642.5936663155398
ENG_CIVIL,RUH,IC3,private,M,False,4,1278.419418524649,0.13163901057124355,639.2097092623245
EDU,JED,IC3,private,F,True,4,1275.369899738224,0.23130428492102761,637.684949869112
ENG_ELEC,RUH,IC2,private,M,True,3,1274.2433682857654,0.15712747739073296,637.1216841428827
SWE,JED,M1,private,M,True,1,1271.7562855033757,0.04974787955981024,635.8781427516878
LEGAL,EST,IC4,public,M,True,1,1271.0288253849103,0.08679886920812752,635.5144126924552
SWE,RUH,IC2,private,F,True,1,1270.76861635348,0.10814094891630698,635.38430817674
OPS,ASR,IC2,private,M,False,1,1269.9735508139147,0.150805108340161,634.9867754069573
EDU,RUH,IC3,private,M,True,3,1264.5023278094202,0.1388861563205164,632.2511639047101
DATA,JED,IC3,private,F,False,1,1262.3009430653747,0.10791857792312032,631.1504715326873
ENG_CIVIL,JED,IC6,private,M,True,1,1262.04033414289,0.04116551217109465,631.020167071445
CUSTOMER,EST,IC2,private,M,True,1,1254.1670921382556,0.14612699611990787,627.0835460691278
SUPPLY,RUH,IC1,startup,M,False,1,1253.8948936305674,0.2711898084708646,626.9474468152837
OPS,NJR,IC4,private,M,True,1,1251.039720121924,0.21652677164193804,625.519860060962
FIN,TAB,IC3,private,F,False,1,1244.321402807158,0.19403321146607835,622.160701403579
SUPPLY,RUH,D2,private,M,True,1,1239.6674967672443,0.038638665759679225,619.8337483836222
SALES,EST,IC1,private,F,True,1,1236.84602643982,0.2016140959065483,618.42301321991
ENG_ELEC,RUH,IC6,pif_backed,M,False,1,1236.752071308194,0.0379171863458561,618.376035654097
HEALTH,TAB,IC4,semigov,F,False,1,1235.7051189087451,0.09717802834947024,617.8525594543726
FIN,RUH,IC3,public,F,False,1,1235.148077279975,0.09527368634725719,617.5740386399875
EDU,TAB,IC4,mnc,F,True,1,1234.402436675733,0.11576078870563049,617.2012183378665
CUSTOMER,JED,IC4,private,F,True,1,1234.2168214427502,0.2719893209929944,617.1084107213751
EDU,NOR,M2,private,F,False,1,1232.9814272681651,0.10684682953628516,616.4907136340826
ENG_ELEC,MAK,M1,mnc,M,True,1,1231.5019103070626,0.07751896333777712,615.7509551535313
ENG_MECH,RUH,IC4,mnc,M,True,1,1223.398612447474,0.07763583033102664,611.699306223737
ENG_MECH,EST,M1,public,M,True,1,1218.2501936658591,0.07706556842313461,609.1250968329296
MARKETING,JED,IC3,private,F,True,1,1218.0536412177062,0.13141225718314437,609.0268206088531
EDU,RUH,IC4,startup,M,True,2,1217.1514347739685,0.10412347668747955,608.5757173869843
EDU,MAD,IC4,private,F,True,2,1216.9747440830274,0.16105540975120838,608.4873720415137
OPS,ASR,IC1,private,F,True,1,1212.5860185291058,0.30314650463227644,606.2930092645529
OPS,EST,M2,public,F,False,1,1210.8846811359817,0.08631303330717192,605.4423405679909
SUPPLY,RUH,IC3,semigov,M,True,1,1210.3227744127435,0.060180631698915715,605.1613872063717
DESIGN,EST,IC3,mnc,F,False,1,1208.8106656380014,0.20656650563199794,604.4053328190007
EDU,JAZ,IC3,private,M,True,1,1208.1473398269482,0.217672831478526,604.0736699134741
EDU,RUH,IC4,private,M,True,2,1202.725273479461,0.1369693996369838,601.3626367397305
CUSTOMER,RUH,IC1,pif_backed,F,True,1,1198.23905966439,0.20308413762635397,599.119529832195
CUSTOMER,RUH,IC3,mnc,M,False,1,1197.2587052396138,0.09878135797407601,598.6293526198069
FIN,RUH,IC5,private,F,True,1,1195.515131613167,0.04876110954543911,597.7575658065834
LEGAL,JAZ,IC3,public,F,True,1,1194.5151951858397,0.16007847634377634,597.2575975929199
SALES,RUH,IC2,private,M,True,1,1194.431130091074,0.10079715187036747,597.215565045537
ENG_CIVIL,EST,M1,private,M,False,2,1193.6098312964668,0.10597511127201968,596.8049156482334
OPS,TAB,IC2,private,F,True,1,1189.2629137515423,0.15506980689686972,594.6314568757712
CUSTOMER,RUH,IC3,startup,M,True,1,1188.349283993266,0.09957869843253775,594.174641996633
SALES,QAS,IC2,mnc,M,True,1,1184.6597565521106,0.15011141295435818,592.3298782760553
HEALTH,EST,IC4,mnc,F,True,1,1181.9487360955354,0.08176673167903267,590.9743680477677
SALES,MAD,IC4,public,M,True,2,1180.707553662508,0.17322650552237412,590.353776831254
ENG_CIVIL,JED,M1,public,M,True,1,1175.729572167491,0.08734755773006746,587.8647860837455
EDU,MAD,IC3,private,F,True,2,1173.2325150337974,0.24095745814915256,586.6162575168987
DESIGN,HAI,IC2,semigov,F,True,1,1164.8959701275435,0.23872042012962622,582.4479850637717
EDU,JED,IC2,private,F,True,3,1158.9132822649435,0.21328944825067406,579.4566411324718
OPS,TAB,M1,private,F,True,1,1154.8988061443943,0.10301846521545628,577.4494030721971
HEALTH,JED,IC3,private,F,False,1,1154.5380960416696,0.1172840268430528,577.2690480208348
DESIGN,MAD,IC2,private,M,True,1,1148.5423455937307,0.10111787661113361,574.2711727968654
SWE,ASR,IC3,private,M,False,1,1144.3742139148453,0.11505908563114964,572.1871069574227
ENG_CIVIL,RUH,IC3,public,M,False,3,1143.5311091758365,0.13245349925495195,571.7655545879182
FIN,EST,IC2,semigov,F,True,1,1143.4785377894368,0.11146535958019971,571.7392688947184
OPS,ASR,M3,private,M,False,1,1143.2643748713072,0.07706716200728074,571.6321874356536
ENG_MECH,RUH,IC1,semigov,M,False,1,1142.4470048789844,0.1342117913175903,571.2235024394922
FIN,JED,IC3,public,M,False,1,1140.2163898570034,0.17844264624934716,570.1081949285017
FIN,JED,IC4,private,F,True,1,1139.8314281607763,0.06785967093674938,569.9157140803882
ENG_MECH,HAI,M1,private,M,True,1,1138.911531708307,0.10216386524340543,569.4557658541535
ENG_MECH,RUH,IC1,private,M,False,1,1135.6136897526212,0.3115999873102246,567.8068448763106
SALES,TAB,IC4,semigov,M,False,1,1134.6772158250533,0.11340852233384707,567.3386079125266
DATA,RUH,IC6,public,F,True,1,1132.9444519393983,0.03393765445877865,566.4722259696991
SUPPLY,MAK,IC5,private,M,True,1,1131.9585970575117,0.10635100281366112,565.9792985287559
ENG_MECH,JAZ,M2,mnc,M,True,1,1131.09455733914,0.07387333365156123,565.54727866957
EDU,TAB,IC4,pif_backed,M,True,1,1128.6533495267868,0.10046575144374076,564.3266747633934
HEALTH,MAK,IC5,private,F,True,1,1128.201765627513,0.08572160547513515,564.1008828137565
FIN,BAH,IC2,private,M,False,1,1127.8890528681832,0.32830036991802836,563.9445264340916
SWE,RUH,IC6,semigov,M,True,1,1121.3533853331537,0.030474689664676254,560.6766926665769
PM,QAS,IC6,private,M,False,1,1119.5783092359234,0.05685228019007612,559.7891546179617
DATA,EST,IC1,private,F,True,1,1119.221573637944,0.14555287746691167,559.610786818972
CUSTOMER,RUH,IC2,private,F,False,2,1116.2765464648246,0.5587430232388281,558.1382732324123
EDU,EST,M3,semigov,F,True,1,1115.9070742960212,0.05263454407406529,557.9535371480106
MARKETING,MAD,IC1,private,F,False,1,1115.1258722858984,0.19123076500578742,557.5629361429492
PM,RUH,M2,mnc,M,False,1,1111.9743737519093,0.03682836769573998,555.9871868759546
CUSTOMER,QAS,IC5,semigov,M,False,1,1106.9920030284738,0.11666953017024956,553.4960015142369
OPS,MAK,IC5,private,M,True,1,1103.5689288719204,0.06844046292705455,551.7844644359602
ENG_ELEC,ASR,IC1,semigov,M,True,1,1103.5251176121665,0.18826314231280597,551.7625588060832
CUSTOMER,JAZ,IC3,private,M,True,1,1102.2716922595555,0.1096446273209991,551.1358461297777
MARKETING,QAS,IC4,public,F,True,1,1093.7986314840618,0.1000041720099567,546.8993157420309
SALES,TAB,M1,private,F,True,1,1092.9478321098632,0.10568163383190725,546.4739160549316
DESIGN,QAS,IC3,private,M,False,1,1089.7794440184534,0.09946274174962566,544.8897220092267
SUPPLY,RUH,M1,public,M,False,1,1089.6965645059809,0.11481222073959456,544.8482822529904
EDU,JED,VP,public,F,True,1,1088.6079239536157,0.035377999241930184,544.3039619768078
CUSTOMER,JED,IC1,private,F,False,1,1087.7110346852742,0.6042839081584856,543.8555173426371
ENG_MECH,MAK,IC5,public,M,False,1,1086.0397971152233,0.040788955578670155,543.0198985576117
SUPPLY,ASR,IC3,startup,M,True,1,1084.0763345307323,0.1443581553992317,542.0381672653662
EDU,RUH,IC5,private,F,False,1,1079.1532961508838,0.06784588761758234,539.5766480754419
SWE,QAS,IC2,private,M,False,1,1077.2789628147239,0.13863684144473448,538.6394814073619
LEGAL,RUH,IC3,private,F,True,1,1071.9197586279624,0.10632605645899419,535.9598793139812
MARKETING,ASR,M1,private,F,True,1,1069.448100468826,0.06963123931187233,534.724050234413
ENG_ELEC,RUH,IC2,public,M,True,1,1061.5917064804562,0.10170081051661813,530.7958532402281
FIN,RUH,IC3,mnc,F,False,1,1055.5229329332342,0.16754837573406725,527.7614664666171
SALES,MAK,IC2,pif_backed,F,False,1,1055.4254596310102,0.2474753526288663,527.7127298155051
ENG_CIVIL,JED,IC4,public,M,True,1,1049.196048208938,0.06645814794461238,524.598024104469
FIN,RUH,IC5,startup,F,False,1,1048.1246466812154,0.05366705939393211,524.0623233406077
ENG_MECH,JED,IC3,private,M,True,1,1048.043044789525,0.1020681632273178,524.0215223947625
CUSTOMER,RUH,IC1,private,F,True,2,1047.3722780127973,0.20015479699226074,523.6861390063987
HEALTH,JAZ,IC4,pif_backed,F,False,1,1047.1647477824808,0.08122398141081628,523.5823738912404
PM,RUH,IC4,private,F,True,1,1044.0420699912975,0.05101391294617894,522.0210349956487
SALES,RUH,IC3,private,F,True,1,1042.15336270654,0.081875261731033,521.07668135327
HEALTH,RUH,IC3,public,M,False,1,1038.300738128275,0.13390690338130168,519.1503690641375
ENG_MECH,RUH,IC1,private,M,True,1,1037.2972140279517,0.25932430350698793,518.6486070139758
SWE,EST,IC2,mnc,M,False,1,1033.4115323422375,0.09634820081879557,516.7057661711187
DATA,EST,D1,public,M,False,1,1030.555027186194,0.02859904961278022,515.277513593097
SUPPLY,NOR,IC4,mnc,M,False,1,1029.1133829187638,0.12233465634985566,514.5566914593819
ENG_ELEC,TAB,M2,private,M,True,1,1028.2583673621702,0.05721315991356586,514.1291836810851
MARKETING,RUH,M3,pif_backed,F,False,1,1024.160322407828,0.026016836721076565,512.080161203914
HEALTH,ASR,IC1,public,F,True,1,1021.3221227666809,0.1999499054926165,510.66106138334044
OPS,RUH,IC4,semigov,F,False,1,1020.9845891529603,0.08150603953325795,510.49229457648016
FIN,MAD,M1,public,M,True,1,1013.4053219033322,0.07264705301424418,506.7026609516661
OPS,JED,IC5,private,M,False,1,1012.4537815930507,0.11076799163190863,506.22689079652537
OPS,TAB,IC4,semigov,F,False,1,1010.2154139181293,0.1115753413552662,505.10770695906467
OPS,MAK,IC3,private,F,True,1,1006.9269090939761,0.08335763676727508,503.46345454698803
SWE,RUH,IC3,semigov,F,True,1,1003.4077975199452,0.06191945088228332,501.7038987599726
ENG_ELEC,MAD,IC1,private,M,False,1,1002.776207265284,0.174463827171852,501.388103632642
EDU,EST,IC4,private,F,True,1,995.1061206082613,0.10661957911810489,497.55306030413067
EDU,RUH,M2,private,F,False,1,993.6906721625946,0.07361735007372136,496.8453360812973
SALES,EST,IC3,mnc,F,False,1,993.3806600831258,0.16162912115637293,496.6903300415629
HR,RUH,M1,public,F,True,3,985.6262523457996,0.060502513103360495,492.8131261728998
DESIGN,EST,IC1,private,M,True,1,985.4343120463564,0.24635857801158909,492.7171560231782
ENG_MECH,TAB,IC5,public,M,False,2,983.3830353658923,0.0923257005345119,491.69151768294614
DESIGN,RUH,IC1,public,F,True,1,982.4559309782562,0.24561398274456406,491.2279654891281
SWE,TAB,M5,private,F,False,1,982.3663344736924,0.027037883356426023,491.1831672368462
OPS,MAK,M1,public,M,False,1,981.8299145375913,0.08756737385595002,490.91495726879566
SALES,TAB,M2,public,M,False,1,981.4785199170838,0.09906399582509888,490.7392599585419
ENG_ELEC,EST,IC4,pif_backed,M,True,1,979.2325963599615,0.048335444139175066,489.61629817998073
LEGAL,HAI,IC5,private,F,True,1,976.411129744185,0.041566956338343036,488.2055648720925
HR,TAB,IC3,private,M,False,2,973.3731768389466,0.20241415483340042,486.6865884194733
EDU,RUH,IC2,public,M,True,1,968.9541213123402,0.14524348116876926,484.4770606561701
ENG_CIVIL,EST,IC3,private,F,False,1,968.4158908599329,0.14620047900250954,484.20794542996646
HEALTH,NOR,IC5,private,M,False,1,967.7757112058116,0.08116356749633812,483.8878556029058
HR,RUH,IC4,private,F,False,1,966.931343338345,0.07292185068272708,483.4656716691725
ENG_CIVIL,MAK,IC3,private,M,True,1,965.222129693765,0.17135499596898301,482.6110648468825
SALES,NOR,IC1,public,M,True,1,964.4887188910611,0.24112217972276528,482.24435944553056
EDU,NJR,M2,private,F,False,1,964.4132069389361,0.09390577097188182,482.20660346946806
SALES,EST,M3,mnc,F,False,1,962.0652260038842,0.024297625889003853,481.0326130019421
SALES,RUH,IC2,private,M,False,1,958.4311831007817,0.2592547704141021,479.21559155039085
SALES,JAZ,IC3,public,F,False,1,958.2638341626225,0.13348988781336377,479.13191708131126
SUPPLY,RUH,IC3,mnc,M,True,1,948.6466446849736,0.049152879632919394,474.3233223424868
SALES,JED,M5,private,M,True,1,947.891947663069,0.018867933251318844,473.9459738315345
EDU,NJR,IC4,semigov,F,True,1,947.8553947043747,0.10210438153916479,473.92769735218735
ENG_ELEC,EST,IC3,private,M,True,2,943.9541606477669,0.07311102485074866,471.97708032388346
SUPPLY,RUH,D1,mnc,M,True,1,941.1131122811821,0.034401407483807774,470.55655614059106
DESIGN,RUH,IC1,private,M,False,1,940.2348489949791,0.2667045393673814,470.11742449748954
EDU,JAZ,M3,semigov,F,False,1,939.8820471674389,0.062004776759239474,469.94102358371947
SWE,RUH,IC1,startup,M,True,1,939.5767539887129,0.09471396642074091,469.78837699435644
CUSTOMER,EST,IC3,private,M,False,1,938.6542668586253,0.15838951288820996,469.32713342931265
ENG_CIVIL,MAD,IC3,public,M,False,1,938.4953387230835,0.10925809354717256,469.24766936154174
SALES,JED,IC2,startup,F,False,1,937.7265583607523,0.18877309186161845,468.86327918037614
SALES,RUH,IC3,semigov,M,True,1,937.6271440716246,0.12376658004026317,468.8135720358123
ENG_CIVIL,QAS,IC4,startup,M,False,1,935.9078516149611,0.13267140204880706,467.9539258074806
SALES,MAD,IC4,private,F,False,1,934.5942277296454,0.1450701649286357,467.2971138648227
SALES,RUH,IC5,public,F,True,1,933.8241781062407,0.10890878024930585,466.9120890531203
SALES,JAZ,IC3,semigov,F,False,1,931.9624243099333,0.09570977247575153,465.98121215496667
FIN,MAK,IC5,public,F,False,1,929.2799301363848,0.06152456369028138,464.6399650681924
HR,ASR,IC1,public,F,True,1,928.5641078982935,0.23214102697457337,464.28205394914676
PM,JED,IC1,private,F,True,1,926.0014245763468,0.10694919511919121,463.0007122881734
ENG_MECH,EST,IC3,private,M,True,1,925.4058118118755,0.06998683401274303,462.70290590593777
HEALTH,ASR,IC3,private,F,False,1,924.3338999164725,0.13952315110551364,462.1669499582363
PM,RUH,IC4,pif_backed,M,True,1,923.5509680118921,0.05097000292568184,461.77548400594605
CUSTOMER,RUH,IC2,public,F,True,1,920.4751853420103,0.12022328898800873,460.23759267100513
HEALTH,RUH,M2,private,F,True,2,920.3449288484499,0.04251054471048471,460.1724644242249
SALES,RUH,IC4,pif_backed,F,True,1,917.3355887563612,0.08675290130586386,458.6677943781806
DESIGN,RUH,IC5,semigov,F,True,1,908.6827189202231,0.031790185644648555,454.34135946011156
MARKETING,ASR,IC2,private,F,True,1,906.5463076476408,0.18749160987349683,453.2731538238204
HR,RUH,IC4,public,M,True,1,906.180950180018,0.06901107308915333,453.090475090009
CUSTOMER,EST,IC6,private,M,True,1,905.947764285409,0.08632826110805844,452.9738821427045
ENG_CIVIL,JED,IC3,public,M,True,1,901.266738754297,0.07430774408387751,450.6333693771485
ENG_CIVIL,RUH,IC2,semigov,M,True,1,899.7266271042026,0.15361167583282018,449.8633135521013
CUSTOMER,JED,IC4,public,M,False,2,895.3255214477622,0.11584479029006858,447.6627607238811
HEALTH,EST,IC5,semigov,M,False,1,895.3052890186009,0.04430259034862419,447.65264450930044
FIN,MAK,IC2,pif_backed,F,False,1,894.0999662659697,0.13419806354122746,447.04998313298483
HR,EST,IC2,public,F,True,1,892.2799045216152,0.2230699761304038,446.1399522608076
MARKETING,EST,IC1,public,F,True,1,891.5966523615934,0.22289916309039837,445.7983261807967
SALES,RUH,IC3,public,F,False,1,888.6590063105232,0.17865509077121025,444.3295031552616
SALES,EST,IC4,mnc,F,True,1,887.9943224904073,0.07979740697121139,443.99716124520364
ENG_CIVIL,JED,IC3,public,M,False,1,884.605844196708,0.12016652098033118,442.302922098354
FIN,RUH,IC4,pif_backed,F,True,1,882.3344626252856,0.09692532138285771,441.1672313126428
DESIGN,EST,IC5,public,M,False,1,881.7281779699715,0.06645203863922539,440.86408898498576
SWE,RUH,IC2,public,F,True,1,881.2579093087516,0.09780908606997481,440.6289546543758
EDU,RUH,IC2,private,F,False,2,878.3939112082994,0.18086500341655676,439.1969556041497
OPS,ASR,IC3,private,M,False,1,877.2664607152565,0.13899910806397664,438.63323035762824
EDU,EST,IC4,pif_backed,F,True,1,875.7098564866592,0.06574576013215516,437.8549282433296
DATA,RUH,IC3,public,M,True,1,873.0012564045101,0.07016409021533915,436.50062820225503
ENG_ELEC,MAK,IC2,private,M,True,1,869.6582267093609,0.1422863151374193,434.82911335468043
HEALTH,EST,IC2,public,M,True,1,869.5743646897035,0.16075156988623635,434.7871823448518
CUSTOMER,MAD,IC3,pif_backed,F,True,1,861.2282331016922,0.148601639723873,430.6141165508461
EDU,JED,IC2,public,F,True,1,852.503340522594,0.2131258351306485,426.251670261297
HEALTH,EST,IC4,semigov,F,False,1,847.8935419860263,0.05756915901715656,423.94677099301316
EDU,RUH,IC5,private,M,True,1,844.1586691083921,0.05569563367002133,422.07933455419607
ENG_CIVIL,EST,IC3,semigov,M,True,1,843.5052760333729,0.09130999262091845,421.75263801668643
ENG_ELEC,EST,IC2,private,M,False,1,842.6938928379295,0.10301352410242133,421.34694641896476
CUSTOMER,RUH,IC3,private,F,False,1,842.2688846762248,0.1270591699554567,421.1344423381124
EDU,JED,M1,startup,M,True,1,838.1009341807039,0.06262101916366206,419.05046709035196
HR,NJR,IC3,mnc,F,True,1,837.2322692498092,0.08590997954430157,418.6161346249046
ENG_CIVIL,NOR,IC6,private,M,False,1,835.1505446695901,0.055384935139656956,417.57527233479505
DESIGN,NJR,M2,private,M,False,1,834.0446784113519,0.04779321650091896,417.02233920567596
DATA,TAB,IC4,semigov,M,True,1,833.1653055051447,0.05427316756952946,416.58265275257236
DATA,JAZ,IC5,public,M,True,1,830.8059834334963,0.04806767283863347,415.40299171674815
MARKETING,EST,IC2,public,F,False,2,830.7351704526861,0.23889618545549166,415.36758522634307
ENG_CIVIL,NOR,CXO,mnc,F,False,1,830.1783698032305,0.019808007869085997,415.0891849016152
MARKETING,EST,IC3,startup,M,True,1,829.4343057654478,0.08474069599796563,414.7171528827239
SUPPLY,ASR,IC3,private,M,False,1,820.4697842825562,0.16343466143229338,410.2348921412781
CUSTOMER,HAI,IC4,mnc,F,False,1,819.2855916145863,0.10096625053017597,409.64279580729317
EDU,EST,IC3,private,F,True,2,816.7764836847577,0.09841467347824297,408.3882418423789
DATA,RUH,M2,public,M,True,1,815.3625554308273,0.035606922201845026,407.68127771541367
HEALTH,JED,IC3,pif_backed,M,False,1,813.878067512549,0.06856862755528428,406.9390337562745
OPS,MAD,IC2,mnc,F,True,1,809.9251088138517,0.15310175191325923,404.96255440692585
ENG_CIVIL,EST,IC2,public,M,True,1,809.411694291477,0.12886381998991855,404.7058471457385
CUSTOMER,RUH,M4,mnc,F,True,1,804.0388038316378,0.02775695621108346,402.0194019158189
CUSTOMER,JED,IC5,private,F,False,1,798.9328257589032,0.12327631271903493,399.4664128794516
CUSTOMER,EST,M2,startup,M,False,1,798.3474186527501,0.10846404292284609,399.17370932637505
EDU,TAB,IC3,private,F,True,1,797.5367040812107,0.13574168636709172,398.76835204060535
HEALTH,JED,IC3,public,F,True,2,797.3368780615006,0.09117547603104834,398.6684390307503
HR,RUH,IC3,public,F,True,1,795.8073010911066,0.042847606015144944,397.9036505455533
CUSTOMER,RUH,IC4,pif_backed,F,False,1,794.837327201496,0.09940213041746133,397.418663600748
EDU,RUH,IC2,mnc,F,True,2,790.0998393804948,0.1238013985201225,395.0499196902474
SUPPLY,JED,IC3,semigov,M,True,1,789.8196026004789,0.08779002084105142,394.90980130023945
ENG_MECH,JED,IC3,mnc,M,True,1,783.1884815225876,0.06619782736774292,391.5942407612938
CUSTOMER,EST,IC2,semigov,M,True,1,781.4550117883837,0.09564722096555812,390.72750589419184
EDU,RUH,IC3,private,F,False,1,779.9799011007381,0.10290406733539385,389.98995055036903
FIN,HAI,IC3,mnc,M,False,1,779.7941155776189,0.17037343823044915,389.89705778880943
DATA,RUH,IC4,mnc,F,True,1,775.9516553022695,0.03295853359802056,387.97582765113475
DESIGN,ASR,IC5,mnc,M,False,1,775.8665262411414,0.046973048587396184,387.9332631205707
HR,JED,IC2,semigov,F,False,1,774.8724575025121,0.19355552773233287,387.43622875125607
OPS,QAS,IC3,pif_backed,F,True,1,774.4238640182703,0.0487035754277324,387.2119320091351
DESIGN,HAI,IC1,private,F,True,1,772.2103721271092,0.1930525930317773,386.1051860635546
EDU,EST,IC2,public,F,False,1,765.90892271556,0.1820233908182663,382.95446135778
OPS,JED,M2,mnc,M,False,1,765.045473680937,0.037520419148348735,382.5227368404685
LEGAL,JED,M3,public,M,False,1,764.4156948961536,0.022645898326511763,382.2078474480768
SUPPLY,ASR,IC5,pif_backed,M,False,1,763.930413035072,0.06346787253053605,381.965206517536
EDU,EST,IC1,public,F,False,1,759.9157482078867,0.42217541567104816,379.95787410394337
HEALTH,ASR,IC4,private,F,True,1,758.6049442586555,0.06791145823899158,379.3024721293277
CUSTOMER,TAB,IC5,public,F,True,1,757.4434366476144,0.0600213824133024,378.7217183238072
ENG_CIVIL,JED,M3,public,M,True,1,756.8069323973032,0.030495418371197857,378.4034661986516
OPS,JED,IC2,private,F,True,1,756.6689473968272,0.1891672368492068,378.3344736984136
FIN,JED,M2,private,F,False,1,755.8357821156806,0.06822090523498729,377.9178910578403
ENG_ELEC,RUH,M1,private,M,True,1,754.7219344430687,0.04960595953837424,377.36096722153434
FIN,EST,IC4,public,F,False,1,753.632976669569,0.06664871198064025,376.8164883347845
PM,MAK,IC4,public,M,False,1,753.4028755822692,0.04336276408549288,376.7014377911346
CUSTOMER,EST,IC4,pif_backed,F,False,1,751.469405065207,0.04571824399905864,375.7347025326035
CUSTOMER,RUH,IC1,private,M,False,1,749.6701483584861,0.17395312994876247,374.83507417924307
OPS,EST,IC3,semigov,M,False,1,749.1406509356348,0.09173506535179544,374.5703254678174
HR,JED,IC3,public,M,True,2,748.4420823911573,0.07858427399346626,374.22104119557866
SUPPLY,EST,IC5,private,M,False,1,747.8061233367516,0.07269569966721932,373.9030616683758
ENG_CIVIL,MAD,IC3,public,F,True,1,744.4750149639858,0.11334087669925459,372.2375074819929
FIN,EST,IC2,public,F,True,1,743.5837254427452,0.11343417827720667,371.7918627213726
SUPPLY,EST,M2,pif_backed,F,False,1,741.6754420866564,0.03695270087433157,370.8377210433282
SALES,MAK,IC2,private,M,True,1,738.5324348990007,0.10725020728790162,369.26621744950035
ENG_MECH,EST,IC2,mnc,M,False,1,735.0283168864698,0.1460090059030001,367.5141584432349
FIN,TAB,IC4,private,F,False,1,733.9898339428419,0.08315431501452862,366.99491697142093
ENG_ELEC,MAK,M4,semigov,M,False,1,732.0445977216805,0.016799480756051758,366.02229886084024
CUSTOMER,TAB,IC2,private,F,False,1,731.6628746355364,0.2847845906614314,365.8314373177682
MARKETING,MAD,IC4,semigov,F,False,1,729.4322387052989,0.1101844743591938,364.71611935264946
ENG_CIVIL,TAB,IC3,startup,M,False,1,727.2171080919788,0.13365111632298607,363.6085540459894
MARKETING,RUH,IC4,public,F,True,1,726.6647649516217,0.06136728627674312,363.33238247581085
OPS,BAH,IC3,public,M,False,1,726.4497672318093,0.15094181891376904,363.2248836159047
OPS,EST,IC5,semigov,M,False,1,725.556654574324,0.032018167714188306,362.778327287162
CUSTOMER,EST,IC2,private,F,True,3,713.6621925469321,0.1749975352750154,356.8310962734661
HR,MAD,IC4,startup,F,False,1,712.3350116882848,0.06251503004824073,356.1675058441424
HEALTH,QAS,IC4,private,F,True,1,712.3069398345287,0.0754876701671913,356.1534699172644
EDU,RUH,IC2,public,F,True,1,710.365191399278,0.15884838033333812,355.182595699639
CUSTOMER,JED,IC4,public,F,False,1,703.4772620924373,0.15498302778382247,351.73863104621864
MARKETING,EST,IC5,pif_backed,F,True,1,700.6345617180486,0.02515424657908885,350.3172808590243
DESIGN,RUH,IC3,mnc,F,False,1,699.0288078456233,0.04665081057252155,349.51440392281165
SALES,RUH,IC4,semigov,F,False,1,696.260077315219,0.04526477657013478,348.1300386576095
EDU,RUH,IC2,pif_backed,M,True,1,694.5151685059327,0.09037917674188332,347.25758425296635
HEALTH,BAH,IC3,private,M,False,1,693.3607292333381,0.0815865360745332,346.68036461666907
SWE,ASR,M1,public,M,False,1,691.0560200261716,0.049234295641598515,345.5280100130858
MARKETING,JAZ,D1,pif_backed,F,False,1,688.0428760801296,0.024150413868779096,344.0214380400648
CUSTOMER,QAS,IC5,public,M,False,1,677.2142862064829,0.08687246311416624,338.60714310324147
EDU,RUH,M3,private,M,True,1,677.0698847711428,0.03259829681952147,338.5349423855714
CUSTOMER,MAD,IC2,public,M,False,1,675.5570502428714,0.3552515737776914,337.7785251214357
SALES,TAB,IC3,mnc,M,True,1,673.5615894679459,0.0941571420039373,336.7807947339729
FIN,RUH,IC3,private,M,False,2,673.5250928257965,0.08743774510474955,336.76254641289825
SWE,NOR,IC4,private,M,True,1,672.7120205215906,0.056661505189871245,336.3560102607953
PM,EST,IC6,public,F,False,1,668.5697534197534,0.030646463048381676,334.2848767098767
ENG_CIVIL,EST,IC5,public,M,True,1,668.4710214767474,0.03341820416117158,334.2355107383737
MARKETING,JAZ,IC3,private,F,False,1,667.966160408263,0.06813818884091508,333.9830802041315
HR,QAS,M3,public,F,True,1,666.6512001464216,0.028594372417446702,333.3256000732108
SALES,RUH,M3,mnc,F,False,1,663.9937210380449,0.01943591753584321,331.99686051902245
EDU,TAB,IC2,private,M,False,1,657.8768128375368,0.21858696367638317,328.9384064187684
SUPPLY,RUH,IC2,mnc,M,False,1,640.6400361706992,0.12999842456680705,320.3200180853496
ENG_MECH,RUH,IC4,startup,M,True,1,640.3859511053743,0.04452325223666632,320.19297555268713
SALES,RUH,IC4,public,F,True,1,639.5464554429091,0.03086815286917386,319.77322772145453
DESIGN,MAD,IC4,private,F,False,1,638.627804591586,0.06696282441547292,319.313902295793
HR,EST,IC4,private,F,False,1,636.4352254229043,0.08305257775281145,318.21761271145215
ENG_MECH,EST,IC3,semigov,M,False,1,634.6655321052522,0.08054519534003571,317.3327660526261
CUSTOMER,HAI,IC2,semigov,F,True,1,624.0958736684429,0.15602396841711072,312.04793683422145
CUSTOMER,RUH,IC2,semigov,M,True,1,623.0047898441117,0.08476255644137573,311.5023949220558
SALES,NJR,M2,semigov,M,False,1,621.2329794601483,0.05743929569959958,310.61648973007414
ENG_ELEC,RUH,IC1,mnc,M,True,1,619.9974587048164,0.1549993646762041,309.9987293524082
OPS,ASR,M2,semigov,M,True,1,615.0205615588802,0.05403059712434004,307.5102807794401
DATA,NJR,IC3,semigov,M,True,1,614.2830195753213,0.056303604206280666,307.14150978766065
HR,EST,IC4,mnc,M,False,1,614.1755173454658,0.0491129424675532,307.0877586727329
OPS,RUH,IC1,public,F,True,1,607.4781905456439,0.12762361353670731,303.73909527282194
SALES,MAD,IC3,public,M,True,2,606.4422790089357,0.049639056215287386,303.2211395044678
CUSTOMER,EST,IC1,private,F,True,2,603.5595178623316,0.1508898794655829,301.7797589311658
FIN,EST,IC5,private,F,False,1,601.5289412319617,0.01920202402362363,300.7644706159808
FIN,RUH,IC4,mnc,F,False,1,599.7998736535556,0.024833842334197654,299.8999368267778
HR,ASR,IC4,semigov,F,False,1,599.0917119588285,0.04939178358323579,299.5458559794142
OPS,ASR,IC3,semigov,M,False,1,599.05347587692,0.08208337170540318,299.52673793846
HEALTH,MAK,IC3,private,F,False,1,597.8834990684918,0.06745014700549767,298.9417495342459
DATA,RUH,IC5,semigov,F,True,1,597.3489162885053,0.020388232665824034,298.67445814425264
HEALTH,BAH,IC4,private,F,True,1,597.1574324346202,0.06308558599030621,298.5787162173101
SWE,JED,M3,semigov,F,False,1,595.7812785466886,0.013786602660696338,297.8906392733443
SWE,TAB,M1,public,F,True,1,594.0668405343404,0.03755882704047238,297.0334202671702
ENG_ELEC,JED,IC2,semigov,M,False,1,589.7315366028015,0.061605623560650295,294.86576830140075
PM,JED,IC4,public,F,False,1,588.3203040322114,0.04865645691262663,294.1601520161057
CUSTOMER,RUH,IC4,public,M,False,1,584.501512501929,0.1117572345656735,292.2507562509645
ENG_MECH,MAD,IC5,semigov,F,True,1,583.8612896332088,0.03414563236378468,291.9306448166044
ENG_CIVIL,MAK,IC6,public,M,False,1,578.9879836805285,0.05762616896269036,289.49399184026424
OPS,RUH,IC4,public,F,True,1,576.8512221029778,0.03119747100661199,288.4256110514889
DESIGN,MAK,IC3,private,F,False,1,576.4540865445742,0.05437604872487435,288.2270432722871
HEALTH,JED,IC3,semigov,F,True,2,576.1826604827702,0.053200331375388384,288.0913302413851
OPS,EST,IC4,semigov,M,True,1,571.4667365860514,0.02868125003255004,285.7333682930257
EDU,JED,IC6,private,F,True,1,565.7198090535494,0.035600013155468464,282.8599045267747
EDU,MAK,IC2,startup,F,True,1,563.1375612808197,0.14078439032020493,281.56878064040984
ENG_CIVIL,RUH,IC4,semigov,M,False,1,561.0397518756727,0.046599495488281815,280.51987593783633
DATA,BAH,IC4,public,M,False,1,559.1582823517765,0.04477546793548845,279.57914117588825
CUSTOMER,JED,IC2,private,M,False,3,551.2454914357972,0.12959823335503604,275.6227457178986
EDU,TAB,M1,private,F,True,1,550.897456724706,0.05094609590789765,275.448728362353
MARKETING,QAS,IC2,private,F,False,1,546.1929219483882,0.07717674182595419,273.0964609741941
SUPPLY,RUH,IC1,startup,F,False,1,545.2242909174133,0.12201205540815005,272.61214545870666
SWE,EST,IC2,public,M,False,1,540.1804945886342,0.06239163013994552,270.0902472943171
SALES,BAH,IC1,mnc,M,False,1,539.578982326871,0.17288047596107506,269.7894911634355
SUPPLY,RUH,IC1,public,M,False,2,539.5025477392137,0.16190786695065656,269.75127386960685
HEALTH,RUH,IC1,private,M,False,1,534.7942708953824,0.10054300400735888,267.3971354476912
OPS,RUH,IC5,public,M,False,1,534.7568021227889,0.03322075397092694,267.37840106139447
HR,JED,IC4,private,F,True,1,532.8692163148389,0.06661006750328931,266.43460815741946
MARKETING,HAI,IC5,semigov,F,False,1,532.709713926608,0.028761367817907092,266.354856963304
OPS,RUH,IC3,startup,F,False,1,529.4669621548701,0.09107103505032356,264.73348107743504
EDU,MAK,IC3,public,M,True,1,526.9997351976963,0.08336730278919867,263.49986759884814
CUSTOMER,EST,IC4,public,F,False,1,526.671053988397,0.09699443526474602,263.3355269941985
EDU,MAK,IC4,pif_backed,F,True,1,526.0642953174793,0.0492941116963141,263.03214765873963
ENG_ELEC,BAH,M5,private,F,False,1,523.6097311940612,0.0230441947046015,261.8048655970306
SUPPLY,QAS,IC3,public,F,False,1,522.8332048689963,0.07587046026834442,261.41660243449815
ENG_CIVIL,ASR,IC3,public,F,True,1,522.4580839498867,0.06666506112622421,261.22904197494336
SALES,RUH,IC6,startup,F,False,1,521.3159216627846,0.03528212122539427,260.6579608313923
FIN,NJR,IC2,private,M,True,1,520.6884858003291,0.13017212145008228,260.34424290016455
HR,RUH,IC3,pif_backed,F,False,1,519.8967939054874,0.031868430438277126,259.9483969527437
DATA,RUH,IC3,semigov,F,True,1,517.6430099178833,0.03994849494958105,258.82150495894166
SWE,QAS,IC3,pif_backed,M,True,1,512.9992624662082,0.03334171291289404,256.4996312331041
OPS,EST,IC4,semigov,F,False,1,511.25548647166215,0.043862490442297494,255.62774323583108
HEALTH,RUH,IC3,startup,M,True,2,510.8194129746262,0.04543639731098097,255.4097064873131
EDU,JAZ,IC2,private,F,True,1,508.8186855045424,0.1272046713761356,254.4093427522712
CUSTOMER,NJR,IC5,pif_backed,M,True,1,507.4101848119826,0.029175354784051657,253.7050924059913
OPS,EST,M1,pif_backed,M,True,1,504.55171803467965,0.02649680957729604,252.27585901733983
SUPPLY,TAB,IC3,public,M,True,1,499.32066724073957,0.06915118696648108,249.66033362036978
FIN,RUH,IC1,public,F,True,1,497.9447797219914,0.12448619493049784,248.9723898609957
DATA,RUH,IC4,private,M,False,1,496.8465486793284,0.017951545797601134,248.4232743396642
SALES,MAK,IC4,private,M,False,1,495.27329314682174,0.05590869144784811,247.63664657341087
HR,QAS,IC3,public,F,True,1,493.73181279676555,0.07268019283913872,246.86590639838278
CUSTOMER,RUH,IC1,pif_backed,M,True,1,493.33109229065576,0.12333277307266394,246.66554614532788
HEALTH,EST,IC1,private,F,False,1,491.60462103801456,0.09319589552110624,245.80231051900728
ENG_ELEC,TAB,IC2,semigov,M,True,1,491.2381160279556,0.06807416015974507,245.6190580139778
ENG_CIVIL,TAB,IC4,public,M,False,1,487.9853062875718,0.06766972108801375,243.9926531437859
ENG_MECH,EST,IC2,private,M,True,2,487.9256708523608,0.05653150746537575,243.9628354261804
HR,NJR,IC4,private,F,True,2,486.0879480114545,0.05875931496835869,243.04397400572725
EDU,TAB,M1,public,M,True,1,484.425061275806,0.0398183657457959,242.212530637903
HR,QAS,IC3,private,F,True,1,481.381622677889,0.05317330172835171,240.6908113389445
CUSTOMER,RUH,IC2,public,M,True,1,479.3578813428903,0.11983947033572258,239.67894067144516
OPS,MAD,IC3,private,F,True,1,476.03225533556724,0.0719788697868855,238.01612766778362
ENG_MECH,JAZ,IC1,public,M,True,1,468.19268199641965,0.11704817049910492,234.09634099820983
SWE,RUH,M2,private,F,False,1,467.1976598229812,0.015143812150408798,233.5988299114906
PM,RUH,IC1,private,M,False,2,466.758006209378,0.20129478043580493,233.379003104689
DESIGN,JAZ,IC3,pif_backed,M,False,1,465.64341201185016,0.047595303060784674,232.82170600592508
SUPPLY,EST,M2,semigov,M,False,1,465.5150777767485,0.027909615212121104,232.75753888837426
DATA,RUH,IC1,private,F,False,1,464.9221025883139,0.2582900569935077,232.46105129415696
ENG_ELEC,JED,IC3,pif_backed,M,True,1,464.8401600095258,0.02884402180548261,232.4200800047629
CUSTOMER,JED,IC2,private,F,False,1,463.9027619465933,0.07999978649834333,231.95138097329664
HEALTH,MAD,IC2,mnc,F,False,1,463.15732828189994,0.0654692078770869,231.57866414094997
SALES,RUH,IC1,startup,F,True,1,462.8596539742002,0.09176786079852338,231.4298269871001
MARKETING,EST,M1,semigov,M,False,1,460.7003545752341,0.039287684601681354,230.35017728761704
HEALTH,MAK,IC2,public,F,False,1,459.2253897681403,0.09982704914952585,229.61269488407015
EDU,RUH,IC2,public,F,False,1,459.05643507971763,0.0912424813869771,229.52821753985882
HEALTH,TAB,IC3,private,F,False,1,456.61929356087785,0.06152795975396295,228.30964678043892
CUSTOMER,RUH,IC5,pif_backed,F,False,1,455.7397797291669,0.017638524241823182,227.86988986458346
HEALTH,MAD,IC6,mnc,F,True,1,455.0355678378728,0.017491330660938907,227.5177839189364
CUSTOMER,EST,IC4,mnc,M,False,1,450.2454618543161,0.05463441133231843,225.12273092715805
HEALTH,JED,IC3,public,M,True,1,449.3106503121726,0.04638016696796434,224.6553251560863
ENG_ELEC,RUH,M1,public,M,True,1,441.6291535236978,0.03288857893808015,220.8145767618489
OPS,RUH,IC2,semigov,M,False,2,438.70271750609936,0.09643166245324254,219.35135875304968
ENG_ELEC,QAS,IC4,private,M,False,1,438.44846113283893,0.02736415461864732,219.22423056641946
ENG_CIVIL,RUH,M3,pif_backed,M,False,1,433.9035143211404,0.020674338884935556,216.9517571605702
MARKETING,JED,IC1,mnc,M,True,1,433.78488021255816,0.054095579697433074,216.89244010627908
EDU,RUH,IC4,startup,M,False,1,431.64842721158675,0.042974209129460386,215.82421360579337
CUSTOMER,MAK,IC2,public,M,False,1,430.64690216869303,0.23924827898260723,215.32345108434652
OPS,MAK,IC3,private,M,True,1,429.18388137101556,0.061722082202033166,214.59194068550778
SALES,RUH,IC4,pif_backed,F,False,1,427.92658276533257,0.028993612367851987,213.96329138266628
SALES,RUH,IC3,public,M,False,1,425.77583498102103,0.07921631952166498,212.88791749051052
SWE,RUH,M1,public,M,True,1,425.0175798808923,0.0160012521828906,212.50878994044615
SUPPLY,EST,IC3,semigov,M,False,2,424.7517366627512,0.03928649619778873,212.3758683313756
DATA,EST,IC1,public,M,True,1,424.0863515434239,0.10602158788585597,212.04317577171196
EDU,JED,M1,public,F,True,1,417.5021487609356,0.055451505585091466,208.7510743804678
SUPPLY,RUH,IC4,semigov,M,False,1,415.4061489545729,0.027867581235384523,207.70307447728646
CUSTOMER,EST,IC2,startup,M,False,1,413.66417230153274,0.04787402985662387,206.83208615076637
OPS,JED,IC3,private,F,True,1,402.3002942761059,0.07939066657643658,201.15014713805294
PM,NJR,IC1,public,F,False,1,396.9460643896209,0.06301621409843945,198.47303219481046
LEGAL,NJR,IC3,private,F,True,1,391.48064824502217,0.04460026935166597,195.74032412251108
ENG_CIVIL,RUH,IC1,private,M,False,1,391.2481164777141,0.12672208990516903,195.62405823885706
LEGAL,MAK,IC4,public,F,True,1,390.33243214899267,0.029081323499973378,195.16621607449633
DATA,EST,IC3,private,F,True,1,380.63821789141,0.021907412082250447,190.319108945705
HR,RUH,M2,public,M,True,1,379.1388255465645,0.021641035646491242,189.56941277328224
ENG_MECH,NJR,IC4,semigov,M,True,1,377.4152392405558,0.036218777847032785,188.7076196202779
EDU,MAD,IC1,public,F,True,1,377.091126568248,0.094272781642062,188.545563284124
DATA,JED,IC5,private,M,True,1,377.0097808402279,0.01670900453880257,188.50489042011395
CUSTOMER,JAZ,IC1,semigov,F,False,1,376.15565719325787,0.12548979389266318,188.07782859662893
EDU,RUH,IC1,public,M,True,1,373.49310468776366,0.09337327617194091,186.74655234388183
HEALTH,EST,IC1,public,M,False,1,371.3694584713803,0.2063163658174335,185.68472923569016
CUSTOMER,JED,IC1,public,M,True,1,368.5007674318904,0.09212519185797259,184.2503837159452
CUSTOMER,EST,IC1,pif_backed,F,True,1,368.11703734487764,0.09202925933621942,184.05851867243882
SALES,ASR,IC4,private,F,False,1,365.8416405878206,0.05587595065939567,182.9208202939103
SWE,HAI,IC4,private,M,True,1,365.69242447241777,0.022782701016017235,182.84621223620888
SALES,EST,IC3,semigov,M,False,1,365.0646569669352,0.02280069457770195,182.5323284834676
SUPPLY,RUH,IC3,public,M,True,1,359.29694645698146,0.04479604056700344,179.64847322849073
CUSTOMER,EST,IC2,private,F,False,1,358.7128861489373,0.14630354596912412,179.35644307446864
DATA,NJR,M2,mnc,M,True,1,358.50969870951303,0.012562423171893208,179.25484935475652
HEALTH,EST,IC6,mnc,F,False,1,353.6407853024939,0.012636382341638006,176.82039265124695
DATA,JED,IC3,public,M,False,1,345.81495050177364,0.02873699395633243,172.90747525088682
OPS,EST,IC1,private,M,False,2,342.1429576263163,0.10198869029727554,171.07147881315814
HEALTH,JED,IC2,private,M,False,1,341.94177525825853,0.05108213602385711,170.97088762912927
OPS,JED,IC3,public,F,True,1,339.43684087843394,0.042055156510028086,169.71842043921697
CUSTOMER,ASR,M2,mnc,F,False,1,336.2668081915799,0.048735026332494664,168.13340409578996
MARKETING,RUH,IC6,public,M,False,1,334.02570441663374,0.028558334409172995,167.01285220831687
ENG_CIVIL,RUH,M3,private,M,True,1,333.4671120658968,0.017600469114115426,166.7335560329484
SALES,RUH,IC1,private,M,False,1,332.0826744196088,0.18449037467756044,166.0413372098044
ENG_CIVIL,RUH,M1,private,M,True,1,329.3473585771353,0.02607818200928602,164.67367928856766
HEALTH,TAB,IC4,mnc,M,False,1,329.0886693272587,0.027630037708387584,164.54433466362934
SALES,RUH,IC4,mnc,F,False,1,322.4724850460607,0.03078128958797859,161.23624252303034
ENG_ELEC,RUH,M1,semigov,M,True,1,321.4251970495279,0.015949066082683913,160.71259852476396
CUSTOMER,NJR,IC4,private,M,True,1,320.3032103493524,0.052101816363572424,160.1516051746762
EDU,NJR,IC1,private,F,True,1,320.18548313762176,0.08004637078440544,160.09274156881088
EDU,NJR,IC4,private,M,False,1,319.61697845291746,0.04338625267116942,159.80848922645873
CUSTOMER,MAD,M2,semigov,M,False,1,316.7081483578295,0.01807042023959548,158.35407417891474
SUPPLY,MAK,IC4,private,M,False,1,315.64714864597045,0.02962804788645127,157.82357432298522
ENG_CIVIL,ASR,M1,public,M,True,1,315.12284863373316,0.03166665983004478,157.56142431686658
OPS,RUH,IC1,private,M,False,2,311.02875556714866,0.17279375309286038,155.51437778357433
PM,MAK,IC5,semigov,F,False,1,309.0358723388672,0.014872301812952569,154.5179361694336
SALES,ASR,IC3,private,M,False,1,307.272594803595,0.031690459300333845,153.6362974017975
HEALTH,RUH,M1,mnc,F,False,1,304.6177724106601,0.016974150891211296,152.30888620533005
OPS,ASR,IC5,semigov,M,True,1,302.63312689277154,0.0163889688693917,151.31656344638577
OPS,JED,IC2,mnc,M,False,1,301.05747811028414,0.03310368360573059,150.52873905514207
HR,RUH,IC2,public,F,True,1,300.9189627287069,0.057753413402919715,150.45948136435345
HEALTH,JED,IC3,mnc,M,False,1,300.86190653989615,0.0272052868075085,150.43095326994808
EDU,JED,IC1,public,F,True,1,299.68422722864216,0.07492105680716053,149.84211361432108
DATA,BAH,IC2,semigov,M,True,1,297.7818195581003,0.029548706699581085,148.89090977905016
SWE,HAI,IC1,pif_backed,M,False,1,297.5149101443849,0.059750588467486244,148.75745507219244
CUSTOMER,JED,IC2,mnc,M,True,1,296.3925919362523,0.07409814798406307,148.19629596812615
DESIGN,JAZ,IC2,semigov,M,False,1,294.43145448674477,0.035045189000836134,147.21572724337238
ENG_ELEC,RUH,IC2,private,M,False,1,292.03777546023866,0.04832606199501887,146.01888773011933
CUSTOMER,HAI,IC2,public,F,True,1,291.7827146255113,0.05588304747764666,145.89135731275564
HR,EST,IC3,semigov,F,True,2,289.6958085257993,0.023416667671356965,144.84790426289965
OPS,JAZ,IC3,public,M,False,1,288.938590899862,0.04181570707441478,144.469295449931
FIN,RUH,IC1,private,F,False,1,288.0885098573017,0.045371698940597345,144.04425492865084
CUSTOMER,NOR,IC4,semigov,F,True,1,285.40233513890234,0.06008799116139038,142.70116756945117
MARKETING,MAD,IC1,public,M,False,1,280.7106373146071,0.1559503540636706,140.35531865730354
ENG_CIVIL,JAZ,IC2,private,M,False,1,279.1009981505731,0.05946061640914831,139.55049907528655
OPS,JED,IC4,public,M,True,1,273.4902132231382,0.018199836243734686,136.7451066115691
SWE,EST,M2,public,F,True,1,271.0251167128663,0.008908981548377739,135.51255835643315
HR,RUH,IC5,private,F,True,1,270.6891000812393,0.012854906102752178,135.34455004061965
EDU,EST,IC5,semigov,M,False,1,265.4784070967562,0.017230410227242893,132.7392035483781
OPS,JED,M1,private,F,False,1,259.5705780431217,0.02603145570471625,129.78528902156086
HEALTH,NJR,IC1,semigov,M,True,1,258.5142441888279,0.06462856104720698,129.25712209441394
SWE,MAK,IC3,semigov,M,False,1,256.3366018451652,0.01839689284354433,128.1683009225826
SWE,JED,IC1,semigov,M,True,1,254.13379892498233,0.06353344973124558,127.06689946249116
ENG_MECH,JED,IC4,mnc,M,True,1,253.787856128165,0.011845169787871935,126.8939280640825
DESIGN,NJR,M2,pif_backed,M,True,1,253.56779352353988,0.02247740171523116,126.78389676176994
HR,RUH,IC1,private,M,True,1,252.15264519398715,0.06303816129849679,126.07632259699358
SALES,MAD,IC5,private,F,False,2,251.25263716046356,0.023502460722322843,125.62631858023178
SUPPLY,QAS,IC5,startup,M,True,1,250.25174587775473,0.011355346862146131,125.12587293887736
EDU,ASR,IC4,public,M,False,1,247.55356851959095,0.029716995585981287,123.77678425979548
EDU,MAK,IC1,private,M,False,1,246.099676798367,0.050937549529818896,123.0498383991835
ENG_CIVIL,EST,IC3,semigov,M,False,1,245.11356719140713,0.03183756172214752,122.55678359570356
CUSTOMER,RUH,IC1,public,M,False,1,243.80294460470054,0.13544608033594474,121.90147230235027
ENG_CIVIL,NOR,IC4,private,M,False,1,238.53023901163488,0.02956285232489916,119.26511950581744
DATA,EST,IC3,semigov,M,True,1,235.7780509515287,0.017983045774965904,117.88902547576436
ENG_CIVIL,JED,M4,private,M,False,1,235.14542725226784,0.012519655802720029,117.57271362613392
SWE,JED,IC1,public,M,True,1,228.71119369444477,0.0571777984236112,114.35559684722239
FIN,EST,IC1,mnc,M,True,1,228.38177938480294,0.05709544484620074,114.19088969240147
FIN,JAZ,IC6,private,M,False,1,228.2335485317908,0.01808075479079798,114.1167742658954
DATA,RUH,IC1,semigov,F,True,1,227.90827079714109,0.056977067699285275,113.95413539857054
CUSTOMER,NJR,IC2,semigov,M,False,1,225.88063472119893,0.09228243326260012,112.94031736059947
ENG_ELEC,ASR,D1,private,M,False,1,221.73092840605386,0.011295450122595026,110.86546420302693
CUSTOMER,RUH,IC2,private,M,True,1,221.18360505472583,0.05529590126368146,110.59180252736292
DESIGN,RUH,IC4,public,M,False,1,220.18750685943814,0.015003400613487074,110.09375342971907
SUPPLY,TAB,IC2,private,F,False,1,216.26318130513118,0.043913802471030064,108.13159065256559
ENG_ELEC,JED,IC3,mnc,M,False,1,215.22509928872023,0.029895281386901534,107.61254964436012
DESIGN,JED,IC3,public,M,False,1,213.85554852979112,0.022665906584101857,106.92777426489556
CUSTOMER,RUH,D2,public,M,False,1,213.262252430015,0.013710214691877977,106.6311262150075
FIN,RUH,M2,private,M,True,1,213.00762228385793,0.008266019001999603,106.50381114192896
CUSTOMER,JAZ,IC2,private,M,True,1,209.51954259396098,0.031597547021505586,104.75977129698049
ENG_ELEC,JED,IC4,semigov,M,False,1,208.3502683612951,0.016811009188658663,104.17513418064755
FIN,JED,M2,private,F,True,1,206.9095297915046,0.006637723689374762,103.4547648957523
SALES,JED,IC3,semigov,M,True,1,205.74833110357213,0.012431885770953692,102.87416555178606
HR,RUH,IC2,private,F,True,1,203.46540901414392,0.05086635225353598,101.73270450707196
ENG_CIVIL,EST,M3,semigov,M,True,1,203.46072479482245,0.007037609006102022,101.73036239741123
ENG_ELEC,EST,IC1,private,F,False,1,202.9432644381759,0.02722868215756745,101.47163221908795
HR,EST,IC3,public,F,False,1,197.87122724759865,0.020452186939663854,98.93561362379933
HR,RUH,IC1,private,F,False,1,193.18748829839296,0.07875239015873506,96.59374414919648
ENG_ELEC,EST,IC5,private,M,False,1,189.01454157770058,0.01506891637934558,94.50727078885029
SALES,QAS,IC4,private,M,False,1,185.39954317931824,0.023459595767559405,92.69977158965912
OPS,RUH,IC1,private,F,False,1,179.22151279278637,0.09956750710710353,89.61075639639319
SWE,EST,M1,mnc,F,False,1,176.1046447509798,0.006682742954596865,88.0523223754899
CUSTOMER,RUH,IC5,public,M,False,1,172.60468833680898,0.019469585333552423,86.30234416840449
SUPPLY,RUH,IC4,public,M,True,1,170.72070922980492,0.023574803184602002,85.36035461490246
SWE,EST,IC1,private,M,True,1,166.9661975421659,0.021103786879655737,83.48309877108295
FIN,JAZ,IC2,private,F,False,1,164.49436747424033,0.04387908895735989,82.24718373712017
SWE,RUH,IC3,mnc,M,True,1,161.42429144570633,0.00857588390009623,80.71214572285317
EDU,EST,IC2,private,M,True,1,157.43680199702067,0.0340694868043022,78.71840099851033
ENG_ELEC,TAB,IC1,private,M,True,1,151.5912300036689,0.02600335352946798,75.79561500183445
HEALTH,RUH,M1,public,F,False,1,150.37379338981555,0.009936406054190309,75.18689669490777
ENG_MECH,QAS,IC2,pif_backed,M,True,1,149.90939843262277,0.013596706377863407,74.95469921631138
CUSTOMER,EST,IC3,private,F,False,1,149.85053021951717,0.029047611982561252,74.92526510975858
ENG_MECH,HAI,IC1,private,M,True,1,148.72963914215325,0.037182409785538315,74.36481957107662
OPS,MAK,IC2,private,F,False,1,148.21028014210424,0.03670251975337822,74.10514007105212
SWE,EST,IC5,private,M,False,1,147.06703768980515,0.010130781656475416,73.53351884490257
CUSTOMER,NJR,IC5,public,F,True,1,146.73024698057634,0.024448399348273107,73.36512349028817
SWE,TAB,IC3,public,F,False,1,140.05580312009442,0.016450348916188847,70.02790156004721
SALES,JED,IC1,private,M,False,1,139.09924392554194,0.03947970627777344,69.54962196277097
ENG_ELEC,TAB,IC4,public,M,False,1,137.8184570959529,0.016816747273251765,68.90922854797645
HEALTH,MAK,IC2,public,M,False,1,135.74259225389505,0.02668510491875983,67.87129612694753
DATA,EST,IC2,private,M,True,1,133.21672976242917,0.013200623260940096,66.60836488121458
OPS,RUH,IC1,private,M,True,2,132.04071037392714,0.033010177593481786,66.02035518696357
HEALTH,ASR,D1,startup,F,False,1,131.04353068940327,0.005397364518202364,65.52176534470163
HEALTH,EST,IC2,mnc,F,False,1,130.6114074930665,0.015970268975640314,65.30570374653325
EDU,RUH,IC6,semigov,M,True,1,130.27744708545288,0.004711481118100097,65.13872354272644
SALES,RUH,M2,private,F,False,1,118.84840553097274,0.007744590315188055,59.42420276548637
SUPPLY,RUH,IC1,semigov,M,True,1,117.11483661173224,0.029278709152933062,58.55741830586612
OPS,JAZ,M1,mnc,M,False,1,115.9891865963109,0.008379704385328292,57.99459329815545
SALES,BAH,IC4,startup,F,False,1,113.16925570767853,0.017194349803727343,56.584627853839265
CUSTOMER,MAK,IC3,public,F,False,1,112.05323494540607,0.032754717930360916,56.02661747270304
OPS,EST,IC2,public,M,True,1,110.49528247264061,0.027623820618160152,55.247641236320305
CUSTOMER,RUH,IC3,mnc,F,True,1,109.28058545383465,0.010490328603735397,54.64029272691732
SWE,MAD,IC3,semigov,M,False,1,108.69973466802912,0.007888236025598667,54.34986733401456
HR,RUH,IC3,private,M,False,1,105.58040631448057,0.009955475520117428,52.790203157240285
LEGAL,ASR,IC4,private,M,False,1,105.2583394275407,0.008949709544569483,52.62916971377035
FIN,QAS,IC2,private,F,True,1,102.47582437240408,0.02534503957786326,51.23791218620204
SWE,MAD,IC1,mnc,M,True,1,99.38107006661994,0.024845267516654987,49.69053503330997
SUPPLY,JED,M1,pif_backed,F,False,1,91.30146131588117,0.0051241225187763344,45.650730657940585
HEALTH,ASR,IC1,semigov,F,False,1,91.2127303646821,0.019822390604081735,45.60636518234105
HR,JAZ,IC4,private,F,True,1,89.91348507322618,0.006092454896049184,44.95674253661309
SUPPLY,RUH,IC2,public,M,True,1,87.02686172988797,0.02175671543247199,43.513430864943984
SALES,JED,IC1,public,M,True,1,85.35417781317892,0.02133854445329473,42.67708890658946
CUSTOMER,EST,IC1,mnc,F,False,1,83.5935593197446,0.032391564881019484,41.7967796598723
PM,JAZ,IC2,public,M,True,1,80.95961975040518,0.009013299550046,40.47980987520259
SUPPLY,JAZ,IC5,public,M,False,1,78.45549821284476,0.007060506252123382,39.22774910642238
HR,EST,IC2,private,M,False,1,71.87077054951806,0.02026052567692266,35.93538527475903
MARKETING,NJR,IC1,public,M,False,1,71.27489852980193,0.03959716584988996,35.637449264900965
SALES,MAK,IC2,public,M,False,1,70.12837460955598,0.012414628572108654,35.06418730477799
EDU,RUH,IC2,private,F,True,1,68.56672099756724,0.013600460378372953,34.28336049878362
SALES,RUH,IC2,mnc,M,False,1,68.56464498718105,0.01240295382079182,34.28232249359053
CUSTOMER,RUH,IC3,pif_backed,M,True,1,62.95333028940695,0.005447401418880581,31.476665144703475
DESIGN,TAB,IC3,mnc,M,False,1,62.92845265172218,0.006533635881966201,31.46422632586109
MARKETING,JAZ,IC2,public,M,True,1,62.47772568557548,0.015619431421393869,31.23886284278774
SALES,MAD,IC4,private,M,False,1,61.36936735454765,0.0072020982596663835,30.684683677273824
FIN,NJR,IC2,startup,F,True,1,60.08270812790761,0.005871023887375581,30.041354063953804
DATA,EST,IC5,public,F,True,1,59.98399232361044,0.0020128309372668203,29.99199616180522
EDU,RUH,IC2,semigov,F,False,1,58.486152384277375,0.00972254308593062,29.243076192138687
DATA,RUH,M3,semigov,M,True,1,54.10528911380243,0.0015908585183998887,27.052644556901214
SWE,JED,IC4,private,M,True,1,51.798129236933164,0.0024309662424649367,25.899064618466582
SUPPLY,EST,IC3,startup,F,True,1,51.14731034327269,0.00364423228719291,25.573655171636346
ENG_CIVIL,ASR,M1,private,M,False,1,50.67730471118193,0.004964547319627064,25.338652355590966
EDU,RUH,IC5,private,M,False,1,49.32231594547011,0.003957959960476033,24.661157972735054
ENG_MECH,EST,IC1,private,F,True,1,41.4306082150033,0.010357652053750825,20.71530410750165
SWE,RUH,IC1,private,M,True,1,40.37835984595404,0.005817704499028043,20.18917992297702
SALES,NOR,IC3,semigov,M,False,1,39.80506873804188,0.006809255428841545,19.90253436902094
ENG_MECH,RUH,IC2,startup,M,True,1,39.42754762561526,0.003665114973117899,19.71377381280763
CUSTOMER,JED,IC1,private,M,False,1,39.42066572291424,0.01537467461892131,19.71033286145712
OPS,JAZ,IC3,public,F,True,1,36.64202979647689,0.007436125675835532,18.321014898238445
EDU,QAS,IC3,semigov,M,True,1,36.00415417199565,0.005779315675065877,18.002077085997826
MARKETING,RUH,IC1,private,F,True,1,35.158575029118765,0.008789643757279692,17.579287514559383
OPS,JAZ,IC1,semigov,F,False,1,34.938202178946085,0.008535043893720798,17.469101089473043
EDU,JED,IC2,mnc,F,True,1,34.34739976495166,0.005970906319201118,17.17369988247583
ENG_MECH,JED,IC2,mnc,M,False,1,33.423337456457375,0.004104044383160287,16.711668728228688
CUSTOMER,EST,IC1,private,M,True,1,31.836823559135155,0.007959205889783789,15.918411779567577
HEALTH,NJR,IC3,private,F,False,1,31.22281285920144,0.004689497172467147,15.61140642960072
PM,RUH,IC5,private,M,False,1,29.974629917207494,0.0012243843146654456,14.987314958603747
OPS,MAD,IC1,private,M,False,1,28.90753793480644,0.007381037450862882,14.45376896740322
PM,JED,IC4,pif_backed,M,False,1,26.83711265092643,0.0016438134849426306,13.418556325463214
MARKETING,RUH,IC2,public,F,True,1,24.137724798568343,0.006034431199642086,12.068862399284171
CUSTOMER,BAH,M1,startup,M,True,1,23.57988391555591,0.0017333536158431293,11.789941957777955
OPS,NJR,IC1,private,F,False,1,21.20172368830731,0.011778735382392951,10.600861844153656
HEALTH,JED,IC3,public,M,False,1,20.904371462527706,0.002365732732916837,10.452185731263853
MARKETING,HAI,IC2,semigov,F,True,1,19.055400500248652,0.002655346044760021,9.527700250124326
HEALTH,MAK,IC4,pif_backed,F,True,1,18.999106502074937,0.0013496329182478197,9.499553251037469
MARKETING,JED,M1,mnc,F,False,1,13.788789543774328,0.0011695336080670407,6.894394771887164
LEGAL,MAK,IC2,public,F,True,1,11.850594003091828,0.0012346709483560246,5.925297001545914
EDU,JED,IC1,mnc,M,True,1,9.853663638069975,0.0024634159095174935,4.926831819034987
EDU,MAK,IC2,private,F,True,1,8.559483265200015,0.0021398708163000036,4.2797416326000075
ENG_ELEC,JED,IC4,pif_backed,M,True,1,7.916061473151785,0.0004373012092064439,3.9580307365758927
HEALTH,QAS,M2,private,F,True,1,6.6876635004227865,0.0003967689410887599,3.3438317502113932
OPS,MAK,IC2,semigov,M,False,1,5.239116646831917,0.0015712557610424573,2.6195583234159585
ENG_CIVIL,EST,IC2,startup,M,False,1,4.930534035985147,0.0008487355616084545,2.4652670179925735
HR,QAS,IC2,private,M,False,1,2.7972477380390046,0.00037505818961474524,1.3986238690195023
SUPPLY,RUH,IC2,private,F,False,1,0.25463852306211265,7.179650857342596e-05,0.12731926153105633
