family,region,level,ownership,gender,is_saudi,n,mae,mape,pinball_p50
FIN,EST,CXO,private,M,True,1,168164.00117227947,0.7527534119951668,84082.00058613974
OPS,EST,SVP,semigov,M,True,1,140013.48141960645,0.7034662774905188,70006.74070980323
FIN,RUH,D1,mnc,M,True,1,75040.77392731328,0.6621455252686411,37520.38696365664
SUPPLY,MAK,M4,pif_backed,F,True,1,73238.67946833129,0.7354984567744182,36619.339734165645
PM,RUH,D2,private,F,True,1,72465.60029528025,0.5859035818062072,36232.800147640126
PM,TAB,SVP,private,M,True,1,60938.787798487174,0.5194776689815539,30469.393899243587
PM,EST,VP,private,M,True,1,57017.26370898816,0.45634148990095164,28508.63185449408
DATA,RUH,M1,private,M,True,1,55244.70738761798,0.6947350996828342,27622.35369380899
SWE,JED,D1,pif_backed,M,True,1,54927.31124015505,0.5513494911699083,27463.655620077527
MARKETING,RUH,D2,private,F,True,1,54832.66330826193,0.610130760002875,27416.331654130965
SWE,RUH,VP,private,M,True,1,50901.97935195445,0.4707561299643517,25450.989675977224
SWE,MAK,M5,semigov,M,True,1,50807.277723555,0.5673056079070498,25403.6388617775
SALES,JED,M5,pif_backed,M,True,1,48876.195152236396,0.5556417162064626,24438.097576118198
HEALTH,RUH,M5,mnc,F,True,1,47107.903562862004,0.5799174218378872,23553.951781431002
ENG_ELEC,RUH,SVP,mnc,M,True,1,46994.164829771194,0.4469393059606815,23497.082414885597
ENG_MECH,EST,M3,public,M,True,1,46309.8177518704,0.5845945171140463,23154.9088759352
PM,HAI,M3,private,M,True,1,44972.92968479717,0.6163181932887826,22486.464842398585
FIN,RUH,M2,pif_backed,F,True,1,42912.83074460714,0.6340242743489828,21456.41537230357
SWE,QAS,M2,public,M,True,1,42009.51394193061,0.684819648730071,21004.756970965303
SALES,JED,IC5,private,M,True,2,41166.67340124384,0.5444044206510081,20583.33670062192
DATA,EST,M1,mnc,M,True,1,40028.96730124827,0.641069070426456,20014.483650624134
EDU,JED,D2,private,M,True,1,38720.203395842815,0.6478504526113585,19360.101697921407
SWE,ASR,M4,semigov,M,True,1,38185.87633164508,0.6176849303563697,19092.93816582254
EDU,JED,VP,private,F,True,1,37021.997291801425,0.5927932120789695,18510.998645900712
HEALTH,EST,SVP,mnc,F,True,1,37018.08526729601,0.47741899769338764,18509.042633648005
MARKETING,NJR,M4,private,F,True,1,35242.27257937845,0.5676597339748676,17621.136289689224
SALES,RUH,M3,private,M,True,1,34492.746208635595,0.5399002306962095,17246.373104317798
SALES,RUH,M2,private,F,True,1,34390.404294811975,0.5638801033051849,17195.202147405987
LEGAL,RUH,IC5,mnc,F,True,1,34270.73861985959,0.5465753114381631,17135.369309929796
PM,RUH,M4,semigov,M,True,1,33982.00768011793,0.4590567839602883,16991.003840058966
OPS,RUH,IC5,private,F,True,1,33899.703112196825,0.5828901835067704,16949.851556098412
SWE,RUH,IC6,public,M,True,1,32571.895721460984,0.49808466469866414,16285.947860730492
ENG_MECH,RUH,IC4,semigov,M,True,2,32453.570953251103,0.4677867994366988,16226.785476625551
HEALTH,RUH,VP,public,F,True,1,31412.895814223382,0.4302224075184715,15706.447907111691
SWE,RUH,D1,mnc,M,True,2,31356.33981000195,0.3519419914086983,15678.169905000976
ENG_CIVIL,RUH,M2,pif_backed,M,True,1,30940.954115626617,0.6243644093872229,15470.477057813308
LEGAL,EST,SVP,private,M,True,1,30495.591408221357,0.30870686749807,15247.795704110678
HEALTH,RUH,D2,pif_backed,F,True,1,30394.477508940705,0.4690093283891489,15197.238754470352
SWE,QAS,M1,semigov,M,True,1,29727.299454388714,0.6388626086990716,14863.649727194357
CUSTOMER,JED,D1,mnc,M,True,1,29599.275290290356,0.6820294744487387,14799.637645145178
SWE,RUH,M3,pif_backed,F,True,1,29374.55564335084,0.42140122692995075,14687.27782167542
DESIGN,TAB,M4,mnc,M,True,1,28803.275121172388,0.48725023115776983,14401.637560586194
DESIGN,RUH,IC3,mnc,F,True,1,28639.55694818832,0.6568194015441083,14319.77847409416
EDU,JED,VP,private,M,True,1,28631.185487593786,0.5226885679885018,14315.592743796893
DATA,EST,D2,pif_backed,M,True,1,28086.336188463167,0.35959193423135644,14043.168094231583
DATA,RUH,D2,semigov,M,False,1,27064.771435078597,0.6603263418222921,13532.385717539299
SALES,JED,IC3,mnc,F,True,1,26968.61957904693,0.6644710216734157,13484.309789523464
ENG_ELEC,RUH,IC5,semigov,M,True,1,26618.854456830177,0.5580357861546171,13309.427228415088
FIN,EST,IC6,private,F,True,1,26436.155766979504,0.5570109356007668,13218.077883489752
ENG_MECH,JED,D1,private,M,True,1,26130.589716340422,0.41070604488625134,13065.294858170211
HR,RUH,VP,pif_backed,M,True,1,25902.87363574611,0.332874293431104,12951.436817873055
PM,EST,IC6,private,F,True,1,25885.71371768068,0.5477891528917687,12942.85685884034
ENG_MECH,JED,IC5,private,M,True,1,25854.959450163922,0.5471402646697399,12927.479725081961
ENG_ELEC,RUH,M1,mnc,M,True,1,25675.684192805602,0.6622248353291386,12837.842096402801
LEGAL,MAD,VP,pif_backed,M,True,1,25555.143043245436,0.29102404225898576,12777.571521622718
FIN,EST,M2,semigov,M,True,1,25334.805787749483,0.4653194844134305,12667.402893874741
HEALTH,EST,D1,private,F,True,2,25111.022730163313,0.4371932218562664,12555.511365081657
SALES,RUH,M2,semigov,M,True,1,25091.740283319126,0.5109525662868373,12545.870141659563
FIN,JED,D3,startup,M,True,1,24573.689918857013,1.3490062717600337,12286.844959428507
FIN,EST,M1,semigov,M,True,1,24316.950175898088,0.518645542838559,12158.475087949044
MARKETING,RUH,IC5,private,M,True,1,24198.511018201996,0.5140687130476097,12099.255509100998
ENG_CIVIL,RUH,VP,startup,M,True,1,23872.772516977966,0.39987130369584023,11936.386258488983
PM,EST,IC5,public,F,True,1,23315.511201363883,0.5398600169150682,11657.755600681941
SALES,TAB,M3,mnc,F,True,1,23216.613205060465,0.41876936679924426,11608.306602530232
FIN,MAK,IC4,pif_backed,F,True,1,23145.546064741127,0.5764819888835435,11572.773032370564
SWE,RUH,M3,public,M,True,1,23143.710983259483,0.42451260347353326,11571.855491629742
ENG_ELEC,RUH,M3,semigov,M,True,1,23127.89980999374,0.46357184208914504,11563.94990499687
HEALTH,EST,SVP,private,M,True,1,23044.743805152517,0.3373371982750022,11522.371902576258
FIN,JED,D1,private,F,True,1,23007.316442628264,0.43387502020053287,11503.658221314132
FIN,MAK,VP,semigov,M,True,1,22938.828660832754,0.6828573944367954,11469.414330416377
ENG_CIVIL,RUH,M5,private,M,True,1,22769.00113359635,0.4658006572407023,11384.500566798175
DATA,JED,M3,private,M,True,1,22567.106451354935,0.5022893019638922,11283.553225677468
ENG_CIVIL,RUH,D2,private,M,True,1,22219.004788842867,0.44667584500987323,11109.502394421434
OPS,RUH,D1,startup,M,True,1,22154.426254931925,0.5843275778719482,11077.213127465962
CUSTOMER,MAD,IC6,mnc,F,True,1,22068.887623992327,0.5978606759412463,11034.443811996163
DESIGN,RUH,M2,public,F,True,1,22003.301069851077,0.46159478739881166,11001.650534925539
ENG_CIVIL,TAB,D1,private,M,True,1,21811.90878146125,0.5218652309706392,10905.954390730625
SWE,TAB,M5,private,M,True,1,21778.95830437602,1.2298218998060801,10889.47915218801
DATA,ASR,IC5,public,M,True,1,21672.009073028745,0.5900506769470301,10836.004536514372
PM,JED,M1,semigov,M,True,1,21437.510011832903,0.48243513022159973,10718.755005916451
HEALTH,RUH,M4,private,F,True,1,21300.0977177384,0.47664304884382885,10650.0488588692
SWE,RUH,IC4,semigov,M,True,1,21255.290619293264,0.47677006236725317,10627.645309646632
ENG_MECH,RUH,D3,public,M,True,1,21232.77259524855,0.32877426419593364,10616.386297624274
ENG_MECH,MAK,IC6,public,M,True,1,21200.243534019028,0.5103043170760859,10600.121767009514
FIN,RUH,VP,mnc,F,True,1,21170.7018749469,0.2432738248445784,10585.35093747345
DATA,JAZ,M2,private,M,True,1,21090.029090686854,0.5867095312178381,10545.014545343427
FIN,RUH,IC6,mnc,M,True,1,21077.004017696443,0.4175873251310148,10538.502008848222
DATA,HAI,IC6,private,M,True,1,21005.43335766326,0.46510379667020413,10502.71667883163
ENG_MECH,RUH,M3,private,M,True,2,20841.97371818635,0.40153865352753154,10420.986859093175
MARKETING,MAK,IC4,private,F,True,1,20765.58307663932,0.7260653734458802,10382.79153831966
OPS,RUH,VP,pif_backed,F,True,1,20756.513570383388,0.31098215391322154,10378.256785191694
PM,RUH,D1,public,M,True,1,20755.92044502304,0.36370609378914737,10377.96022251152
SWE,RUH,D1,startup,M,True,1,20488.247478611473,0.9588151413224885,10244.123739305736
MARKETING,RUH,D3,private,F,True,1,20339.78836668391,0.2889044905959274,10169.894183341956
SWE,RUH,M3,private,M,True,2,20078.00565804239,0.31768855603022095,10039.002829021196
SWE,MAD,IC6,private,F,True,1,20065.871834343754,0.43710546031526126,10032.935917171877
OPS,RUH,D1,private,M,True,1,19717.219943849035,0.36846027071012694,9858.609971924518
OPS,RUH,M3,startup,F,True,1,19711.344692538405,0.5239901924188993,9855.672346269203
MARKETING,RUH,VP,public,F,True,1,19672.5450067191,1.0636399989451586,9836.27250335955
ENG_CIVIL,RUH,IC3,private,M,True,1,19583.734593232846,0.6081480296361237,9791.867296616423
CUSTOMER,RUH,M3,private,M,True,1,19578.396012432822,0.5036324506663876,9789.198006216411
DESIGN,MAD,M2,private,F,True,1,19521.404113692734,0.6025257307463252,9760.702056846367
ENG_CIVIL,QAS,M3,mnc,M,True,1,19421.564452572224,0.5008532146203934,9710.782226286112
HR,BAH,M3,semigov,F,True,1,19142.86778093977,2.6419046310196457,9571.433890469885
ENG_ELEC,RUH,D2,private,M,True,1,19125.236221852057,0.8947557557994628,9562.618110926029
HEALTH,JED,IC4,semigov,F,True,1,19043.60095427998,0.589945489697224,9521.80047713999
SALES,TAB,IC5,semigov,F,True,2,18946.174596697943,0.3806976840738864,9473.087298348972
SALES,QAS,IC6,pif_backed,F,True,1,18856.555298652263,0.4462218220749736,9428.277649326132
DATA,MAK,M4,semigov,M,True,1,18788.325059353978,0.3227129354781166,9394.162529676989
ENG_CIVIL,RUH,VP,private,M,True,1,18702.041686398068,0.8228710816036049,9351.020843199034
ENG_ELEC,EST,M2,pif_backed,M,True,1,18520.681613366905,0.44801342961984675,9260.340806683453
SWE,EST,D1,private,F,True,1,18409.720132945637,1.0596279293722901,9204.860066472818
DATA,EST,IC6,semigov,F,True,1,18398.317730171526,0.3785158434626501,9199.158865085763
SWE,JAZ,M3,private,M,True,1,18346.512872518262,0.5399468339601621,9173.256436259131
ENG_ELEC,EST,IC2,mnc,F,True,1,18239.11521011326,0.7368680127714271,9119.55760505663
OPS,ASR,M1,pif_backed,F,True,1,18084.178651084552,0.6504727280409839,9042.089325542276
OPS,EST,M3,pif_backed,M,True,1,17929.259372266286,0.4532548109154655,8964.629686133143
CUSTOMER,JED,IC6,pif_backed,M,True,1,17700.173485698488,0.5529183751964596,8850.086742849244
FIN,EST,IC4,public,M,True,2,17398.849788261978,0.44518295610115743,8699.424894130989
PM,QAS,M2,semigov,M,True,2,17352.7770731836,0.49683087585255814,8676.3885365918
LEGAL,EST,M2,private,F,True,1,17171.457161598984,0.4007210629530072,8585.728580799492
LEGAL,BAH,M1,private,M,True,1,17111.378737663345,0.5851658207657116,8555.689368831672
OPS,EST,IC6,semigov,M,True,1,16837.21126456616,0.5250386308419397,8418.60563228308
EDU,EST,M3,private,F,True,1,16802.732224938034,0.4645078231139003,8401.366112469017
PM,JED,IC5,public,F,True,1,16704.786737901642,0.494707767555955,8352.393368950821
FIN,ASR,IC5,private,F,True,1,16618.21317169129,0.5081332165603732,8309.106585845646
ENG_ELEC,EST,M3,pif_backed,M,True,1,16525.679319782263,0.32062447594796467,8262.839659891131
SWE,EST,IC6,private,F,True,1,16325.567884936048,0.3282016272984726,8162.783942468024
SWE,EST,IC6,private,M,True,1,16323.69491516869,0.7625035370615971,8161.847457584345
SWE,RUH,IC4,pif_backed,F,True,2,16052.227395002343,0.4296742599353831,8026.113697501171
SUPPLY,ASR,IC5,semigov,M,True,1,15994.557491190699,0.5794727075871121,7997.278745595349
ENG_CIVIL,TAB,IC5,pif_backed,M,True,1,15957.216354142874,0.5580213706934689,7978.608177071437
HR,RUH,IC4,private,M,True,2,15917.040816331046,0.5302966187546899,7958.520408165523
FIN,JED,M3,pif_backed,M,True,1,15872.369437420486,0.3122666294936959,7936.184718710243
PM,RUH,M4,public,M,True,3,15868.155570480476,0.47640968757307767,7934.077785240238
FIN,MAD,IC6,mnc,M,True,1,15841.555175259353,0.34326277950862777,7920.777587629676
HEALTH,JAZ,IC6,public,M,True,1,15745.080663656016,0.5703625157868795,7872.540331828008
HEALTH,MAK,IC4,private,F,True,1,15715.312126581903,0.6250772864416272,7857.656063290951
MARKETING,QAS,M4,pif_backed,M,True,1,15656.45752494673,0.37571125499917285,7828.228762473365
CUSTOMER,RUH,M3,mnc,F,True,1,15570.110920698113,0.363970618129578,7785.055460349056
SWE,RUH,M4,private,M,True,1,15494.151019927762,0.3049583500343004,7747.075509963881
DESIGN,RUH,IC2,mnc,M,True,1,15489.73020576446,0.6234560033887323,7744.86510288223
SWE,RUH,M4,private,F,True,1,15467.238567806126,0.6504868202587896,7733.619283903063
ENG_MECH,QAS,M1,public,M,True,1,15457.393516506043,0.6365811148345282,7728.6967582530215
FIN,JED,D2,private,F,True,1,15443.401914000373,0.5724782305225925,7721.7009570001865
MARKETING,RUH,IC5,private,F,True,2,15414.940307261106,0.33561167667008374,7707.470153630553
SALES,MAK,IC6,public,M,True,1,15408.35676549374,0.4372336192394967,7704.17838274687
DATA,QAS,M4,public,F,True,1,15395.091615527235,0.31391186794269,7697.545807763618
FIN,RUH,M3,private,M,True,1,15373.794415847175,1.2524148158328432,7686.897207923587
SWE,MAK,IC6,mnc,M,True,1,15356.135332381247,0.4635170570415346,7678.067666190624
SWE,RUH,IC5,startup,F,True,1,15348.799488934583,0.39369145657583543,7674.399744467291
LEGAL,JED,IC4,private,F,True,2,15313.431809189413,0.45502970569490675,7656.715904594706
LEGAL,ASR,IC4,public,M,True,1,15304.232407674568,0.6570100411570517,7652.116203837284
OPS,EST,VP,public,F,True,1,15068.537176502534,0.33243001640225556,7534.268588251267
SALES,RUH,IC5,mnc,M,True,1,15037.891267388783,0.3619829173760409,7518.945633694391
PM,RUH,M4,private,M,True,1,14900.393449492134,0.2779723392051149,7450.196724746067
MARKETING,RUH,IC6,private,M,True,1,14769.052524570725,0.41755333413117607,7384.5262622853625
SALES,RUH,SVP,public,F,True,1,14650.036202301799,0.49146041641765814,7325.018101150899
CUSTOMER,RUH,IC4,startup,M,True,1,14627.555547792643,0.5837679371683508,7313.777773896321
ENG_CIVIL,RUH,D3,private,M,False,1,14484.181238440608,0.48126171844336724,7242.090619220304
SALES,JED,VP,private,M,True,1,14473.373784195457,0.26834878813923363,7236.686892097729
ENG_ELEC,RUH,D3,public,M,True,1,14439.373868284998,0.5418398668195564,7219.686934142499
DATA,EST,M4,public,M,False,1,14412.882505318008,0.6011025260802387,7206.441252659004
SWE,RUH,M2,startup,M,True,1,14372.76088981593,0.371934635980618,7186.380444907965
PM,RUH,M3,private,M,True,1,14357.92617843734,1.0607842665238079,7178.96308921867
OPS,QAS,M3,semigov,M,True,2,14290.419330291175,0.8776796980397885,7145.209665145588
PM,MAK,M1,startup,M,True,1,14254.367509467389,0.518949355125204,7127.1837547336945
MARKETING,JED,M1,mnc,M,True,1,14214.803731454966,0.41453793646976,7107.401865727483
FIN,MAD,IC6,private,M,True,1,14180.80483138161,0.4554112450375824,7090.402415690805
ENG_ELEC,MAK,M4,private,F,True,1,14151.546290234284,0.38555348839504894,7075.773145117142
ENG_MECH,JAZ,IC4,private,M,True,1,14143.919639728181,0.509157977378618,7071.959819864091
SWE,JED,M2,public,F,True,1,14127.08739195738,0.9308105385746193,7063.54369597869
FIN,RUH,M1,private,F,True,1,14121.55654990541,0.4437476642376479,7060.778274952705
SWE,RUH,M3,semigov,M,True,2,14006.568457184561,0.47860301077690653,7003.284228592281
SWE,MAK,IC5,public,F,True,2,13965.88357072782,0.3030909089598409,6982.94178536391
HEALTH,JED,VP,mnc,F,True,1,13933.33564957841,0.25897214385466893,6966.667824789205
DATA,EST,M3,startup,M,True,1,13917.086686463022,0.7780957071761831,6958.543343231511
MARKETING,MAD,IC5,private,F,True,1,13912.841469119507,0.4584369935829233,6956.420734559753
PM,TAB,IC5,public,M,True,1,13912.722776816698,0.5394853481311335,6956.361388408349
EDU,TAB,D1,private,F,True,1,13909.422088096155,0.4915372074651186,6954.711044048077
DATA,HAI,M5,private,F,True,1,13757.907680912533,0.2316216584344067,6878.953840456266
FIN,RUH,M3,mnc,M,True,2,13594.900120601727,1.3859783468857572,6797.450060300864
HR,QAS,IC5,semigov,M,True,1,13515.772669828717,0.4814506565844194,6757.8863349143585
SALES,RUH,M4,semigov,M,True,1,13509.888934786912,0.2562887450819751,6754.944467393456
PM,RUH,M3,public,M,True,1,13484.403800545042,0.2732734485674566,6742.201900272521
SUPPLY,JED,M2,private,M,True,1,13453.731609231694,0.4298030222060569,6726.865804615847
PM,TAB,M1,private,M,True,1,13386.32556630563,0.5205501774403815,6693.162783152815
FIN,NJR,D1,semigov,M,True,1,13378.692776754458,0.7900256155722856,6689.346388377229
SWE,HAI,IC5,mnc,F,True,1,13292.472552804014,1.430144272525424,6646.236276402007
ENG_MECH,RUH,M2,private,M,True,3,13275.698663833997,0.5502567124314259,6637.849331916998
ENG_MECH,QAS,IC3,public,M,True,1,13259.75469804291,0.5695168625373819,6629.877349021455
DATA,EST,IC4,private,M,True,1,13256.643545095123,0.4605916741516074,6628.3217725475615
ENG_MECH,EST,M3,pif_backed,M,True,2,13218.502892133129,0.2297971494181272,6609.251446066564
DATA,QAS,IC4,startup,M,True,1,13192.361200377496,0.47869548899108655,6596.180600188748
EDU,JED,D1,public,F,True,1,13178.222133409497,0.3631855574133329,6589.111066704749
ENG_MECH,RUH,IC4,private,F,True,1,13173.121377259733,0.4019072073730259,6586.5606886298665
CUSTOMER,MAK,IC6,private,M,True,1,13078.58020575239,0.4611163562566508,6539.290102876195
SWE,NJR,M2,private,M,True,1,13025.507434524065,0.42293513787260856,6512.753717262032
SWE,MAK,M3,private,M,True,1,12987.249216671997,0.7479638424844776,6493.624608335998
ENG_ELEC,RUH,IC5,pif_backed,M,True,1,12937.165484594465,0.339670682186813,6468.5827422972325
DESIGN,TAB,VP,mnc,M,True,1,12934.623300563893,0.20074415506212137,6467.311650281947
OPS,JED,M4,public,F,True,1,12912.190374813981,1.3251760965125754,6456.095187406991
FIN,RUH,IC5,public,F,True,1,12911.959587508736,0.4155518734568268,6455.979793754368
HEALTH,EST,IC4,private,M,True,1,12844.634118573484,0.5175490012260164,6422.317059286742
MARKETING,QAS,M4,semigov,F,True,1,12781.283232134361,0.820743879045321,6390.641616067181
FIN,MAK,D3,private,M,True,1,12772.755652453488,0.16977558506008517,6386.377826226744
CUSTOMER,EST,IC4,public,M,True,1,12697.044684142578,0.5712364773396099,6348.522342071289
DATA,RUH,M3,private,F,True,2,12637.479032046598,0.488558662112175,6318.739516023299
DATA,RUH,IC5,public,F,True,1,12597.037468486844,0.37712101615873733,6298.518734243422
HEALTH,EST,M1,public,F,True,1,12558.944851624992,0.4820993432315875,6279.472425812496
FIN,RUH,M1,private,M,True,1,12518.13929053508,0.4260109106984417,6259.06964526754
CUSTOMER,RUH,IC5,mnc,M,True,2,12500.107563965534,0.28286187735789486,6250.053781982767
ENG_MECH,RUH,IC3,public,M,True,1,12488.465939727084,0.47431085790671695,6244.232969863542
HEALTH,JED,IC5,pif_backed,M,True,1,12458.804872902696,0.3891143131625968,6229.402436451348
MARKETING,JED,IC5,semigov,F,True,1,12383.635678921757,2.518905518984097,6191.8178394608785
ENG_ELEC,JED,IC4,startup,F,True,1,12344.507254356766,1.8337115766868841,6172.253627178383
SWE,HAI,IC5,private,F,True,1,12312.109682515671,0.4211685311930614,6156.0548412578355
SALES,RUH,M3,private,F,True,2,12219.253723643309,0.3778174277424918,6109.6268618216545
DATA,RUH,IC3,pif_backed,M,True,3,12151.69891045024,0.391236068498044,6075.84945522512
DATA,JED,IC4,mnc,M,True,1,12081.721170022924,0.4040204395814079,6040.860585011462
HEALTH,RUH,IC6,startup,M,True,1,11945.309410544509,0.41327735130981486,5972.654705272254
DATA,RUH,IC5,public,M,True,1,11940.148566384581,0.3156150865426449,5970.074283192291
DATA,JED,IC4,semigov,F,True,1,11897.564984051696,0.41087197236510253,5948.782492025848
DATA,RUH,IC4,pif_backed,M,True,1,11810.499101149057,0.3923542376739468,5905.249550574528
ENG_ELEC,TAB,IC4,public,M,True,1,11800.32349910758,0.45204642709845133,5900.16174955379
PM,EST,IC4,public,F,True,1,11731.195356326001,0.45186783764929356,5865.597678163001
MARKETING,JED,D3,semigov,M,False,1,11655.748367008873,0.5001883068760687,5827.874183504437
OPS,RUH,IC6,public,M,True,1,11626.503330741038,0.34937839492629585,5813.251665370519
PM,RUH,IC4,semigov,M,True,2,11569.045132418547,0.39772930306713117,5784.5225662092735
SALES,JED,IC5,startup,M,True,1,11544.494524629068,0.9465630991948847,5772.247262314534
FIN,TAB,M1,public,M,True,1,11539.537251803991,0.41420663901522337,5769.768625901996
FIN,EST,D2,public,F,False,1,11532.883015006244,0.9736354730945096,5766.441507503122
FIN,QAS,M2,private,M,True,1,11486.831110594241,0.3175858472316192,5743.415555297121
SALES,RUH,M2,startup,F,True,1,11477.939324070638,0.8319984392912017,5738.969662035319
HEALTH,EST,M4,pif_backed,F,True,1,11431.712497392095,0.29423720657943175,5715.856248696047
MARKETING,RUH,IC4,mnc,F,True,2,11381.74422899717,0.6200922682964273,5690.872114498585
HEALTH,ASR,M2,private,M,True,1,11373.45641718567,0.44292772359335825,5686.728208592835
SWE,RUH,M3,mnc,M,True,1,11328.895804781125,0.2382074556614938,5664.447902390562
SWE,RUH,IC6,mnc,M,True,2,11287.145562176813,0.461362739073819,5643.572781088406
SWE,RUH,IC5,semigov,M,True,1,11244.150438665109,0.7728022432360244,5622.075219332554
ENG_ELEC,EST,M5,public,M,True,1,11108.39547140383,0.3458033804188718,5554.197735701915
HEALTH,RUH,M3,public,F,True,2,11068.151044851844,0.27489053031431476,5534.075522425922
SUPPLY,RUH,VP,semigov,M,True,1,10918.195216462322,0.21951314515238093,5459.097608231161
SWE,NJR,IC4,public,F,True,1,10909.452822980194,2.2441733026377633,5454.726411490097
DATA,HAI,IC3,private,F,True,1,10879.19625391183,0.4446132844961863,5439.598126955915
DESIGN,ASR,IC4,semigov,M,True,1,10838.33470737524,0.4339220580196434,5419.16735368762
PM,RUH,IC4,public,M,True,2,10822.66713361043,0.9195278051832908,5411.333566805215
EDU,EST,IC5,pif_backed,F,True,1,10821.32390489323,0.4464867004515326,5410.661952446615
SWE,EST,M4,public,M,True,1,10761.21948389045,0.6325550351461864,5380.609741945225
OPS,JAZ,IC6,semigov,F,True,1,10726.256161324256,0.49960098106908074,5363.128080662128
SALES,EST,M2,semigov,F,True,1,10705.080071455479,0.2794847618910555,5352.540035727739
SWE,EST,IC6,semigov,M,True,1,10699.308246365687,0.2924945079820705,5349.654123182843
SWE,MAK,M2,public,M,True,1,10692.399216654954,0.729574199007142,5346.199608327477
SALES,MAD,M4,public,M,True,1,10669.89733172696,0.3082471195380893,5334.94866586348
SWE,RUH,IC5,semigov,F,True,2,10653.281272296903,0.262484657414127,5326.640636148451
ENG_CIVIL,RUH,IC5,private,F,True,1,10574.521999843182,0.3896186901548587,5287.260999921591
DESIGN,EST,D1,private,F,True,1,10537.303150230036,0.2929023045510754,5268.651575115018
ENG_MECH,EST,IC5,mnc,M,True,1,10527.98052966809,0.293429394101637,5263.990264834045
DATA,RUH,IC3,private,M,True,2,10510.029174776562,1.3279456598026158,5255.014587388281
CUSTOMER,JED,M3,public,M,True,1,10506.433355918194,2.572013568682152,5253.216677959097
LEGAL,RUH,IC5,public,F,True,1,10461.547735446731,0.7373866270021104,5230.773867723366
PM,RUH,IC2,semigov,F,True,1,10422.931220964581,0.5164579414876617,5211.465610482291
ENG_MECH,ASR,IC3,startup,M,True,1,10340.195658237664,0.5378150278886628,5170.097829118832
PM,EST,IC5,mnc,M,True,1,10330.530450154385,0.7628878204907561,5165.265225077193
HEALTH,QAS,VP,private,F,True,1,10321.451206046455,0.1949973936046563,5160.725603023227
SUPPLY,QAS,M4,public,M,True,1,10319.584222195244,0.3176987291741161,5159.792111097622
FIN,RUH,IC6,private,M,True,1,10296.224366538045,0.33432730601064703,5148.112183269022
PM,RUH,IC4,private,M,True,5,10293.275063318453,0.29710664601493086,5146.637531659227
ENG_CIVIL,ASR,IC4,pif_backed,M,True,1,10262.860715286679,0.4847915252491185,5131.430357643339
OPS,RUH,M3,private,M,True,2,10261.064843954668,0.33372810970217415,5130.532421977334
DATA,QAS,M1,private,F,True,1,10226.264562727769,0.38796192358866366,5113.132281363884
ENG_CIVIL,EST,D1,semigov,M,True,1,10196.043285000493,0.722787161083553,5098.021642500246
CUSTOMER,TAB,D2,pif_backed,F,True,1,10189.393729420606,1.035576553752193,5094.696864710303
MARKETING,RUH,D1,private,M,True,1,10088.73547131979,0.42381141618705914,5044.367735659895
OPS,RUH,M2,pif_backed,M,True,1,10058.029229679236,0.3284108002361765,5029.014614839618
HEALTH,MAD,M1,pif_backed,F,False,1,9995.847320764457,0.7204558533669362,4997.923660382228
SALES,EST,IC4,public,M,True,1,9919.476503517388,0.38125695119692715,4959.738251758694
HR,JED,IC5,private,M,True,1,9918.683064834977,0.4022011822159316,4959.341532417488
OPS,QAS,M3,private,M,True,1,9839.012050482133,1.1531428121586274,4919.506025241067
SALES,QAS,M1,private,F,True,1,9805.234263246377,0.426308381109632,4902.6171316231885
HR,QAS,M1,private,F,True,1,9783.844050998503,0.41897965350809274,4891.9220254992515
PM,EST,IC5,private,M,True,1,9769.074344902487,0.9388176388401592,4884.537172451243
EDU,MAK,IC4,startup,M,True,1,9766.866149553503,0.5119304884035429,4883.433074776752
HR,RUH,VP,private,M,True,1,9757.830596944848,0.25338024169317225,4878.915298472424
OPS,RUH,M1,public,F,True,1,9749.337404461528,0.42861695133686434,4874.668702230764
EDU,EST,VP,pif_backed,M,True,1,9741.098733640749,0.19914043426973643,4870.549366820374
PM,RUH,IC6,private,F,True,1,9734.229381571326,0.7124941157370782,4867.114690785663
DATA,RUH,M2,public,M,False,1,9690.881240989776,0.5686356684910762,4845.440620494888
ENG_ELEC,EST,M1,private,M,True,1,9668.06289897828,0.8241824314789241,4834.03144948914
HR,EST,VP,public,F,True,1,9642.122792620998,0.18134946405484756,4821.061396310499
PM,RUH,IC4,pif_backed,F,True,1,9631.206389218518,0.3152878414856794,4815.603194609259
HEALTH,RUH,M4,private,M,True,2,9620.172023866176,0.2590023322837279,4810.086011933088
SWE,TAB,M2,private,M,True,1,9599.960922564089,0.32773253512936684,4799.980461282044
SWE,EST,M3,public,M,True,1,9581.460279955569,0.5639575575262995,4790.730139977784
FIN,EST,IC5,pif_backed,F,True,1,9559.033052352957,0.5935941056070555,4779.516526176479
DATA,RUH,D3,private,M,False,2,9547.180095535117,0.2929927775193566,4773.590047767559
ENG_ELEC,RUH,IC3,semigov,M,True,2,9529.906545877795,0.4187307587957221,4764.9532729388975
SUPPLY,EST,IC4,startup,M,True,1,9519.883874467387,0.3868418397685642,4759.941937233693
FIN,EST,M3,private,M,True,1,9511.259043387963,0.2750210089838166,4755.629521693982
ENG_ELEC,JED,M2,public,M,True,1,9503.045310104077,0.33597680554544146,4751.522655052038
ENG_ELEC,JAZ,IC5,private,M,True,1,9434.351894393407,0.49748504356946543,4717.175947196703
FIN,RUH,IC4,private,F,True,3,9373.704085735111,0.34708452140782353,4686.852042867556
SALES,MAD,IC5,private,M,True,2,9313.542018711425,0.5788502155542041,4656.7710093557125
MARKETING,EST,IC5,private,M,True,3,9287.294401909761,0.4444308313104181,4643.647200954881
DESIGN,RUH,IC5,public,M,True,2,9282.673415214282,0.5643778609050069,4641.336707607141
EDU,RUH,IC6,mnc,F,True,1,9233.490474940872,0.8805100114467918,4616.745237470436
SWE,EST,IC5,public,M,True,3,9204.675127249408,0.796062240567656,4602.337563624704
PM,RUH,M3,private,F,True,1,9195.123094906008,0.22118761588119287,4597.561547453004
ENG_MECH,MAK,VP,private,M,True,1,9177.441827588002,0.26936562285287347,4588.720913794001
EDU,EST,D1,public,M,True,1,9146.854753732874,0.3259789520433908,4573.427376866437
OPS,RUH,IC4,public,M,True,2,9135.832729182563,0.403179549998152,4567.916364591281
SWE,QAS,M3,private,F,True,1,9109.343840756468,0.3274689857517112,4554.671920378234
SWE,MAK,IC5,private,M,True,1,9072.679330893297,0.31876398336104667,4536.339665446649
SALES,RUH,IC5,semigov,M,True,2,9020.586923109991,0.9141917569098966,4510.293461554996
CUSTOMER,TAB,M4,private,M,True,1,9012.065628572516,0.32637873733705686,4506.032814286258
CUSTOMER,JED,IC4,mnc,M,True,1,9004.656437187134,0.45026768143597934,4502.328218593567
DESIGN,RUH,M1,private,F,True,1,8996.882149851499,0.3657987136299265,4498.4410749257495
SUPPLY,HAI,IC6,private,M,True,1,8962.414272039281,0.4311393597826441,4481.2071360196405
CUSTOMER,EST,M1,mnc,F,True,1,8951.703245174362,0.39350360187538524,4475.851622587181
ENG_MECH,RUH,IC5,private,M,True,2,8916.945746547695,0.48352778567669263,4458.472873273848
HR,RUH,VP,startup,M,False,1,8908.530490699715,0.4873140698196776,4454.265245349858
HEALTH,TAB,VP,semigov,M,False,1,8907.3812207761,0.4300869589410352,4453.69061038805
ENG_ELEC,MAK,IC6,private,M,True,1,8884.690247128417,0.4036845298613678,4442.345123564209
ENG_MECH,QAS,IC6,mnc,M,True,1,8828.832798622725,0.3664514418000519,4414.4163993113625
SALES,RUH,IC4,semigov,M,False,1,8824.994734181128,0.6841029587436609,4412.497367090564
ENG_CIVIL,EST,M3,public,M,True,1,8803.627744436046,0.3016032926186848,4401.813872218023
SALES,TAB,IC4,semigov,M,True,1,8785.776951500564,0.5048531883506201,4392.888475750282
HEALTH,QAS,M3,public,M,True,1,8768.910859877864,0.8805746487345877,4384.455429938932
LEGAL,RUH,D2,startup,F,True,1,8765.312412092731,0.17777215669274976,4382.656206046366
PM,QAS,IC3,private,M,True,1,8754.445081717988,0.418400458371342,4377.222540858994
SWE,RUH,M5,private,M,False,1,8726.228215047868,0.37406948614131086,4363.114107523934
OPS,QAS,M4,private,M,True,1,8702.500841963589,0.4238225801223681,4351.250420981794
MARKETING,JED,IC4,pif_backed,F,True,1,8698.126659470729,0.363120588545159,4349.063329735364
SWE,RUH,M1,private,F,True,3,8649.209921223812,0.4097492795488716,4324.604960611906
CUSTOMER,EST,IC5,mnc,M,True,1,8644.38444239073,0.4704638661468254,4322.192221195365
SWE,RUH,IC5,mnc,M,False,2,8612.016139463838,0.5056243593066222,4306.008069731919
HEALTH,RUH,VP,private,M,True,1,8590.693122046694,0.24386207410928662,4295.346561023347
LEGAL,RUH,M2,public,M,True,1,8578.2361785414,0.2935293100668019,4289.1180892707
SWE,RUH,M2,private,M,True,3,8576.505324812168,0.31278655680824724,4288.252662406084
SWE,RUH,M3,semigov,M,False,1,8573.038343996262,0.4872002602849584,4286.519171998131
PM,JED,IC3,pif_backed,M,True,1,8533.450366556279,0.3706627704844555,4266.725183278139
MARKETING,QAS,IC4,private,F,True,1,8494.443842441799,0.43540606638681856,4247.221921220899
SWE,ASR,IC6,pif_backed,M,True,1,8492.035026601628,0.29982637384196825,4246.017513300814
HEALTH,RUH,IC6,startup,F,True,1,8486.55966506851,0.9861946389868238,4243.279832534255
EDU,RUH,M2,private,M,True,1,8414.299604147885,0.362224862615705,4207.149802073943
DATA,RUH,M1,public,F,True,2,8364.823353063586,0.23585390447371443,4182.411676531793
HR,MAD,IC6,public,F,True,1,8361.431043682769,0.401427264066591,4180.7155218413845
PM,EST,M4,startup,F,False,1,8343.099717623416,0.5100322800323391,4171.549858811708
DATA,ASR,IC6,private,M,True,1,8340.501482973908,0.31815456056567265,4170.250741486954
MARKETING,RUH,IC5,startup,M,True,1,8331.498444526042,0.7242821725321389,4165.749222263021
ENG_CIVIL,QAS,D1,pif_backed,M,True,1,8312.203017263786,0.23575116156482043,4156.101508631893
ENG_MECH,MAD,IC4,public,M,True,1,8310.296267099875,1.3369544324508729,4155.1481335499375
DATA,HAI,IC4,private,F,True,1,8307.64983853178,0.43260362057336105,4153.82491926589
PM,EST,IC6,mnc,F,False,1,8302.251131648612,0.4817801622164985,4151.125565824306
HEALTH,RUH,IC4,public,M,True,1,8276.472008320712,0.4004273186833075,4138.236004160356
LEGAL,JED,IC5,private,M,True,1,8274.901171632306,0.5722792632885593,4137.450585816153
SWE,MAK,M1,pif_backed,M,True,1,8273.134898430224,0.4713994924308986,4136.567449215112
FIN,RUH,D1,semigov,M,True,1,8232.81495072271,0.2515557020858631,4116.407475361355
HEALTH,NJR,IC5,pif_backed,F,True,1,8215.870121630163,0.40334846034267885,4107.935060815082
SWE,JED,IC5,private,M,True,2,8197.150547795776,0.6936906452707003,4098.575273897888
ENG_ELEC,JED,IC5,pif_backed,M,True,1,8193.40155787039,0.5295609726632555,4096.700778935195
SWE,EST,M3,private,M,True,1,8183.623208543613,0.20021140371562826,4091.8116042718066
SWE,HAI,IC4,mnc,M,True,1,8163.994836553957,0.30305367283951834,4081.9974182769784
FIN,QAS,M3,semigov,F,True,1,8144.6019159899115,0.36478361176265256,4072.3009579949558
HEALTH,EST,M5,mnc,M,True,1,8134.644168658044,0.22337831343210265,4067.322084329022
FIN,MAD,M1,pif_backed,M,True,1,8124.85285180682,0.2657057763880198,4062.42642590341
CUSTOMER,RUH,IC2,private,F,True,1,8097.422268825984,0.5311237105229916,4048.711134412992
PM,JED,IC4,mnc,F,True,1,8097.373542340538,0.3198763411831888,4048.686771170269
MARKETING,HAI,M3,private,F,True,1,8092.8410781156235,0.2741617390035262,4046.4205390578118
OPS,RUH,M5,mnc,M,False,1,8081.867339668586,0.4982528314740683,4040.933669834293
EDU,RUH,M4,private,M,True,3,8079.259120474709,0.2152598435079031,4039.6295602373543
ENG_ELEC,JED,IC4,public,M,True,1,8051.106819630444,0.4347545750565857,4025.553409815222
DATA,BAH,IC6,startup,M,True,1,8040.901966494408,0.6661128325101358,4020.450983247204
CUSTOMER,NJR,M3,semigov,F,True,1,7989.20026632758,0.7163601960243945,3994.60013316379
SALES,NJR,M3,private,M,True,1,7975.675032852012,0.6675196199562746,3987.837516426006
SWE,MAK,M2,semigov,F,False,1,7957.005226256258,0.5227310482125451,3978.502613128129
DATA,RUH,IC3,mnc,M,True,3,7953.7786886084605,0.27456686785787165,3976.8893443042302
MARKETING,NJR,M3,private,F,False,1,7951.132078550007,0.5880771414811905,3975.5660392750033
HR,RUH,M2,private,M,True,1,7939.803384703066,0.7534623271891173,3969.901692351533
SALES,TAB,IC4,pif_backed,M,True,1,7938.7564241808595,0.34640982989358315,3969.3782120904298
DATA,JED,IC3,private,F,True,1,7894.79312021648,1.2419515360710462,3947.39656010824
SUPPLY,JED,IC6,startup,F,True,1,7877.705592460927,0.3939224922225898,3938.8527962304634
MARKETING,JED,M4,mnc,M,True,1,7865.930773179603,0.45281598508475146,3932.9653865898017
SWE,EST,IC4,mnc,M,True,2,7841.732284288235,0.23950817892222975,3920.8661421441175
HEALTH,MAK,IC4,public,M,True,1,7809.988055853622,0.40125779301514664,3904.994027926811
FIN,EST,IC6,public,M,True,1,7800.939963531844,0.23273886755695217,3900.469981765922
LEGAL,RUH,M4,public,M,True,1,7800.617783420428,0.35597299131290217,3900.308891710214
EDU,TAB,IC3,mnc,M,True,1,7768.003834292816,0.5488685488542895,3884.001917146408
SWE,EST,IC4,semigov,F,True,1,7761.976472055991,0.26111196410502435,3880.9882360279953
SUPPLY,EST,IC3,semigov,M,True,1,7760.132842873991,0.3236997069412373,3880.0664214369954
EDU,EST,M1,pif_backed,F,True,1,7708.902266352434,0.41437333698877876,3854.451133176217
HEALTH,MAD,IC4,semigov,F,False,1,7687.957389306246,0.6848913642448058,3843.978694653123
SWE,JED,M2,semigov,M,True,1,7665.043570883508,0.49463823008826063,3832.521785441754
SWE,TAB,D1,startup,M,False,1,7654.619990741986,1.1694000807231595,3827.309995370993
FIN,HAI,M2,startup,F,True,1,7647.04826435924,0.4622022835549181,3823.52413217962
EDU,ASR,D2,private,F,True,1,7640.860097468765,0.32785683457558323,3820.4300487343826
SWE,QAS,IC6,public,M,True,1,7636.642257018437,0.302608333468382,3818.3211285092184
FIN,JED,D1,semigov,M,False,1,7612.7366783862835,1.270453876741566,3806.3683391931418
CUSTOMER,MAK,IC4,private,F,True,1,7601.01289491789,1.4205293723029175,3800.506447458945
HEALTH,RUH,SVP,private,F,True,1,7591.720121431841,0.13086630962091475,3795.8600607159206
DESIGN,JED,M3,semigov,M,False,1,7560.538057966706,1.528812405487163,3780.269028983353
SWE,JED,M2,public,M,True,1,7551.479254737649,0.3245242198185924,3775.7396273688246
ENG_ELEC,ASR,M2,private,M,True,1,7537.79065278149,0.3838960841433304,3768.895326390745
ENG_ELEC,RUH,M5,semigov,M,True,1,7525.671319321576,0.21590579096218387,3762.835659660788
PM,ASR,IC6,private,M,False,1,7516.4478624349595,0.5845228424478951,3758.2239312174797
OPS,RUH,IC5,private,M,True,3,7492.447887791962,0.5296915391975654,3746.223943895981
ENG_MECH,MAD,M2,private,M,True,1,7473.795669142904,0.36787858588089684,3736.897834571452
SALES,ASR,M5,private,M,False,1,7452.040730565936,2.890352343308483,3726.020365282968
HR,RUH,M4,mnc,M,True,1,7433.6669242222415,0.43823771048611976,3716.8334621111208
HEALTH,JED,M4,private,F,True,1,7412.559683784679,0.38088944311370804,3706.2798418923394
FIN,EST,IC4,public,F,True,3,7401.913852834409,0.26557443859134144,3700.9569264172046
FIN,RUH,M4,public,M,True,1,7362.917651623196,0.15137500981790927,3681.458825811598
SWE,QAS,IC4,semigov,F,True,1,7309.531004856042,0.2807985744589342,3654.765502428021
HR,EST,D3,startup,F,False,1,7302.732576784276,0.7269253764851953,3651.366288392138
DESIGN,BAH,M2,private,F,True,1,7299.460044692494,0.37484290079124494,3649.730022346247
SWE,EST,IC4,semigov,M,True,2,7291.906991483684,0.23113914886264092,3645.953495741842
SWE,EST,M3,private,F,True,1,7284.553577710798,0.25235330174470033,3642.276788855399
MARKETING,RUH,M1,private,F,True,1,7258.445018765444,0.9516835668721312,3629.222509382722
SALES,MAK,IC4,private,M,True,3,7252.907894464132,0.9807193312617275,3626.453947232066
SUPPLY,RUH,IC4,mnc,M,True,1,7240.613309386103,0.36952756611142157,3620.3066546930513
HR,EST,M1,private,F,True,1,7206.086743412967,0.3350641195718713,3603.0433717064834
ENG_MECH,EST,D2,semigov,M,True,1,7194.571817943332,0.17754059845850725,3597.285908971666
EDU,MAK,D2,public,M,True,1,7181.318248256051,0.2118818890174291,3590.6591241280257
DATA,JED,IC4,semigov,M,True,1,7067.349092806118,0.30088864806986537,3533.674546403059
SWE,JED,IC6,pif_backed,M,True,1,7047.39178717526,0.2077622210182353,3523.69589358763
PM,JED,IC3,public,M,True,1,7044.607984375243,0.3948218926811722,3522.3039921876216
SALES,EST,M3,private,M,True,1,7017.519895350368,0.386120201491727,3508.759947675184
SWE,RUH,IC3,startup,M,True,1,6999.485969633402,0.3633484346602393,3499.742984816701
EDU,EST,M3,public,F,True,1,6983.687772543646,0.7210707142889053,3491.843886271823
DATA,EST,IC4,startup,M,True,1,6983.3105668738,0.902056865711336,3491.6552834369
MARKETING,EST,VP,mnc,M,False,1,6968.087087308315,0.3690961779882266,3484.0435436541575
SALES,MAK,IC4,semigov,M,True,1,6968.00568583576,0.6671045749685286,3484.00284291788
DESIGN,RUH,IC4,mnc,F,True,1,6955.6363976129105,0.6804010144697662,3477.8181988064553
SWE,EST,D1,public,F,False,1,6938.220783976847,0.3823963032284318,3469.1103919884235
ENG_MECH,HAI,IC5,semigov,M,True,1,6927.185347047987,0.26351273097373223,3463.5926735239937
ENG_MECH,RUH,CXO,public,M,False,1,6916.038482011274,0.30134788670431734,3458.019241005637
HR,JED,M2,private,M,True,1,6908.0789297380725,0.295525772428592,3454.0394648690362
DATA,RUH,VP,mnc,M,False,1,6906.1973615272545,0.30307017788641516,3453.0986807636273
SALES,EST,IC2,private,M,True,1,6900.942584162142,0.4784010319279973,3450.471292081071
PM,RUH,M1,semigov,M,True,1,6893.485404712705,0.45950706557246945,3446.7427023563523
DESIGN,RUH,IC5,mnc,M,True,1,6876.066233020185,0.4191557489718944,3438.0331165100924
SWE,JED,IC6,semigov,F,True,1,6866.9783058986795,0.2583798589260685,3433.4891529493398
SALES,RUH,M2,private,M,True,4,6854.276615678146,0.25717091884913634,3427.138307839073
PM,MAD,M2,semigov,F,True,1,6834.722044602626,0.5133706612237245,3417.361022301313
SWE,RUH,D1,private,M,True,1,6830.8524744005335,0.23103578897549173,3415.4262372002668
DATA,JED,M1,private,M,True,1,6828.330401282492,0.22504357890495863,3414.165200641246
SWE,QAS,D1,private,F,True,1,6812.185344931804,0.18481533421555157,3406.092672465902
HR,JED,IC5,private,F,True,1,6799.820686099658,0.6687366760775122,3399.910343049829
SWE,RUH,IC4,mnc,M,False,1,6774.137773216547,0.5425607581571142,3387.0688866082737
SWE,JAZ,IC3,private,F,True,1,6769.1838015271915,0.4297391000961487,3384.5919007635957
LEGAL,EST,IC5,public,F,True,1,6767.917115695991,0.5235732812722426,3383.9585578479955
ENG_CIVIL,RUH,M2,public,M,True,2,6765.666756161458,0.29982063345176563,3382.833378080729
ENG_MECH,MAK,IC4,mnc,M,True,1,6762.488987050032,0.9498964384876744,3381.244493525016
OPS,RUH,M2,public,M,True,1,6753.47386245877,1.0532098676839847,3376.736931229385
SALES,RUH,D1,pif_backed,F,True,1,6740.6841286483395,0.13858755122336877,3370.3420643241698
SALES,EST,IC4,mnc,M,True,4,6719.77310362249,0.3890449010466215,3359.886551811245
FIN,EST,IC5,semigov,M,True,1,6697.156201024292,0.2238916174982491,3348.578100512146
LEGAL,RUH,D1,public,M,True,1,6664.172165230859,0.17545763568541284,3332.0860826154294
SWE,EST,IC2,semigov,F,True,2,6659.544852314706,0.699440798646614,3329.772426157353
HEALTH,RUH,D2,semigov,F,False,1,6651.909701916165,0.383075555591034,3325.9548509580827
DATA,JED,IC6,pif_backed,M,True,1,6638.598625598686,0.17432015486543712,3319.299312799343
ENG_MECH,RUH,IC5,startup,M,True,1,6618.5253541103775,0.28037137285934843,3309.2626770551888
FIN,MAK,M3,private,F,True,1,6614.92079613938,0.371946765491609,3307.46039806969
EDU,EST,IC4,semigov,F,True,1,6613.265898663498,0.4299779212226621,3306.632949331749
OPS,RUH,IC3,semigov,M,True,1,6610.281050279026,0.515707103056554,3305.140525139513
LEGAL,RUH,IC3,semigov,F,True,1,6596.658110788156,1.1417373298617526,3298.329055394078
PM,MAK,IC4,public,M,True,1,6586.1825896307555,0.8625614562469528,3293.0912948153778
DATA,RUH,IC3,public,M,False,1,6583.92989471579,0.707688804969158,3291.964947357895
HR,EST,IC5,public,M,True,1,6578.552725896852,0.31204188000048966,3289.276362948426
SALES,JED,M2,startup,M,True,1,6567.995969514173,0.37203212456265666,3283.9979847570867
DATA,RUH,M2,semigov,M,True,1,6555.677154707842,0.28536205381608587,3277.838577353921
SWE,ASR,IC4,public,M,True,1,6543.904670672799,0.6591933299073781,3271.9523353363993
FIN,JED,IC3,semigov,M,True,1,6534.259613837419,0.6275959691419871,3267.1298069187096
DATA,EST,M2,private,M,True,1,6523.66802635097,0.2314339324617751,3261.834013175485
SWE,RUH,IC4,startup,M,True,1,6508.975947652556,0.5098015159704866,3254.487973826278
HEALTH,JED,IC2,private,F,True,1,6493.381302223501,0.48583396476469115,3246.6906511117504
SALES,NJR,IC4,semigov,F,True,1,6489.433508904935,0.6055839035381252,3244.7167544524673
HEALTH,RUH,M4,public,F,False,1,6466.23522943601,0.4208345775485363,3233.117614718005
SALES,EST,M4,public,M,True,1,6440.452569895344,0.1470478060594842,3220.226284947672
OPS,RUH,VP,private,M,False,1,6434.873587412171,1.021853990448114,3217.4367937060856
ENG_ELEC,JED,M5,private,M,True,1,6432.921090710879,0.40584608866825606,3216.4605453554395
SWE,RUH,D2,private,F,True,1,6432.764928928933,0.1051032403607724,3216.3824644644665
HEALTH,MAD,M2,private,M,True,2,6427.688731809812,0.8459622265752929,3213.844365904906
LEGAL,RUH,IC4,private,M,True,2,6423.97788066189,0.28060993782554605,3211.988940330945
SWE,EST,IC4,public,M,True,3,6400.248202551913,0.40691042376641956,3200.1241012759565
SWE,RUH,M4,mnc,M,True,1,6398.732583461893,0.25174016821358064,3199.3662917309466
PM,RUH,IC6,public,M,True,1,6394.746180775062,0.3434479726159616,3197.373090387531
CUSTOMER,RUH,M2,startup,F,True,1,6338.829499855527,0.45730957775603065,3169.4147499277633
EDU,ASR,D2,public,F,True,1,6320.506420444994,0.3148830778574596,3160.253210222497
FIN,BAH,M4,private,F,True,1,6310.709618081151,0.38638055292263596,3155.3548090405757
ENG_CIVIL,RUH,IC3,pif_backed,M,True,1,6298.451540097072,0.39641531321148454,3149.225770048536
SUPPLY,EST,IC5,private,M,True,1,6288.154863156515,0.31512931763887575,3144.0774315782573
SWE,QAS,M3,pif_backed,M,True,1,6244.764725688034,0.17757332421627192,3122.382362844017
HEALTH,RUH,IC5,public,F,True,1,6229.637748790086,0.6139383305716632,3114.818874395043
EDU,MAD,IC4,pif_backed,M,True,1,6225.479344396335,0.38716109346074723,3112.7396721981677
MARKETING,RUH,M1,semigov,M,True,1,6213.51887609478,0.4634634154559549,3106.75943804739
SALES,RUH,IC6,private,M,True,1,6203.871380770292,0.3301659930039117,3101.935690385146
PM,MAD,IC4,private,M,True,1,6197.183882604897,0.844922416822445,3098.5919413024485
OPS,JED,IC5,semigov,M,True,1,6183.431388344754,0.5872539739773351,3091.715694172377
OPS,QAS,D2,public,F,True,1,6179.857658060499,0.388522395129443,3089.9288290302493
SALES,EST,IC4,private,F,True,1,6173.9002209843675,0.5203546965213506,3086.9501104921837
FIN,EST,IC4,private,M,True,3,6162.842268158359,0.2583004223852994,3081.4211340791794
SWE,RUH,M4,public,M,True,1,6147.606191152463,0.20363275029394204,3073.8030955762315
ENG_MECH,EST,IC2,mnc,M,True,1,6140.252624686691,0.4159744991063413,3070.1263123433455
PM,RUH,M4,private,M,False,1,6131.91673939845,0.42609907471737446,3065.958369699225
DATA,JED,IC6,private,M,True,1,6131.909418703963,0.22521975352307613,3065.9547093519814
FIN,EST,IC6,public,M,False,1,6125.858176227018,0.48704272068353627,3062.929088113509
HEALTH,JED,IC6,public,F,True,2,6120.616680569761,0.24952937038830914,3060.3083402848806
ENG_CIVIL,EST,IC6,private,M,True,2,6116.348274705393,0.5036211334055638,3058.1741373526966
SALES,JED,IC4,private,M,True,2,6115.483517618822,0.2836719589517817,3057.741758809411
CUSTOMER,RUH,D2,mnc,F,False,1,6110.372939162458,0.5667196182682629,3055.186469581229
HEALTH,HAI,IC6,public,M,True,1,6095.317503727162,0.7968180663732547,3047.658751863581
EDU,RUH,M2,mnc,F,True,1,6070.122070375179,0.3166048903254219,3035.0610351875894
LEGAL,RUH,IC4,public,M,True,1,6069.5414627014125,0.32461902718104657,3034.7707313507062
FIN,RUH,IC5,semigov,F,False,1,6067.105288366565,0.46746658728445295,3033.5526441832826
HEALTH,RUH,IC6,private,F,True,1,6057.001249277264,0.48112595347842263,3028.500624638632
ENG_CIVIL,JAZ,IC5,public,M,True,1,6042.323409133871,0.41636084026042297,3021.1617045669354
SWE,ASR,IC2,semigov,M,True,1,6033.792031583398,0.5250794303329808,3016.896015791699
ENG_MECH,JED,VP,pif_backed,M,False,1,6031.727530798518,0.5864657572447831,3015.863765399259
ENG_ELEC,RUH,IC5,private,M,True,4,6030.675898371392,0.252588398502422,3015.337949185696
EDU,QAS,VP,private,F,True,1,5998.475795375947,0.20722131440920197,2999.2378976879736
CUSTOMER,MAD,IC3,mnc,M,True,1,5998.259406933397,0.5623747383527443,2999.1297034666986
SALES,RUH,M1,public,M,True,1,5987.571978367023,0.45188900475334853,2993.7859891835114
EDU,EST,D1,private,F,True,1,5942.641634426185,0.2283111466837977,2971.3208172130926
MARKETING,MAD,IC5,private,M,True,1,5922.643633061369,0.30259009847833257,2961.3218165306844
FIN,RUH,D1,public,M,True,1,5905.252887892188,0.2987375348194755,2952.626443946094
DATA,RUH,IC4,private,F,True,1,5895.517398856515,0.5454426322389858,2947.7586994282574
MARKETING,EST,M1,public,F,True,1,5894.802351383425,0.2655688036837837,2947.4011756917125
SWE,MAK,IC4,semigov,M,False,1,5888.37569433303,0.4834706008095752,2944.187847166515
SWE,JED,IC4,semigov,F,True,1,5871.776443834875,0.2218467637289232,2935.8882219174375
SWE,RUH,IC4,mnc,M,True,3,5849.321059294881,0.24956126124039077,2924.6605296474404
CUSTOMER,RUH,IC5,semigov,M,True,1,5838.427781457987,0.5128140826447621,2919.2138907289936
DATA,RUH,IC4,private,M,True,3,5823.120255444851,0.228155950539787,2911.5601277224255
MARKETING,RUH,IC5,pif_backed,F,True,1,5819.709727810954,0.2807369452540461,2909.854863905477
SWE,RUH,D1,private,M,False,2,5819.1151569584545,0.9964102780308112,2909.5575784792272
EDU,RUH,IC6,semigov,F,True,2,5816.379716275084,0.5859655923619111,2908.189858137542
SWE,EST,IC5,private,F,True,1,5801.705797213286,0.2148972760980221,2900.852898606643
DATA,JED,IC4,private,M,True,1,5796.850721202118,0.3154602590907705,2898.425360601059
EDU,RUH,IC6,mnc,M,True,1,5793.8364806545305,0.3127134640645359,2896.9182403272653
FIN,EST,IC5,pif_backed,M,True,1,5773.365563712843,0.3069817662693741,2886.6827818564216
EDU,RUH,IC4,mnc,F,False,1,5757.1502924875585,0.607202199862592,2878.5751462437793
EDU,ASR,M2,mnc,F,True,1,5731.984565150324,0.36769918364600246,2865.992282575162
SWE,RUH,IC2,semigov,F,True,1,5706.390970489167,1.241052008841307,2853.1954852445833
SWE,EST,IC2,mnc,M,True,1,5706.384975705905,1.258593425150595,2853.1924878529526
OPS,TAB,IC5,startup,M,True,1,5700.227802907444,0.24943591712542976,2850.113901453722
DATA,MAD,M2,semigov,M,False,1,5700.226729260497,1.7132297905100258,2850.1133646302487
SWE,QAS,M3,private,M,False,1,5677.3098590971285,1.1685238385325034,2838.6549295485643
MARKETING,RUH,IC4,private,M,True,1,5671.432463342439,0.7695443141738988,2835.7162316712197
HR,MAK,IC4,private,F,False,1,5662.426206934433,0.6731260946703146,2831.2131034672166
OPS,EST,CXO,private,M,False,1,5658.29239227027,0.5707139201234188,2829.146196135135
SWE,BAH,IC5,public,M,True,1,5651.529832013701,0.5069227885995697,2825.7649160068504
DATA,JED,M3,private,M,False,1,5635.161387783328,0.8369594821102607,2817.580693891664
SALES,RUH,IC5,pif_backed,M,True,1,5628.940618698169,0.29707494372933807,2814.4703093490843
SWE,MAD,IC4,mnc,M,True,1,5624.882637796451,0.24511879967546935,2812.4413188982253
ENG_ELEC,JED,IC6,public,M,False,1,5602.728137601671,0.4742514943719624,2801.3640688008354
SUPPLY,RUH,IC4,startup,F,True,1,5596.793499209127,0.35338444481148934,2798.3967496045634
FIN,HAI,M4,public,M,True,1,5564.126474119887,0.3262838920139011,2782.0632370599433
DATA,RUH,IC6,public,F,True,1,5532.784115929218,0.18352615302445555,2766.392057964609
ENG_ELEC,RUH,IC4,semigov,M,True,1,5508.809384809095,0.967233680627346,2754.4046924045474
SALES,NJR,M1,pif_backed,M,True,1,5499.99060154469,0.3959828017783394,2749.995300772345
ENG_MECH,JED,M3,semigov,M,True,1,5490.6367600357735,0.26296924350325146,2745.3183800178867
SWE,JED,IC3,public,M,True,2,5485.389518212169,0.9271822897489407,2742.6947591060843
HEALTH,RUH,IC4,semigov,F,True,1,5476.979125876809,0.27485772601973607,2738.4895629384046
FIN,MAD,IC4,semigov,M,True,1,5472.156573047838,0.48794437660838913,2736.078286523919
SUPPLY,MAK,D2,private,M,True,1,5470.715443101224,0.1382977369254541,2735.357721550612
MARKETING,EST,IC4,public,F,True,1,5460.395948777834,0.2785999235846926,2730.197974388917
DESIGN,RUH,IC4,public,M,True,1,5457.896688182107,0.2747518283594939,2728.9483440910535
FIN,RUH,M2,mnc,M,False,1,5453.698144237873,0.42272730684821136,2726.8490721189364
MARKETING,EST,IC2,semigov,F,True,2,5452.232747957831,0.4302883265408053,2726.1163739789154
SWE,RUH,M1,private,M,True,3,5449.443066172099,0.42773588136261836,2724.7215330860495
SALES,EST,M1,private,F,True,1,5449.4137065710875,0.5783861115242696,2724.7068532855437
CUSTOMER,RUH,IC6,public,F,True,1,5426.682047790613,0.45504599382531036,2713.3410238953065
EDU,EST,M2,private,M,True,1,5419.757258217238,0.6287993140181227,2709.878629108619
SUPPLY,EST,IC4,private,M,True,1,5416.284524560899,0.5006410337943457,2708.1422622804494
PM,RUH,IC3,private,M,True,2,5410.95785342367,0.3133334977729815,2705.478926711835
OPS,RUH,IC6,public,F,True,1,5409.339715108963,0.2928850115831226,2704.6698575544815
HR,EST,IC4,private,F,True,1,5402.692326825367,0.2719855164550338,2701.3461634126834
SUPPLY,EST,D1,public,M,False,1,5399.303725475189,0.8567277603151886,2699.6518627375945
FIN,RUH,IC4,public,F,True,6,5391.200490485458,0.3044652200291612,2695.600245242729
SWE,RUH,IC3,private,M,True,6,5373.963146852438,0.3292392309818683,2686.981573426219
HR,EST,M3,semigov,M,True,1,5369.781557382299,0.20448203261489,2684.8907786911495
HEALTH,EST,M4,public,F,True,1,5367.956074868616,0.18912468938523366,2683.978037434308
HEALTH,JED,M1,private,M,True,1,5365.282714310273,0.25534871853993707,2682.6413571551366
HEALTH,ASR,IC4,public,F,True,3,5359.647606799129,0.3499131076193907,2679.8238033995644
ENG_ELEC,RUH,M3,pif_backed,M,True,1,5358.299307611742,0.13616750424726534,2679.149653805871
OPS,JED,M3,private,M,False,1,5352.218993606477,1.6210630934696484,2676.1094968032385
DESIGN,RUH,D2,semigov,M,False,1,5339.471482167073,0.3335959620316781,2669.7357410835366
EDU,RUH,M1,public,M,True,1,5336.384453272689,0.34721405814548717,2668.1922266363445
LEGAL,ASR,IC3,semigov,F,False,1,5318.98066424305,0.6650234861434441,2659.490332121525
FIN,EST,M2,public,M,True,1,5300.331220406071,0.18958321268140574,2650.1656102030356
SALES,EST,M3,public,F,True,1,5292.231899861039,0.2801339142375496,2646.1159499305195
EDU,RUH,IC5,mnc,F,True,1,5289.375734898835,0.2598519314359261,2644.6878674494174
MARKETING,RUH,IC5,private,M,False,1,5280.079798962113,0.47945154260099987,2640.0398994810566
OPS,RUH,IC5,semigov,M,True,2,5277.124544532285,0.39190739613265213,2638.5622722661424
HEALTH,RUH,IC4,mnc,M,True,2,5272.2594450847355,0.4029919736966848,2636.1297225423677
OPS,RUH,M1,private,M,True,2,5269.180771877799,0.49137602929530044,2634.5903859388995
SWE,MAK,IC4,private,M,True,2,5259.492042896896,0.6003045591950499,2629.746021448448
SWE,JED,M4,public,M,True,1,5256.7794677507045,0.10670818681989232,2628.3897338753522
DESIGN,RUH,D2,pif_backed,M,False,1,5247.142462369771,0.2880363458647074,2623.5712311848856
DATA,RUH,IC4,startup,M,True,1,5233.363516133446,0.2930402277365023,2616.681758066723
SWE,RUH,IC4,private,F,True,1,5230.2852945740315,0.6889120982226629,2615.1426472870157
PM,RUH,IC5,startup,F,True,1,5228.399407005436,0.1915499488232991,2614.199703502718
SALES,NOR,IC2,public,F,True,1,5217.393716566059,0.44668991691981125,2608.6968582830295
PM,RUH,M2,private,M,True,1,5217.078462194106,0.2807476007798707,2608.539231097053
SALES,RUH,D2,semigov,M,False,1,5207.350935737828,0.28624708963756645,2603.675467868914
OPS,MAD,IC3,mnc,F,True,1,5203.841603868368,0.47168095994431347,2601.920801934184
HR,JED,IC2,private,F,True,1,5198.774981798683,0.417683608231205,2599.3874908993416
CUSTOMER,EST,M2,private,M,True,1,5198.353986393651,0.5363635893940741,2599.1769931968256
OPS,RUH,IC3,mnc,M,True,1,5193.848821698106,0.3084631409043945,2596.924410849053
DATA,EST,IC3,private,M,True,3,5193.057151233224,0.6569361331050628,2596.528575616612
EDU,JED,IC5,private,F,True,1,5192.632021520408,0.6920835045741454,2596.316010760204
SWE,RUH,M3,private,F,False,1,5188.330270410903,0.3432774435602903,2594.1651352054514
SWE,EST,M2,private,M,True,1,5167.069630246046,0.25383524062620066,2583.534815123023
SWE,JAZ,IC3,semigov,M,True,1,5162.75103333055,1.258395970387327,2581.375516665275
ENG_ELEC,RUH,IC6,semigov,M,True,1,5154.497799958877,0.20208554668672693,2577.2488999794386
OPS,TAB,M2,private,M,True,1,5150.694672810834,0.2925558766514262,2575.347336405417
FIN,ASR,IC4,mnc,M,True,1,5147.812587701961,0.255656649023382,2573.9062938509805
SUPPLY,RUH,M1,private,M,True,1,5142.13137318137,0.7261520978536341,2571.065686590685
FIN,NOR,D2,private,F,True,1,5140.933719185503,0.3437241068010464,2570.4668595927515
FIN,RUH,IC5,startup,F,True,1,5140.913812076498,0.2399423425115134,2570.456906038249
EDU,RUH,IC6,private,M,True,1,5126.551667176396,0.4743211436936356,2563.275833588198
DATA,RUH,M1,pif_backed,M,False,1,5125.716008621109,0.4281505451855259,2562.8580043105544
FIN,JED,M1,semigov,F,True,1,5109.449587230018,0.4415141955085621,2554.724793615009
HEALTH,TAB,IC5,private,F,True,1,5098.262548448989,0.27920925374120487,2549.1312742244945
SWE,RUH,IC5,private,M,True,5,5082.353776398902,0.1656528170347979,2541.176888199451
SWE,EST,IC4,private,M,True,5,5069.594078788216,0.30086825626968866,2534.797039394108
EDU,RUH,D1,public,M,True,1,5060.514988793862,0.35612503314905486,2530.257494396931
HEALTH,ASR,M4,semigov,M,True,1,5041.937301020538,0.19803377218656895,2520.968650510269
CUSTOMER,RUH,IC4,private,F,True,4,5041.2959332366945,0.5337025463706807,2520.6479666183473
EDU,EST,IC4,public,F,True,5,5038.0364619799175,0.38925409923378923,2519.0182309899587
FIN,JED,IC2,private,F,True,1,5033.831640806062,0.36076417544506495,2516.915820403031
FIN,RUH,IC5,public,M,True,3,5032.632840605901,0.30392156565607537,2516.3164203029505
SWE,JAZ,IC4,public,M,True,1,5006.47412050891,0.2823330545717374,2503.237060254455
HEALTH,RUH,IC2,private,F,True,1,4994.735291923718,0.42665081020112267,2497.367645961859
FIN,JAZ,IC2,private,F,True,2,4994.347344681032,0.5539295674934328,2497.173672340516
HR,MAK,IC5,semigov,F,True,1,4988.818719265331,0.18397844918221662,2494.4093596326657
HEALTH,RUH,M4,pif_backed,M,False,1,4983.590948117275,0.3617709274592488,2491.7954740586374
ENG_MECH,EST,IC3,public,M,True,1,4943.74799821164,0.5822375109108333,2471.87399910582
FIN,JAZ,M1,public,M,True,1,4931.4534831714955,0.28897631362544735,2465.7267415857477
HEALTH,ASR,IC5,startup,M,True,1,4931.032985100643,0.34726307369925996,2465.5164925503213
DESIGN,EST,IC2,private,M,True,2,4920.573547090773,0.32800598190518065,2460.2867735453865
HEALTH,JED,M1,public,F,True,1,4908.886417018559,0.2514462051920492,2454.4432085092794
OPS,NJR,IC3,pif_backed,F,True,1,4899.321154259389,0.2602714300742165,2449.6605771296945
HEALTH,MAK,IC3,semigov,F,True,2,4898.962905308624,0.3771795020425524,2449.481452654312
ENG_ELEC,JAZ,IC4,pif_backed,M,False,1,4894.647777584705,0.5539233039848889,2447.3238887923526
MARKETING,MAD,M3,public,F,False,1,4891.262027961007,3.058769661613682,2445.6310139805037
FIN,JAZ,M2,public,M,True,1,4887.87864470161,0.32309049492926833,2443.939322350805
ENG_ELEC,EST,M2,public,F,True,1,4862.105360378191,0.1662599498637827,2431.0526801890956
FIN,RUH,IC3,public,F,True,1,4845.752558470453,0.37109960309859785,2422.8762792352263
SWE,RUH,IC2,semigov,M,True,2,4841.041694035488,0.37529059563291,2420.520847017744
SWE,ASR,IC3,semigov,M,True,1,4836.49516183713,0.8395214282971379,2418.247580918565
HR,RUH,M4,pif_backed,F,True,1,4827.260277558564,0.44931909004275505,2413.630138779282
FIN,MAD,IC2,semigov,F,True,1,4824.828427325769,0.35182218907483326,2412.4142136628843
CUSTOMER,EST,IC4,startup,M,True,1,4824.567619529798,0.3163111133317567,2412.283809764899
SUPPLY,RUH,D1,private,M,False,1,4820.3858061238625,0.4006816147253289,2410.1929030619312
EDU,RUH,SVP,private,F,True,1,4814.72528325054,0.11064037539980333,2407.36264162527
SWE,JED,IC3,private,M,True,1,4810.692091067587,0.23065169423775944,2405.3460455337936
SWE,RUH,IC3,semigov,M,True,5,4807.862206572199,0.26232242151097457,2403.9311032860996
SALES,RUH,IC5,private,M,True,3,4806.168125958963,0.14931838621928725,2403.0840629794816
LEGAL,ASR,IC4,private,F,True,1,4783.192029796419,0.44773768261309854,2391.5960148982094
EDU,MAK,IC3,private,M,True,1,4772.045862937757,0.45391282874816036,2386.0229314688786
SWE,EST,IC3,private,M,True,3,4765.779819321327,0.4978495174949315,2382.8899096606633
CUSTOMER,EST,M4,private,F,True,1,4763.360245197375,0.1707339522567271,2381.6801225986874
SALES,JED,IC5,pif_backed,F,False,1,4749.140527666377,0.46655120777933895,2374.5702638331886
PM,JED,IC6,public,M,False,1,4739.938531934106,0.6980788617575033,2369.969265967053
CUSTOMER,TAB,D1,semigov,M,True,1,4738.450580095288,0.6973190831959387,2369.225290047644
FIN,ASR,IC4,private,F,True,1,4728.8437758730015,0.7004631514734483,2364.4218879365008
SALES,RUH,IC4,private,F,True,4,4711.317430563216,0.19513331421341001,2355.658715281608
SWE,RUH,M4,semigov,M,True,1,4701.171107375016,0.15232512233326875,2350.585553687508
ENG_MECH,QAS,D1,public,M,True,1,4688.740316808558,0.23397850985270452,2344.370158404279
HEALTH,RUH,IC3,private,F,True,4,4686.5311451248,0.29824218434753597,2343.2655725624
ENG_ELEC,EST,IC4,mnc,F,True,1,4671.202447113828,0.2638361092055798,2335.601223556914
OPS,EST,M1,private,M,True,1,4657.222544961143,0.24513377901471756,2328.6112724805716
DATA,ASR,IC3,semigov,M,True,1,4653.669152944072,0.6057286887412587,2326.834576472036
PM,MAK,M2,public,M,True,1,4647.997445929022,0.31128411642153786,2323.998722964511
FIN,TAB,IC4,private,M,True,1,4646.4154891643375,0.4152415279251002,2323.2077445821687
HEALTH,ASR,M3,private,F,True,1,4638.680300697872,0.5017236679367526,2319.340150348936
DATA,JED,IC3,private,M,True,4,4614.059978760838,0.4098190336020783,2307.029989380419
FIN,RUH,M3,startup,F,False,1,4612.564885909809,0.7520191324576364,2306.2824429549046
HR,QAS,IC4,public,F,True,1,4603.182709900578,0.8519719993351291,2301.591354950289
MARKETING,RUH,IC6,private,F,True,2,4600.406004606726,0.15391466259577696,2300.203002303363
ENG_MECH,RUH,M4,private,M,True,1,4598.271704241095,0.11078254948282659,2299.1358521205475
HEALTH,RUH,D1,private,F,False,2,4595.193272190027,0.5443422139521493,2297.5966360950133
SUPPLY,RUH,IC5,private,F,True,1,4594.979697385282,0.6520974196832016,2297.489848692641
SWE,JAZ,M3,public,M,True,1,4594.217079359358,0.28147288305712825,2297.108539679679
SALES,EST,M1,pif_backed,M,True,1,4586.481570234504,0.1949829701264318,2293.240785117252
SALES,EST,IC3,public,M,True,2,4581.243310344667,0.2879619849123404,2290.6216551723337
HEALTH,RUH,IC3,mnc,F,True,3,4578.060453001962,0.4117779043698894,2289.030226500981
EDU,EST,IC5,semigov,F,True,1,4572.033081632058,0.2640791258114725,2286.016540816029
CUSTOMER,RUH,IC5,semigov,F,True,1,4570.179013515184,0.32029590222529936,2285.089506757592
SALES,EST,M2,private,F,True,1,4551.04882019505,0.24367142900579114,2275.524410097525
MARKETING,RUH,IC4,pif_backed,F,True,1,4544.830816931641,0.2275868459827203,2272.4154084658203
SWE,MAK,IC3,private,M,True,2,4541.178274911552,0.7326939753148745,2270.589137455776
SALES,JED,IC2,startup,M,True,1,4532.600946831146,0.40318236281734093,2266.300473415573
HEALTH,RUH,M3,semigov,F,True,1,4530.85097818481,0.327602715952076,2265.425489092405
HEALTH,RUH,IC5,semigov,F,True,1,4521.308353011695,0.32091740870598073,2260.6541765058473
MARKETING,EST,IC3,private,F,True,3,4519.524459034489,0.2903763019714319,2259.7622295172446
HEALTH,EST,IC4,pif_backed,M,True,2,4507.975242369918,0.21747366570455767,2253.987621184959
EDU,JED,M2,public,F,True,3,4503.896807949858,0.21524077616751272,2251.948403974929
FIN,JED,IC4,private,F,False,2,4487.49411867404,0.6220545689629049,2243.74705933702
MARKETING,RUH,D2,startup,F,False,1,4468.020713176815,0.30105786223827524,2234.0103565884074
ENG_ELEC,JED,IC4,semigov,M,True,2,4462.693378640576,0.18400281918826286,2231.346689320288
CUSTOMER,EST,IC3,semigov,M,True,1,4441.356447274071,0.9698060010058224,2220.6782236370354
DATA,MAD,M1,public,F,True,1,4441.290323525724,0.301176094961982,2220.645161762862
ENG_CIVIL,RUH,IC5,public,M,True,1,4436.351467518451,0.24202590949737748,2218.1757337592253
SWE,EST,IC5,startup,F,True,1,4430.988763478203,0.22521969820586668,2215.4943817391013
SALES,RUH,IC4,private,M,True,9,4426.0542021914025,0.2352091039428361,2213.0271010957013
HR,RUH,IC5,public,M,True,1,4424.451821584584,0.5341747179044654,2212.225910792292
SALES,JED,IC4,pif_backed,M,True,1,4424.327893270088,0.6793979541491394,2212.163946635044
FIN,JED,IC4,mnc,F,True,1,4418.357983084661,0.3008396856734617,2209.1789915423306
HR,RUH,IC4,semigov,M,True,1,4414.571993348647,0.572737473782048,2207.2859966743235
PM,EST,IC3,semigov,F,True,1,4397.891348084529,0.46786334395689055,2198.9456740422647
SWE,EST,M4,semigov,F,False,1,4395.176877910199,0.7928114676135093,2197.5884389550997
SWE,EST,IC3,mnc,F,False,1,4394.823283226018,0.5359199029623678,2197.411641613009
EDU,JAZ,M1,private,M,True,1,4386.836703331083,0.3715270094458618,2193.4183516655416
ENG_MECH,EST,IC4,pif_backed,M,True,2,4386.235604762653,0.5130606432347495,2193.1178023813263
SWE,MAD,IC3,private,F,True,1,4383.205781732419,0.9128608804993504,2191.6028908662097
SWE,EST,IC5,mnc,M,False,2,4379.0637611289985,0.370622383503705,2189.5318805644993
OPS,EST,IC3,private,M,True,3,4377.154545521157,0.314620813905762,2188.5772727605786
LEGAL,EST,IC4,private,F,True,1,4367.4679346126795,0.16740809029561926,2183.7339673063398
HEALTH,JED,IC4,pif_backed,F,True,1,4366.436701111477,0.4150871731056128,2183.2183505557387
HEALTH,JED,M2,semigov,M,True,1,4361.929642727195,0.2869186181187127,2180.9648213635974
PM,JED,IC5,pif_backed,M,True,1,4361.593203460605,0.2313457973285392,2180.7966017303024
FIN,MAK,IC4,semigov,F,True,1,4357.313243060169,0.20361129296824995,2178.6566215300845
FIN,EST,M1,mnc,M,True,1,4352.311757982661,0.25453423160713895,2176.1558789913306
PM,RUH,IC3,private,F,True,1,4349.7508354520905,0.28163430718899396,2174.8754177260453
OPS,EST,IC4,private,M,True,3,4335.153230158753,0.3020723773402108,2167.5766150793766
HEALTH,MAD,IC5,semigov,M,True,1,4326.826805564164,0.37675041910654755,2163.413402782082
OPS,MAD,IC4,semigov,M,False,1,4324.738535231858,0.6643807919943775,2162.369267615929
SWE,JAZ,M1,pif_backed,M,True,1,4319.461059532718,0.49155904464459227,2159.730529766359
DATA,RUH,M1,semigov,M,False,1,4318.170167763404,0.9041750901207255,2159.085083881702
CUSTOMER,JAZ,D2,mnc,M,True,1,4314.467048582606,0.18355346975148515,2157.233524291303
HEALTH,EST,M2,private,M,True,2,4302.547124290811,0.3922650438673768,2151.2735621454053
HEALTH,NJR,M5,public,F,True,1,4300.159379965327,0.21206989459716122,2150.0796899826637
SWE,EST,M4,private,M,False,1,4290.072462654398,0.2824860701551006,2145.036231327199
MARKETING,RUH,IC3,public,F,True,1,4270.011438775762,0.32238204743627397,2135.005719387881
HEALTH,EST,IC4,semigov,M,True,2,4257.137976674608,0.3171720585813972,2128.568988337304
SWE,RUH,IC4,pif_backed,M,True,1,4256.732165036206,0.16193319922583144,2128.366082518103
SWE,EST,M2,public,F,True,1,4256.465103113282,0.154934675349461,2128.232551556641
ENG_ELEC,MAK,IC4,private,M,True,1,4255.839144699916,0.22024066139205772,2127.919572349958
PM,EST,M1,private,M,True,2,4254.253539544859,0.17831867404913138,2127.1267697724297
EDU,RUH,IC6,public,M,True,1,4254.205966674232,0.3646358213623879,2127.102983337116
CUSTOMER,JED,M3,private,F,True,1,4252.865236822494,0.16567447689976703,2126.432618411247
CUSTOMER,RUH,IC4,public,F,True,2,4239.634737784194,0.7947681225297896,2119.817368892097
DATA,EST,M2,private,F,False,1,4226.920735908841,1.2991907661521926,2113.4603679544207
MARKETING,EST,IC3,public,F,True,1,4226.6163657274565,0.5404605417856466,2113.3081828637282
SWE,JAZ,IC4,pif_backed,M,True,1,4225.304309321942,0.3551132626143207,2112.652154660971
HEALTH,EST,IC4,public,M,True,1,4218.857282505145,0.24205078626077828,2109.4286412525726
HEALTH,RUH,M2,semigov,M,True,1,4212.28897973528,0.17252002943277767,2106.14448986764
FIN,TAB,IC4,private,F,True,1,4206.787782818594,0.2106367211951135,2103.393891409297
MARKETING,ASR,M1,private,F,True,1,4198.985094052881,0.30273997755333987,2099.4925470264407
FIN,RUH,M4,semigov,F,True,1,4198.4673760859805,0.09143535714595181,2099.2336880429903
HEALTH,RUH,M1,mnc,M,True,1,4196.813306535823,0.31179939405883894,2098.4066532679117
PM,NJR,IC5,private,F,False,1,4192.756032590341,3.099408517340629,2096.3780162951707
DATA,RUH,IC3,semigov,M,True,1,4189.661003195222,0.2404056066376906,2094.830501597611
HEALTH,JED,IC2,mnc,M,True,1,4189.302486719304,0.35828671319303934,2094.651243359652
CUSTOMER,TAB,M1,startup,F,True,1,4183.453078116569,0.3033435776139944,2091.7265390582843
HEALTH,MAD,IC3,private,M,False,1,4171.522787097765,0.6976035575945067,2085.7613935488826
SALES,NJR,M4,public,M,False,1,4169.346987614035,1.0297188979263208,2084.6734938070176
EDU,RUH,M3,semigov,M,True,1,4169.088126266975,0.18091714484438975,2084.5440631334877
FIN,TAB,M2,private,M,True,1,4168.747822183923,0.2865508461141515,2084.3739110919614
FIN,RUH,IC3,private,F,True,1,4165.599381320544,0.3792463363295103,2082.799690660272
ENG_ELEC,RUH,M1,public,M,False,1,4162.616072380926,1.379580801739441,2081.308036190463
ENG_CIVIL,JED,IC4,pif_backed,M,True,1,4161.2943465823755,0.24302757244553008,2080.6471732911878
HEALTH,RUH,IC3,private,M,True,2,4147.542188502985,0.28601201559218437,2073.7710942514923
SALES,JED,IC5,mnc,M,True,1,4143.45851624854,0.6312802442624008,2071.72925812427
OPS,RUH,IC3,private,M,True,5,4138.3533157844795,0.5024414487539642,2069.1766578922397
MARKETING,RUH,M2,mnc,F,False,1,4137.959317083436,0.38618601262659896,2068.979658541718
SALES,RUH,IC4,startup,M,True,3,4133.81669192442,0.33536645795199815,2066.90834596221
ENG_MECH,NOR,IC3,private,M,True,1,4131.137007368315,0.5588308170952548,2065.5685036841573
OPS,RUH,IC2,mnc,M,True,1,4116.781725011878,0.40963183330085223,2058.390862505939
OPS,RUH,M1,semigov,M,True,1,4103.539387883482,0.2271933833461929,2051.769693941741
SALES,EST,IC2,public,M,True,2,4101.42291524631,0.40613255014832583,2050.711457623155
ENG_MECH,JED,IC5,semigov,M,True,1,4067.616208843603,0.18570161376414868,2033.8081044218015
SALES,RUH,IC4,semigov,M,True,2,4065.8668673630746,0.17597969360336713,2032.9334336815373
OPS,ASR,M2,private,M,True,1,4064.3667667870322,0.24436735359917086,2032.1833833935161
OPS,EST,M1,private,F,True,1,4048.277273356556,0.4652085935326505,2024.138636678278
HEALTH,RUH,IC4,pif_backed,M,True,1,4039.1841067187943,0.3474256938840648,2019.5920533593971
FIN,EST,IC4,private,F,True,2,4038.503540461292,0.4443779462358234,2019.251770230646
LEGAL,NJR,M1,public,M,True,1,4021.267152620403,0.2462555609174525,2010.6335763102015
SALES,ASR,IC3,mnc,F,True,1,4009.7770807928437,0.6712950279726446,2004.8885403964218
FIN,RUH,IC4,private,M,True,5,4000.4157262906447,0.21338578139704797,2000.2078631453223
FIN,NJR,IC5,semigov,F,True,1,3996.1120134156736,0.19206593548189052,1998.0560067078368
HEALTH,RUH,M1,semigov,F,True,1,3990.341664825086,0.20905833664329238,1995.170832412543
DESIGN,MAK,IC1,mnc,F,True,1,3989.6930693248487,0.3523598060813929,1994.8465346624243
EDU,RUH,IC5,public,F,True,3,3975.0385616345916,0.2594081571211045,1987.5192808172958
MARKETING,JED,M3,mnc,M,True,1,3968.8346280187907,0.3513172549686857,1984.4173140093953
OPS,MAK,IC4,private,M,True,2,3965.306881733357,0.25021408864677647,1982.6534408666785
OPS,JED,M2,private,F,True,1,3959.560030742128,0.3782924414195002,1979.780015371064
ENG_ELEC,RUH,IC6,private,M,False,1,3952.6267127691217,0.45693446025581663,1976.3133563845608
EDU,RUH,IC3,public,F,True,3,3950.873087701502,0.3382738177095868,1975.436543850751
OPS,MAK,D1,public,M,True,1,3947.358733699184,0.2027405199499983,1973.679366849592
CUSTOMER,RUH,IC3,mnc,M,True,1,3943.7652312987693,0.6976282861367918,1971.8826156493847
CUSTOMER,RUH,IC3,private,M,True,3,3927.2908403778565,0.6810512495525801,1963.6454201889283
OPS,ASR,IC4,private,M,True,1,3923.007080339433,0.5015953532858898,1961.5035401697164
SWE,MAD,IC4,private,M,True,2,3921.517649988152,0.1750961290365062,1960.758824994076
MARKETING,RUH,D3,public,M,False,1,3920.954717531341,0.37724007507396473,1960.4773587656705
SALES,EST,IC3,private,F,True,2,3917.6648209931254,0.3197112959724483,1958.8324104965627
FIN,ASR,VP,private,M,False,1,3912.486816846789,0.42388967370780556,1956.2434084233946
FIN,BAH,IC4,mnc,M,True,1,3900.743872433355,0.36574762572852404,1950.3719362166776
FIN,EST,IC5,private,M,False,2,3896.6059850542947,0.3710950792554204,1948.3029925271474
ENG_MECH,JED,M2,private,M,True,2,3893.658623344104,0.242885289422814,1946.829311672052
SALES,MAK,IC5,private,F,True,1,3888.3869510541554,0.5694057840242733,1944.1934755270777
SUPPLY,RUH,IC5,startup,M,True,1,3886.161648002966,0.1579608659314901,1943.080824001483
SWE,TAB,M5,private,F,False,1,3884.962923211544,0.42309770032852256,1942.481461605772
HEALTH,RUH,IC4,private,F,True,3,3878.932619491236,0.39615068813861826,1939.466309745618
OPS,ASR,M4,pif_backed,M,True,1,3878.742482983016,0.24522738124241242,1939.371241491508
LEGAL,MAK,M1,public,M,False,1,3869.5531883011495,1.336318818447285,1934.7765941505747
HEALTH,JED,IC3,private,F,True,1,3868.5872229515826,0.269982485086978,1934.2936114757913
SALES,RUH,IC5,private,F,True,1,3864.062203789702,0.5305649274856971,1932.031101894851
HR,RUH,IC5,public,F,True,3,3859.8861335871647,0.4863138121521799,1929.9430667935824
EDU,EST,IC4,mnc,F,True,1,3858.90215160796,0.5172207043609268,1929.45107580398
ENG_MECH,QAS,IC4,mnc,M,True,1,3858.402244780029,0.2505836785109546,1929.2011223900145
EDU,RUH,M1,mnc,F,True,3,3855.069500009487,0.3348513697620808,1927.5347500047435
ENG_CIVIL,ASR,IC6,public,M,True,1,3847.20137062074,0.2921988444013234,1923.60068531037
ENG_MECH,TAB,M2,public,M,True,1,3844.8699000453016,0.28352069192759716,1922.4349500226508
ENG_CIVIL,RUH,IC6,public,M,True,1,3835.632855975742,0.17547076009673113,1917.816427987871
OPS,EST,IC3,mnc,M,True,1,3831.557132482845,0.28287483965036564,1915.7785662414226
PM,HAI,M3,pif_backed,M,True,1,3828.021646609028,0.1594435277915145,1914.010823304514
HEALTH,HAI,IC3,private,F,True,1,3823.5982864453445,0.35783304614356176,1911.7991432226722
PM,RUH,IC5,private,M,True,1,3820.370205476036,0.15156358513600426,1910.185102738018
HEALTH,RUH,IC4,private,M,True,3,3814.2223769567804,0.4602060740313753,1907.1111884783902
ENG_MECH,QAS,IC4,semigov,M,True,1,3807.1197310570333,0.3050200025058679,1903.5598655285166
ENG_ELEC,RUH,M2,private,M,True,2,3804.155714665125,0.20420644979025615,1902.0778573325624
FIN,RUH,IC4,semigov,F,True,2,3803.710437573155,0.31713469862403804,1901.8552187865776
PM,QAS,IC4,public,M,True,1,3803.0429383905193,0.42687695659304853,1901.5214691952597
SALES,NJR,M2,pif_backed,M,False,1,3797.3253593101176,0.9467720696241154,1898.6626796550588
DESIGN,NOR,IC5,pif_backed,M,False,1,3792.3525799477657,0.4394597690134618,1896.1762899738828
DESIGN,TAB,M4,public,F,True,1,3789.9571786444103,0.24839008701412832,1894.9785893222052
MARKETING,EST,M2,semigov,F,False,1,3774.494405364412,0.5324770882194022,1887.247202682206
SWE,RUH,IC4,public,M,True,4,3773.3838096211034,0.29482174564355634,1886.6919048105517
SWE,EST,IC3,semigov,M,True,1,3770.780109619116,0.18957172008022416,1885.390054809558
EDU,EST,IC3,private,M,True,1,3770.228731722973,0.3309332882574699,1885.1143658614865
MARKETING,ASR,M4,public,F,False,1,3755.5185989271586,1.0758036513191527,1877.7592994635793
LEGAL,HAI,IC6,public,M,True,1,3753.637144227152,0.20192566785127958,1876.818572113576
HEALTH,EST,IC2,pif_backed,F,True,1,3748.9508105348914,0.3180631635461413,1874.4754052674457
CUSTOMER,MAK,IC6,public,M,False,1,3738.5800442716527,0.6303400437739759,1869.2900221358263
SALES,RUH,M3,pif_backed,M,False,1,3737.6321355804794,0.7978340806832338,1868.8160677902397
HEALTH,RUH,IC6,semigov,F,True,1,3734.1935966533565,0.1455040319156708,1867.0967983266783
FIN,RUH,IC3,semigov,M,True,3,3717.844482440549,0.20518582541633942,1858.9222412202746
HR,RUH,IC1,mnc,M,True,1,3709.3361581401086,0.3281744862478747,1854.6680790700543
FIN,RUH,IC4,public,M,True,5,3707.896936954328,0.18313516460041204,1853.948468477164
SALES,QAS,M2,semigov,M,True,1,3706.2881008724016,0.2634215778605039,1853.1440504362008
SWE,EST,M1,private,M,True,2,3694.3931709824465,0.13863216379685395,1847.1965854912232
FIN,EST,IC5,public,M,True,3,3692.847880223529,0.24128961244359637,1846.4239401117645
MARKETING,EST,M2,semigov,F,True,1,3692.6743124674504,0.1760121062522065,1846.3371562337252
ENG_MECH,RUH,M1,semigov,M,True,1,3689.8935033444677,0.552544272655112,1844.9467516722339
DESIGN,RUH,M3,private,M,True,1,3688.858088234101,0.12057484258732916,1844.4290441170506
PM,RUH,D2,private,M,True,1,3680.7654303971212,0.09968978706266379,1840.3827151985606
EDU,RUH,IC5,private,F,True,6,3678.706904407196,0.24394300138097266,1839.353452203598
SWE,HAI,IC3,private,M,True,1,3678.491019251751,0.20684989337213125,1839.2455096258755
EDU,JED,M2,public,M,True,1,3678.4104432449494,0.4841926069485726,1839.2052216224747
ENG_CIVIL,RUH,M2,semigov,M,True,1,3678.0439815292775,0.21398438599331207,1839.0219907646388
SWE,RUH,IC4,private,F,False,1,3674.6899950492293,1.8652827288938303,1837.3449975246147
DATA,JED,D1,semigov,M,True,1,3671.035449922543,0.09555622320885,1835.5177249612716
DESIGN,RUH,M2,private,M,False,1,3655.9824638479045,1.580959580864339,1827.9912319239522
DESIGN,JED,M5,private,M,True,1,3655.9802509276633,0.12172150100931026,1827.9901254638316
HEALTH,MAK,IC4,private,M,True,1,3655.1926685578346,0.48033668167602167,1827.5963342789173
HEALTH,EST,M2,public,M,True,1,3650.8364686107197,0.38726999812255675,1825.4182343053599
EDU,EST,M2,private,F,True,3,3639.5437015287157,0.18459758217818226,1819.7718507643579
CUSTOMER,RUH,IC4,semigov,F,True,2,3637.0897773491715,0.42189019685951845,1818.5448886745858
EDU,JED,IC5,semigov,M,True,1,3627.891225151612,0.4825864225624163,1813.945612575806
MARKETING,RUH,IC3,private,F,True,2,3627.18759490309,0.6499131566680479,1813.593797451545
CUSTOMER,EST,IC5,public,M,True,1,3613.2784346640346,0.8231331792729444,1806.6392173320173
HR,EST,IC4,semigov,M,False,1,3610.2182539200394,0.4807297567296678,1805.1091269600197
DATA,MAD,IC6,private,F,False,1,3594.9943351465176,1.0503027199431905,1797.4971675732588
ENG_MECH,BAH,IC3,pif_backed,M,True,1,3592.3647060551502,0.7748859524008694,1796.1823530275751
SWE,JED,M2,private,F,False,1,3591.68393171246,1.0833798366946539,1795.84196585623
FIN,HAI,IC3,public,F,True,1,3590.7134871837643,0.26949781086095903,1795.3567435918822
DATA,JED,IC5,private,M,True,1,3583.4814568245783,0.20064600708412006,1791.7407284122892
EDU,RUH,IC4,semigov,F,True,3,3574.0947245536136,0.24872750729370208,1787.0473622768068
DATA,QAS,M3,pif_backed,F,False,1,3573.126145118836,0.9836146153509278,1786.563072559418
ENG_ELEC,MAK,M1,private,M,True,1,3550.033795200203,0.48960027939721856,1775.0168976001014
HEALTH,HAI,IC5,public,M,False,1,3546.7011383599593,2.4564231421751614,1773.3505691799796
HR,JAZ,M2,mnc,M,False,1,3537.936248618557,1.9786879989492292,1768.9681243092784
SUPPLY,EST,IC5,public,F,True,1,3523.959344463081,0.48874846628468394,1761.9796722315405
OPS,MAK,IC4,public,M,True,1,3511.7868759754256,0.21061002436658033,1755.8934379877128
PM,EST,IC4,private,M,True,1,3503.836996168253,0.277685027276334,1751.9184980841264
HEALTH,NOR,IC6,private,F,True,1,3501.098140104039,0.24262114695360093,1750.5490700520195
LEGAL,TAB,IC3,public,M,True,1,3500.283802850601,0.7750370904888033,1750.1419014253006
MARKETING,EST,IC5,pif_backed,F,True,1,3498.2977280160085,0.13907771761959514,1749.1488640080042
SALES,MAK,IC3,public,F,True,1,3489.219954732851,0.3701611508695887,1744.6099773664255
SALES,RUH,M2,public,M,False,1,3488.6227362678233,1.0107694128612426,1744.3113681339116
HEALTH,RUH,IC6,mnc,F,True,1,3486.051316460944,0.1779172754279357,1743.025658230472
MARKETING,RUH,M3,pif_backed,M,False,1,3484.709244868365,0.5736865838365975,1742.3546224341826
PM,EST,M1,pif_backed,M,True,1,3471.530100759326,0.12335629969206849,1735.765050379663
MARKETING,RUH,IC5,startup,M,False,1,3468.1249601658565,0.4167070986101772,1734.0624800829282
SWE,QAS,IC3,mnc,M,False,1,3465.2778916096872,0.5564509259073895,1732.6389458048436
DESIGN,JED,IC3,semigov,F,True,2,3464.8373344473075,0.26700197333108616,1732.4186672236538
EDU,EST,IC5,private,F,True,2,3460.4656598498023,0.3491822594720562,1730.2328299249011
OPS,JED,IC5,public,M,True,1,3459.487295066104,0.5137525954874363,1729.743647533052
HR,QAS,IC6,pif_backed,M,True,1,3456.21282600459,0.15686347445911916,1728.106413002295
SWE,QAS,IC2,private,M,True,1,3453.10961482341,0.3287892222891163,1726.554807411705
SWE,HAI,IC4,private,M,True,1,3451.7860127328986,0.2716817787866785,1725.8930063664493
SALES,RUH,IC2,pif_backed,M,True,1,3444.199713540569,0.5094778536959054,1722.0998567702845
PM,EST,IC3,private,F,False,1,3437.375296092563,0.47077629315143255,1718.6876480462815
PM,EST,IC3,mnc,F,True,1,3435.1647949412536,0.5136547253330409,1717.5823974706268
SUPPLY,JED,M4,public,M,True,1,3433.340933899077,0.3162153710491366,1716.6704669495384
OPS,EST,IC6,private,F,True,1,3427.0190400339397,0.2215764516407644,1713.5095200169699
CUSTOMER,QAS,IC2,private,F,True,1,3426.1380720080706,0.36765768548377425,1713.0690360040353
EDU,NOR,M1,public,M,True,1,3404.2689558085494,0.8379434129743198,1702.1344779042747
ENG_ELEC,RUH,IC4,public,M,True,2,3403.058991775237,0.2808743774590196,1701.5294958876184
PM,MAK,M1,private,M,True,1,3399.542376723417,0.16816461555591858,1699.7711883617085
PM,TAB,IC3,mnc,M,True,1,3397.685484726555,0.27564864453168114,1698.8427423632775
HR,RUH,IC4,public,F,True,2,3391.279181131392,0.4433242650069051,1695.639590565696
CUSTOMER,JED,IC3,pif_backed,F,True,1,3391.187464097118,0.21627487110309565,1695.593732048559
CUSTOMER,JED,M4,public,F,False,1,3387.0452422494072,0.5369514083382017,1693.5226211247036
ENG_ELEC,MAD,VP,private,M,False,1,3382.2240871162303,0.21939357432954426,1691.1120435581151
EDU,JED,IC5,public,F,True,1,3380.7930543933435,0.3717449980239845,1690.3965271966717
PM,RUH,IC2,private,M,True,3,3379.3799423069454,0.2907977105486899,1689.6899711534727
ENG_MECH,RUH,D2,private,F,False,1,3367.2377636231395,0.6366495205580871,1683.6188818115697
ENG_MECH,RUH,IC3,private,M,True,1,3343.786565188746,0.2684042358561577,1671.893282594373
SWE,QAS,IC4,mnc,M,True,2,3340.648151726523,0.16350975809564067,1670.3240758632614
LEGAL,EST,IC2,public,M,True,1,3340.371975153187,0.8265085970284918,1670.1859875765936
SWE,RUH,IC4,private,M,True,2,3338.821582757825,0.2152846426085282,1669.4107913789126
LEGAL,QAS,IC3,private,M,True,1,3338.6273340678954,0.6580244916329496,1669.3136670339477
SALES,EST,IC5,private,M,True,1,3334.2382180519526,0.14067318186801386,1667.1191090259763
SALES,BAH,IC4,private,M,False,1,3331.9533214570038,0.5251952227305016,1665.9766607285019
PM,EST,IC3,public,M,True,1,3331.943348662964,0.20366887527799638,1665.971674331482
SUPPLY,RUH,M3,private,M,True,1,3323.5573996135718,0.1252890167903128,1661.7786998067859
FIN,QAS,IC3,private,M,True,2,3320.5869802918514,0.3217354218005596,1660.2934901459257
OPS,MAK,IC1,mnc,M,True,1,3313.673972685916,0.3289177016138398,1656.836986342958
HEALTH,JED,M2,public,F,False,1,3313.2216498615553,1.292998262403931,1656.6108249307777
SALES,HAI,M1,startup,F,True,1,3312.218818895437,0.3873362439300089,1656.1094094477185
SALES,JED,M2,semigov,M,True,1,3301.0962240774825,0.13725089815609026,1650.5481120387412
ENG_ELEC,QAS,D1,private,M,False,1,3285.5150006522263,0.2901317661140602,1642.7575003261131
ENG_ELEC,EST,IC4,semigov,M,True,1,3269.7102777331183,0.3210281905710463,1634.8551388665592
PM,RUH,IC3,startup,F,False,1,3268.253078851825,0.5159894605264269,1634.1265394259126
MARKETING,JED,IC4,private,F,True,3,3262.6503176592546,0.19625516710337118,1631.3251588296273
HEALTH,MAK,IC2,semigov,F,True,1,3261.076090270939,0.7298333113750758,1630.5380451354695
FIN,MAK,IC4,public,F,True,1,3257.3952593677895,0.2624845574579179,1628.6976296838948
EDU,ASR,IC3,semigov,F,True,1,3249.3981088376404,0.3463586933726397,1624.6990544188202
PM,RUH,M2,mnc,F,True,1,3240.6709203369537,0.11506454546525824,1620.3354601684769
HEALTH,RUH,D2,public,M,False,1,3237.4808255254266,0.3710112699030318,1618.7404127627133
ENG_MECH,RUH,IC3,semigov,M,True,1,3237.384696040601,0.2309769428011619,1618.6923480203004
ENG_MECH,QAS,IC4,private,M,True,1,3237.0881054201345,0.20879025645895197,1618.5440527100673
HEALTH,JED,M3,public,F,False,1,3233.1589483660737,0.7154089363983146,1616.5794741830368
SALES,RUH,IC3,private,M,True,5,3231.6286700675146,0.26205398200881863,1615.8143350337573
OPS,EST,IC6,public,M,True,1,3229.6811724157415,0.16418311958923745,1614.8405862078707
PM,RUH,M1,private,M,False,1,3229.365879147793,1.147773884397072,1614.6829395738964
CUSTOMER,TAB,IC6,private,M,True,1,3227.6211202176255,0.8047035246831215,1613.8105601088128
SUPPLY,JED,IC3,private,F,True,1,3221.515063788629,0.356637844390778,1610.7575318943145
ENG_MECH,TAB,IC3,semigov,M,True,1,3216.739580170224,0.338967585305587,1608.369790085112
SWE,EST,IC4,semigov,F,False,1,3208.8239854393723,0.98698201528513,1604.4119927196862
HEALTH,QAS,IC5,private,F,True,2,3201.0433976254235,0.32526751448016733,1600.5216988127117
HEALTH,TAB,M2,public,M,False,1,3199.6332021899893,1.1507462066425693,1599.8166010949947
DATA,RUH,IC4,private,F,False,1,3198.4055015221293,0.30820444400877617,1599.2027507610646
ENG_CIVIL,MAK,IC4,pif_backed,M,False,1,3197.841118781285,0.48539363349526343,1598.9205593906424
MARKETING,RUH,D2,mnc,F,False,1,3189.661166045569,0.23665178350308028,1594.8305830227846
DATA,RUH,IC5,semigov,F,True,1,3187.2139158626815,0.12046024545959752,1593.6069579313407
FIN,HAI,M1,mnc,F,True,1,3183.7760420927516,0.19490507472695062,1591.8880210463758
ENG_CIVIL,EST,IC3,private,M,True,1,3178.4795048989654,0.23081934416531605,1589.2397524494827
MARKETING,JED,M1,startup,M,False,1,3174.0077057676845,0.4367594026843458,1587.0038528838422
CUSTOMER,RUH,IC4,semigov,M,True,2,3171.8878255964755,0.2336724406458866,1585.9439127982378
CUSTOMER,RUH,M1,private,F,True,3,3171.0609723573725,0.280424495778213,1585.5304861786863
DESIGN,MAK,IC4,public,M,True,1,3169.896010489045,0.3507720487730314,1584.9480052445224
SALES,EST,M1,private,F,False,1,3164.540764007922,0.7589426425603694,1582.270382003961
SALES,RUH,IC4,semigov,F,True,1,3162.206425659426,0.25499208447904886,1581.103212829713
SWE,EST,IC3,private,F,True,3,3154.6912532329575,0.25458384734229705,1577.3456266164787
FIN,MAD,IC4,semigov,F,True,2,3148.1227581899084,0.15455331920201787,1574.0613790949542
EDU,RUH,M3,private,F,True,4,3138.265240341855,0.13878795310189074,1569.1326201709276
FIN,RUH,IC4,pif_backed,M,False,2,3135.25866699545,0.40136348494405394,1567.629333497725
SALES,RUH,IC6,private,F,False,1,3134.508808459963,0.2730729317392157,1567.2544042299814
SWE,MAD,IC2,private,M,False,1,3132.782982618739,2.304837097212963,1566.3914913093695
HEALTH,QAS,IC4,public,F,True,1,3127.7181335837467,0.4474721328395027,1563.8590667918734
MARKETING,ASR,IC3,private,M,True,1,3126.7394473958702,0.6810936392065283,1563.3697236979351
DATA,RUH,IC1,private,M,True,1,3125.096033101372,0.7513752614450853,1562.548016550686
SALES,NJR,IC4,private,F,True,1,3121.5744906683576,0.2396495107124818,1560.7872453341788
HEALTH,JED,IC5,private,F,True,1,3119.415106019038,0.1563728797122109,1559.707553009519
HEALTH,RUH,M1,public,F,True,1,3113.1037834985837,0.25862230810800907,1556.5518917492918
SWE,TAB,IC3,startup,M,True,1,3113.082814980854,0.4189048492175486,1556.541407490427
HEALTH,MAD,IC6,mnc,F,True,1,3111.536370314323,0.1324443441253489,1555.7681851571615
FIN,RUH,M3,public,M,True,1,3108.012796964358,0.170288738011608,1554.006398482179
SUPPLY,RUH,IC3,private,M,True,1,3092.216565931849,0.6886192524116401,1546.1082829659244
OPS,RUH,M3,mnc,M,False,1,3091.0335048366123,0.802236998881611,1545.5167524183062
SWE,EST,IC2,startup,M,True,1,3087.946862637187,0.6839155440676085,1543.9734313185936
MARKETING,TAB,IC2,private,F,True,1,3087.18857559599,0.3218632701138351,1543.594287797995
HR,EST,IC4,public,F,True,1,3086.3263256592036,0.21805373759706034,1543.1631628296018
ENG_MECH,JAZ,M3,private,M,True,1,3084.711009328592,0.12136103240464947,1542.355504664296
SWE,JED,IC3,public,M,False,1,3081.7234161487872,0.47716779328721703,1540.8617080743936
EDU,MAK,IC4,semigov,M,True,1,3067.9575396904784,0.6382970104065049,1533.9787698452392
FIN,EST,IC4,private,M,False,1,3066.886224932133,1.7039172821191353,1533.4431124660664
SUPPLY,RUH,D1,public,M,True,1,3066.3813798265946,0.14274287761196774,1533.1906899132973
EDU,ASR,M2,private,M,True,1,3061.0102108166866,0.5536521107537884,1530.5051054083433
ENG_MECH,MAK,IC4,private,M,True,1,3060.6833172671886,0.24774010331418927,1530.3416586335943
ENG_CIVIL,TAB,IC4,pif_backed,M,False,1,3057.36815312857,0.4845375287361033,1528.684076564285
FIN,JAZ,IC5,public,F,True,1,3055.3456017129974,0.21189423191168547,1527.6728008564987
HR,RUH,IC1,public,F,True,1,3050.60598055267,0.3143242427049604,1525.302990276335
EDU,JED,M1,private,F,True,1,3046.7126898713996,0.23192653383694772,1523.3563449356998
ENG_MECH,ASR,IC4,semigov,F,False,1,3043.4191418645482,0.5788206577976068,1521.7095709322741
SWE,JED,IC4,private,F,True,1,3032.465188192038,0.23632383869951662,1516.232594096019
FIN,JED,IC3,public,M,True,3,3026.527600772482,0.3103771506694773,1513.263800386241
HEALTH,QAS,IC3,semigov,M,True,1,3025.194440519717,0.7434860015793376,1512.5972202598584
EDU,RUH,M1,pif_backed,F,True,1,3021.585770988584,0.23324127856256285,1510.792885494292
SALES,RUH,IC4,public,M,True,2,3018.542242763454,0.27365897633158937,1509.271121381727
EDU,ASR,M2,private,F,True,2,3010.054263842251,0.2390725928564506,1505.0271319211256
SALES,QAS,IC4,public,M,True,1,3004.233281189997,0.40846481880970664,1502.1166405949984
FIN,RUH,M1,public,M,True,1,3001.605124209187,0.15626252816357564,1500.8025621045936
ENG_CIVIL,EST,IC4,public,M,True,3,3000.5425201862013,0.22153608447683823,1500.2712600931006
ENG_ELEC,ASR,IC4,public,F,False,1,2998.9083890050256,0.5509914490731818,1499.4541945025128
FIN,EST,M1,private,M,True,1,2998.3370637193984,0.12104842051228161,1499.1685318596992
ENG_ELEC,ASR,M2,semigov,M,True,1,2995.6548966957853,0.22680758378198193,1497.8274483478926
DATA,QAS,IC3,private,M,False,1,2987.0353821267545,2.1078934796567683,1493.5176910633772
SALES,RUH,M2,pif_backed,M,False,2,2982.7185944863086,1.5995772480001653,1491.3592972431543
OPS,RUH,IC5,pif_backed,M,True,1,2982.4288231398077,0.2312349722226549,1491.2144115699039
DESIGN,EST,IC5,private,M,False,1,2980.089865321939,0.41034650490737457,1490.0449326609696
SALES,EST,IC4,mnc,M,False,2,2978.644112670536,0.29161738886193045,1489.322056335268
ENG_MECH,RUH,M3,mnc,M,True,1,2978.592761400818,0.08315659937451136,1489.296380700409
SALES,EST,M4,mnc,M,True,1,2977.3119727337908,0.09338605161209203,1488.6559863668954
CUSTOMER,MAK,M4,pif_backed,F,False,1,2976.51271196938,0.6412329150926673,1488.25635598469
ENG_MECH,RUH,IC6,public,M,False,1,2972.5080025846482,0.3194085066703496,1486.2540012923241
CUSTOMER,TAB,D1,public,F,False,1,2970.44743838216,1.2594063423852864,1485.22371919108
HR,MAD,IC5,mnc,F,False,1,2965.1384510459225,0.46134250438969165,1482.5692255229612
SWE,JAZ,D3,pif_backed,M,False,1,2955.49522667404,0.14740791930219563,1477.74761333702
CUSTOMER,JED,IC2,semigov,F,True,1,2955.212820226813,0.5907417393946094,1477.6064101134066
OPS,JED,IC3,private,M,True,2,2945.3425579857985,0.2454881488023432,1472.6712789928993
HR,QAS,M3,public,F,True,1,2943.878551526792,0.13982435455917852,1471.939275763396
HEALTH,RUH,IC3,pif_backed,F,True,1,2943.4180531038164,0.21845301517368662,1471.7090265519082
SWE,MAK,IC4,mnc,M,True,1,2940.4545469691056,0.1810587615989161,1470.2272734845528
ENG_ELEC,RUH,IC3,public,M,True,3,2930.222415472776,0.4798252054964998,1465.111207736388
ENG_MECH,RUH,IC4,public,M,True,2,2928.3813422630446,0.1964424964008597,1464.1906711315223
OPS,ASR,M3,private,M,False,1,2922.9804703928503,0.8895073622092949,1461.4902351964251
ENG_ELEC,JED,IC5,private,M,True,3,2918.9795146173333,0.12197234277704666,1459.4897573086666
ENG_ELEC,BAH,M2,semigov,M,True,1,2910.814731358045,0.17268269617056053,1455.4073656790224
ENG_CIVIL,RUH,M4,public,M,True,1,2910.234775534085,0.1079134984261278,1455.1173877670426
HEALTH,EST,IC3,pif_backed,M,True,1,2908.7366238967807,0.23082436180550844,1454.3683119483903
EDU,EST,M2,public,F,True,1,2899.604782775499,0.1680931791094123,1449.8023913877496
LEGAL,RUH,IC5,pif_backed,F,False,1,2893.428947162975,1.2683309978867205,1446.7144735814875
EDU,RUH,M3,semigov,F,True,2,2887.562306543163,0.18851806921303949,1443.7811532715814
EDU,HAI,M1,pif_backed,F,True,1,2885.2170503135067,0.4117256014796846,1442.6085251567533
SWE,RUH,M3,private,M,False,2,2884.5724489716727,0.294320648564499,1442.2862244858363
SWE,QAS,IC2,private,M,False,1,2878.0531907973045,1.6720537338387929,1439.0265953986523
PM,TAB,M2,private,M,False,1,2873.2451577134043,1.210297916412948,1436.6225788567021
FIN,RUH,M1,public,F,True,1,2871.9511150018097,0.26145095387019573,1435.9755575009049
HEALTH,RUH,M5,private,M,False,1,2862.772209232706,0.4458471120798203,1431.386104616353
SWE,RUH,IC5,mnc,F,False,1,2860.650543445231,0.31066938338934275,1430.3252717226155
SALES,MAD,M2,public,M,False,1,2857.043394508328,1.3829961342972987,1428.521697254164
SUPPLY,EST,IC3,private,M,True,1,2851.4395911412494,0.3614784896463729,1425.7197955706247
SWE,EST,D2,mnc,M,False,1,2851.2179361300114,0.2353330112055525,1425.6089680650057
MARKETING,RUH,IC3,mnc,M,True,1,2851.0212187525467,0.16349863882386084,1425.5106093762734
HEALTH,RUH,M4,mnc,M,False,1,2848.66167422534,0.4723240989812079,1424.33083711267
ENG_MECH,RUH,M2,semigov,M,False,1,2837.464945412865,1.489585074298031,1418.7324727064324
ENG_CIVIL,RUH,CXO,public,M,False,1,2831.745367953832,0.2073841672372706,1415.872683976916
HEALTH,RUH,M1,pif_backed,M,True,1,2828.498452466476,0.20024264450533807,1414.249226233238
ENG_ELEC,NJR,IC3,semigov,M,True,1,2825.763620239668,0.48534816493515875,1412.881810119834
HR,MAK,IC4,semigov,F,True,1,2825.079124408291,0.618240847814345,1412.5395622041456
FIN,EST,D1,public,M,True,1,2820.9735313382807,0.10615027572280768,1410.4867656691404
OPS,MAD,IC4,semigov,M,True,1,2820.0667632058803,0.37316722395961927,1410.0333816029402
PM,JAZ,IC4,semigov,M,True,1,2813.6596713291965,0.49834114097386367,1406.8298356645982
HR,RUH,M2,mnc,M,False,1,2811.998911460074,0.3903083662474856,1405.999455730037
SALES,RUH,M1,pif_backed,F,False,1,2809.8055563371036,0.883079056180363,1404.9027781685518
HEALTH,RUH,IC2,startup,F,True,1,2807.3769685840916,0.6225522953698048,1403.6884842920458
CUSTOMER,EST,IC5,public,F,True,1,2801.837008874414,0.2709249519836597,1400.918504437207
ENG_MECH,EST,IC5,public,M,False,1,2800.9810419546484,0.46797280821627374,1400.4905209773242
DESIGN,HAI,IC4,pif_backed,M,True,1,2799.0971271879353,0.14558043553964398,1399.5485635939676
DATA,JAZ,M3,private,M,False,1,2798.407901079311,0.8806608266698575,1399.2039505396556
SWE,RUH,M4,private,M,False,2,2797.0924942029337,0.29903979003731557,1398.5462471014669
ENG_ELEC,RUH,IC1,semigov,M,True,1,2795.3851684856563,0.660367633626365,1397.6925842428282
ENG_ELEC,RUH,IC4,mnc,M,False,1,2792.6752863096854,0.4830736184614469,1396.3376431548427
ENG_ELEC,EST,M1,private,F,False,1,2786.167935660559,0.4743539939363582,1393.0839678302796
HEALTH,RUH,M1,public,M,True,1,2782.236684909605,0.1544405813266686,1391.1183424548026
ENG_ELEC,JAZ,M2,private,M,False,1,2776.7124258126123,0.3710999010161294,1388.3562129063062
EDU,NJR,IC4,private,F,True,3,2769.263756218474,0.2452325030120449,1384.631878109237
ENG_MECH,MAD,IC5,semigov,F,True,1,2769.16110064245,0.17933073568925703,1384.580550321225
ENG_MECH,TAB,M3,private,M,False,1,2763.686142130778,0.9149537943376964,1381.843071065389
SWE,EST,IC1,public,M,True,1,2761.6022888045472,0.6199876854848386,1380.8011444022736
DATA,RUH,IC2,semigov,M,True,1,2757.9842085619875,0.21978670345946025,1378.9921042809938
SWE,RUH,M1,pif_backed,M,True,4,2756.8769294281374,0.10375813593525579,1378.4384647140687
HEALTH,MAK,IC3,private,F,True,1,2755.9792752239164,0.5243563487213433,1377.9896376119582
SWE,RUH,IC5,public,M,False,3,2754.883103616658,0.3037245299195755,1377.441551808329
OPS,RUH,M2,semigov,M,True,1,2754.5030419318427,0.1571516331626562,1377.2515209659214
CUSTOMER,RUH,IC6,pif_backed,F,True,1,2753.3213337331254,0.10143422049770506,1376.6606668665627
PM,RUH,IC1,private,M,True,1,2747.7824954585694,0.5570580153159946,1373.8912477292847
SALES,JED,IC3,mnc,M,True,1,2746.7284550433624,0.5670761497252369,1373.3642275216812
EDU,MAK,IC3,semigov,F,True,2,2744.893800258221,0.284553459755516,1372.4469001291104
FIN,RUH,M1,mnc,F,True,2,2727.130853638364,0.11067250805358456,1363.565426819182
FIN,HAI,D1,mnc,F,False,1,2724.530767441257,0.49747509054537314,1362.2653837206285
DESIGN,JED,IC4,private,F,True,3,2721.949646342759,0.1550346302418584,1360.9748231713795
EDU,RUH,M5,semigov,F,True,1,2717.655158816753,0.12406692419876952,1358.8275794083766
LEGAL,EST,IC4,public,F,True,3,2716.359823459667,0.13737333401655222,1358.1799117298335
DESIGN,ASR,M1,mnc,F,False,1,2715.814628259437,1.2653910549769865,1357.9073141297185
DESIGN,MAD,IC2,private,M,True,1,2715.016906103955,0.3019818685552628,1357.5084530519775
ENG_CIVIL,RUH,IC5,public,M,False,1,2714.061427743147,0.4269478994749932,1357.0307138715734
ENG_CIVIL,RUH,IC4,public,M,True,2,2712.798938655771,0.31451106791080635,1356.3994693278855
HEALTH,HAI,IC4,private,F,False,1,2707.511880603829,0.5892628776530229,1353.7559403019145
HEALTH,HAI,IC2,private,F,False,1,2701.892927774034,1.9746932300558095,1350.946463887017
HEALTH,RUH,IC5,private,M,False,1,2699.4502896889626,0.3260770899896983,1349.7251448444813
HR,RUH,IC5,semigov,M,True,1,2697.3745787618773,0.217814738820913,1348.6872893809386
CUSTOMER,RUH,IC4,private,M,True,2,2696.4609828697667,0.3953312301328452,1348.2304914348833
ENG_MECH,EST,IC3,semigov,F,True,1,2694.5170851676867,0.23491239536394254,1347.2585425838433
PM,RUH,M2,private,M,False,1,2689.6543439407756,0.6880969883314971,1344.8271719703878
ENG_MECH,RUH,IC5,startup,M,False,1,2687.073734764769,0.37631835942887903,1343.5368673823846
SALES,RUH,IC5,semigov,F,True,2,2686.499018747376,0.1258089269118469,1343.249509373688
SALES,JED,VP,public,F,True,1,2676.8253018259857,0.08831249823713314,1338.4126509129928
CUSTOMER,EST,IC3,private,F,True,1,2674.0255317731726,0.48215062130653724,1337.0127658865863
SWE,QAS,M2,semigov,M,True,1,2672.682223682852,0.11626686987922319,1336.341111841426
OPS,QAS,IC3,mnc,M,True,1,2662.2759152071912,0.2499933145606852,1331.1379576035956
ENG_MECH,RUH,IC4,private,M,True,2,2661.771145505903,0.25763167808310283,1330.8855727529515
FIN,RUH,IC2,public,M,True,1,2661.0819441896138,0.33533723052582015,1330.5409720948069
FIN,JAZ,IC3,semigov,F,True,1,2657.0161480648403,0.3154607660755321,1328.5080740324202
HEALTH,MAK,M4,private,F,False,1,2654.52188031135,0.7028665173882962,1327.260940155675
HR,RUH,M1,private,M,True,1,2650.7016436160848,0.1671109214597411,1325.3508218080424
EDU,MAD,IC6,public,F,True,1,2644.654864907545,0.21552676342324253,1322.3274324537724
DATA,ASR,IC5,pif_backed,M,False,1,2643.429449548811,0.5185705863058488,1321.7147247744056
ENG_MECH,RUH,M1,public,M,True,1,2640.0439199594693,0.11181310919041307,1320.0219599797347
DESIGN,EST,IC4,private,M,False,1,2638.070096218392,1.3299706218759773,1319.035048109196
ENG_MECH,JAZ,IC5,mnc,F,False,1,2622.869160681635,1.1169282216513372,1311.4345803408175
HEALTH,RUH,IC4,pif_backed,F,True,1,2617.0923174099735,0.14369560482983837,1308.5461587049867
LEGAL,EST,IC5,private,F,False,1,2610.9120139105544,0.9104132615174698,1305.4560069552772
DATA,RUH,IC4,mnc,F,True,1,2607.7542885183175,0.12265377377789144,1303.8771442591587
FIN,EST,IC2,pif_backed,M,False,1,2605.987415198864,0.5085723513995697,1302.993707599432
MARKETING,NJR,M2,mnc,F,True,1,2598.660919920123,0.15757516718348602,1299.3304599600615
OPS,JED,IC4,pif_backed,M,True,1,2597.6304072978382,0.22089546043976746,1298.8152036489191
ENG_MECH,EST,M3,mnc,F,False,1,2597.1197626528246,0.35209854332221197,1298.5598813264123
ENG_MECH,RUH,IC5,mnc,F,False,1,2593.10143066815,0.4253391646288826,1296.550715334075
CUSTOMER,EST,IC4,private,F,True,2,2587.2510009451644,0.22384590903939966,1293.6255004725822
DESIGN,JED,IC4,semigov,F,False,1,2583.5303080533745,0.514828763736929,1291.7651540266872
ENG_CIVIL,RUH,IC4,pif_backed,M,True,1,2581.486002384572,0.1257864960513079,1290.743001192286
OPS,JED,IC4,semigov,F,True,1,2577.9460991818814,0.2909634840038883,1288.9730495909407
SWE,RUH,IC3,public,M,True,2,2574.284197274881,0.28709545426742716,1287.1420986374405
HEALTH,MAK,IC4,private,F,False,1,2570.8992710228786,0.45842059952372755,1285.4496355114393
SALES,EST,IC3,mnc,M,True,1,2565.843495855883,0.20282807435405986,1282.9217479279414
DATA,RUH,IC6,private,M,False,1,2565.7005119183323,0.1992838143609768,1282.8502559591661
DATA,HAI,IC6,private,M,False,1,2560.991065088634,0.322332802078845,1280.495532544317
DATA,EST,M1,private,M,True,3,2560.192066273635,0.11688676073941939,1280.0960331368176
SALES,JED,IC6,public,M,False,1,2559.1573698491065,0.37586613955770426,1279.5786849245533
CUSTOMER,JED,IC3,mnc,F,True,1,2557.5332845000503,0.1876936747237489,1278.7666422500251
SWE,RUH,IC2,private,M,True,2,2554.767842325268,0.21836583571466261,1277.383921162634
PM,EST,IC6,private,M,True,1,2554.22226975967,0.09080442990854751,1277.111134879835
MARKETING,ASR,M3,private,M,True,1,2554.2060549500566,0.13326466099854528,1277.1030274750283
CUSTOMER,RUH,M5,private,F,True,1,2549.5385108624905,0.14544654944487334,1274.7692554312453
PM,JAZ,IC5,public,M,True,1,2545.5668171577545,0.27676227679061277,1272.7834085788772
PM,EST,IC2,public,F,True,1,2544.525924422769,0.39565145966841997,1272.2629622113845
SALES,JAZ,IC3,semigov,M,False,1,2544.2807457252343,0.46567706505683315,1272.1403728626171
SWE,JED,IC2,semigov,M,True,3,2541.9620723492603,0.23373443088843762,1270.9810361746302
HEALTH,QAS,M2,pif_backed,F,False,1,2537.5425628657204,0.3054529224391183,1268.7712814328602
OPS,JAZ,IC4,private,M,True,3,2536.7415769849085,0.2555218696952655,1268.3707884924543
HEALTH,RUH,IC5,public,M,True,1,2533.065980726791,0.12219067746463194,1266.5329903633956
SWE,EST,IC4,startup,M,True,1,2532.357832330361,0.13946654447589643,1266.1789161651805
SALES,QAS,M5,private,M,True,1,2527.8941485502473,0.15364517060563807,1263.9470742751237
SALES,EST,IC3,semigov,M,True,3,2526.091467000562,0.3244509536736874,1263.045733500281
ENG_CIVIL,EST,M1,private,M,True,1,2523.5197563892943,0.18411132907089123,1261.7598781946472
FIN,EST,IC3,private,F,True,1,2523.101409541554,0.15092207792058177,1261.550704770777
SUPPLY,MAD,IC5,private,F,False,1,2519.1113033899637,0.43063625435338676,1259.5556516949819
DESIGN,RUH,IC5,pif_backed,M,True,1,2517.6842173707882,0.1396016914020753,1258.8421086853941
ENG_CIVIL,RUH,D1,pif_backed,M,False,1,2516.9969126357714,0.6780507673773666,1258.4984563178857
CUSTOMER,TAB,IC6,public,F,True,1,2516.863787870203,0.23472523959701297,1258.4318939351015
MARKETING,NJR,D1,private,M,False,1,2511.2839548371744,2.494765703856507,1255.6419774185872
OPS,BAH,IC3,semigov,M,True,1,2509.6689128071885,0.17132498928522633,1254.8344564035942
DESIGN,RUH,M2,private,M,True,1,2508.784097608528,0.10897701552883685,1254.392048804264
PM,HAI,IC3,private,M,True,1,2508.56825184628,0.1741437710300007,1254.28412592314
OPS,RUH,IC3,private,F,True,2,2506.7867593982755,0.1891459500570586,1253.3933796991378
EDU,JAZ,IC4,mnc,M,True,1,2505.176375801647,0.3708856599685568,1252.5881879008234
DESIGN,JED,IC3,private,M,True,1,2504.312065547062,0.34042254826229257,1252.156032773531
HR,TAB,IC5,public,F,True,1,2504.3120018557183,0.2282865958104064,1252.1560009278592
EDU,EST,IC6,mnc,F,False,1,2498.5956165199423,0.3253645928107217,1249.2978082599711
FIN,RUH,IC2,public,F,False,1,2495.6232409646404,0.5898372788192806,1247.8116204823202
PM,EST,IC5,semigov,M,False,1,2491.6718583170286,0.5271482658830253,1245.8359291585143
EDU,MAD,IC4,public,F,True,1,2482.063445626497,0.26232792810836836,1241.0317228132485
SWE,MAD,IC2,semigov,M,False,1,2481.101652795515,1.7922481404572133,1240.5508263977574
FIN,NJR,M4,mnc,F,True,1,2478.6119357909847,0.07612658591089372,1239.3059678954924
CUSTOMER,JED,IC4,private,F,True,1,2477.5505300692803,0.604594152325679,1238.7752650346401
OPS,MAK,IC5,private,M,True,1,2477.026681490923,0.19407587779070043,1238.5133407454614
DESIGN,JED,M2,private,M,False,1,2475.9586030911405,1.363243282508876,1237.9793015455703
SWE,JED,IC4,semigov,M,True,1,2475.954038043108,0.21062583934922943,1237.977019021554
HEALTH,BAH,D2,private,M,False,1,2474.9606813590453,0.436801189029147,1237.4803406795227
CUSTOMER,EST,M1,private,F,True,2,2468.687071360078,0.3569703921552755,1234.343535680039
LEGAL,RUH,D1,semigov,F,True,1,2466.669521937416,0.06667877705055551,1233.334760968708
HEALTH,EST,IC2,public,M,True,1,2465.692108269408,0.5758571192529239,1232.846054134704
ENG_CIVIL,JAZ,IC5,public,M,False,1,2465.5918145685855,1.6347363233181782,1232.7959072842928
HEALTH,MAD,M1,private,M,True,1,2463.5133593552036,0.16033137887437685,1231.7566796776018
MARKETING,JED,D3,private,M,False,1,2462.814850659015,0.16305745958489873,1231.4074253295075
ENG_ELEC,QAS,IC3,mnc,M,True,1,2455.565325315333,0.46873479550813235,1227.7826626576666
SUPPLY,EST,M3,public,M,True,1,2455.301723663746,0.23086584568559548,1227.650861831873
PM,TAB,IC3,mnc,M,False,1,2455.1118536253634,0.3900469788892493,1227.5559268126817
SWE,TAB,IC4,semigov,M,False,1,2454.864163927445,0.3808815111152131,1227.4320819637226
MARKETING,RUH,IC4,semigov,M,True,1,2452.380726289428,0.17553399407227868,1226.190363144714
EDU,RUH,IC4,public,M,True,3,2449.8772885984813,0.429232108425625,1224.9386442992407
EDU,ASR,IC5,mnc,F,True,1,2446.5509304564102,0.35739204930968915,1223.2754652282051
ENG_CIVIL,JED,M3,public,M,True,1,2446.465105526302,0.12454202429459003,1223.232552763151
MARKETING,RUH,D2,pif_backed,F,False,1,2441.520930266819,0.25476583831354516,1220.7604651334095
PM,EST,IC3,private,M,True,1,2435.387394452546,0.24449453274312966,1217.693697226273
EDU,QAS,IC5,private,M,True,1,2434.731049105827,0.2162703363816486,1217.3655245529135
ENG_CIVIL,RUH,IC3,public,F,False,1,2434.215233866676,0.5862282300837536,1217.107616933338
CUSTOMER,RUH,M2,public,F,True,2,2431.881180370263,0.26420755665927714,1215.9405901851314
OPS,MAD,IC6,public,F,False,1,2431.5092316295963,0.939592279960868,1215.7546158147982
DATA,EST,M1,semigov,M,False,1,2430.3379476713753,0.2536494353159347,1215.1689738356877
EDU,JED,IC4,semigov,F,True,1,2428.2068407049537,0.21259737583194654,1214.1034203524769
HEALTH,EST,IC3,public,M,True,1,2427.999842723063,0.36530753072363886,1213.9999213615315
FIN,JAZ,M1,public,F,False,1,2426.12728484286,0.4104446871436967,1213.06364242143
LEGAL,TAB,IC2,private,M,True,1,2419.532497132782,0.23408103645543327,1209.766248566391
DATA,EST,IC3,public,M,False,1,2418.615666821573,0.4462102161272267,1209.3078334107865
EDU,RUH,M1,mnc,M,False,2,2414.8845390187817,0.3547375527493218,1207.4422695093908
SUPPLY,RUH,D1,mnc,M,True,1,2414.766449562914,0.11151593259812499,1207.383224781457
SWE,RUH,IC3,public,M,False,1,2412.3080061479714,1.5414895542462237,1206.1540030739857
CUSTOMER,RUH,M4,private,M,True,1,2411.3506232879954,0.1165525351647556,1205.6753116439977
SWE,EST,IC5,private,M,True,3,2411.3498800524817,0.09817311802312693,1205.6749400262408
EDU,EST,M1,private,F,True,4,2405.2154852869457,0.2566790526284746,1202.6077426434729
ENG_ELEC,RUH,IC4,private,M,True,2,2400.7702679563017,0.22386135044749794,1200.3851339781509
ENG_MECH,JED,IC4,private,M,True,2,2400.2403381105987,0.14480523165467984,1200.1201690552994
HR,RUH,IC2,mnc,F,True,1,2397.285071079822,0.38119586824020263,1198.642535539911
SALES,QAS,IC2,mnc,M,True,1,2395.157910731359,0.38342606197743717,1197.5789553656796
SALES,TAB,M4,public,F,True,1,2395.1422565050216,0.22138023768016066,1197.5711282525108
ENG_ELEC,RUH,IC2,semigov,M,True,1,2394.610649256001,0.22655417906649974,1197.3053246280006
EDU,RUH,M1,private,F,True,5,2389.343987960245,0.204937496507325,1194.6719939801226
SALES,EST,VP,public,M,False,1,2388.5612232295707,0.2925339859910191,1194.2806116147854
SWE,MAD,M2,mnc,M,False,1,2385.3565848158514,0.561029945123618,1192.6782924079257
LEGAL,RUH,M1,mnc,F,False,1,2379.055694586925,0.6776074084690473,1189.5278472934624
EDU,MAK,IC3,public,F,True,2,2378.61519918455,0.23061054545823095,1189.307599592275
OPS,RUH,M4,semigov,F,False,1,2375.093998018516,0.5398526839251345,1187.546999009258
MARKETING,TAB,IC2,private,F,False,1,2374.774188633329,2.2671410828637297,1187.3870943166644
HEALTH,TAB,IC3,pif_backed,M,True,1,2372.2346151736856,0.44923669073262185,1186.1173075868428
ENG_CIVIL,JAZ,IC4,public,F,True,1,2370.7015316654215,0.20501555184298662,1185.3507658327107
ENG_CIVIL,RUH,D1,private,M,False,1,2370.549323128773,0.22425353909462892,1185.2746615643864
HR,RUH,M4,public,F,False,1,2370.54470594181,0.6837191256774926,1185.272352970905
SALES,RUH,M1,private,M,True,1,2367.878787191021,0.12507636783603115,1183.9393935955104
DESIGN,RUH,IC4,pif_backed,F,False,1,2361.740907814781,0.36413731049640485,1180.8704539073906
MARKETING,EST,IC5,public,M,True,1,2354.8945445019745,0.11866880291809717,1177.4472722509872
EDU,JED,IC6,public,F,True,2,2354.186617276374,0.12270373958956599,1177.093308638187
EDU,MAK,IC5,pif_backed,M,True,1,2353.95201917554,0.20458276221967037,1176.97600958777
SALES,EST,IC6,pif_backed,M,False,1,2352.8763968929625,0.34805951981923605,1176.4381984464812
MARKETING,HAI,IC4,public,F,True,1,2347.297729245667,0.2220554646718559,1173.6488646228336
HR,RUH,IC4,mnc,F,False,1,2344.878229472663,0.997071449905528,1172.4391147363315
SWE,RUH,IC4,mnc,F,False,1,2339.612760875269,0.7251236524624312,1169.8063804376345
PM,ASR,IC3,public,F,True,1,2335.883161429746,0.4788391217163058,1167.941580714873
EDU,EST,M3,semigov,F,True,1,2330.970319507942,0.12174765590482534,1165.485159753971
SALES,ASR,IC4,private,M,True,1,2325.3352894044783,0.17329933926661528,1162.6676447022392
HEALTH,TAB,M1,private,M,False,1,2323.698218831167,0.4521609495289906,1161.8491094155836
OPS,EST,IC3,public,M,True,1,2319.486846676892,0.4593613566379381,1159.743423338446
PM,EST,M3,private,F,False,1,2316.7471875519022,0.4690900296078257,1158.3735937759511
CUSTOMER,TAB,IC5,public,F,True,1,2313.600360907816,0.20301361306825483,1156.800180453908
DATA,RUH,IC4,public,M,False,1,2313.548595780837,0.3349502698883909,1156.7742978904184
DATA,RUH,IC4,semigov,M,True,3,2312.831623360189,0.1443004306166786,1156.4158116800945
SWE,RUH,IC4,private,M,False,3,2312.1619600046984,0.29200060096659347,1156.0809800023492
SALES,MAD,IC3,semigov,M,True,1,2302.806924441549,0.1764009031420287,1151.4034622207746
OPS,MAK,M1,public,M,False,1,2301.540956737091,0.9266712956234799,1150.7704783685456
OPS,RUH,M3,private,F,True,1,2296.515290721931,0.11537198330845902,1148.2576453609654
EDU,MAK,IC3,private,F,True,4,2294.8154529900717,0.24824508957600766,1147.4077264950358
ENG_MECH,RUH,IC4,public,M,False,3,2292.7752737432006,0.3396723301590081,1146.3876368716003
LEGAL,EST,IC3,private,M,True,1,2279.773319994021,0.17461963537286632,1139.8866599970106
PM,NJR,M4,public,M,True,1,2278.4360500627954,0.0930164419122962,1139.2180250313977
HEALTH,MAK,IC4,public,F,False,1,2270.366895944814,0.423049702508403,1135.183447972407
OPS,QAS,IC3,private,M,True,1,2270.085134688128,0.559323451775706,1135.042567344064
EDU,RUH,IC4,public,F,True,1,2266.3248895054567,0.20680988409975332,1133.1624447527283
ENG_CIVIL,MAD,IC3,private,M,True,1,2264.3882835529193,0.30327059732635686,1132.1941417764597
OPS,MAK,IC6,public,F,True,1,2264.2986952879073,0.11166044800716178,1132.1493476439537
SALES,MAD,IC4,private,M,True,1,2263.9296998365035,0.34633217900504987,1131.9648499182517
EDU,RUH,IC5,startup,M,True,1,2260.899042088051,0.20492591975209745,1130.4495210440255
SWE,EST,IC2,startup,F,False,1,2260.696190458615,0.48141668926227854,1130.3480952293075
CUSTOMER,ASR,IC3,private,M,True,1,2255.798085034253,0.39415560132632177,1127.8990425171264
SALES,RUH,IC6,public,M,False,2,2251.9319311363643,0.2572636889254565,1125.9659655681821
ENG_MECH,JED,IC5,mnc,M,False,1,2250.7591270527337,0.35067129543989245,1125.3795635263668
DESIGN,TAB,IC5,semigov,M,False,1,2250.667659305801,1.0119632785072783,1125.3338296529005
OPS,BAH,IC3,pif_backed,F,True,1,2243.9676862234282,0.18803058158677177,1121.9838431117141
SWE,JED,M2,public,M,False,2,2242.6867712905773,0.5821034390176274,1121.3433856452887
SUPPLY,MAK,IC5,private,M,True,1,2236.3011380775824,0.265441444672057,1118.1505690387912
ENG_CIVIL,JED,M3,semigov,M,False,1,2235.839494719213,1.133909424195963,1117.9197473596064
HEALTH,RUH,M3,public,M,False,1,2235.7218417111803,0.7712747901311795,1117.8609208555902
EDU,EST,IC4,private,M,True,1,2235.3045463910994,0.39088129179891373,1117.6522731955497
ENG_CIVIL,EST,M4,semigov,M,False,1,2235.2745730007973,0.2966970172417412,1117.6372865003987
HEALTH,TAB,IC3,pif_backed,F,False,1,2232.923532297567,0.5003924667530166,1116.4617661487835
ENG_CIVIL,JED,IC3,private,M,True,1,2230.1609773938935,0.21689845962008572,1115.0804886969468
EDU,JED,IC3,public,M,True,1,2225.2256167184587,0.2639150627152085,1112.6128083592293
SWE,JED,M2,semigov,M,False,1,2221.404818282497,0.4525013638705211,1110.7024091412486
SUPPLY,JED,IC4,semigov,F,True,1,2217.0133128742764,0.21567596600812783,1108.5066564371382
HEALTH,QAS,IC3,private,F,True,1,2215.340316944468,0.43792769384720487,1107.670158472234
ENG_ELEC,EST,M3,pif_backed,M,False,1,2214.9346951307634,0.2432263874322844,1107.4673475653817
OPS,NJR,IC4,private,M,True,1,2214.2118945771854,0.4841579661300437,1107.1059472885927
CUSTOMER,ASR,IC5,public,F,False,1,2213.4465721352854,1.6120908061857422,1106.7232860676427
DATA,RUH,M1,semigov,M,True,1,2210.05373129687,0.11661241102391677,1105.026865648435
EDU,NJR,IC3,public,M,True,1,2205.4098144243108,0.5327080664979462,1102.7049072121554
SWE,RUH,IC2,pif_backed,M,False,1,2202.5055836801607,0.510579338148856,1101.2527918400804
MARKETING,RUH,M3,mnc,M,True,1,2202.1293120028786,0.1071111608271362,1101.0646560014393
ENG_CIVIL,MAK,IC5,private,M,True,1,2201.645534465929,0.4528913007073775,1100.8227672329645
ENG_MECH,EST,IC4,semigov,M,True,1,2200.615142324812,0.1705176503414715,1100.307571162406
EDU,RUH,M2,private,F,True,2,2199.604836140932,0.18246264879113544,1099.802418070466
LEGAL,JED,M3,public,M,False,1,2197.675471144318,0.29391683089213777,1098.837735572159
HEALTH,BAH,IC4,pif_backed,F,False,1,2195.358356962727,0.41041424707317553,1097.6791784813636
SALES,RUH,M2,mnc,F,False,2,2192.4280456094475,0.5274469831941809,1096.2140228047238
CUSTOMER,EST,IC3,semigov,F,True,1,2192.302704601728,0.3770382254771583,1096.151352300864
ENG_ELEC,HAI,IC2,startup,M,True,1,2189.0997573490404,0.24589652802800185,1094.5498786745202
HR,RUH,IC4,private,F,True,1,2187.3720536342207,0.17347967114615234,1093.6860268171104
HEALTH,JED,M2,mnc,F,False,1,2183.7328454223752,0.5105224863594028,1091.8664227111876
SALES,MAK,IC3,semigov,M,True,1,2183.152056039802,0.2517064575625888,1091.576028019901
DESIGN,RUH,IC4,private,M,False,1,2177.7020509800263,0.6784368560964602,1088.8510254900132
SALES,HAI,IC5,semigov,M,False,1,2175.8278022042987,0.2946188399550823,1087.9139011021493
FIN,QAS,IC4,mnc,M,True,1,2175.420898512548,0.12579310092351867,1087.710449256274
DESIGN,HAI,IC2,semigov,F,True,1,2174.554244801079,0.4934619867534938,1087.2771224005396
EDU,RUH,IC5,public,M,True,2,2171.8613455455134,0.15474084585833875,1085.9306727727567
SUPPLY,JAZ,IC2,mnc,F,False,1,2168.598328666524,2.030034846746667,1084.299164333262
HEALTH,RUH,IC5,private,F,True,3,2165.3243611631056,0.10925634751803222,1082.6621805815528
CUSTOMER,EST,M2,private,F,False,1,2163.1989422191446,0.4995399375216052,1081.5994711095723
SALES,EST,D2,private,F,False,1,2159.046051867992,0.19888546858764647,1079.523025933996
LEGAL,MAK,M1,private,F,True,2,2158.646622819806,0.16177523380620196,1079.323311409903
FIN,EST,IC2,pif_backed,F,True,1,2156.4217546110594,0.1930909692128353,1078.2108773055297
SALES,RUH,IC3,mnc,F,True,1,2147.0290129799596,0.14886218390313932,1073.5145064899798
FIN,RUH,IC5,mnc,M,True,1,2144.9623829302545,0.07214319402857397,1072.4811914651273
EDU,RUH,IC4,mnc,F,True,5,2144.921397620639,0.1315690288277674,1072.4606988103194
SALES,EST,M1,startup,M,False,1,2139.650822119641,0.533817657769978,1069.8254110598205
SWE,RUH,M5,private,F,False,2,2136.9943977000994,0.1953366899677592,1068.4971988500497
CUSTOMER,JED,IC3,public,M,True,1,2134.350192273687,0.3796080089365735,1067.1750961368434
PM,RUH,M3,private,M,False,2,2129.0606934910547,0.249757843633636,1064.5303467455274
SALES,JED,IC4,private,F,False,1,2126.571619688169,0.7398412462359313,1063.2858098440845
ENG_ELEC,JED,IC3,private,F,True,1,2120.6450318347706,0.18420489342488247,1060.3225159173853
PM,RUH,IC5,semigov,M,False,1,2119.3319475127746,0.24776672683350803,1059.6659737563873
SALES,JED,IC5,public,M,True,2,2118.0876441720293,0.12095673235187798,1059.0438220860146
SALES,RUH,IC6,public,M,True,1,2117.5184416319935,0.1292304167712057,1058.7592208159967
HEALTH,RUH,IC5,private,F,False,3,2115.4923465982397,0.28947547632366966,1057.7461732991198
FIN,RUH,IC4,mnc,M,True,2,2109.364499871511,0.3072067824552597,1054.6822499357554
SALES,RUH,IC4,private,M,False,3,2107.011481226257,0.487798229285831,1053.5057406131284
OPS,QAS,IC3,pif_backed,F,True,1,2106.3743094524907,0.14668938798926565,1053.1871547262454
SWE,TAB,IC1,public,F,False,1,2103.169052248859,1.92630877236131,1051.5845261244294
SWE,EST,IC4,public,F,True,2,2101.856926668499,0.15920354678236984,1050.9284633342495
MARKETING,RUH,M3,startup,M,False,1,2100.868933378353,0.6798492356657416,1050.4344666891766
SALES,EST,M3,pif_backed,M,False,1,2099.381346572314,0.1730878189473527,1049.690673286157
HEALTH,EST,M4,private,M,False,1,2096.8217500584897,0.5020007420283207,1048.4108750292448
ENG_CIVIL,JED,D1,public,M,False,1,2096.5893171839098,0.4439955789695632,1048.2946585919549
SALES,NJR,IC5,startup,M,True,1,2096.3884493089918,0.15590424084213841,1048.1942246544959
EDU,MAK,IC5,private,M,True,1,2096.107004584658,0.2579036730855455,1048.053502292329
SALES,JED,M3,private,F,False,1,2095.947899189784,0.31406706684907393,1047.973949594892
HR,JED,M1,public,F,True,2,2093.459995366965,0.2236774102952916,1046.7299976834825
ENG_ELEC,ASR,D1,private,M,False,1,2092.364241817717,0.48118878167478435,1046.1821209088585
EDU,MAK,IC1,private,M,False,1,2091.177115592993,1.9539739084536913,1045.5885577964964
ENG_CIVIL,RUH,M2,private,M,True,1,2091.0735879360345,0.1982803580821239,1045.5367939680173
FIN,RUH,D1,pif_backed,F,True,1,2090.529903630195,0.047086679563750976,1045.2649518150974
SUPPLY,EST,IC6,private,F,False,1,2084.356066607724,0.6252841237651189,1042.178033303862
HEALTH,RUH,IC5,public,F,False,2,2083.8485887702955,0.28482733261186916,1041.9242943851477
EDU,JED,IC4,public,F,True,1,2078.945208254502,0.3628256004980232,1039.472604127251
ENG_MECH,RUH,IC5,private,F,True,1,2078.861298738917,0.16148640682113016,1039.4306493694585
LEGAL,JED,IC3,public,M,True,2,2078.672137293373,0.2836887587820748,1039.3360686466865
SWE,RUH,IC4,public,F,False,2,2076.3440664678965,0.29380677395233207,1038.1720332339482
SWE,JAZ,IC3,private,M,False,1,2075.9866722751226,0.6740444710751422,1037.9933361375613
OPS,MAD,M1,public,M,False,1,2073.493277816968,0.9977783217234872,1036.746638908484
DATA,TAB,IC3,private,M,False,1,2072.365541181669,1.1679710356026571,1036.1827705908345
SALES,MAK,M2,public,F,False,1,2066.992111266828,0.9945778935899692,1033.496055633414
FIN,RUH,IC5,public,M,False,1,2064.6882735578693,0.21605419557660116,1032.3441367789346
FIN,RUH,IC5,semigov,M,False,1,2061.107159106943,0.287529934368845,1030.5535795534715
SWE,EST,IC3,mnc,M,True,1,2060.2751190678155,0.19715805931306643,1030.1375595339077
SWE,JED,IC5,pif_backed,M,True,1,2059.7401931370478,0.08683373076391597,1029.8700965685239
HR,EST,IC3,public,F,True,1,2053.153582666744,0.22901428432907478,1026.576791333372
DATA,MAK,IC3,public,F,True,1,2052.4116226342812,0.13187246213056703,1026.2058113171406
PM,RUH,IC2,pif_backed,F,False,1,2051.378538254244,0.47963821900519527,1025.689269127122
CUSTOMER,NJR,IC5,private,F,False,1,2050.4105338101463,0.5809955420727495,1025.2052669050731
PM,EST,IC2,private,M,True,2,2050.1652674323177,0.17622940315655805,1025.0826337161589
DATA,NJR,M3,public,M,False,1,2049.982049246296,0.2250118444673737,1024.991024623148
HEALTH,RUH,M2,semigov,F,False,1,2048.6710376423616,0.7861788840711943,1024.3355188211808
SALES,JED,M4,semigov,M,True,1,2046.991185118488,0.0957392826243761,1023.495592559244
EDU,NOR,M3,public,M,True,1,2043.68106679419,0.1270386362899569,1021.840533397095
SUPPLY,JED,M3,private,M,False,2,2038.0230301325462,0.5536308646772433,1019.0115150662731
HR,TAB,IC3,mnc,M,False,1,2034.2731338992355,1.3464754676462283,1017.1365669496178
PM,JED,IC3,private,F,False,1,2030.4818499075654,0.33572491834055335,1015.2409249537827
HEALTH,RUH,IC3,public,M,True,3,2030.4675721044396,0.2517055478208373,1015.2337860522198
SALES,QAS,M2,public,M,True,1,2027.4115353504785,0.11661529246047646,1013.7057676752393
SUPPLY,MAK,M1,public,M,False,1,2024.692942295144,1.1450772360127592,1012.346471147572
HEALTH,RUH,M2,mnc,F,True,1,2014.0488752826059,0.10007741025502757,1007.0244376413029
SALES,MAD,IC4,public,M,True,2,2013.7044859356151,0.37936858345518004,1006.8522429678076
SALES,RUH,M3,private,F,False,2,2013.2285288260223,0.4329081010402618,1006.6142644130111
SUPPLY,RUH,IC4,public,M,True,1,2011.4794242918297,0.3509173687692017,1005.7397121459148
DESIGN,EST,IC4,mnc,F,False,1,2001.4501413492026,0.41674536223215075,1000.7250706746013
ENG_ELEC,RUH,M1,private,M,False,1,1999.9979871984287,0.9734345239365908,999.9989935992144
ENG_ELEC,RUH,IC3,semigov,M,False,1,1994.036159696105,1.2747580949056583,997.0180798480525
MARKETING,JED,D1,private,F,True,1,1990.6556251758484,0.11310459686140917,995.3278125879242
SWE,MAK,M1,private,M,False,1,1989.1984351856554,0.6298615668365101,994.5992175928277
HR,TAB,IC4,public,F,True,1,1983.162150728289,0.3868438183401361,991.5810753641445
FIN,RUH,IC4,semigov,M,True,1,1981.9892798976289,0.1279188287327782,990.9946399488144
OPS,EST,IC4,public,M,True,1,1981.5550905872933,0.12531186530673785,990.7775452936467
HEALTH,JED,M2,private,F,True,1,1979.5014023710446,0.12600178855524397,989.7507011855223
DESIGN,JAZ,IC4,pif_backed,M,False,1,1978.2545970943393,0.4000866895973145,989.1272985471696
MARKETING,QAS,IC2,private,F,False,1,1977.010624321328,1.1053605036065295,988.505312160664
SUPPLY,QAS,IC3,public,F,False,1,1975.8363858749506,1.1345276981614976,987.9181929374753
OPS,RUH,IC2,semigov,M,True,1,1974.4521273403461,0.31920443951365024,987.2260636701731
SWE,TAB,M1,public,F,True,1,1972.5777262103074,0.1380994229726838,986.2888631051537
HEALTH,RUH,M3,private,M,False,1,1969.2789789482295,0.22358085352370163,984.6394894741147
FIN,ASR,IC4,private,M,True,1,1963.8514767347206,0.23009656155024283,981.9257383673603
SALES,EST,IC2,private,F,True,1,1963.2049663769249,0.16906327285556375,981.6024831884624
SUPPLY,EST,IC6,public,M,False,1,1960.0034988213406,0.9177976960440335,980.0017494106703
SALES,EST,M3,public,F,False,1,1958.0865369261537,0.2812908819202393,979.0432684630769
HEALTH,MAK,D1,public,F,True,1,1951.0645018630603,0.06990528289267475,975.5322509315301
EDU,RUH,IC3,semigov,F,True,3,1950.4267682244517,0.1651362664298168,975.2133841122259
EDU,MAK,IC4,private,F,True,2,1948.07130505125,0.30519361655068983,974.035652525625
SWE,MAK,IC4,mnc,F,False,1,1945.863342378479,0.6017725643444852,972.9316711892395
SALES,JAZ,M1,public,M,False,1,1944.0065915703663,1.4833490045978674,972.0032957851831
CUSTOMER,MAK,M2,private,F,False,1,1941.1654627140845,0.5446354738347213,970.5827313570422
HEALTH,EST,IC4,private,F,False,2,1940.5152654434912,0.3930809763195484,970.2576327217456
HR,RUH,IC5,public,F,False,1,1937.5082701974457,0.3470521576569039,968.7541350987228
ENG_MECH,EST,IC4,startup,M,True,1,1936.7334065151244,0.14469589312974762,968.3667032575622
OPS,RUH,M2,private,M,True,1,1934.9066571582043,0.2256167454589666,967.4533285791022
EDU,JED,IC2,pif_backed,F,True,1,1931.7151805442672,0.23370845295993384,965.8575902721336
OPS,JAZ,IC4,mnc,M,True,1,1930.8983061028775,0.3180371469546482,965.4491530514388
OPS,TAB,M2,semigov,M,False,1,1925.079172078409,0.6390411532426297,962.5395860392046
HEALTH,EST,M3,private,F,False,1,1922.7992854996019,0.407543287597152,961.3996427498009
DESIGN,RUH,M3,private,M,False,1,1920.1464957269627,1.0467237155064641,960.0732478634814
HEALTH,HAI,IC5,public,F,False,1,1920.0276202146465,0.3692218320240196,960.0138101073233
SUPPLY,RUH,M4,private,M,False,1,1918.6473339134218,0.25666488417154226,959.3236669567109
ENG_MECH,EST,M1,semigov,M,True,1,1915.921787344916,0.15197027644104263,957.960893672458
HR,RUH,IC4,mnc,M,True,1,1914.2667011710346,0.1728098226388323,957.1333505855173
CUSTOMER,QAS,IC4,private,F,True,1,1912.0520349122908,0.22315141900363528,956.0260174561454
SWE,EST,IC4,private,F,False,1,1906.0656313041463,0.734517090348084,953.0328156520732
HR,MAK,IC5,public,F,True,1,1899.2130384774646,0.15129283287525616,949.6065192387323
SWE,JED,M1,private,M,True,1,1898.0852968301006,0.09380236903639515,949.0426484150503
HEALTH,RUH,M1,private,M,False,1,1893.2713552023738,0.9753444486809253,946.6356776011869
ENG_MECH,JED,M2,public,M,True,1,1891.2678487714584,0.14906600665319472,945.6339243857292
SALES,JAZ,IC5,startup,F,False,1,1889.116000444219,0.6404052624038723,944.5580002221095
EDU,RUH,M2,pif_backed,M,True,1,1885.797129779674,0.14393707742653958,942.898564889837
DESIGN,RUH,IC2,public,F,True,1,1885.4319924175961,0.21119583721138593,942.7159962087981
EDU,QAS,IC4,semigov,M,True,1,1884.21335963837,0.20155962258817264,942.106679819185
DATA,EST,IC5,public,F,True,1,1883.4117633157075,0.06998391598396958,941.7058816578538
ENG_CIVIL,JED,M2,public,M,True,1,1882.3679105665087,0.18430659561547608,941.1839552832544
SALES,ASR,IC6,private,F,False,1,1881.9341674080677,1.2782728099754874,940.9670837040338
FIN,EST,M2,startup,F,False,1,1881.8792366863736,0.3725304420786692,940.9396183431868
ENG_CIVIL,RUH,IC6,semigov,M,False,2,1878.9459355297793,0.22965225663356725,939.4729677648896
HR,EST,IC5,public,F,False,1,1877.1732608864877,0.3067633760219103,938.5866304432438
SUPPLY,QAS,M2,semigov,M,False,1,1875.296232709105,0.4512318939565937,937.6481163545525
SWE,RUH,IC6,private,M,False,1,1872.5694358288547,0.2086906532930731,936.2847179144273
CUSTOMER,EST,IC3,public,M,True,1,1868.1649312588997,0.2048115483758937,934.0824656294499
SALES,JAZ,IC4,semigov,M,False,1,1867.3542745045572,0.9507313313626045,933.6771372522786
LEGAL,QAS,M3,semigov,M,False,1,1864.9619666704266,0.23959216965674646,932.4809833352133
SWE,EST,IC2,private,M,True,2,1863.3844776487358,0.1697845364625968,931.6922388243679
OPS,MAK,M1,private,M,False,2,1859.4015093071512,1.0079472868079553,929.7007546535756
FIN,QAS,IC4,private,F,True,1,1857.2312137915414,0.2299383067666995,928.6156068957707
PM,BAH,IC4,semigov,M,True,1,1856.8334678950196,0.18284432473396817,928.4167339475098
SALES,RUH,IC5,public,F,True,1,1853.4695229078798,0.23936699018128768,926.7347614539399
SWE,RUH,M1,semigov,M,False,1,1852.9254289405953,0.43770967615010353,926.4627144702977
FIN,NJR,IC2,startup,F,True,1,1851.852212075043,0.2003787681812501,925.9261060375215
ENG_MECH,JED,M3,public,M,False,1,1851.5872002345855,0.4563385999002227,925.7936001172927
SALES,RUH,IC3,semigov,M,True,1,1851.0539142610342,0.3086879578693049,925.5269571305171
DESIGN,QAS,IC3,private,M,False,1,1849.6438151807906,0.7620980617713777,924.8219075903953
SWE,RUH,IC2,private,F,True,1,1847.1124209423579,0.17405962924394452,923.5562104711789
HEALTH,RUH,IC5,startup,F,False,1,1846.146296876087,0.720275739927444,923.0731484380435
MARKETING,RUH,IC4,private,F,True,2,1841.323088646187,0.24179544473526177,920.6615443230935
SUPPLY,ASR,IC2,private,M,True,1,1840.945561979719,0.2534187522102117,920.4727809898595
FIN,JED,IC4,public,M,True,1,1840.831081597149,0.18764796705099607,920.4155407985745
OPS,RUH,IC1,public,F,True,1,1840.1497498297376,0.42808946802818615,920.0748749148688
HEALTH,EST,IC4,semigov,F,True,1,1839.4246924812942,0.13726196524191217,919.7123462406471
EDU,ASR,IC4,public,M,False,1,1838.3242134926352,0.9962280227277269,919.1621067463176
SWE,MAD,IC3,private,M,False,2,1833.7955779831514,0.7467007422461442,916.8977889915757
ENG_MECH,JED,IC6,private,M,False,1,1832.256707623771,0.559292950679382,916.1283538118855
EDU,QAS,IC4,private,M,True,1,1829.5205693363241,0.19045184878213892,914.7602846681621
HR,QAS,IC2,private,M,False,1,1828.8475113893205,1.1069962632959147,914.4237556946603
SALES,EST,IC5,private,F,False,2,1825.3620706985967,0.21983802883325393,912.6810353492983
ENG_ELEC,ASR,IC4,semigov,M,True,1,1824.9175151966465,0.15938024431231076,912.4587575983232
EDU,JAZ,IC4,private,F,True,1,1821.9550829158989,0.3769550865915178,910.9775414579494
SALES,TAB,M2,public,M,False,1,1821.2679723045399,0.8298695514969265,910.6339861522699
DATA,RUH,IC3,public,M,True,1,1821.1552066916174,0.1849159571401038,910.5776033458087
FIN,MAD,D1,public,M,True,1,1820.7659415625785,0.1106038334827987,910.3829707812893
ENG_MECH,RUH,IC3,pif_backed,M,False,2,1820.0425220509037,0.44152802351562037,910.0212610254518
OPS,TAB,D1,startup,M,False,1,1818.6306502348411,0.45847568122725163,909.3153251174206
SUPPLY,RUH,IC3,semigov,M,True,1,1817.9721948718998,0.11420107017465718,908.9860974359499
ENG_MECH,NJR,IC3,private,F,False,1,1816.674714723325,1.067098516595122,908.3373573616625
DATA,EST,M1,semigov,F,True,1,1815.175146316542,0.08966509867912635,907.587573158271
SUPPLY,ASR,M1,private,M,True,1,1814.465533268566,0.28155356301234497,907.232766634283
SALES,JED,IC5,public,M,False,1,1812.6725547278393,0.725547537482268,906.3362773639196
HEALTH,EST,M2,semigov,M,False,1,1811.4830047294572,0.29407595227235234,905.7415023647286
EDU,EST,M1,public,M,True,1,1806.5070880122785,0.17352302451922993,903.2535440061392
DATA,RUH,IC2,private,M,False,1,1803.4315777793595,0.38219905192193326,901.7157888896797
SUPPLY,RUH,IC5,private,M,False,2,1800.6097600292678,0.49223976228643107,900.3048800146339
HR,RUH,IC6,private,F,False,1,1798.4095061806677,0.9259738447970791,899.2047530903338
HEALTH,JED,IC5,private,M,False,1,1796.470035951095,0.8935468674517322,898.2350179755475
ENG_ELEC,BAH,IC4,semigov,M,True,1,1790.1531202074102,0.3132244975208328,895.0765601037051
LEGAL,RUH,IC6,public,M,True,1,1789.3090616674199,0.10258310951222953,894.6545308337099
SUPPLY,EST,IC4,semigov,M,True,1,1789.0206744381649,0.0964722792823045,894.5103372190824
PM,MAD,M1,public,F,False,1,1787.3582711705162,1.114309657076626,893.6791355852581
MARKETING,RUH,IC3,semigov,M,True,1,1787.1677103670427,0.15506168192579656,893.5838551835213
CUSTOMER,MAD,M2,semigov,M,False,1,1778.712873738426,0.4581585559338525,889.356436869213
SALES,RUH,IC5,pif_backed,F,False,1,1775.4220627068835,0.22784679923030365,887.7110313534417
PM,MAD,IC4,mnc,M,False,1,1774.4881608795154,0.9543010871978789,887.2440804397577
HEALTH,QAS,IC5,semigov,M,False,1,1772.094230264598,0.5159076944533899,886.047115132299
ENG_ELEC,MAD,IC4,pif_backed,M,True,1,1770.8855545215156,0.14077345084481518,885.4427772607578
HEALTH,EST,IC5,semigov,M,True,1,1768.2338583300043,0.08585085447536994,884.1169291650021
OPS,TAB,IC2,private,F,True,1,1766.06403398765,0.2549980423221768,883.032016993825
SALES,EST,IC1,private,F,True,1,1764.7081129409116,0.31853647279759173,882.3540564704558
DESIGN,RUH,IC3,private,F,True,1,1764.6947301813434,0.16123425511887476,882.3473650906717
FIN,RUH,IC3,private,M,True,2,1761.112407119348,0.1221555467112388,880.556203559674
SWE,RUH,IC5,private,F,False,1,1759.2568573408807,0.2450375333005024,879.6284286704404
SALES,RUH,M1,public,M,False,1,1757.5303792550726,0.5069446881666771,878.7651896275363
HEALTH,RUH,M2,private,F,False,1,1754.8991199653283,0.2532655842393876,877.4495599826641
CUSTOMER,RUH,IC5,public,F,True,1,1754.4456431001581,0.09791047434295641,877.2228215500791
OPS,RUH,IC6,public,M,False,1,1753.95254065067,0.6451372486305486,876.976270325335
HEALTH,MAK,IC1,public,F,True,1,1753.6188440092092,0.3963765083469434,876.8094220046046
DATA,EST,M2,semigov,M,False,1,1751.465346662524,0.2613891691398719,875.732673331262
FIN,JED,M3,private,F,False,1,1750.9696963773486,0.22024921847594456,875.4848481886743
LEGAL,EST,IC4,public,M,True,1,1749.1001205106786,0.1509039950637389,874.5500602553393
ENG_ELEC,RUH,IC6,private,M,True,1,1748.6553266038882,0.12961028066881006,874.3276633019441
ENG_ELEC,TAB,M2,private,M,True,1,1748.2012145850094,0.12288885579168303,874.1006072925047
HR,RUH,D2,private,M,False,1,1744.0541398109763,0.18852515901801736,872.0270699054881
HEALTH,MAD,IC2,pif_backed,M,True,1,1741.75483039936,0.4273045866466821,870.87741519968
EDU,RUH,IC3,mnc,F,True,2,1741.5362653733087,0.21402310859999843,870.7681326866543
EDU,EST,M3,private,F,False,2,1734.3458686631416,0.3046728515762952,867.1729343315708
EDU,QAS,IC2,public,F,True,1,1734.169816116293,0.3837339142078201,867.0849080581465
OPS,RUH,M1,semigov,M,False,1,1733.4366262343142,0.7752806484210836,866.7183131171571
HEALTH,RUH,IC2,public,F,True,2,1731.6913267861241,0.1621436234910671,865.8456633930621
PM,MAK,IC4,private,M,True,1,1723.5479469987713,0.10348248507793928,861.7739734993856
FIN,RUH,M2,private,M,True,1,1720.1745584424425,0.08433370400024942,860.0872792212213
HEALTH,JED,IC3,pif_backed,F,False,1,1718.6736365642173,0.4155286034125854,859.3368182821087
OPS,ASR,M2,semigov,M,True,1,1715.640454385697,0.1904161633384851,857.8202271928485
FIN,JED,M3,semigov,M,False,1,1714.262535826174,0.16128656976637804,857.131267913087
PM,RUH,M1,pif_backed,M,True,1,1711.3127110589994,0.08746684242504643,855.6563555294997
HR,JED,IC6,public,M,True,1,1705.69919300756,0.0853500388093134,852.84959650378
HEALTH,TAB,IC3,mnc,M,True,1,1705.6315997604224,0.2735605337707543,852.8157998802112
SUPPLY,RUH,IC3,public,M,True,1,1703.65754473366,0.26834641908412776,851.82877236683
ENG_CIVIL,ASR,IC4,private,M,False,1,1700.7683732369644,0.47127062960758453,850.3841866184822
PM,RUH,M2,public,M,False,1,1699.6286350254177,0.39094499617603634,849.8143175127088
HR,RUH,IC3,startup,F,False,1,1697.0808638711205,0.4043388954402403,848.5404319355603
SWE,MAK,IC4,private,M,False,2,1695.606880163089,0.3450449934331058,847.8034400815445
DATA,ASR,IC4,public,M,False,1,1694.4117606637478,0.31144709350569383,847.2058803318739
SUPPLY,RUH,D2,semigov,M,False,1,1687.9242510625636,0.29444627484928043,843.9621255312818
LEGAL,JED,IC4,private,M,False,1,1687.0154629061476,0.6019867138708647,843.5077314530738
DESIGN,RUH,IC5,private,F,True,1,1686.7631403124296,0.2178287426387621,843.3815701562148
ENG_ELEC,JED,IC3,private,M,True,3,1685.108911463379,0.19261728483677668,842.5544557316895
ENG_ELEC,RUH,M1,private,F,True,1,1683.3472648825264,0.1248459008456931,841.6736324412632
ENG_CIVIL,MAK,IC3,private,M,True,1,1680.7317963152545,0.3769600420872224,840.3658981576273
MARKETING,RUH,M3,semigov,F,False,1,1678.189302822189,0.2924814332436666,839.0946514110944
FIN,JAZ,IC6,private,M,False,1,1678.0608705818418,0.6001305313550075,839.0304352909209
SWE,EST,M1,private,M,False,1,1675.4003774219573,0.27635961634850587,837.7001887109786
EDU,QAS,IC4,semigov,F,True,1,1674.9122764606582,0.2894744501796708,837.4561382303291
ENG_CIVIL,RUH,IC6,public,M,False,1,1673.2220726107707,0.6459477283556282,836.6110363053854
OPS,RUH,M1,public,M,False,1,1672.1317030158916,0.5497803051957544,836.0658515079458
SALES,RUH,IC2,private,M,True,1,1670.120398646828,0.1780583431798272,835.060199323414
EDU,MAK,M1,public,M,True,1,1669.9941260010055,0.1560305944366255,834.9970630005027
ENG_CIVIL,JAZ,D1,private,M,False,1,1667.9478829844475,0.43109308954526315,833.9739414922237
PM,JED,M2,pif_backed,F,False,1,1665.8263695182513,0.3212546968181536,832.9131847591257
EDU,NJR,IC4,semigov,F,True,1,1663.3713888890925,0.19841410844947352,831.6856944445462
ENG_CIVIL,JED,M1,pif_backed,M,False,1,1662.7871487782422,0.18729016697419945,831.3935743891211
HR,RUH,IC2,public,F,True,1,1661.5738664004712,0.3531252593967612,830.7869332002356
HEALTH,EST,IC4,pif_backed,F,False,1,1661.5008522343069,0.6585052823006721,830.7504261171534
ENG_ELEC,JED,M1,semigov,M,False,1,1660.2245392082473,0.3062164827780596,830.1122696041236
ENG_CIVIL,RUH,IC2,private,M,True,2,1655.9600817506594,0.32330596250106847,827.9800408753297
PM,RUH,M3,semigov,M,False,1,1655.7536077025234,0.16487139230649037,827.8768038512617
ENG_CIVIL,RUH,IC3,public,M,True,4,1654.7846822436247,0.25461210921069094,827.3923411218124
DATA,JED,IC4,mnc,M,False,1,1654.6278188700403,0.2939360422818182,827.3139094350202
OPS,RUH,IC5,private,F,False,2,1654.0647803833806,0.40897936377364996,827.0323901916903
EDU,RUH,IC4,private,F,True,5,1652.9611235246507,0.14873395380997995,826.4805617623254
SUPPLY,MAD,IC5,public,M,True,1,1652.419995641324,0.3295019851962881,826.209997820662
DESIGN,MAK,M1,startup,M,True,1,1650.3463030195835,0.17896786967950148,825.1731515097918
ENG_MECH,JAZ,IC3,public,M,True,1,1645.9007595005714,0.22840593454444855,822.9503797502857
CUSTOMER,RUH,IC3,pif_backed,F,False,1,1644.3988791514598,0.32635721404204976,822.1994395757299
ENG_MECH,RUH,M1,public,M,False,3,1644.1616703084449,0.44448579114419545,822.0808351542224
EDU,HAI,M3,private,F,True,1,1643.9885032997918,0.16416684972635173,821.9942516498959
SALES,EST,M3,semigov,M,False,2,1643.900590988263,0.2668283806453189,821.9502954941315
SWE,RUH,IC4,public,M,False,7,1642.5520631970428,0.47121713920212543,821.2760315985214
HEALTH,EST,IC3,mnc,F,False,1,1641.8469043411478,0.39717652515243823,820.9234521705739
ENG_ELEC,RUH,IC3,mnc,M,True,1,1641.1418336954448,0.1781037871872569,820.5709168477224
EDU,RUH,IC2,public,F,True,1,1640.1989134399678,0.40614271565273946,820.0994567199839
DATA,RUH,IC4,public,M,True,1,1639.3977396274586,0.1050273479497188,819.6988698137293
OPS,TAB,M1,private,F,True,1,1636.0484505521836,0.16160259630169746,818.0242252760918
MARKETING,ASR,IC5,mnc,M,False,2,1630.9389263842063,0.6471754015910631,815.4694631921031
FIN,RUH,IC5,private,F,True,1,1628.2043673412736,0.07353742987375064,814.1021836706368
DATA,MAK,IC3,private,F,False,1,1627.1584697004646,0.3569576896794974,813.5792348502323
SALES,EST,IC4,private,M,False,3,1626.2146071889672,0.7704083663189576,813.1073035944836
MARKETING,ASR,IC2,private,F,True,1,1624.8151294678855,0.3721147020100131,812.4075647339428
HR,RUH,M2,semigov,F,False,1,1621.7817162080441,0.605109883668634,810.8908581040221
HEALTH,ASR,IC3,private,M,False,1,1617.8940931455086,0.42926421825371874,808.9470465727543
SUPPLY,HAI,IC4,private,F,True,1,1617.8562632524026,0.18512763273166194,808.9281316262013
SALES,RUH,M4,mnc,M,True,1,1616.0750690259229,0.0614072455027908,808.0375345129614
SALES,RUH,M1,semigov,M,False,3,1614.6386831050659,0.5552414730053779,807.3193415525329
EDU,JED,IC4,private,F,True,2,1613.4681737965166,0.3620247711061265,806.7340868982583
CUSTOMER,NOR,IC4,semigov,F,True,1,1612.432728122918,0.37591771960167786,806.216364061459
SWE,EST,IC4,private,M,False,1,1612.1605552604788,0.21640260001095543,806.0802776302394
DATA,RUH,IC5,private,M,False,2,1609.8797541384752,0.21557520659680304,804.9398770692376
DATA,RUH,IC5,pif_backed,M,True,1,1609.2852906656371,0.0708081968306198,804.6426453328186
SALES,RUH,M2,private,M,False,1,1607.5264827336428,0.61359253968747,803.7632413668214
OPS,JAZ,IC3,public,F,True,1,1604.8359870954528,0.3606441417330569,802.4179935477264
FIN,MAD,M1,public,M,True,1,1604.6852709976447,0.14532893387223486,802.3426354988223
OPS,QAS,IC3,private,M,False,1,1604.6358731902474,1.3280843939113054,802.3179365951237
HEALTH,JED,IC5,semigov,F,False,1,1603.3960485519247,0.25886605199332985,801.6980242759623
ENG_MECH,JED,IC3,private,M,True,1,1603.197772136884,0.19725393714327666,801.598886068442
OPS,RUH,M1,pif_backed,M,False,1,1601.9248497865287,0.8427359276410245,800.9624248932644
SUPPLY,JED,IC5,private,M,False,1,1601.8696013349977,0.3574805314563034,800.9348006674988
PM,RUH,M2,semigov,M,False,1,1596.1285243378925,0.3554744623016017,798.0642621689462
SWE,EST,M1,public,M,False,1,1589.3856934462965,0.2070360806919034,794.6928467231483
FIN,RUH,IC3,public,M,True,3,1588.3192513318102,0.15547444103360963,794.1596256659051
DATA,QAS,IC2,semigov,M,False,1,1586.4701024752553,0.6231522001724467,793.2350512376277
PM,RUH,IC4,public,F,False,1,1586.2473660195037,0.2999403554629559,793.1236830097519
SUPPLY,RUH,IC2,mnc,M,True,1,1585.4989316393312,0.32830652642829056,792.7494658196656
HEALTH,JED,IC5,startup,F,False,1,1584.7836223480735,0.519964858083902,792.3918111740368
PM,QAS,IC6,private,M,False,1,1584.5673806957238,0.3632495299227463,792.2836903478619
CUSTOMER,RUH,M4,mnc,F,True,1,1583.0625217930537,0.06051651759821373,791.5312608965269
DESIGN,JAZ,IC3,pif_backed,M,False,1,1581.7622902976468,0.7298822275853688,790.8811451488234
EDU,MAD,IC4,startup,F,True,1,1581.5653608537668,0.15872474620889543,790.7826804268834
HR,MAK,IC6,private,F,False,1,1578.3039670259052,0.9002754325237812,789.1519835129526
ENG_ELEC,MAK,M1,mnc,M,True,1,1576.8816916607957,0.12540053162525164,788.4408458303978
HEALTH,EST,IC4,mnc,F,True,1,1576.8625909046714,0.12079609038118551,788.4312954523357
SWE,HAI,M4,private,M,False,1,1574.8857615787801,0.22773936282416912,787.4428807893901
OPS,EST,M1,pif_backed,M,True,1,1573.6341533455707,0.10440446408462654,786.8170766727853
FIN,NJR,IC5,semigov,M,False,1,1573.4835401572777,0.4351582260913349,786.7417700786389
SWE,EST,IC1,mnc,M,True,1,1572.907613155705,0.17899864113687106,786.4538065778524
SALES,TAB,IC5,public,M,False,2,1568.2600458486259,0.889604693497548,784.1300229243129
ENG_CIVIL,JAZ,IC2,private,M,False,1,1567.8804962977258,1.5079325389204294,783.9402481488629
SALES,RUH,M3,semigov,M,True,1,1565.7477408444247,0.04525875137582949,782.8738704222123
DATA,RUH,M2,private,M,False,2,1561.262781951771,0.15853710737272927,780.6313909758856
OPS,TAB,IC4,semigov,F,False,1,1559.5437611023694,0.6815635656188566,779.7718805511847
OPS,MAD,IC4,private,M,False,1,1550.5183519697307,0.39845928888484083,775.2591759848654
HR,MAD,IC4,public,F,True,1,1548.6828399656642,0.1552402283665017,774.3414199828321
SWE,JED,IC4,public,M,False,2,1545.6046783717334,0.5657176278629774,772.8023391858667
ENG_ELEC,RUH,IC2,public,M,True,1,1541.3724632707654,0.18655285227575438,770.6862316353827
HEALTH,EST,IC5,private,F,False,1,1535.0326162693973,0.24567948784314791,767.5163081346986
HEALTH,ASR,M2,private,M,False,1,1530.7967107154827,0.7348050392834073,765.3983553577414
CUSTOMER,RUH,IC3,startup,F,False,1,1530.6713033990593,0.9331691234625515,765.3356516995296
CUSTOMER,EST,M4,public,F,True,1,1528.9963746377707,0.10618774586189937,764.4981873188854
SWE,QAS,IC3,pif_backed,M,True,1,1523.3770952804753,0.12508521773704154,761.6885476402376
PM,JED,IC4,private,M,False,1,1522.3278933583347,0.36729924485644694,761.1639466791673
SWE,RUH,IC5,private,M,False,2,1521.875791037694,0.33578116875928243,760.937895518847
PM,RUH,IC3,private,M,False,4,1521.2557531039993,0.7432580829552575,760.6278765519996
SUPPLY,EST,IC5,public,M,False,1,1520.6190074427925,1.1208747745816618,760.3095037213963
LEGAL,HAI,IC5,private,F,True,1,1520.1020887426712,0.07165876018391586,760.0510443713356
SALES,RUH,D1,public,F,False,1,1518.9917083592827,0.29965391879731185,759.4958541796414
CUSTOMER,EST,IC5,private,F,False,1,1517.6776163964614,0.39991446313226037,758.8388081982307
DATA,JAZ,IC5,public,M,True,1,1517.0968913962388,0.11089046377427567,758.5484456981194
ENG_CIVIL,MAD,IC5,semigov,M,False,1,1516.5928321688461,0.3967921094369332,758.2964160844231
PM,RUH,IC5,mnc,M,False,1,1515.3740683922879,0.3060112355716543,757.6870341961439
SALES,EST,IC3,startup,M,True,1,1514.707980845753,0.13156205398618642,757.3539904228764
HEALTH,EST,M1,semigov,M,False,1,1513.793488634673,0.6799741987690222,756.8967443173365
SWE,JED,IC3,semigov,M,False,1,1512.979099502441,1.4449745828191283,756.4895497512205
DESIGN,EST,M3,public,M,False,1,1511.642902698597,0.19568934902365545,755.8214513492985
PM,EST,IC3,mnc,M,False,1,1506.883761978932,0.29619230594361223,753.441880989466
OPS,RUH,IC4,semigov,M,True,2,1506.4962370135372,0.12448304770867676,753.2481185067686
CUSTOMER,MAD,D1,pif_backed,F,False,1,1506.4646109372034,0.2618819478065047,753.2323054686017
PM,RUH,IC3,private,F,False,1,1506.1618372605908,0.23940531574873034,753.0809186302954
SALES,RUH,IC4,public,M,False,1,1505.7163450930238,0.9375480103079142,752.8581725465119
SWE,RUH,IC3,semigov,F,True,1,1499.0636937743202,0.10243555872324388,749.5318468871601
ENG_MECH,EST,IC3,semigov,F,False,1,1496.4399150997233,0.40110498448251736,748.2199575498616
ENG_CIVIL,RUH,IC2,semigov,M,True,1,1493.9221958811086,0.32223227234106117,746.9610979405543
SALES,RUH,IC3,private,M,False,2,1493.1923297267995,1.0543257189652095,746.5961648633997
DATA,RUH,IC2,startup,M,False,1,1493.0788916576548,0.35858044618773544,746.5394458288274
OPS,EST,IC5,semigov,F,False,1,1491.9966670648582,0.6360388788472114,745.9983335324291
EDU,MAD,M2,private,F,True,2,1488.8519016438495,0.13484092261563968,744.4259508219247
ENG_MECH,JED,IC4,semigov,M,True,1,1487.6597105322744,0.12179220168627232,743.8298552661372
SALES,EST,IC4,pif_backed,M,True,1,1485.1788923051226,0.12479808915993179,742.5894461525613
SALES,RUH,IC3,mnc,M,False,1,1484.4581752979384,0.3597092611048557,742.2290876489692
SWE,ASR,IC3,semigov,M,False,1,1483.4066710988097,1.0637051926008836,741.7033355494049
HEALTH,JED,IC4,pif_backed,F,False,1,1478.1758982473498,0.2883780474716402,739.0879491236749
CUSTOMER,JED,IC3,private,F,False,1,1477.829931222587,1.1284721249576464,738.9149656112935
EDU,JED,VP,public,F,True,1,1475.5098310809299,0.05309882544518571,737.7549155404649
HEALTH,TAB,IC2,startup,M,False,1,1471.8268803772976,0.8488701255261666,735.9134401886488
FIN,EST,M1,semigov,F,True,1,1471.3195336713325,0.17569345943867512,735.6597668356662
ENG_CIVIL,JED,IC6,private,M,True,1,1469.0287120213252,0.06053659265597478,734.5143560106626
ENG_MECH,RUH,IC6,public,M,True,2,1468.8955591312706,0.060457833398085546,734.4477795656353
EDU,TAB,IC4,pif_backed,M,True,1,1460.1586892089326,0.16420444898564865,730.0793446044663
EDU,MAK,IC4,startup,F,True,1,1459.3421020752821,0.15840985513532455,729.6710510376411
CUSTOMER,NOR,M3,public,F,False,2,1458.797876408582,1.1642615784039458,729.398938204291
SALES,TAB,IC4,private,M,False,2,1458.3343066200223,0.5581027651409549,729.1671533100111
HEALTH,EST,M1,mnc,M,False,1,1456.2170463052498,0.4795129756769035,728.1085231526249
DATA,RUH,IC2,mnc,F,True,1,1455.6557855120136,0.11612168656507328,727.8278927560068
MARKETING,RUH,IC4,public,F,False,2,1454.9624587332457,0.8857336626213309,727.4812293666229
ENG_MECH,TAB,IC5,public,M,False,2,1454.1347302167428,0.6039129224623742,727.0673651083714
SALES,EST,M3,private,F,False,1,1451.596927281305,0.2755019973875588,725.7984636406525
FIN,RUH,M1,private,M,False,1,1449.4839186764857,0.5052078923719715,724.7419593382429
DESIGN,NJR,M2,pif_backed,M,True,1,1449.0081398691455,0.1622744856891867,724.5040699345727
EDU,RUH,IC3,private,F,True,4,1448.2857418225894,0.17706398047590569,724.1428709112947
SALES,NJR,M2,semigov,M,False,1,1447.74239721802,0.6042919842565923,723.87119860901
SALES,QAS,IC5,semigov,M,False,1,1446.5695887887316,0.901015516315714,723.2847943943658
EDU,RUH,IC5,semigov,F,True,1,1444.0681509278857,0.10272055982949166,722.0340754639428
EDU,JAZ,IC3,private,M,True,1,1443.5790768458874,0.3285884576033868,721.7895384229437
ENG_MECH,EST,IC4,private,F,False,1,1442.6449018168314,0.256387456903968,721.3224509084157
DATA,NJR,M2,mnc,M,True,1,1442.3619025869957,0.06385194823002939,721.1809512934979
FIN,EST,IC5,public,F,True,1,1435.7855682768259,0.11347072059993048,717.8927841384129
HEALTH,RUH,IC3,mnc,M,False,2,1435.7036051419302,0.37459239866260113,717.8518025709651
EDU,RUH,M2,public,F,True,1,1435.2030686831604,0.12820762872724434,717.6015343415802
SALES,RUH,IC1,startup,F,True,1,1434.995466820582,0.31504518084649547,717.497733410291
FIN,RUH,IC4,pif_backed,F,True,1,1432.269374490983,0.17422470705306375,716.1346872454915
ENG_CIVIL,JED,IC4,startup,F,False,1,1431.04132433836,0.34738272211700255,715.52066216918
SUPPLY,JED,IC4,public,M,True,1,1430.2446480159106,0.13056461449888637,715.1223240079553
CUSTOMER,EST,IC5,pif_backed,F,True,1,1427.3240545084736,0.13657923685528958,713.6620272542368
FIN,MAD,M2,private,M,False,1,1426.2001667010782,0.7955334853013303,713.1000833505391
HEALTH,MAD,IC5,public,F,False,1,1425.9107614561945,0.273722669690262,712.9553807280972
CUSTOMER,EST,IC6,mnc,F,False,1,1422.7934574413466,0.7217694288308609,711.3967287206733
SWE,RUH,IC1,private,M,True,1,1421.9605547488018,0.2588319794810193,710.9802773744009
MARKETING,EST,IC5,private,M,False,1,1421.1055533976269,0.506431759672165,710.5527766988134
SALES,RUH,M3,startup,M,True,1,1420.1542848533009,0.08050343907837744,710.0771424266504
HEALTH,ASR,IC3,private,M,True,1,1417.854168698219,0.143799608207914,708.9270843491095
SALES,RUH,IC5,private,M,False,4,1416.8744170152686,0.35059698699163766,708.4372085076343
EDU,QAS,IC3,private,F,True,1,1413.3022586308243,0.33136483103211506,706.6511293154122
CUSTOMER,NJR,IC4,private,M,True,1,1409.5407226341522,0.28966538503201156,704.7703613170761
FIN,JED,M2,private,F,True,1,1407.7539567517488,0.05000880338274429,703.8769783758744
MARKETING,MAD,IC1,private,F,False,1,1407.4705870585533,0.9550536425091614,703.7352935292766
DATA,RUH,IC3,private,M,False,1,1406.0379078426877,0.7521374314160981,703.0189539213438
DESIGN,EST,IC5,startup,M,False,1,1404.3261638947529,0.7714279845481083,702.1630819473764
PM,RUH,IC3,semigov,M,True,1,1398.9087970584042,0.10963795449418891,699.4543985292021
MARKETING,RUH,IC3,private,M,True,1,1397.06906780172,0.17261737552491915,698.53453390086
CUSTOMER,BAH,M2,private,F,False,1,1395.4587071581186,0.4392307616006197,697.7293535790593
ENG_ELEC,ASR,IC3,private,M,True,1,1395.3403456061396,0.21479709851810747,697.6701728030698
CUSTOMER,RUH,M4,startup,F,False,1,1394.8486557887181,0.21937941577886153,697.4243278943591
SWE,JED,IC4,private,M,False,1,1394.154860539301,0.2956175229976235,697.0774302696504
DESIGN,EST,IC3,private,M,True,1,1390.9964990768894,0.10447092261705883,695.4982495384447
EDU,QAS,D1,mnc,F,True,1,1389.1249517425495,0.06906742491006827,694.5624758712747
FIN,TAB,IC2,mnc,M,False,1,1387.3906471767932,1.1972872996192936,693.6953235883966
DESIGN,JAZ,IC2,semigov,M,False,1,1387.1831806900386,0.7453820913837836,693.5915903450193
CUSTOMER,RUH,IC4,private,F,False,2,1387.0264170467535,0.5771688196636916,693.5132085233768
SUPPLY,RUH,IC3,mnc,M,True,1,1383.4383321973473,0.09055901633476338,691.7191660986737
SUPPLY,ASR,IC4,pif_backed,F,False,1,1380.3228208558623,1.0161059427477384,690.1614104279312
FIN,JED,IC3,private,F,False,1,1379.3752714243756,0.3334074686593776,689.6876357121878
HEALTH,ASR,D1,startup,F,False,1,1377.6515240926692,0.22452262345745344,688.8257620463346
DATA,JED,M2,public,F,False,1,1377.6397730574345,0.2363375006244263,688.8198865287172
SALES,RUH,IC6,private,M,False,2,1371.8691142485259,0.602172087480207,685.9345571242629
DESIGN,MAD,IC6,private,M,True,1,1371.5822249414596,0.10098350508415957,685.7911124707298
DESIGN,RUH,IC3,public,M,False,1,1371.5673231247529,0.32240580387140017,685.7836615623764
OPS,JED,IC5,public,F,False,1,1370.920314578297,0.758787673272038,685.4601572891485
OPS,MAD,IC3,public,M,False,1,1368.9852439438973,0.45711443964717835,684.4926219719487
MARKETING,TAB,M2,public,F,False,1,1367.6150338105517,0.8861564967434165,683.8075169052759
CUSTOMER,JED,IC3,semigov,F,True,1,1363.6116816187368,0.21471603183953497,681.8058408093684
ENG_MECH,EST,M1,public,M,False,1,1363.5988118222663,0.305163332352631,681.7994059111331
CUSTOMER,RUH,IC4,mnc,F,False,1,1358.8238078299073,0.4274697957525362,679.4119039149537
DESIGN,RUH,M2,private,F,False,1,1355.6256715500704,0.2011985091741307,677.8128357750352
ENG_ELEC,MAD,IC1,private,M,False,1,1353.5560846998726,1.0631108912473015,676.7780423499363
OPS,HAI,IC6,public,M,True,1,1352.2794755779705,0.17204999634775625,676.1397377889853
MARKETING,EST,IC4,mnc,M,True,2,1351.6610781881827,0.1035334004484412,675.8305390940914
ENG_ELEC,RUH,IC5,public,M,True,1,1351.0459098955635,0.08401378263657816,675.5229549477817
DESIGN,RUH,IC5,private,M,True,1,1349.0678072227638,0.07104522827231631,674.5339036113819
ENG_MECH,RUH,IC5,private,M,False,2,1348.7109589648903,0.21710784531522354,674.3554794824452
SALES,RUH,IC1,mnc,M,True,1,1345.1542611066188,0.16824560188454107,672.5771305533094
OPS,EST,IC3,pif_backed,M,False,2,1344.6783981760937,0.6143755013545241,672.3391990880468
SWE,TAB,IC6,private,M,False,1,1344.6270807064693,0.215217666885211,672.3135403532347
ENG_MECH,JED,IC3,pif_backed,M,False,1,1344.5122050078496,0.7398870827589974,672.2561025039248
MARKETING,TAB,IC5,private,F,False,1,1342.2448000294503,0.3806912236663141,671.1224000147251
ENG_CIVIL,EST,IC4,private,M,False,3,1338.130952309353,0.3320386889585516,669.0654761546765
SWE,RUH,IC2,mnc,M,True,1,1336.4347865359723,0.22492677395248806,668.2173932679862
DESIGN,ASR,IC5,mnc,M,False,1,1336.263963474636,0.36522031439728525,668.131981737318
DESIGN,RUH,IC2,private,F,False,1,1327.5811050840364,1.2072039118778304,663.7905525420182
LEGAL,EST,IC2,semigov,F,True,1,1325.9067461054183,0.13632803098553373,662.9533730527091
ENG_ELEC,RUH,IC4,private,M,False,2,1323.112078554158,0.3192686768232973,661.556039277079
CUSTOMER,EST,IC2,semigov,M,True,1,1319.6833798508605,0.2040635900759406,659.8416899254303
HR,EST,IC5,public,F,True,1,1319.3083025662418,0.09409222920651784,659.6541512831209
ENG_CIVIL,EST,IC3,semigov,M,True,1,1318.345636685598,0.18029645631536165,659.172818342799
ENG_ELEC,ASR,IC4,mnc,M,False,1,1318.1303878262343,0.47127634207772695,659.0651939131171
SWE,RUH,IC3,mnc,M,True,1,1316.1241891638656,0.08833529743272267,658.0620945819328
HEALTH,JAZ,M2,private,F,False,1,1315.561263821146,0.3166595765826891,657.780631910573
HEALTH,JAZ,IC3,pif_backed,M,True,1,1314.285480054832,0.1382087783257747,657.142740027416
HR,QAS,IC3,mnc,F,False,1,1312.5545253411804,0.983063214633838,656.2772626705902
EDU,RUH,IC4,private,M,False,1,1308.631053513554,0.3082753474041448,654.315526756777
HR,JED,IC3,private,M,False,1,1307.4252297727987,0.9835268297146058,653.7126148863994
HR,EST,IC3,private,F,False,1,1304.6191850548053,0.358164414833758,652.3095925274026
HEALTH,RUH,M2,private,F,True,2,1303.5724786522005,0.06745927944669178,651.7862393261003
OPS,EST,IC3,private,F,True,1,1302.682578472939,0.09906448685599331,651.3412892364695
MARKETING,QAS,IC4,public,F,True,1,1302.644734367641,0.1318826791227007,651.3223671838205
FIN,BAH,IC2,public,M,True,1,1300.8360076245654,0.16705890082172908,650.4180038122827
EDU,JED,IC2,private,F,True,3,1300.7707288325003,0.28940219897618413,650.3853644162501
FIN,MAD,D1,private,M,False,1,1300.103822372007,0.3024697083516573,650.0519111860035
FIN,EST,IC4,mnc,M,False,1,1299.157348498381,0.3438213169758877,649.5786742491905
SALES,RUH,IC4,pif_backed,F,True,1,1296.752111952319,0.13579812052915138,648.3760559761595
ENG_CIVIL,RUH,M4,semigov,M,False,1,1292.9727170284013,0.22408291533419789,646.4863585142007
SUPPLY,RUH,IC5,pif_backed,F,False,1,1286.9030923488015,0.6748481426858487,643.4515461744007
HEALTH,NJR,IC6,private,F,False,1,1285.9107066189313,0.4672604635516569,642.9553533094656
ENG_MECH,RUH,IC4,mnc,M,True,1,1285.4252364654894,0.10305485133268216,642.7126182327447
EDU,MAD,IC4,private,F,True,2,1285.127143286988,0.18947157961868638,642.563571643494
SWE,RUH,IC2,startup,F,True,1,1281.4710893263846,0.17849834184573812,640.7355446631923
OPS,RUH,IC4,public,F,True,1,1278.625390521167,0.07657375192006977,639.3126952605835
ENG_ELEC,MAD,D1,private,M,False,1,1278.5898049810003,0.13008838953165056,639.2949024905001
ENG_MECH,EST,IC4,private,M,False,2,1277.7031444844201,0.5759701864449331,638.8515722422101
DATA,MAD,IC3,public,M,True,1,1276.9209550530268,0.1502484772952572,638.4604775265134
DATA,HAI,IC4,pif_backed,M,False,1,1276.556477006854,0.2545376792049287,638.278238503427
CUSTOMER,RUH,IC4,public,F,False,1,1272.1276362582582,0.41584509475802556,636.0638181291291
HEALTH,EST,IC3,startup,F,False,1,1266.1807013379866,0.3580746403838121,633.0903506689933
HR,RUH,IC3,public,F,True,1,1264.103105740809,0.07536716358352172,632.0515528704045
MARKETING,RUH,IC3,private,M,False,3,1262.2243971781884,0.5735765357762225,631.1121985890942
HR,ASR,M1,public,M,True,1,1261.367417379226,0.12656399201029958,630.683708689613
LEGAL,ASR,IC2,public,F,True,1,1261.3044536950574,0.21502140041972584,630.6522268475287
DESIGN,EST,IC2,public,F,False,1,1261.0989827804028,0.43714885835164724,630.5494913902014
ENG_MECH,TAB,IC4,private,M,True,1,1256.7944298516595,0.13119185340378414,628.3972149258298
DESIGN,EST,IC3,private,M,False,1,1256.2684712904454,0.7594179065818205,628.1342356452227
HEALTH,RUH,IC3,private,F,False,2,1254.5741805504572,0.29452392126193827,627.2870902752286
CUSTOMER,NJR,M3,semigov,F,False,1,1250.2877596695625,0.8492694557725674,625.1438798347813
LEGAL,RUH,IC2,private,M,False,1,1247.2981471520588,1.0046253233471234,623.6490735760294
DATA,RUH,IC1,public,M,True,1,1246.640449796544,0.15398210504341078,623.320224898272
CUSTOMER,JAZ,IC3,mnc,M,False,1,1246.4885452136273,0.48412295135484273,623.2442726068136
SUPPLY,BAH,IC3,public,M,False,1,1246.2968886882272,0.44209178291297574,623.1484443441136
MARKETING,JED,IC3,pif_backed,M,True,1,1246.1945972203248,0.1073894989554673,623.0972986101624
SALES,MAK,M3,public,M,True,1,1245.5101306688302,0.10180006445442813,622.7550653344151
HR,EST,IC2,mnc,F,True,1,1243.9651047302232,0.10668518613126604,621.9825523651116
OPS,JED,M2,private,M,False,1,1243.8722698983302,0.24925399852450422,621.9361349491651
ENG_MECH,ASR,IC4,public,M,False,1,1240.811176568764,0.35670375932282433,620.405588284382
MARKETING,JED,IC5,public,F,False,1,1230.5709406548776,0.26017473771105115,615.2854703274388
OPS,TAB,IC3,private,M,True,2,1229.4743362105555,0.12940929734641227,614.7371681052778
ENG_CIVIL,EST,M4,public,M,False,1,1227.5010991107265,0.2492305749531312,613.7505495553632
SWE,JED,M3,private,M,True,1,1226.585320104139,0.035697448694569686,613.2926600520696
HR,RUH,IC3,mnc,F,False,1,1226.0605429913485,0.8673114437550369,613.0302714956742
SALES,RUH,M2,mnc,M,False,1,1223.9752210623878,0.565366552181586,611.9876105311939
HEALTH,JAZ,IC6,semigov,F,False,1,1223.5964414908158,0.29658353098599405,611.7982207454079
SWE,RUH,IC4,public,F,True,1,1218.4575328356987,0.08546796675672451,609.2287664178493
OPS,MAK,IC2,private,F,False,1,1217.0773985971578,1.1925876773481998,608.5386992985789
HR,TAB,IC3,private,M,False,2,1213.4256083137284,1.1093177436165789,606.7128041568642
SWE,EST,IC3,semigov,M,False,2,1212.5704110778065,0.4246918896015166,606.2852055389033
FIN,EST,M1,private,F,False,1,1210.7049150533762,0.3305065312037852,605.3524575266881
ENG_MECH,RUH,IC6,private,M,True,1,1210.3575527764715,0.07963635183480011,605.1787763882357
HEALTH,EST,IC3,semigov,F,False,1,1208.9225330360125,0.7109641335051374,604.4612665180063
SALES,RUH,M1,mnc,M,False,1,1207.2969288570168,0.6438724920281444,603.6484644285084
FIN,QAS,M3,private,M,False,1,1204.9665045190222,0.3639197343850049,602.4832522595111
SUPPLY,QAS,IC4,private,M,False,1,1204.1190262259142,0.4577661622346996,602.0595131129571
FIN,JED,IC3,public,F,True,2,1204.0792020591562,0.08877802617100694,602.0396010295781
EDU,RUH,M4,private,F,True,1,1202.738015435123,0.05649724405260617,601.3690077175615
SALES,QAS,IC3,private,M,False,1,1200.0025886515825,0.8907180947979224,600.0012943257913
HEALTH,QAS,IC3,pif_backed,F,False,1,1197.1192945459347,0.31479277756410035,598.5596472729674
SALES,EST,M2,private,F,False,3,1195.0884672489158,0.20843390819041832,597.5442336244579
PM,JED,M1,pif_backed,M,True,1,1193.2126165005102,0.06121858450848351,596.6063082502551
FIN,EST,M2,mnc,F,False,1,1192.903601920088,0.30077080458100675,596.451800960044
OPS,ASR,IC5,mnc,M,False,1,1191.2988485019537,0.47061675968745503,595.6494242509768
ENG_MECH,EST,M1,public,M,True,1,1189.8750627140525,0.09509390021718658,594.9375313570263
SALES,JED,IC4,private,M,False,1,1188.4639819491333,0.7491556342328181,594.2319909745667
HEALTH,RUH,IC3,pif_backed,M,False,1,1188.239426396628,0.29023156994541394,594.119713198314
CUSTOMER,RUH,IC3,mnc,M,False,1,1186.335960606798,0.44187112380224947,593.167980303399
FIN,EST,M1,mnc,F,False,1,1184.2236962023558,0.32813197311504044,592.1118481011779
SALES,MAK,IC2,private,M,True,1,1184.0838144532527,0.21723930859379986,592.0419072266263
SWE,ASR,IC4,private,M,False,1,1183.1009508656105,0.6179183534591276,591.5504754328052
MARKETING,RUH,IC2,public,M,True,1,1181.1339349106574,0.15677678704128178,590.5669674553287
FIN,RUH,M3,pif_backed,F,False,1,1179.6981674400377,0.127020495026994,589.8490837200188
CUSTOMER,ASR,M2,mnc,F,False,1,1179.199292336775,0.6762370796411127,589.5996461683875
HR,JED,IC2,semigov,F,False,1,1179.0310847508526,1.1653467702122642,589.5155423754263
DATA,NJR,M1,public,M,True,1,1175.066734817261,0.0703819437831753,587.5333674086305
HEALTH,HAI,IC4,startup,M,False,1,1174.653294262549,0.3539862223467739,587.3266471312745
ENG_MECH,ASR,IC4,private,F,False,1,1169.9842221308008,0.33910199103731836,584.9921110654004
DATA,RUH,M1,private,M,False,2,1169.46566640636,0.17973936271605628,584.73283320318
ENG_ELEC,ASR,IC3,semigov,M,True,1,1168.6387165360102,0.18580199169523332,584.3193582680051
OPS,EST,IC4,semigov,M,True,1,1165.372865293819,0.07389234022317219,582.6864326469095
OPS,RUH,M1,private,M,False,3,1165.1361254619542,0.4420062660287724,582.5680627309771
HR,RUH,IC3,private,F,True,1,1164.4306370732338,0.08470431457642422,582.2153185366169
ENG_ELEC,MAK,IC2,private,M,True,1,1163.3496172972627,0.2404651668326158,581.6748086486314
ENG_ELEC,RUH,M1,semigov,M,True,1,1163.0965008890344,0.07291191219897192,581.5482504445172
SWE,QAS,IC5,private,F,False,1,1156.040369215697,0.2773444515738829,578.0201846078485
HEALTH,MAK,IC5,private,F,True,1,1153.121686247925,0.09701964719852112,576.5608431239625
ENG_CIVIL,MAK,M3,mnc,F,False,1,1145.1742603554721,0.24312526943229792,572.5871301777361
SWE,EST,M2,private,M,False,1,1144.9749410694621,0.29014053741037915,572.4874705347311
FIN,MAD,IC4,private,F,False,1,1144.646342734233,1.055229572630217,572.3231713671165
SALES,EST,IC4,mnc,F,True,1,1144.2300117668947,0.11386046539155358,572.1150058834473
SWE,EST,IC3,private,M,False,1,1143.9678041382567,0.3906314335578566,571.9839020691284
SUPPLY,MAD,IC5,semigov,M,False,1,1143.807957399519,0.85855380947871,571.9039786997595
SWE,JED,M1,private,F,False,1,1143.0953283679637,0.18322766301727966,571.5476641839819
DATA,ASR,IC3,mnc,F,False,1,1141.8962965229898,0.35148143741162596,570.9481482614949
ENG_CIVIL,QAS,M2,private,M,False,1,1138.9843052845572,0.24198950533095342,569.4921526422786
OPS,RUH,IC4,private,F,False,1,1137.777437928713,0.2490272361477338,568.8887189643565
EDU,ASR,IC2,mnc,F,True,1,1137.4132580802707,0.2581838253276664,568.7066290401353
EDU,MAD,IC3,private,F,True,1,1136.4639061813314,0.16275261737635902,568.2319530906657
ENG_MECH,RUH,D1,public,M,False,1,1134.2016562264798,0.1280117047851051,567.1008281132399
SALES,QAS,IC2,private,F,True,1,1133.2789563275428,0.27550438761445323,566.6394781637714
ENG_CIVIL,TAB,IC3,mnc,M,True,1,1132.985842664175,0.10457244944975133,566.4929213320875
ENG_CIVIL,MAK,IC6,public,M,False,1,1132.9241090792352,0.5090400515867816,566.4620545396176
CUSTOMER,RUH,M3,private,F,False,1,1128.6329514409467,0.44889015927721476,564.3164757204734
SALES,EST,M1,pif_backed,M,False,1,1123.2701820621505,0.5235646267693634,561.6350910310753
HR,JED,M2,startup,F,False,1,1120.5871972404666,0.20653192537641366,560.2935986202333
OPS,EST,M1,private,M,False,2,1119.4126768759713,0.4434830253732653,559.7063384379857
SWE,EST,M1,pif_backed,M,False,2,1119.2812413083125,0.14682584295378476,559.6406206541562
SALES,RUH,IC3,mnc,F,False,1,1118.028000951982,0.40640483449218096,559.014000475991
SWE,RUH,IC3,semigov,M,False,3,1116.2152333423658,0.2854358470857956,558.1076166711829
HR,MAD,IC4,semigov,M,True,1,1114.171167309256,0.09838005527584934,557.085583654628
ENG_ELEC,EST,M5,private,M,True,1,1111.6499757723032,0.04899208727973932,555.8249878861516
HEALTH,JED,IC4,private,F,False,1,1109.1825207705515,0.5056137157874243,554.5912603852757
HEALTH,RUH,IC3,startup,M,True,2,1108.7319781398492,0.12676828943028015,554.3659890699246
SALES,RUH,IC5,pif_backed,M,False,2,1106.4155928021703,0.3836500362630867,553.2077964010851
SALES,MAK,IC2,semigov,M,False,1,1103.8898444672996,0.3324015547361281,551.9449222336498
ENG_ELEC,RUH,IC3,private,M,False,1,1103.1146164521633,0.21233287859522867,551.5573082260817
DATA,JED,M4,private,M,False,1,1102.500027513881,0.0902614507513751,551.2500137569405
MARKETING,RUH,M2,private,M,False,1,1102.1861188462435,0.1997899729944435,551.0930594231218
ENG_MECH,JAZ,M2,mnc,M,True,1,1101.9570386579617,0.09092448476323645,550.9785193289808
HR,ASR,M1,semigov,F,False,1,1101.4433371891942,0.4929056097317969,550.7216685945971
MARKETING,JED,IC5,semigov,M,False,1,1097.3392852599004,0.3285093412709883,548.6696426299502
MARKETING,RUH,M1,pif_backed,F,False,1,1096.9705298411454,0.6297438450029548,548.4852649205727
DATA,EST,IC4,semigov,M,True,1,1093.930083712803,0.07504058165179457,546.9650418564015
HEALTH,RUH,IC5,semigov,F,False,3,1092.9044392456472,0.18058301757996112,546.4522196228236
SALES,QAS,IC5,public,M,False,1,1090.9103591205435,0.629310739662801,545.4551795602717
SALES,RUH,M4,semigov,F,False,1,1088.894813209953,0.2508047693548678,544.4474066049765
CUSTOMER,NJR,IC5,public,F,True,1,1081.5639271864575,0.19955563983970634,540.7819635932287
HEALTH,BAH,M1,semigov,M,True,1,1080.9488861543323,0.0820414078962985,540.4744430771661
HR,RUH,IC3,semigov,F,False,1,1079.597726217935,0.31058415716419224,539.7988631089675
EDU,MAK,IC4,private,M,False,1,1077.561812213561,0.7778633473121093,538.7809061067805
HEALTH,JED,IC4,private,M,False,4,1076.291902305681,0.2380181102446887,538.1459511528406
SALES,JED,IC4,mnc,M,False,1,1073.6718337767584,0.7395655332689599,536.8359168883792
DESIGN,RUH,M2,public,M,False,1,1071.270863253455,0.2259850764338265,535.6354316267275
OPS,RUH,M1,private,F,False,1,1069.4527927468298,0.48624727779423704,534.7263963734149
CUSTOMER,RUH,M2,private,M,False,1,1069.112208760306,0.9177534181247683,534.556104380153
FIN,QAS,IC5,semigov,M,False,1,1066.981995985528,0.21480546754976676,533.490997992764
PM,JAZ,IC2,public,M,True,1,1062.6507118837253,0.1494628581544519,531.3253559418627
ENG_CIVIL,QAS,IC2,private,M,False,2,1061.5477366720509,0.6427602463992521,530.7738683360254
FIN,JED,IC4,private,M,False,1,1060.1562917477722,0.2589864789179487,530.0781458738861
EDU,RUH,M3,public,F,False,1,1059.4414181117272,0.2875990809119976,529.7207090558636
SALES,QAS,IC3,private,F,False,1,1058.262726163089,0.7883729210595839,529.1313630815445
HR,JED,IC4,private,F,True,1,1057.8387602393987,0.14642652229212488,528.9193801196993
EDU,ASR,IC2,private,F,True,1,1057.1261930587307,0.24340050767987517,528.5630965293653
CUSTOMER,JAZ,IC2,private,M,True,1,1056.902509257885,0.20136832654333628,528.4512546289425
PM,NOR,M3,public,M,False,1,1055.2636608854664,0.17515693875003654,527.6318304427332
MARKETING,RUH,IC5,pif_backed,M,False,1,1051.0933986900727,0.20724241592384157,525.5466993450364
MARKETING,BAH,IC3,private,M,False,1,1050.429992977824,0.8136019776895284,525.214996488912
DATA,JED,IC4,semigov,F,False,1,1046.5589199116275,0.22038451179481053,523.2794599558138
PM,RUH,IC4,private,F,False,2,1045.7042061089628,0.25992953040532885,522.8521030544814
PM,RUH,IC6,semigov,M,False,1,1043.2162557609718,0.18003156916254276,521.6081278804859
FIN,TAB,IC3,private,F,False,1,1042.8983412060247,0.643487395419177,521.4491706030124
CUSTOMER,EST,IC6,private,M,True,1,1042.2032173542539,0.12546703802653883,521.1016086771269
MARKETING,RUH,IC4,private,M,False,4,1041.1989752796128,0.7022634402986551,520.5994876398064
ENG_ELEC,EST,IC6,public,F,True,1,1038.3195576884536,0.04199028298966981,519.1597788442268
CUSTOMER,JAZ,M1,private,M,False,1,1038.285368157927,0.9226697131347997,519.1426840789635
CUSTOMER,RUH,IC5,semigov,F,False,1,1036.6491139820087,0.27770431266077944,518.3245569910043
DATA,RUH,IC3,pif_backed,M,False,1,1034.9971580532028,0.2901173506293226,517.4985790266014
SUPPLY,MAK,IC2,mnc,M,True,1,1031.5093695039104,0.09859402607505331,515.7546847519552
SUPPLY,ASR,IC5,pif_backed,M,False,1,1031.1565662416556,0.3867458746621258,515.5782831208278
OPS,NJR,SVP,startup,F,False,1,1028.7465187657508,0.09861835780426792,514.3732593828754
OPS,JED,IC4,private,M,False,1,1028.3893128644027,0.46637062551159897,514.1946564322013
SALES,RUH,IC4,private,F,False,1,1027.984007050975,0.4032050382345718,513.9920035254875
DESIGN,RUH,IC3,private,M,False,1,1027.4032302515766,0.40827324186815206,513.7016151257883
ENG_MECH,QAS,IC2,pif_backed,M,True,1,1027.1933066800448,0.11770216163255175,513.5966533400224
ENG_CIVIL,JED,IC5,pif_backed,M,False,1,1026.604494026055,0.20394309127931334,513.3022470130275
SUPPLY,EST,M2,public,M,False,1,1025.5678890832914,0.19988616338348814,512.7839445416457
OPS,EST,M1,private,F,False,1,1024.5731556297333,0.26830872794043586,512.2865778148666
FIN,EST,IC2,public,M,True,1,1024.0605437465683,0.20042850102754897,512.0302718732842
OPS,RUH,IC6,semigov,M,False,1,1023.3687819927864,0.21127353012426098,511.6843909963932
ENG_CIVIL,RUH,M3,startup,M,False,1,1021.0790692267888,0.29397629641167955,510.5395346133944
HR,EST,M2,private,M,False,1,1019.9790367680312,0.3154539818280926,509.9895183840156
SWE,JED,IC4,private,M,True,1,1019.9689531313925,0.06047546356695614,509.98447656569624
HR,NJR,IC4,private,F,True,2,1018.9491983527387,0.13383718636088637,509.47459917636934
SALES,MAK,IC6,semigov,M,False,1,1015.4768593592512,0.4156948126921179,507.7384296796256
SUPPLY,EST,IC3,private,M,False,2,1014.8864406822369,0.7288294554247428,507.44322034111843
DESIGN,NJR,M2,private,M,False,1,1013.5292979005199,0.2621888319851652,506.7646489502599
ENG_CIVIL,EST,IC2,public,M,True,1,1010.4169092033071,0.203230802659832,505.20845460165356
SALES,JED,M3,mnc,F,False,1,1008.3180800511018,0.24257299864859014,504.1590400255509
CUSTOMER,EST,D1,public,F,False,1,1006.4646197178672,0.3883095144625825,503.2323098589336
HEALTH,RUH,IC4,startup,M,False,1,1005.5612930034599,0.21466728040324365,502.78064650172996
HR,QAS,IC4,private,F,False,1,1003.2551595031173,0.613860690652845,501.62757975155864
SALES,JAZ,M4,startup,M,False,1,1001.5417531925559,0.14934160839519067,500.77087659627796
EDU,RUH,IC4,private,M,True,2,1000.488419895652,0.14493463186069272,500.244209947826
OPS,RUH,IC6,private,M,False,2,1000.1599801514125,0.4128383207942265,500.07999007570623
MARKETING,MAK,IC4,public,M,False,1,999.3780063618374,0.4308441188960661,499.6890031809187
SUPPLY,RUH,M1,private,F,False,1,999.2903572675646,0.6969556705723449,499.6451786337823
DATA,ASR,IC3,private,F,True,1,996.5954689862483,0.11363246924046592,498.29773449312415
CUSTOMER,ASR,IC3,private,M,False,1,996.511200346315,0.7101849539392913,498.2556001731575
ENG_MECH,NJR,IC4,semigov,M,True,1,995.1785102788435,0.12065428469132249,497.58925513942177
MARKETING,EST,IC3,semigov,F,False,2,994.6055628682185,0.2731868278164128,497.30278143410925
OPS,RUH,IC4,public,M,False,1,994.3987192471204,0.3004067917536377,497.1993596235602
SWE,EST,IC4,pif_backed,M,False,2,994.3052183897321,0.15851378055916976,497.15260919486605
OPS,EST,IC4,semigov,M,False,1,994.268509835344,0.6506622636009657,497.134254917672
ENG_CIVIL,RUH,IC2,pif_backed,M,False,1,994.1059396851829,0.7307206347586719,497.05296984259144
EDU,TAB,IC3,private,F,True,1,989.9609510844357,0.18657852493167887,494.98047554221785
LEGAL,MAK,IC2,public,F,True,1,989.9501426048009,0.1142103499539071,494.97507130240047
ENG_ELEC,EST,IC4,private,M,True,1,988.626060309316,0.11251901254038778,494.313030154658
ENG_ELEC,JED,IC4,private,F,False,1,986.2007190031877,0.3019544365977271,493.10035950159386
ENG_CIVIL,EST,M1,public,M,False,1,985.3366301929427,0.27849754415485073,492.66831509647136
OPS,RUH,IC3,public,M,False,2,984.914762944341,0.6083833113394816,492.4573814721705
DESIGN,BAH,IC4,semigov,F,False,1,983.3102539141573,0.1901412108943609,491.65512695707866
HEALTH,RUH,IC3,startup,F,False,1,982.9681040506046,0.5981272597180458,491.4840520253023
ENG_MECH,EST,IC4,mnc,M,False,1,982.6517365066566,0.16352605103170317,491.3258682533283
DESIGN,MAK,M1,private,M,True,1,982.5211955945688,0.10317302348815648,491.2605977972844
SWE,RUH,IC4,semigov,M,False,3,982.1716256175974,0.1467748795910224,491.0858128087987
OPS,ASR,IC5,semigov,M,True,1,979.5359724554946,0.06701668711472983,489.7679862277473
PM,EST,M4,private,M,True,1,979.3619555221667,0.02955326215160134,489.68097776108334
HEALTH,RUH,IC4,public,M,False,2,978.8324886106064,0.5825167761007328,489.4162443053032
SWE,RUH,IC1,private,F,False,1,977.6669735603252,0.3460009521582146,488.8334867801626
SALES,RUH,IC2,private,F,False,1,977.2722645737124,0.6578807949786211,488.6361322868562
SUPPLY,JED,IC3,semigov,M,True,1,977.2722191541206,0.13723351825891805,488.6361095770603
DATA,RUH,M3,semigov,M,True,1,975.5110680312391,0.03623693336211353,487.75553401561956
SALES,RUH,IC3,semigov,M,False,1,973.5641823235069,0.8389374110659397,486.78209116175344
HEALTH,RUH,IC4,mnc,M,False,3,973.4391374963849,0.28661971265436315,486.71956874819244
ENG_MECH,EST,IC2,private,M,True,2,969.5688294686715,0.16050700907928994,484.78441473433577
OPS,NJR,M1,public,M,False,1,967.4711858511419,0.32230210710431095,483.7355929255709
SUPPLY,EST,M1,semigov,M,False,1,966.5425260046368,0.36023326290789387,483.2712630023184
ENG_CIVIL,RUH,IC4,pif_backed,M,False,1,965.8759559338009,0.45539002138876367,482.93797796690046
SALES,JAZ,VP,public,M,True,1,965.6891284170706,0.01764246160603831,482.8445642085353
ENG_CIVIL,MAD,M3,pif_backed,M,False,1,965.0701270739182,0.3505845821002025,482.5350635369591
ENG_ELEC,RUH,M3,public,M,False,1,964.990213651532,0.2107406344794085,482.495106825766
DATA,EST,IC4,private,M,False,1,964.3167583992854,0.14429082615430971,482.1583791996427
PM,NJR,IC3,private,M,False,2,960.3515117394679,0.25745684453606066,480.17575586973396
MARKETING,JED,IC5,private,M,True,1,956.1358454414612,0.12056177130061817,478.0679227207306
ENG_CIVIL,TAB,M3,public,M,False,1,955.565426727188,0.23849496785121738,477.782713363594
SUPPLY,JED,M1,public,M,False,1,954.1531146906505,0.2826671665334919,477.0765573453252
FIN,RUH,IC6,private,F,False,1,952.9640511857551,0.2526982900811489,476.48202559287756
CUSTOMER,ASR,IC6,pif_backed,F,False,1,952.6311967207102,0.3627402030475576,476.3155983603551
HEALTH,JED,IC3,public,F,True,2,951.767361300183,0.11589710196100111,475.8836806500915
HEALTH,JED,IC5,private,F,False,1,950.9372599439253,0.39631562409199417,475.4686299719626
HR,HAI,M3,private,F,False,1,950.7345969278613,0.18811912392334923,475.36729846393064
HR,JED,IC4,mnc,F,False,1,949.285470329387,0.4397929591543639,474.6427351646935
DESIGN,RUH,IC3,semigov,F,False,1,937.8108193427925,0.23522658180278203,468.9054096713962
HEALTH,RUH,M5,semigov,M,False,1,937.7975666414295,0.11038798246869658,468.89878332071476
SUPPLY,ASR,IC3,startup,M,True,1,936.3801834997894,0.15752920265575074,468.1900917498947
ENG_CIVIL,JED,IC4,public,M,True,1,935.5162530672478,0.07486353417106557,467.7581265336239
CUSTOMER,HAI,IC2,public,F,True,1,935.4012942404806,0.1983807452808806,467.7006471202403
OPS,RUH,IC2,startup,F,True,1,935.1652156933878,0.11260548615018812,467.5826078466939
HR,MAK,IC4,semigov,F,False,1,934.334896912361,0.7847862905987504,467.1674484561805
ENG_CIVIL,EST,M4,private,M,False,1,932.4116788363553,0.12694733536162858,466.2058394181777
HEALTH,NJR,IC3,pif_backed,F,True,1,932.2637197315944,0.1462070665269025,466.1318598657972
HEALTH,RUH,IC4,pif_backed,M,False,1,930.1323714897803,0.3494549518070165,465.06618574489016
ENG_ELEC,JAZ,IC5,private,M,False,1,929.5967430281503,0.244185268664433,464.79837151407514
OPS,JED,IC3,private,F,True,1,927.2147158439493,0.20261912884365516,463.60735792197465
CUSTOMER,EST,M2,private,M,False,1,926.4460828161202,0.7765049983166299,463.2230414080601
HEALTH,TAB,IC4,private,F,False,1,924.3258914477433,0.2638411384986513,462.16294572387164
OPS,ASR,IC2,private,M,False,1,923.1211006007916,0.49485845229802145,461.5605503003958
ENG_CIVIL,MAD,IC4,private,M,False,2,923.0258525560423,0.34117701377750664,461.51292627802115
ENG_MECH,RUH,IC4,private,M,False,2,921.0601253070598,0.5078307386468354,460.5300626535299
HEALTH,RUH,IC4,private,M,False,4,920.6526906297748,0.2588943095568116,460.3263453148874
CUSTOMER,NOR,IC4,semigov,F,False,1,919.05830457518,0.2126238007327001,459.52915228759
EDU,RUH,IC3,private,M,True,3,918.9368183050256,0.12175429697585816,459.4684091525128
ENG_CIVIL,RUH,M3,private,M,True,1,917.0051813717673,0.06114633411134446,458.50259068588366
LEGAL,RUH,IC3,private,M,False,2,916.8089088288457,0.36570589251765473,458.40445441442284
ENG_CIVIL,HAI,M1,mnc,F,False,1,916.7760025143298,0.28640734354379305,458.3880012571649
FIN,MAK,M1,private,M,False,1,916.6434028960086,0.7495613883405354,458.3217014480043
ENG_ELEC,RUH,M2,mnc,M,False,1,915.6127183099516,0.213421561255092,457.8063591549758
PM,EST,IC5,public,M,True,1,915.3315220544027,0.0659168597434281,457.66576102720137
HR,RUH,M1,public,F,True,3,909.5558720458861,0.05909735844110554,454.77793602294304
SALES,JED,IC5,private,F,False,1,909.4795297091623,0.24885557107031947,454.73976485458115
SWE,EST,IC3,semigov,F,False,1,908.9303105996973,0.3424955306145573,454.4651552998487
SWE,QAS,IC3,semigov,M,False,1,908.1706857924696,0.4872142408547085,454.0853428962348
SWE,RUH,IC2,public,F,True,1,907.9896627606249,0.11159329656778161,453.99483138031246
DESIGN,QAS,IC3,public,F,False,1,907.8471818229582,0.2362145450157268,453.9235909114791
DATA,RUH,IC5,public,M,False,1,906.7567128963337,0.1391920915736633,453.37835644816687
HEALTH,RUH,IC3,private,M,False,2,906.6050750156221,0.30421880843035615,453.30253750781105
SUPPLY,RUH,IC4,private,F,False,1,906.4247640287758,0.29820029934453424,453.2123820143879
MARKETING,JAZ,D1,pif_backed,F,False,1,906.3028701267758,0.125874279480563,453.1514350633879
SWE,QAS,IC4,private,M,False,1,905.3123714875596,0.3069094619202931,452.6561857437798
EDU,RUH,IC2,mnc,F,True,2,904.6656704850411,0.17462945840624947,452.33283524252056
FIN,EST,IC3,semigov,M,False,1,900.1622434831725,0.43728057491093286,450.08112174158623
SALES,EST,IC2,private,M,False,1,899.9904770567432,0.3650220546683619,449.9952385283716
FIN,RUH,M1,private,F,False,1,893.8499610250569,0.8055332101673269,446.92498051252846
DATA,JED,IC4,semigov,M,False,1,893.6708670368944,0.20097739578678644,446.8354335184472
HEALTH,EST,IC3,public,M,False,1,892.8659312553227,0.30604753364071413,446.43296562766136
FIN,RUH,M4,public,F,False,1,891.7651337029829,0.13427772911794966,445.88256685149145
ENG_MECH,MAK,IC5,private,M,False,1,889.6451462403384,0.10560785509850562,444.8225731201692
HEALTH,RUH,IC4,public,F,False,4,889.2077358344138,0.17833713516811178,444.6038679172069
HEALTH,RUH,M2,startup,F,False,1,887.4292582194703,0.16637896820367143,443.71462910973514
CUSTOMER,RUH,IC3,mnc,F,True,1,886.6825677776651,0.09425302112491941,443.34128388883255
FIN,QAS,IC4,private,M,True,1,886.2770325120127,0.060257158274878916,443.13851625600637
OPS,EST,M2,public,M,False,1,884.9636406412128,0.37097525258795666,442.4818203206064
HR,ASR,IC5,mnc,F,False,1,883.1464100040398,0.4147751472111135,441.5732050020199
SALES,RUH,IC4,public,F,True,1,881.7058674462678,0.04712412582369491,440.8529337231339
SALES,HAI,IC4,semigov,F,False,1,880.833245435033,0.16816933649947305,440.4166227175165
EDU,JED,IC6,private,F,True,1,876.3606175355926,0.06106785349504086,438.1803087677963
CUSTOMER,TAB,M2,public,M,False,1,874.5870390092591,0.3464660464847404,437.29351950462956
CUSTOMER,RUH,IC4,pif_backed,M,False,1,873.4847130456919,0.6089330208692024,436.74235652284597
EDU,EST,VP,semigov,F,False,1,871.6672211928599,0.07456616510991787,435.83361059642993
HR,RUH,M2,public,M,True,1,870.2871690531483,0.06275809625995066,435.14358452657416
ENG_ELEC,EST,IC4,mnc,M,False,1,868.0709233692282,0.4184425542948904,434.0354616846141
CUSTOMER,RUH,IC5,private,M,False,1,867.8393890257798,0.6238824684783919,433.9196945128899
ENG_MECH,RUH,M1,private,M,False,3,867.627334350712,0.5167845623792217,433.813667175356
LEGAL,QAS,M1,semigov,F,False,1,866.8480834529582,0.17866874462864613,433.4240417264791
DATA,RUH,IC4,pif_backed,F,True,1,863.0522243880114,0.04017882568586499,431.5261121940057
MARKETING,RUH,IC2,private,F,True,1,860.8493547350254,0.11431290355441885,430.4246773675127
ENG_MECH,RUH,IC2,semigov,M,False,1,860.1097438438655,0.7057767908684108,430.0548719219328
EDU,RUH,IC4,mnc,M,False,1,859.6541714945197,0.3056951766451927,429.82708574725984
EDU,RUH,IC5,private,M,True,1,859.3973004368509,0.07163387589305097,429.6986502184254
DESIGN,EST,M4,semigov,F,False,1,858.1343929244758,0.11049809874105593,429.0671964622379
PM,RUH,IC3,semigov,M,False,1,857.9891804762292,0.2882996454785205,428.9945902381146
ENG_MECH,JAZ,IC4,pif_backed,M,False,1,857.913665553463,0.19383281521041143,428.9568327767315
EDU,MAK,IC3,public,M,True,1,857.8881507486258,0.17145234269272774,428.9440753743129
HR,TAB,IC3,private,F,False,1,857.6700887378433,0.4077729550716703,428.8350443689217
ENG_CIVIL,HAI,IC6,public,F,False,1,855.1997777261308,0.38675941658287083,427.5998888630654
PM,TAB,IC1,pif_backed,M,False,1,851.2730464800238,0.3570528015001837,425.6365232400119
CUSTOMER,NJR,M1,pif_backed,F,False,1,850.6674212364198,0.7420083116750681,425.3337106182099
CUSTOMER,EST,IC2,private,M,True,1,850.4403186237796,0.12518327161159465,425.2201593118898
ENG_CIVIL,RUH,IC6,private,M,False,1,850.4031497462811,0.19747194795097436,425.20157487314054
SWE,EST,IC3,public,F,True,1,848.5956748561875,0.05878113400008687,424.29783742809377
SUPPLY,EST,IC6,private,M,False,1,846.5447545039515,0.34505404828123004,423.27237725197574
EDU,EST,IC3,private,F,True,2,846.4525732608972,0.11756276197504872,423.2262866304486
SALES,RUH,IC3,pif_backed,F,False,1,844.0863974934318,0.16206317344569174,422.0431987467159
HR,JED,IC2,public,F,True,1,843.9023547918368,0.1268516491968387,421.9511773959184
OPS,EST,D2,private,M,True,1,843.6178980267869,0.0413348941033108,421.80894901339343
DESIGN,JED,IC4,public,M,False,1,841.687964520092,0.23868977586802628,420.843982260046
PM,JED,IC4,semigov,F,False,1,839.9203472344566,0.20376565574082792,419.9601736172283
SALES,EST,IC3,pif_backed,M,False,1,838.644836107685,0.29705541341448527,419.3224180538425
DATA,NJR,IC3,semigov,M,True,1,833.2985143284113,0.09649297447471418,416.64925716420566
ENG_ELEC,RUH,M1,public,M,True,1,833.0918896298626,0.07838043702863322,416.5459448149313
HR,JAZ,IC2,private,M,False,1,830.3965810007353,0.3831197466162457,415.19829050036765
ENG_ELEC,RUH,M2,semigov,M,False,1,828.457822054801,0.19295446195394259,414.2289110274005
MARKETING,NJR,IC3,pif_backed,F,False,1,827.7571044670847,0.5011296415543428,413.87855223354234
FIN,RUH,IC3,public,M,False,1,827.1697961141831,0.3158793109871652,413.58489805709155
SALES,RUH,M1,private,M,False,3,820.9726100648426,0.6404571944916496,410.4863050324213
SWE,RUH,IC6,semigov,M,True,1,819.2697618002785,0.02812879445338003,409.63488090013925
CUSTOMER,EST,IC2,private,F,True,1,816.2701072683312,0.17594007720277383,408.1350536341656
OPS,EST,IC2,private,M,True,1,815.6668400586141,0.1257236736756513,407.83342002930704
SWE,MAD,IC4,private,M,False,1,814.7064054618309,0.3274123806470217,407.3532027309154
EDU,RUH,IC4,startup,M,True,2,812.8812000626322,0.08790641189933375,406.4406000313161
ENG_MECH,MAK,IC4,private,F,False,1,812.5753022158101,0.231117915028858,406.28765110790505
MARKETING,EST,IC3,startup,M,True,1,811.9186610625393,0.10479726687989806,405.95933053126964
ENG_ELEC,RUH,IC2,private,M,True,2,810.9910215122204,0.14253247606722566,405.4955107561102
SALES,RUH,IC5,private,F,False,1,807.0538515010667,0.2622852351643239,403.52692575053334
ENG_MECH,RUH,IC1,semigov,M,False,1,806.8908027908494,0.4279276140861054,403.4454013954247
HR,JED,IC2,public,F,False,1,806.4301148347786,0.3878515706291127,403.2150574173893
ENG_ELEC,ASR,IC4,public,M,True,1,805.5831838453996,0.11708872497936039,402.7915919226998
CUSTOMER,JAZ,IC3,private,M,True,1,804.4641364968766,0.10109572464302974,402.2320682484383
MARKETING,RUH,M2,semigov,M,False,1,802.592409762964,0.1637386009779555,401.296204881482
SUPPLY,TAB,IC2,private,F,False,1,800.8890643147024,0.6434953122848311,400.4445321573512
SWE,RUH,IC2,semigov,M,False,1,799.6873715657148,0.2663653481061246,399.8436857828574
HR,JED,IC4,public,F,False,1,797.8481215652369,0.5338309567718815,398.9240607826184
ENG_ELEC,JAZ,IC3,private,M,False,2,797.09976860367,0.3673471424908052,398.549884301835
CUSTOMER,RUH,IC4,semigov,F,False,1,795.8224226920163,0.6396231028078896,397.91121134600814
OPS,RUH,M2,semigov,M,False,1,795.5195260408414,0.22233315689588526,397.7597630204207
PM,RUH,IC4,public,M,False,1,793.4924776509665,0.22931512207571603,396.74623882548326
HEALTH,JED,IC3,public,M,True,1,790.892991963372,0.10314085385215066,395.446495981686
SALES,MAK,IC4,private,F,False,1,786.2382159123204,0.5568584505352895,393.1191079561602
ENG_MECH,EST,IC3,private,M,True,1,783.9464143504247,0.07490277428905279,391.97320717521234
MARKETING,NJR,IC5,public,M,False,1,783.1478672429898,0.2993959544024906,391.5739336214949
HEALTH,TAB,M2,public,F,False,1,780.6198559174018,0.13909286576949498,390.3099279587009
SWE,QAS,IC5,public,M,False,1,780.4160768319771,0.27712542050544403,390.20803841598854
SALES,TAB,M1,private,F,True,1,779.7542310267763,0.08349084485789983,389.87711551338816
CUSTOMER,RUH,M2,semigov,M,False,1,779.1228384275018,0.5424752664138054,389.5614192137509
ENG_MECH,EST,IC4,semigov,M,False,1,778.146563863781,0.37465201105077733,389.0732819318905
HEALTH,QAS,IC4,private,F,True,1,776.6646479949359,0.09114301974474164,388.33232399746794
ENG_CIVIL,RUH,M3,private,M,False,2,776.4564557115659,0.19020569791103545,388.22822785578296
ENG_CIVIL,RUH,IC4,public,M,False,1,775.7349527435892,0.4829085407778917,387.8674763717946
DATA,EST,IC3,private,M,False,1,775.6991588989986,0.2038253545708805,387.8495794494993
FIN,BAH,IC3,semigov,M,True,1,775.464464490191,0.060992081804567305,387.7322322450955
EDU,TAB,IC4,pif_backed,F,False,1,774.8122421145274,0.46841497796264403,387.4061210572637
ENG_CIVIL,JED,IC4,mnc,M,False,1,773.6583541074347,0.22908793511938239,386.82917705371733
SWE,MAK,IC3,private,M,False,2,770.9341638754265,0.297109588569441,385.46708193771326
EDU,JED,IC3,private,F,True,4,770.8450305452304,0.15984909981742232,385.4225152726152
ENG_CIVIL,MAD,IC3,public,M,False,1,770.7976897227613,0.4051005568451137,385.39884486138067
SALES,MAD,IC4,semigov,M,False,1,770.5224385839883,0.25246012788443617,385.26121929199417
HEALTH,RUH,IC2,mnc,F,False,1,766.8957938198062,0.6681668276652672,383.4478969099031
SUPPLY,QAS,D1,private,F,False,1,766.4196760384739,0.11996107910741809,383.20983801923694
SALES,EST,IC5,private,M,False,3,766.3100990356021,0.14297369303363633,383.15504951780105
SALES,EST,IC4,startup,M,False,1,765.6065536056828,0.405875518687403,382.8032768028414
PM,MAK,IC5,public,M,False,1,765.4957649001572,0.14756184789147592,382.7478824500786
ENG_MECH,EST,IC3,public,M,False,3,765.1361571509802,0.41537895053058854,382.5680785754901
ENG_MECH,JED,M3,private,M,False,2,764.9453935640718,0.16378019931682042,382.4726967820359
ENG_MECH,TAB,IC2,private,M,False,1,764.9373814110738,0.39726940576535164,382.4686907055369
SWE,JED,IC4,pif_backed,M,True,1,764.3632156849799,0.04823550102687167,382.18160784248994
ENG_MECH,TAB,IC3,public,M,False,1,763.4511913635586,0.3067739055566549,381.7255956817793
SALES,EST,IC5,mnc,F,False,1,762.0292374306387,0.1586166064373241,381.01461871531933
SUPPLY,RUH,M1,public,M,False,1,761.8907676891517,0.3623899826313888,380.9453838445759
SUPPLY,EST,IC5,mnc,M,False,1,761.0528578550338,0.49309438259662525,380.5264289275169
HR,JED,IC3,public,M,True,2,760.741943791777,0.10490825178518688,380.3709718958885
OPS,JED,IC4,public,M,True,1,760.7346800410287,0.06395673812634395,380.36734002051435
HEALTH,MAK,IC3,mnc,F,False,1,757.6947659144166,0.527948446022582,378.8473829572083
ENG_MECH,MAK,M3,semigov,M,False,1,756.7684693076008,0.11058265500322942,378.3842346538004
ENG_MECH,EST,IC4,public,M,False,1,756.5894448672261,0.2662164561774179,378.29472243361306
HEALTH,RUH,IC4,private,F,False,10,755.4338625700135,0.2749848431469975,377.71693128500675
ENG_MECH,MAD,IC4,private,M,False,1,755.3079985597874,0.24200475080972417,377.6539992798937
SALES,EST,IC4,public,M,False,3,754.4320696186477,0.21773088367242407,377.21603480932384
OPS,BAH,IC3,mnc,F,False,1,746.9520570335444,0.5327777378615686,373.4760285167722
EDU,RUH,IC4,private,F,False,2,746.1977793597376,0.4227454521909016,373.0988896798688
HEALTH,MAK,IC2,semigov,F,False,1,744.5079025768582,0.28780636237074675,372.2539512884291
OPS,BAH,IC4,public,M,False,1,743.3697675147764,0.24281585940418188,371.6848837573882
ENG_CIVIL,JED,IC4,semigov,M,False,2,741.792150222255,0.23746145681276504,370.8960751111275
HEALTH,RUH,IC3,mnc,F,False,3,741.2662392828801,0.21493787683217128,370.63311964144003
EDU,RUH,IC4,pif_backed,M,True,1,739.9755677064968,0.06269405500781723,369.9877838532484
HEALTH,EST,IC3,startup,M,False,1,737.3555871365279,0.5380514049245888,368.67779356826395
SWE,MAK,IC3,pif_backed,M,False,1,737.1901891971661,0.20534595831988187,368.59509459858305
EDU,MAK,IC4,public,M,False,1,733.3841445088087,0.6313072631465383,366.69207225440437
ENG_CIVIL,MAD,IC3,public,F,True,1,733.2902489237313,0.12362132107362786,366.64512446186563
CUSTOMER,RUH,IC5,pif_backed,F,False,1,730.7861371718755,0.11191548359063412,365.3930685859377
DATA,EST,D1,public,M,False,1,729.1803144992282,0.09135162730989789,364.5901572496141
HEALTH,JED,M2,mnc,M,False,1,728.875680797014,0.12211339781000104,364.437840398507
ENG_CIVIL,RUH,IC5,private,M,False,1,728.8737168693729,0.2774609458850049,364.4368584346864
ENG_MECH,RUH,IC4,startup,M,True,1,727.0054002190045,0.06385723675529009,363.50270010950226
OPS,RUH,IC4,pif_backed,M,False,1,726.6843958346531,0.19546483548658672,363.34219791732653
ENG_CIVIL,RUH,IC3,semigov,F,False,1,726.6663453356937,0.23957735267183794,363.33317266784684
MARKETING,QAS,IC4,private,M,False,1,726.0014307049489,0.2692889758614377,363.00071535247446
MARKETING,NJR,D3,pif_backed,M,False,1,725.8641167038495,0.06254980187345573,362.93205835192475
PM,MAD,IC4,private,F,True,1,723.328054721127,0.05883525115186106,361.6640273605635
CUSTOMER,JED,IC4,semigov,F,False,1,723.2463970861568,0.2423043231981149,361.6231985430784
FIN,EST,IC3,private,M,False,1,721.3254598074072,0.33840944349549046,360.6627299037036
MARKETING,RUH,M4,semigov,F,False,1,719.6196870575714,0.08654969333570642,359.8098435287857
HEALTH,EST,M1,private,F,False,2,718.5343664750101,0.13556772266361922,359.26718323750504
ENG_MECH,MAK,IC2,pif_backed,M,False,1,715.756820766688,0.4736677500055015,357.878410383344
MARKETING,HAI,IC2,semigov,F,True,1,715.2946617814878,0.11037457878077822,357.6473308907439
ENG_MECH,HAI,M1,public,M,False,1,715.2327342314798,0.2705458125543671,357.6163671157399
FIN,JED,IC3,private,M,True,2,704.8955595833545,0.0636484122938693,352.44777979167725
DESIGN,MAK,IC4,public,F,False,1,703.8949760812447,0.31007596768821927,351.9474880406224
FIN,JED,IC4,private,F,True,1,702.5710299216244,0.0463172098743359,351.2855149608122
OPS,RUH,IC3,public,F,False,2,702.4772216702422,0.49219052494722,351.2386108351211
OPS,JED,IC3,private,M,False,2,702.1058540303292,0.25490638700449786,351.0529270151646
ENG_MECH,MAD,IC2,private,M,False,1,701.0284405821174,0.3806881786354942,350.5142202910587
ENG_CIVIL,RUH,IC3,private,F,False,1,698.9088417208577,0.5290592634732454,349.45442086042885
ENG_CIVIL,ASR,M1,private,M,False,1,698.7394676126105,0.30901699006584116,349.36973380630525
PM,EST,IC3,private,M,False,1,698.1934480941695,0.23427882140380243,349.09672404708476
ENG_ELEC,MAD,IC1,public,M,True,1,697.5757484802925,0.12336343315233615,348.78787424014627
ENG_ELEC,RUH,IC5,private,M,False,1,697.193928284185,0.2416366454721026,348.5969641420925
HEALTH,MAK,IC3,public,M,False,1,695.2568867041496,0.5122392345199497,347.6284433520748
OPS,MAD,IC5,private,M,True,1,693.3208501919244,0.10518423933693752,346.6604250959622
MARKETING,JED,M1,mnc,F,False,1,691.7675338648287,0.23216743654465088,345.88376693241435
ENG_CIVIL,RUH,IC4,mnc,M,True,1,691.6566884938493,0.05239063969381688,345.82834424692464
SALES,RUH,IC5,mnc,F,False,1,691.5174766177197,0.22106976723023933,345.75873830885985
SUPPLY,EST,IC4,private,F,False,2,690.7427993931233,0.36196949706741577,345.37139969656164
ENG_CIVIL,TAB,IC5,private,M,False,1,689.6773915946983,0.3142453204730514,344.83869579734915
SWE,RUH,M1,startup,M,False,1,688.6623941604576,0.23603855672450738,344.3311970802288
EDU,RUH,IC3,public,F,False,1,683.0004587465926,0.5174336936366557,341.5002293732963
SWE,RUH,M1,private,F,False,1,681.3819160787061,0.1311391639297197,340.69095803935306
HEALTH,EST,M2,private,M,False,2,680.3784135709634,0.1051926930275575,340.1892067854817
SALES,MAD,M1,semigov,F,False,1,679.3715302337878,0.46792110443245144,339.6857651168939
HEALTH,EST,D2,private,F,False,1,678.569432256003,0.05892265606000425,339.2847161280015
SWE,EST,IC3,pif_backed,M,False,1,678.4537020573953,0.2069667226631655,339.22685102869764
CUSTOMER,RUH,IC5,private,F,False,1,677.9760868080084,0.5721904177330043,338.9880434040042
CUSTOMER,MAD,IC3,pif_backed,F,True,1,676.7435301418273,0.12930356100792145,338.3717650709136
HEALTH,RUH,IC4,semigov,F,False,1,676.307680976448,0.29072833505323714,338.153840488224
SALES,EST,IC6,private,F,True,1,676.2312628253094,0.028413686919448063,338.1156314126547
HEALTH,NOR,IC5,private,M,False,1,675.6806818203272,0.25581667488496296,337.8403409101636
EDU,JED,IC6,pif_backed,F,False,1,673.9761208630707,0.11428896497299007,336.98806043153536
ENG_CIVIL,MAD,IC4,startup,M,False,1,672.8467647269124,0.4705153169516586,336.4233823634562
ENG_ELEC,JED,IC6,startup,M,False,1,671.3799862215892,0.14351062346094345,335.6899931107946
EDU,TAB,IC3,public,F,False,1,671.2615699628677,0.274210701971278,335.63078498143386
HEALTH,RUH,M3,private,F,False,2,670.8364353190545,0.12376964102247043,335.4182176595273
ENG_CIVIL,ASR,IC3,public,F,True,1,670.6673043813298,0.09476216904252185,335.3336521906649
ENG_MECH,ASR,IC3,public,F,True,1,669.2973028441384,0.08979180308987461,334.6486514220692
FIN,EST,IC2,public,F,False,1,666.8508903847382,0.6497560216314058,333.4254451923691
ENG_MECH,EST,IC2,mnc,M,False,1,665.6488789435655,0.5969276774143154,332.82443947178274
OPS,MAK,IC3,private,M,True,1,665.3331339865235,0.12088257930835002,332.66656699326177
ENG_ELEC,EST,IC2,pif_backed,M,False,1,665.2188232549406,0.5999085238312232,332.6094116274703
SWE,RUH,IC6,pif_backed,M,False,1,663.2208208541124,0.09394083271907605,331.6104104270562
EDU,JAZ,IC3,private,M,False,1,662.5482906111386,0.26499591599167777,331.2741453055693
CUSTOMER,NJR,IC5,pif_backed,M,True,1,660.1509085619982,0.04795430393337127,330.0754542809991
OPS,EST,IC4,private,M,False,1,657.7534194563941,0.2094966771485538,328.87670972819706
LEGAL,JAZ,IC3,public,F,True,1,656.8161544732611,0.09746891216322794,328.40807723663056
EDU,RUH,IC5,public,M,False,1,656.570863131481,0.21586627852598844,328.2854315657405
ENG_CIVIL,EST,IC5,private,M,False,2,655.8184016544694,0.14767156878657872,327.9092008272347
ENG_MECH,JED,IC4,mnc,M,True,1,654.7248578562649,0.03860616688117837,327.36242892813243
CUSTOMER,RUH,M1,private,M,False,1,653.9946253218814,0.5236533460120282,326.9973126609407
EDU,JED,IC3,public,F,False,1,653.7545636772516,0.5592595799495845,326.8772818386258
SALES,RUH,IC3,semigov,F,False,1,653.1644205606319,0.44768575162449925,326.58221028031596
LEGAL,NJR,IC3,private,F,True,1,650.997045755933,0.08212724046005236,325.4985228779665
PM,EST,M1,private,F,False,1,648.4810117906845,0.08764943921159295,324.24050589534227
PM,ASR,D2,private,F,False,1,647.1351489763674,0.053304860132020904,323.5675744881837
OPS,RUH,IC3,semigov,M,False,2,645.686201720757,0.3360001014844076,322.8431008603785
HEALTH,QAS,IC4,private,F,False,2,644.6414563413804,0.3882004966985729,322.3207281706902
ENG_CIVIL,QAS,IC4,public,M,False,1,642.9176355879854,0.5350467855388689,321.4588177939927
CUSTOMER,BAH,M1,startup,M,True,1,641.0601068886626,0.05953490433017512,320.5300534443313
ENG_MECH,RUH,IC2,startup,M,True,1,640.5226785822397,0.07522284405551515,320.26133929111984
ENG_CIVIL,EST,IC3,mnc,M,True,1,640.1116958121092,0.08007612900425547,320.0558479060546
SALES,RUH,IC4,semigov,F,False,1,638.2214271359253,0.16417795239955965,319.11071356796265
HR,EST,M1,public,M,False,1,637.6256433639687,0.1791544474406511,318.81282168198436
SALES,EST,IC4,semigov,M,False,1,637.328345845599,0.1952412556249195,318.6641729227995
HEALTH,NJR,IC3,private,M,False,1,633.1816427763561,0.2849346021397505,316.59082138817803
SUPPLY,EST,M2,private,F,False,1,632.4831118876618,0.11513545729800696,316.2415559438309
EDU,JED,IC2,mnc,F,True,1,632.2866450163247,0.12171425113306503,316.1433225081623
PM,RUH,IC4,pif_backed,F,False,1,632.0268229049316,0.139452087562525,316.0134114524658
SALES,JED,IC3,semigov,M,True,1,631.5804706067447,0.04821218149081672,315.79023530337236
MARKETING,HAI,IC5,semigov,F,False,1,628.989811628705,0.1343745732132953,314.4949058143525
DATA,EST,IC1,mnc,M,False,1,628.4849054426804,0.22366540342898852,314.2424527213402
HEALTH,MAK,IC4,pif_backed,F,True,1,625.9190456636552,0.04923587741099389,312.9595228318276
SWE,NOR,IC4,private,M,True,1,625.8198674893956,0.06659408649316788,312.9099337446978
CUSTOMER,JED,M1,private,F,False,1,625.4260437121179,0.22731802533955775,312.71302185605896
LEGAL,EST,M1,private,M,False,1,625.2050537129899,0.1268452120817884,312.60252685649493
DESIGN,MAK,IC3,public,F,False,1,622.2189384992016,0.2607018503762651,311.1094692496008
DESIGN,RUH,IC4,public,M,False,1,620.2637955602963,0.1907982564222252,310.13189778014817
DESIGN,RUH,IC5,private,F,False,1,619.875159721234,0.0958111275219982,309.937579860617
CUSTOMER,EST,IC4,semigov,M,False,1,618.2501488993471,0.1379274789182721,309.12507444967355
HEALTH,EST,IC2,pif_backed,F,False,1,618.2130421809238,0.42544311734487306,309.1065210904619
MARKETING,RUH,M3,mnc,F,False,2,617.4179047205671,0.0661387865564819,308.70895236028355
DATA,EST,IC3,semigov,M,True,1,617.3184765895039,0.05948350523431567,308.65923829475196
HEALTH,QAS,M2,private,F,True,1,617.3063236970702,0.0405550565644957,308.6531618485351
EDU,TAB,M1,public,M,True,1,617.1132538026413,0.06408392491098139,308.55662690132067
FIN,RUH,M3,pif_backed,M,False,1,615.6898270511656,0.10515030693364727,307.8449135255828
SWE,RUH,IC1,startup,M,True,1,614.5765768177889,0.07826816744394546,307.28828840889446
ENG_CIVIL,MAK,IC3,private,M,False,1,614.205892413011,0.5204590523371733,307.1029462065055
SALES,RUH,IC6,startup,F,False,1,613.1418198483716,0.16419850720882087,306.5709099241858
HEALTH,JED,IC4,mnc,M,False,3,612.9998406021699,0.15232564952097424,306.49992030108496
CUSTOMER,RUH,IC4,mnc,M,False,2,611.9370660908221,0.1925972174137388,305.96853304541105
CUSTOMER,EST,IC5,pif_backed,F,False,1,611.7691095893642,0.18226961557454527,305.8845547946821
CUSTOMER,EST,IC4,pif_backed,F,False,1,609.949361437024,0.14683398504303632,304.974680718512
ENG_ELEC,JED,M2,startup,F,False,1,606.9952664829566,0.1732186408491365,303.4976332414783
SALES,MAK,IC2,public,M,False,1,606.4245054138125,0.4846381940707739,303.21225270690627
SALES,JAZ,IC3,public,F,False,1,606.1322197741299,0.33410671750450605,303.06610988706495
HEALTH,RUH,IC3,public,F,False,2,605.7857007553362,0.1780649178023182,302.8928503776681
PM,JED,IC1,private,F,True,1,605.7306055709059,0.07746872589922522,302.86530278545297
MARKETING,JED,IC4,semigov,F,False,1,604.5654110576179,0.23417903577471844,302.28270552880895
SUPPLY,JAZ,IC3,private,F,False,1,604.3477300404511,0.4661800976223327,302.17386502022555
SALES,TAB,IC3,pif_backed,F,False,1,602.9318652751667,0.20165281390012796,301.46593263758336
SWE,EST,M1,mnc,F,False,1,602.609761456034,0.09048460098759188,301.304880728017
CUSTOMER,JED,IC4,startup,F,False,1,602.2817052362004,0.23324032690290866,301.1408526181002
SUPPLY,RUH,IC4,mnc,M,False,1,602.0349212447891,0.18221723961527606,301.01746062239454
ENG_CIVIL,NOR,CXO,mnc,F,False,1,601.0570226869859,0.05674657169761459,300.52851134349294
EDU,RUH,IC2,private,F,True,1,600.3751732662195,0.13186938580469384,300.18758663310973
CUSTOMER,QAS,M3,private,F,False,1,600.2807846330013,0.2965697965301956,300.14039231650065
HEALTH,TAB,IC4,private,M,False,1,599.9583205024057,0.3595275237539646,299.97916025120287
MARKETING,JED,M3,startup,F,False,1,599.6111211072139,0.0829931300207267,299.80556055360694
DATA,JED,IC2,private,M,True,1,597.7414613517312,0.06823730393238242,298.8707306758656
ENG_ELEC,JED,IC3,pif_backed,M,True,1,597.1707037414853,0.04681424971244492,298.58535187074267
SALES,ASR,M1,private,M,False,1,595.6081557118059,0.14963171271978148,297.80407785590296
HEALTH,JED,IC2,private,F,False,1,595.1311537981317,0.5148937489725979,297.56557689906583
CUSTOMER,JED,IC5,private,F,False,1,592.6342223417012,0.3618350756511931,296.3171111708506
SALES,ASR,IC4,private,M,False,2,592.087717640479,0.5708942155073102,296.0438588202395
HEALTH,NJR,IC3,public,F,False,1,591.3192251633266,0.28044423354243125,295.6596125816633
EDU,EST,IC2,public,F,False,1,589.6443305060347,0.5544913372127191,294.8221652530174
MARKETING,MAK,IC4,private,F,False,2,589.3865640626898,0.19437342094671334,294.6932820313449
ENG_CIVIL,JED,IC3,mnc,M,False,2,588.6132365196559,0.23845766135164548,294.3066182598279
HEALTH,ASR,IC4,private,F,True,1,584.9588503057676,0.05798741290180369,292.4794251528838
ENG_CIVIL,JED,M1,public,M,True,1,583.9959199389814,0.05481261703665331,291.9979599694907
MARKETING,QAS,IC5,private,M,False,1,583.9936351426713,0.11546826038136511,291.99681757133567
EDU,EST,IC2,pif_backed,F,True,1,582.5959623631925,0.07808630527957838,291.29798118159624
HR,RUH,IC5,private,F,True,1,581.7213003742581,0.030591032590774024,290.86065018712907
ENG_MECH,RUH,IC3,startup,M,False,2,581.3234718794819,0.402485903521573,290.66173593974094
PM,ASR,IC4,mnc,M,False,1,580.7663363712477,0.18364203861964581,290.38316818562384
SWE,TAB,IC5,public,M,False,1,580.3054112986147,0.12915392111167562,290.15270564930734
OPS,JED,D1,pif_backed,M,False,1,577.833983207458,0.10232551123187399,288.916991603729
EDU,JED,M3,semigov,F,False,1,576.9702687054523,0.10700060823849893,288.48513435272616
ENG_CIVIL,RUH,M2,semigov,M,False,1,576.4956207269997,0.08135740744930926,288.24781036349987
MARKETING,EST,IC4,public,F,False,1,574.5902064609029,0.22126093903345587,287.29510323045145
SUPPLY,TAB,IC4,pif_backed,M,False,1,574.4587629889361,0.19933144884909382,287.22938149446804
OPS,EST,IC3,public,M,False,2,573.6620240550632,0.3419088531953062,286.8310120275316
SWE,RUH,IC1,pif_backed,M,False,1,573.3734627836806,0.564947492964003,286.6867313918403
OPS,HAI,IC5,public,M,False,2,572.0564404163398,0.38708721175991223,286.0282202081699
HR,NJR,IC3,mnc,F,True,1,570.3434819951071,0.06480599297645681,285.17174099755357
MARKETING,HAI,IC4,private,F,False,1,570.2197357785831,0.2768605334897076,285.10986788929154
ENG_ELEC,RUH,IC2,public,M,False,1,570.0684404390076,0.45594904303962797,285.0342202195038
FIN,RUH,IC3,semigov,F,True,1,569.2403929358061,0.044852566346098674,284.62019646790304
SUPPLY,EST,IC3,startup,F,True,1,569.059806307574,0.04489750346197509,284.529903153787
OPS,RUH,IC5,public,M,False,1,567.2638159913463,0.1590886465521558,283.63190799567315
DESIGN,ASR,M2,public,F,False,1,563.0424068504585,0.14318895721126762,281.52120342522926
SUPPLY,RUH,IC4,public,M,False,1,562.5877961482179,0.2506930873024454,281.29389807410894
ENG_MECH,JED,IC3,public,M,False,2,560.2444156838176,0.3774964765433794,280.1222078419088
CUSTOMER,RUH,IC1,pif_backed,F,True,1,558.9392408209342,0.10490064568407147,279.4696204104671
HEALTH,JED,IC4,semigov,F,False,1,558.0704403466993,0.13063382526327458,279.03522017334967
ENG_MECH,RUH,IC6,private,M,False,1,557.0056300294882,0.07611436411816015,278.5028150147441
EDU,EST,IC4,private,F,False,1,556.997401015054,0.2504975830692717,278.498700507527
OPS,MAD,IC3,private,F,True,1,554.9705744542234,0.0929222310777833,277.4852872271117
DESIGN,NJR,IC4,private,F,False,1,552.3809116957191,0.2087094104014141,276.19045584785954
DATA,RUH,M3,private,M,True,1,551.9566099655567,0.015668680098577022,275.97830498277835
SALES,RUH,IC4,mnc,M,False,2,551.3265000323179,0.20575618180380523,275.66325001615894
SUPPLY,QAS,IC5,startup,M,True,1,549.4491671009018,0.03149765404219475,274.7245835504509
SALES,TAB,IC5,private,M,False,1,547.2193807037834,0.1928980709588915,273.6096903518917
SALES,EST,M3,private,M,False,1,546.6736939655443,0.21874610246041212,273.33684698277216
PM,RUH,IC5,semigov,F,True,1,545.7403715159417,0.026839065204121677,272.87018575797083
OPS,RUH,IC4,private,M,False,3,544.8441538406263,0.21717377458231976,272.42207692031315
DATA,EST,IC2,pif_backed,M,False,1,544.2536977972318,0.16685187686396066,272.1268488986159
ENG_ELEC,MAK,IC4,private,M,False,1,542.5614689485403,0.29685067119338704,271.28073447427016
EDU,EST,IC2,private,F,True,1,541.7652551984202,0.08943793960579009,270.8826275992101
HEALTH,EST,IC4,startup,F,True,1,541.5509983319917,0.044595474303840796,270.7754991659958
EDU,RUH,IC2,private,F,False,2,540.9805511263565,0.4410259151117687,270.4902755631783
SUPPLY,RUH,M1,semigov,M,False,1,540.9265653394491,0.2138889695716399,270.46328266972455
SWE,HAI,IC1,pif_backed,M,False,1,539.8347237109281,0.48943520526347717,269.91736185546404
SUPPLY,ASR,IC3,private,M,True,1,539.4599930570821,0.0853979193778554,269.72999652854105
SUPPLY,EST,M4,public,M,False,1,537.4676210478829,0.0936842444849422,268.73381052394143
HEALTH,JED,IC3,private,M,False,1,537.0793765485294,0.3062928930547686,268.5396882742647
HEALTH,NJR,M4,semigov,M,False,1,535.5711698128562,0.11976009722549263,267.7855849064281
ENG_MECH,QAS,IC4,private,M,False,1,533.6253385965279,0.18629977152147642,266.8126692982639
FIN,ASR,IC2,private,F,False,1,533.4535351113323,0.2533206713094526,266.72676755566613
CUSTOMER,EST,IC4,private,M,False,3,532.323129638618,0.1984839823281653,266.161564819309
EDU,TAB,IC3,private,F,False,2,530.3091167216064,0.4427944101438176,265.1545583608032
HEALTH,EST,IC3,private,M,False,1,530.1567968249469,0.22424755360436302,265.07839841247346
MARKETING,RUH,IC6,startup,M,False,1,529.7161890873385,0.14147430392770352,264.85809454366927
HEALTH,EST,IC2,mnc,M,False,1,529.710093345934,0.2445300883900819,264.855046672967
MARKETING,JAZ,M3,private,M,False,1,529.120140204137,0.1882675234190557,264.5600701020685
FIN,RUH,IC4,private,M,False,1,528.855443448479,0.19700450069527078,264.4277217242395
CUSTOMER,JED,IC6,public,F,True,1,528.019124911847,0.025274041561527735,264.0095624559235
DATA,RUH,IC4,private,M,False,1,527.6638384340004,0.08606723360247301,263.8319192170002
SWE,JED,IC3,private,M,False,1,524.9001494701665,0.11645153928514833,262.45007473508326
EDU,EST,M3,public,M,True,1,524.4743763933129,0.03731557620037184,262.23718819665646
LEGAL,RUH,IC1,public,M,False,1,519.993201747066,0.20052279217816898,259.996600873533
ENG_ELEC,MAK,M4,semigov,M,False,1,519.3169645453054,0.05380117568243785,259.6584822726527
SALES,JAZ,IC3,semigov,F,False,1,518.0062176162019,0.2104977321007894,259.00310880810093
HR,RUH,M1,private,F,False,3,517.4621895628953,0.20192205905021898,258.73109478144767
SWE,ASR,M1,public,M,False,1,517.0844623668495,0.1663094396180743,258.54223118342475
EDU,EST,IC2,public,M,True,1,516.6765475770226,0.09362246041075131,258.3382737885113
OPS,EST,D2,public,M,False,1,514.6110028067333,0.0801693661255662,257.30550140336663
EDU,JED,M1,startup,M,True,1,513.0911893995799,0.048433490000573565,256.54559469978994
HR,RUH,IC3,private,M,False,1,512.8929134132559,0.21832643125360157,256.44645670662794
ENG_MECH,RUH,M2,private,M,False,3,512.840688925965,0.09486754602918956,256.4203444629825
HEALTH,JED,IC2,public,M,False,1,512.0812089467274,0.24766839211748695,256.0406044733637
MARKETING,QAS,M4,private,M,False,1,511.7908711451746,0.1034129955624847,255.8954355725873
ENG_CIVIL,TAB,IC3,private,M,False,1,510.7819158889074,0.4771132223465623,255.3909579444537
SALES,RUH,IC3,private,F,True,1,509.6169097686234,0.044334919793098455,254.8084548843117
SALES,EST,IC4,private,F,False,2,509.4379067059581,0.17888446903623506,254.71895335297904
SWE,TAB,IC3,semigov,M,False,1,507.8671171000924,0.1796506896518265,253.9335585500462
HEALTH,EST,IC3,public,F,False,3,506.88421483816086,0.31912722265652455,253.44210741908043
SUPPLY,JED,IC5,pif_backed,M,False,1,506.1385020206676,0.1270457414940711,253.0692510103338
OPS,RUH,IC2,semigov,M,False,1,505.3864253996737,0.37462664259114603,252.69321269983686
CUSTOMER,RUH,IC4,pif_backed,F,False,1,504.4225642129236,0.2496126039282828,252.2112821064618
PM,RUH,IC3,mnc,M,False,1,503.4790891788225,0.0994727567023822,251.73954458941125
SUPPLY,RUH,IC4,private,M,False,4,502.74602757159903,0.17461756205755502,251.37301378579951
ENG_MECH,JED,IC3,mnc,M,True,1,502.13531867819074,0.05361985240701911,251.06765933909537
PM,RUH,IC5,private,M,False,1,501.3848121285291,0.09245619992067822,250.69240606426456
OPS,JAZ,IC4,public,M,False,1,500.5275446992157,0.4407478152792538,250.26377234960785
ENG_CIVIL,QAS,M4,private,M,False,1,499.00373558678484,0.12883640590358458,249.50186779339242
SALES,RUH,IC3,public,F,False,1,495.86877230944424,0.3944587330643507,247.93438615472212
HR,JED,M2,public,F,True,2,492.6857001278049,0.039606870051157504,246.34285006390246
HR,ASR,IC2,private,M,False,1,489.2985217543976,0.23211053424759742,244.6492608771988
LEGAL,NOR,IC6,mnc,M,True,1,489.1084148604896,0.023578745513160266,244.5542074302448
FIN,QAS,IC4,private,F,False,1,486.6135250062464,0.22161922582766688,243.3067625031232
CUSTOMER,EST,IC3,pif_backed,M,False,1,486.568420012841,0.20498012123421566,243.2842100064205
MARKETING,JED,IC1,mnc,M,True,1,486.00152074942616,0.07656889812514517,243.00076037471308
DESIGN,EST,IC3,mnc,F,False,1,484.7039991838319,0.327742520833835,242.35199959191596
EDU,JED,M1,public,F,True,1,483.7731153612076,0.0711504067225579,241.8865576806038
ENG_ELEC,RUH,IC3,public,M,False,3,483.69848069876116,0.2779100048371903,241.84924034938058
CUSTOMER,RUH,IC2,public,F,True,1,483.59994481938793,0.06994292532303675,241.79997240969396
ENG_ELEC,RUH,IC6,pif_backed,M,False,1,483.3921593894347,0.06690429458402566,241.69607969471735
HR,QAS,M3,private,F,False,1,482.96162176364396,0.13507087102535253,241.48081088182198
SALES,QAS,IC3,public,M,False,1,481.8894162271904,0.225481559957276,240.9447081135952
DESIGN,RUH,IC1,mnc,M,False,1,481.50910856130395,0.19819733083945668,240.75455428065197
MARKETING,JED,IC3,private,F,True,1,480.45551573089506,0.057398913808128775,240.22775786544753
FIN,RUH,M1,public,F,False,1,479.1083223161586,0.08628346678324283,239.5541611580793
FIN,QAS,IC3,public,F,False,1,477.3197759657644,0.28659070806416564,238.6598879828822
SALES,EST,IC3,private,F,False,1,475.73380781772084,0.3787072776487461,237.86690390886042
SUPPLY,MAK,IC6,private,M,False,1,473.5539636795552,0.14986046256586721,236.7769818397776
SALES,JED,M1,private,M,False,2,471.40727949346376,0.2388091369556732,235.70363974673188
SWE,RUH,IC2,private,M,False,2,471.1547790716277,0.2279286982360495,235.57738953581384
DESIGN,EST,IC3,semigov,F,False,1,470.88886264389157,0.19840403894280137,235.44443132194579
EDU,RUH,M2,private,M,False,1,469.6764310425092,0.11266597460885304,234.8382155212546
HR,RUH,IC3,mnc,M,False,1,469.4381732032175,0.13965762864389694,234.71908660160875
SALES,RUH,IC2,mnc,F,False,1,467.97006834784224,0.22759055264422345,233.98503417392112
HEALTH,RUH,M1,private,F,False,2,467.68623915594026,0.15556800329642304,233.84311957797013
SWE,MAD,M3,public,M,False,1,467.2597283207815,0.05355700844888044,233.62986416039075
HEALTH,JED,IC3,semigov,F,True,2,466.78141208146553,0.04750364728681856,233.39070604073277
HR,RUH,D2,private,F,False,1,466.7225591012748,0.05606699770886342,233.3612795506374
FIN,RUH,IC3,private,F,False,2,466.68699329489505,0.15403924271127847,233.34349664744752
SALES,JAZ,M3,semigov,M,True,1,466.5889179184014,0.021244694064619537,233.2944589592007
HR,EST,IC5,private,M,False,1,466.32658243848437,0.1470748077520247,233.16329121924218
DATA,MAK,IC3,private,M,False,1,464.94322570024315,0.18264091085849354,232.47161285012157
ENG_ELEC,JED,IC4,mnc,M,False,1,464.73750969265166,0.10823377307954651,232.36875484632583
SALES,JED,M5,private,M,True,1,463.3036169761617,0.01165087622173635,231.65180848808086
DESIGN,EST,IC2,private,M,False,1,463.25275913586506,0.3255315896331268,231.62637956793253
MARKETING,RUH,IC4,private,F,False,3,460.9945327511771,0.26962850220170365,230.49726637558854
SUPPLY,RUH,IC5,public,F,False,1,460.5865565538211,0.16966047433655027,230.29327827691054
FIN,MAK,M2,semigov,M,True,1,460.56604691882603,0.0200714151940448,230.28302345941302
FIN,EST,IC3,pif_backed,M,False,2,460.3592398211447,0.16313654580178724,230.17961991057234
DATA,EST,IC2,semigov,M,False,1,459.4405022844462,0.2097432242101228,229.7202511422231
DESIGN,RUH,IC5,semigov,F,True,1,459.2869055219744,0.01779286521364586,229.6434527609872
ENG_MECH,HAI,IC4,public,M,False,1,458.01768637874284,0.16459623724893324,229.00884318937142
ENG_CIVIL,RUH,IC3,semigov,M,False,1,457.94361598286696,0.19245796288737438,228.97180799143348
SUPPLY,EST,IC4,semigov,F,False,1,457.9367448562123,0.24328391428613688,228.96837242810614
CUSTOMER,EST,IC3,mnc,M,False,1,456.71951547973777,0.22057011525600995,228.35975773986888
PM,RUH,IC4,private,F,True,1,456.6012606193581,0.024705222741371227,228.30063030967904
HEALTH,EST,IC4,semigov,F,False,1,454.48657348749975,0.12210239502437717,227.24328674374988
ENG_CIVIL,JED,M2,public,M,False,1,450.9214566738747,0.15089765289701498,225.46072833693734
SUPPLY,RUH,IC3,mnc,M,False,2,450.4990120648175,0.3243035176328387,225.24950603240876
OPS,RUH,IC2,private,M,False,3,449.9517100061828,0.286840597681615,224.9758550030914
SALES,EST,IC4,semigov,F,True,1,447.5587177575526,0.028231160608847474,223.7793588787763
ENG_ELEC,BAH,M5,private,F,False,1,445.736560345581,0.07762232578371378,222.8682801727905
DATA,QAS,IC4,private,M,False,1,445.1608176438963,0.1121984562560479,222.58040882194814
SALES,MAD,IC4,private,F,False,1,444.3757476995513,0.2729354368191135,222.18787384977566
DESIGN,TAB,IC3,mnc,M,False,1,443.4297265162677,0.2078421451477395,221.71486325813385
ENG_MECH,JED,IC4,semigov,M,False,2,442.5973222841585,0.13845021873625263,221.29866114207925
HR,BAH,IC4,public,F,False,1,440.8937801644008,0.27263813958929184,220.4468900822004
ENG_CIVIL,JED,IC4,private,M,False,3,439.97287821774034,0.15040751488245904,219.98643910887017
CUSTOMER,JED,IC2,private,F,False,1,437.64669117598373,0.2986345740689636,218.82334558799187
FIN,NJR,IC4,public,F,False,1,437.152082131262,0.15193595792556516,218.576041065631
HEALTH,JAZ,M2,semigov,F,False,1,436.36327839258,0.1305403260026534,218.18163919629
FIN,JED,IC3,public,M,False,1,436.1705230149594,0.3081545788585177,218.0852615074797
SALES,RUH,IC2,mnc,M,False,1,435.2637283320787,0.3554498296299319,217.63186416603935
EDU,ASR,IC4,private,F,True,1,434.60294734006675,0.07580892879902255,217.30147367003337
CUSTOMER,JED,IC4,private,F,False,2,434.5357549871137,0.3932198234795687,217.26787749355685
CUSTOMER,RUH,IC6,pif_backed,F,False,1,434.1740886588773,0.16519115874221116,217.08704432943864
HR,RUH,IC4,semigov,M,False,1,432.90935123047166,0.10773285587500024,216.45467561523583
HEALTH,MAD,IC4,semigov,M,False,1,430.67721685959077,0.13602321456852604,215.33860842979539
HR,MAK,IC3,public,F,False,1,427.55516342474766,0.2984005814639956,213.77758171237383
HEALTH,JED,CXO,private,M,True,1,427.4313508978157,0.012822239300825617,213.71567544890786
SUPPLY,TAB,IC3,public,M,True,1,426.17174545581383,0.07456450696728376,213.08587272790692
CUSTOMER,EST,IC3,pif_backed,F,False,1,425.81415973711637,0.19747754124279396,212.90707986855818
OPS,TAB,M2,startup,M,False,1,425.3826235267702,0.10470030911863852,212.6913117633851
SUPPLY,JED,M1,private,M,False,1,423.4376912627158,0.15307937779585343,211.7188456313579
FIN,RUH,IC2,private,M,False,2,423.084981044491,0.270512951528012,211.5424905222455
FIN,HAI,IC3,mnc,M,False,1,419.95482168129536,0.414214639209648,209.97741084064768
OPS,EST,M5,mnc,M,False,1,418.41010284160075,0.05089330513323471,209.20505142080037
SALES,TAB,IC2,public,F,False,1,417.444076481539,0.3285292275300331,208.7220382407695
OPS,MAD,IC4,startup,M,False,1,417.22814034984367,0.1494563519831243,208.61407017492184
CUSTOMER,RUH,IC2,semigov,M,True,1,417.0327158285427,0.07168201214156848,208.51635791427134
SUPPLY,RUH,D2,private,M,True,1,416.9938843812124,0.016420031764260098,208.4969421906062
EDU,RUH,IC4,startup,M,False,1,416.8737149327003,0.1873627189868159,208.43685746635015
SWE,EST,IC2,mnc,M,False,1,415.93004077642263,0.17506185726377185,207.96502038821131
PM,MAK,IC4,public,M,False,1,415.8561723072753,0.10805223979455623,207.92808615363765
PM,JAZ,IC4,semigov,M,False,1,414.708838822668,0.1294463314066218,207.354419411334
ENG_MECH,RUH,IC3,private,M,False,3,412.5217664395021,0.16701304133409042,206.26088321975104
EDU,RUH,IC2,public,M,True,1,412.3909668584447,0.07809621382330428,206.19548342922235
SWE,MAK,M3,private,F,False,1,411.9085308226913,0.03663358970778797,205.95426541134566
SUPPLY,EST,IC2,semigov,M,False,1,410.3982059440423,0.20332343460535052,205.19910297202114
SALES,NOR,IC3,mnc,M,True,1,409.661535892079,0.04582297401517686,204.8307679460395
SUPPLY,JAZ,M2,private,M,False,1,407.2968106894559,0.129259121047137,203.64840534472796
FIN,EST,IC2,semigov,F,True,1,407.1005830481736,0.04394350136905559,203.5502915240868
MARKETING,ASR,IC3,semigov,F,False,1,405.4059770870149,0.2304815144349621,202.70298854350744
MARKETING,RUH,IC4,public,F,True,1,403.69081673283836,0.03775136997041907,201.84540836641918
SALES,BAH,IC4,startup,F,False,1,402.5826116593737,0.24202870565975199,201.29130582968685
SWE,MAD,IC2,startup,M,False,1,402.15577530826704,0.11300397028597421,201.07788765413352
OPS,HAI,IC4,private,M,False,1,399.24524167215486,0.2935051549335039,199.62262083607743
SUPPLY,RUH,IC2,mnc,M,False,1,397.3322995380079,0.36398109023482716,198.66614976900394
SWE,ASR,IC3,private,M,False,1,395.9618725786995,0.17972444952600353,197.98093628934976
ENG_CIVIL,JED,IC3,public,M,True,1,394.12360384166277,0.04105259159060194,197.06180192083139
PM,RUH,IC1,private,M,False,1,392.90043011833086,0.26888378201401,196.45021505916543
SUPPLY,ASR,IC4,semigov,M,False,1,392.1496186762961,0.22614381757460392,196.07480933814804
HR,MAD,IC4,startup,F,False,1,390.15862077622296,0.1354864701050215,195.07931038811148
ENG_ELEC,JED,IC6,mnc,M,False,1,389.92881349247455,0.07806034660245748,194.96440674623727
EDU,RUH,IC5,private,F,False,1,388.775343177218,0.09671496246715926,194.387671588609
PM,RUH,IC3,public,M,False,2,388.38722246674274,0.1126421432384189,194.19361123337137
EDU,RUH,IC4,public,M,False,1,388.3166353193342,0.1280620017926348,194.1583176596671
HEALTH,JED,M4,private,F,False,1,388.24236475782527,0.06290564231609554,194.12118237891264
EDU,ASR,IC4,private,F,False,1,386.0479329067048,0.11012593082448816,193.0239664533524
HEALTH,RUH,IC3,semigov,F,False,3,385.57797732080115,0.16266713088711054,192.78898866040058
ENG_MECH,ASR,IC3,private,M,False,1,384.759691265647,0.1858071875970564,192.3798456328235
SALES,EST,IC3,mnc,F,False,1,383.91343350672423,0.2471677401528845,191.95671675336212
EDU,EST,IC3,semigov,F,False,1,380.5376128520861,0.20134055930609318,190.26880642604306
SALES,MAK,IC4,private,M,False,1,379.72888291528625,0.19351248365106694,189.86444145764312
ENG_MECH,EST,IC4,mnc,M,True,2,379.0989699525471,0.027447357750878438,189.54948497627356
ENG_CIVIL,EST,M1,private,M,False,2,378.5813004257932,0.1463809610103736,189.2906502128966
ENG_CIVIL,QAS,IC4,startup,M,False,1,377.6126457595976,0.24165272420985948,188.8063228797988
DATA,EST,IC2,private,M,True,1,376.6438689658953,0.047151332579678365,188.32193448294765
LEGAL,EST,IC2,private,F,False,1,376.38747588558726,0.1587110941811503,188.19373794279363
FIN,MAD,M2,public,F,False,1,375.4917011119942,0.05583154936957127,187.7458505559971
ENG_CIVIL,RUH,IC4,private,M,False,2,374.289169730376,0.16006727547490368,187.144584865188
OPS,EST,M2,public,F,False,1,373.7658609199507,0.1054211604921364,186.88293045997534
OPS,JED,IC3,public,F,True,1,373.16629867944994,0.05119690667528265,186.58314933972497
ENG_MECH,RUH,IC3,semigov,M,False,2,371.33802957923524,0.15519783335617432,185.66901478961762
SALES,RUH,IC1,semigov,M,True,1,370.4310049549704,0.05536950199198205,185.2155024774852
ENG_MECH,RUH,M3,semigov,M,False,1,370.1509116878224,0.07794771617963425,185.0754558439112
SUPPLY,RUH,IC5,private,M,True,1,369.43951985331296,0.02976864309877117,184.71975992665648
CUSTOMER,RUH,IC4,private,M,False,1,368.5879184779085,0.26106442193677354,184.29395923895424
ENG_MECH,RUH,IC2,pif_backed,F,False,1,367.7622664214523,0.1390947552625944,183.88113321072615
CUSTOMER,RUH,IC4,public,M,False,1,366.8591142816524,0.3166578495310562,183.4295571408262
FIN,MAK,IC4,private,F,False,1,366.36794110351207,0.2152114826045103,183.18397055175603
CUSTOMER,EST,IC4,public,F,False,1,366.30038667457916,0.2669311840933592,183.15019333728958
ENG_MECH,JED,IC4,private,M,False,1,365.7076503992075,0.06009898733500635,182.85382519960376
SWE,RUH,IC2,mnc,M,False,2,365.16082602556685,0.1334046905120459,182.58041301278342
OPS,ASR,IC3,private,M,False,1,363.74092073030783,0.2601798068359805,181.87046036515392
SUPPLY,RUH,IC1,startup,M,False,1,363.66622855446667,0.3550717665635066,181.83311427723334
ENG_CIVIL,EST,M3,semigov,M,True,1,361.417574365325,0.01579360291472011,180.7087871826625
ENG_CIVIL,TAB,IC3,startup,M,False,1,358.9933656857229,0.29784880609242165,179.49668284286145
SALES,RUH,IC4,pif_backed,F,False,1,358.6774485898518,0.09615939041789956,179.3387242949259
EDU,NJR,M2,private,F,False,1,356.71741770026165,0.1374383764192085,178.35870885013082
CUSTOMER,JED,M1,private,M,False,2,355.7826755673975,0.2562804310802395,177.89133778369876
FIN,RUH,IC1,private,F,False,1,355.17138483980784,0.22133578757673272,177.58569241990392
HR,MAD,IC3,semigov,F,False,1,354.74278750043095,0.1405472071996179,177.37139375021547
EDU,EST,IC4,private,F,True,1,353.6190499132117,0.04195505060693518,176.80952495660586
ENG_MECH,NJR,IC6,mnc,M,False,1,352.6002879032744,0.11012485105414341,176.3001439516372
ENG_MECH,EST,IC2,semigov,M,False,1,350.64921407062207,0.15065182903795707,175.32460703531103
SALES,ASR,IC3,private,M,False,1,350.25340049333136,0.16307523149596,175.12670024666568
HR,EST,IC4,mnc,M,False,1,348.67338713089885,0.12587027828752795,174.33669356544942
HEALTH,QAS,M2,private,M,False,1,348.4016046114807,0.09482581694133689,174.20080230574035
ENG_CIVIL,QAS,IC3,mnc,M,False,1,347.8123863964138,0.18768527368226823,173.9061931982069
OPS,ASR,IC2,semigov,F,True,1,345.3803713503303,0.08200734131555285,172.69018567516514
SUPPLY,EST,IC5,private,M,False,1,344.69251128765336,0.15126988945308442,172.34625564382668
SALES,JED,IC2,startup,F,False,1,343.4593726551193,0.27358596372627814,171.72968632755965
PM,JED,IC4,public,F,False,1,341.3392721881046,0.11170367705062301,170.6696360940523
ENG_CIVIL,NOR,IC6,private,M,False,1,341.3093023087149,0.10218236387703432,170.65465115435745
SUPPLY,MAK,IC4,private,M,False,1,340.50881031297445,0.14428808127835452,170.25440515648722
SWE,MAK,IC3,semigov,M,False,1,340.4310249282539,0.1102970573425419,170.21551246412696
OPS,EST,IC4,semigov,F,False,1,339.42220399664757,0.11522590326582353,169.71110199832378
CUSTOMER,JED,IC2,private,M,False,1,338.97197527951755,0.3342795541800086,169.48598763975878
HEALTH,RUH,IC2,private,M,False,2,338.0015847476434,0.1448900615758555,169.0007923738217
HR,JED,M1,startup,F,False,1,336.20705154289317,0.11375051215202417,168.10352577144658
OPS,RUH,IC4,mnc,M,False,1,335.96135029849074,0.1324927527016999,167.98067514924537
SALES,RUH,IC4,public,F,False,1,334.43820214594234,0.12455065183996829,167.21910107297117
EDU,JED,D1,semigov,F,False,1,334.1777062913561,0.047845245272605655,167.08885314567806
SUPPLY,JAZ,IC3,private,M,True,1,333.53837007484253,0.037225372540904605,166.76918503742127
SALES,EST,IC1,pif_backed,M,False,1,332.97878897887836,0.215192668288655,166.48939448943918
ENG_MECH,RUH,IC2,private,M,False,4,329.70765285026647,0.2170500373080662,164.85382642513324
HEALTH,BAH,IC4,private,F,True,1,328.2201213551307,0.038396136869398564,164.11006067756534
CUSTOMER,QAS,IC5,public,M,False,1,326.9629955484072,0.18934575165772097,163.4814977742036
DESIGN,RUH,IC3,mnc,F,False,1,326.04861353071965,0.0860995824183681,163.02430676535982
ENG_CIVIL,JED,M4,private,M,False,1,325.66771586094274,0.07827651776449696,162.83385793047137
OPS,RUH,IC4,public,F,False,2,324.24032074348247,0.09176516561858342,162.12016037174124
EDU,NJR,M1,mnc,F,True,1,322.5434123117211,0.031064844748824965,161.27170615586056
ENG_ELEC,EST,M3,public,M,False,1,321.27314167735494,0.04680263648253561,160.63657083867747
ENG_MECH,JED,M1,public,M,False,1,319.3006892936505,0.17073255901887194,159.65034464682526
ENG_CIVIL,EST,IC2,startup,M,False,1,317.77372149020835,0.2469433615996329,158.88686074510417
DATA,JED,IC3,private,F,False,1,315.7457718548758,0.10681332094236569,157.8728859274379
SWE,JED,IC2,private,M,False,1,314.8795528684891,0.10223840655193928,157.43977643424455
CUSTOMER,TAB,IC2,semigov,F,False,1,313.7027360356228,0.11723998618020716,156.8513680178114
CUSTOMER,EST,IC4,private,F,False,3,313.0897240073229,0.23620108534350726,156.54486200366145
DESIGN,EST,IC5,public,M,False,1,312.7774783736918,0.1064167522486424,156.3887391868459
SWE,RUH,IC3,private,F,False,2,309.8684346967102,0.13049403338772683,154.9342173483551
SUPPLY,EST,IC4,private,M,False,1,309.62663270098255,0.1531494633302807,154.81331635049128
SALES,ASR,M1,public,M,False,1,308.16101998257545,0.11895250352852735,154.08050999128773
HEALTH,JAZ,IC2,private,F,True,1,307.441119378469,0.0693268309058431,153.7205596892345
HEALTH,RUH,D1,startup,F,True,1,306.82877636231933,0.011965305019650952,153.41438818115967
SUPPLY,ASR,IC3,private,M,False,1,306.70780388921844,0.275808305348134,153.35390194460922
PM,EST,M1,public,M,False,1,306.53211779959565,0.06412540362257603,153.26605889979783
FIN,RUH,M1,semigov,F,False,1,306.1486599992113,0.04728265682367062,153.07432999960565
SWE,MAD,IC3,semigov,M,False,1,305.86068455208306,0.10020191152643573,152.93034227604153
MARKETING,TAB,D1,public,M,False,1,305.56075545773547,0.048646580701055604,152.78037772886773
OPS,EST,IC4,public,M,False,1,304.6963205778525,0.123262784084087,152.34816028892624
SWE,BAH,IC1,private,M,False,1,304.0155587013062,0.1808190155170494,152.0077793506531
ENG_CIVIL,EST,IC3,semigov,M,False,1,301.9448440620381,0.17705206859188258,150.97242203101905
ENG_ELEC,RUH,IC4,private,F,False,1,301.3198119645085,0.12312705328264169,150.65990598225426
EDU,RUH,IC2,pif_backed,M,True,1,300.3733326684869,0.04938276685105543,150.18666633424345
PM,MAK,IC5,semigov,F,False,1,299.990554190882,0.057125687949964477,149.995277095441
CUSTOMER,RUH,D2,public,M,False,1,299.4110774925407,0.08689585594890181,149.70553874627035
PM,JED,IC4,mnc,M,True,1,299.3755411369857,0.017121682032832385,149.68777056849285
ENG_MECH,RUH,IC2,public,M,False,2,298.08186994720256,0.20834769870653286,149.04093497360128
OPS,EST,IC2,private,F,False,1,297.51943220352155,0.1780264434429383,148.75971610176077
OPS,JED,IC2,mnc,M,False,1,296.3877113459773,0.1471255278424508,148.19385567298866
ENG_ELEC,EST,IC4,private,M,False,3,296.1306901505195,0.09862104912174667,148.06534507525976
SWE,EST,IC1,private,M,True,1,295.5567778528548,0.04719545304188433,147.7783889264274
OPS,EST,IC4,mnc,M,False,1,295.48440225194236,0.07721677516721515,147.74220112597118
OPS,JAZ,IC1,semigov,F,False,1,295.44381203272997,0.2855845250631035,147.72190601636498
ENG_MECH,JED,IC2,mnc,M,False,1,294.2507410119367,0.16311005636353146,147.12537050596836
LEGAL,RUH,IC4,private,F,False,2,293.44622562590257,0.05697588593173603,146.72311281295129
DESIGN,JED,IC5,pif_backed,M,False,1,292.51078368080016,0.04189479356166223,146.25539184040008
SWE,JED,IC2,semigov,M,False,1,291.28462576149786,0.08511917469782691,145.64231288074893
SALES,NOR,IC3,semigov,M,False,1,289.1918646379602,0.2233306122892239,144.5959323189801
FIN,RUH,IC5,startup,F,False,1,288.89199863349677,0.05853086555029744,144.44599931674838
HR,TAB,IC4,private,F,False,1,287.72445907732435,0.06184403950103672,143.86222953866218
HEALTH,JED,IC3,private,F,False,1,287.4104739310442,0.11552813402821457,143.7052369655221
FIN,JED,IC5,public,M,True,1,285.6754261337337,0.01575326054784187,142.83771306686685
CUSTOMER,JED,IC3,mnc,M,False,1,284.9393944317794,0.2312704298396752,142.4696972158897
ENG_ELEC,EST,IC1,private,F,False,1,284.2396895885977,0.15090070466437314,142.11984479429884
ENG_ELEC,EST,IC3,semigov,F,False,1,284.1640766878884,0.14614538544623615,142.0820383439442
ENG_CIVIL,ASR,M1,public,M,True,1,283.0784960864885,0.03593822663693912,141.53924804324424
LEGAL,RUH,IC3,private,F,True,1,282.5364315853276,0.031033654155553855,141.2682157926638
HEALTH,RUH,IC1,private,M,False,1,280.96315032509347,0.23845993000145235,140.48157516254673
OPS,BAH,IC3,public,M,False,1,280.2102227984676,0.26283845349276574,140.1051113992338
ENG_CIVIL,RUH,IC3,private,M,False,4,280.13217716987856,0.1281824140913604,140.06608858493928
CUSTOMER,RUH,IC3,private,M,False,1,279.4920115265288,0.15564141261982142,139.7460057632644
HEALTH,ASR,IC1,semigov,F,False,1,278.1518516183992,0.23918673805522345,139.0759258091996
LEGAL,ASR,IC4,private,M,False,1,276.26009383087694,0.10604043953592777,138.13004691543847
HEALTH,ASR,IC3,private,F,False,1,274.76474103210353,0.16410921334474354,137.38237051605176
SWE,JAZ,IC3,mnc,M,False,1,273.95588598870927,0.12029520769720357,136.97794299435463
FIN,MAD,IC1,private,F,True,1,272.2748026122699,0.04927925145200151,136.13740130613496
HEALTH,MAK,IC2,public,M,False,1,270.666055327305,0.2402080221372111,135.3330276636525
ENG_CIVIL,EST,IC3,public,M,False,1,270.03978426594404,0.14707225179007002,135.01989213297202
SWE,EST,IC6,pif_backed,M,False,1,269.79022070910924,0.03193165305753693,134.89511035455462
OPS,JED,M1,pif_backed,M,False,1,268.9463561584312,0.07176869310423523,134.4731780792156
MARKETING,RUH,IC6,public,M,False,1,268.85584795062823,0.10377038097013892,134.42792397531412
OPS,EST,IC3,semigov,M,False,1,268.6107768413699,0.14848971753802098,134.30538842068495
ENG_CIVIL,MAK,D1,private,M,False,1,267.8382035237719,0.023098939123068866,133.91910176188594
HEALTH,HAI,IC4,public,F,False,1,267.701938280853,0.10560634089625044,133.8509691404265
SUPPLY,RUH,IC3,private,M,False,1,266.3719904449997,0.13602525310697133,133.18599522249986
MARKETING,NOR,M3,mnc,F,False,1,263.3189835719995,0.09193724069715653,131.65949178599976
SUPPLY,QAS,IC3,mnc,M,False,1,262.7117321325343,0.12537086273930031,131.35586606626714
CUSTOMER,RUH,IC3,pif_backed,M,True,1,258.66435746519164,0.02827708646517171,129.33217873259582
SALES,RUH,IC3,public,M,False,1,257.17734051324237,0.21600673374233278,128.58867025662119
HEALTH,MAK,IC2,public,F,False,1,256.7600038924454,0.22085349839156085,128.3800019462227
ENG_ELEC,EST,IC4,pif_backed,M,True,1,256.54843884662296,0.01599840285323544,128.27421942331148
CUSTOMER,JED,IC4,public,F,False,1,256.3328593830165,0.22345646581056677,128.16642969150826
SUPPLY,RUH,IC2,private,M,False,1,254.1257045735913,0.2195226298858429,127.06285228679565
HEALTH,JAZ,IC4,pif_backed,F,False,1,254.10449275704423,0.07798950631085051,127.05224637852211
PM,RUH,M2,mnc,M,False,1,253.92118458066125,0.037965363713007405,126.96059229033062
HEALTH,QAS,IC4,startup,M,False,1,253.66027932764518,0.1435895095829023,126.83013966382259
DESIGN,MAK,IC3,private,F,False,1,252.4423922471815,0.09422361837391925,126.22119612359074
FIN,EST,IC3,public,M,False,1,251.91650364917496,0.0741941247527455,125.95825182458748
ENG_CIVIL,TAB,IC4,public,M,False,1,251.65826247658538,0.15754323994006258,125.82913123829269
CUSTOMER,RUH,M1,public,F,False,1,248.06298947616074,0.12418529068451122,124.03149473808037
DESIGN,RUH,IC2,public,F,False,1,247.90614181243745,0.12272609924574841,123.95307090621873
FIN,RUH,IC1,private,M,False,1,246.70201829420193,0.12872239676956576,123.35100914710097
EDU,NJR,IC4,private,M,False,1,245.8000133154069,0.15062780217085828,122.90000665770344
HEALTH,JED,IC2,private,M,False,1,243.5183330353484,0.16422886328367808,121.7591665176742
EDU,JAZ,M3,semigov,F,False,1,242.7636153418457,0.06337091206725197,121.38180767092285
HR,RUH,IC3,semigov,M,False,1,242.46656877312944,0.09451116528829855,121.23328438656472
OPS,RUH,IC3,private,M,False,2,241.90655495680062,0.09880119525374376,120.95327747840031
FIN,RUH,IC3,public,F,False,1,240.9931204036552,0.07355516174792184,120.4965602018276
ENG_MECH,RUH,IC3,public,M,False,1,239.20800636364152,0.10781212125393727,119.60400318182076
SWE,JED,M3,semigov,F,False,1,237.80784173296524,0.02177464812269122,118.90392086648262
SALES,TAB,M1,private,M,False,1,236.18398810262897,0.06409719537964902,118.09199405131449
CUSTOMER,RUH,IC3,startup,M,True,1,235.93499841036828,0.024977105345465992,117.96749920518414
SWE,HAI,IC4,private,M,False,1,234.67432205739078,0.09241225641085724,117.33716102869539
DATA,BAH,IC2,semigov,M,True,1,232.4812178700222,0.029144430302378586,116.2406089350111
DESIGN,JED,IC3,private,M,False,1,231.82841037763637,0.06665072495319904,115.91420518881819
EDU,RUH,IC2,semigov,F,False,1,231.18715216570695,0.15207053972355591,115.59357608285347
SUPPLY,EST,IC3,semigov,M,False,2,229.85003462760596,0.1437403085679307,114.92501731380298
EDU,ASR,IC4,mnc,F,True,1,229.84396960948015,0.027296486836139514,114.92198480474008
HR,QAS,IC3,private,F,True,1,229.82693433380973,0.028111633073613175,114.91346716690487
SALES,EST,IC3,semigov,M,False,1,229.6524575757776,0.0647515728896759,114.8262287878888
SWE,RUH,M3,startup,M,False,1,228.96922122500837,0.025750222464981425,114.48461061250418
HEALTH,RUH,M1,mnc,F,False,1,228.7717933692802,0.05044171736889152,114.3858966846401
HR,RUH,IC3,pif_backed,F,False,1,227.71426237473497,0.05523169034696012,113.85713118736749
EDU,TAB,M1,private,F,True,1,226.34580280432965,0.023178942442372834,113.17290140216483
FIN,MAD,IC2,public,F,True,1,225.92960664234852,0.03077479359108662,112.96480332117426
OPS,JAZ,IC3,public,M,False,1,225.47264970317906,0.14730880298413113,112.73632485158953
SALES,RUH,D1,public,M,False,1,221.26700387931032,0.044249532563592445,110.63350193965516
SWE,RUH,M1,public,M,True,1,220.1473280480932,0.01047099362000965,110.0736640240466
SALES,EST,IC3,public,F,False,1,218.7881900466457,0.10760325365192988,109.39409502332285
CUSTOMER,JAZ,IC5,public,M,False,1,218.56210289623095,0.1464317064429932,109.28105144811548
DESIGN,EST,IC2,private,F,False,1,218.4153934646074,0.09742142120084869,109.2076967323037
PM,RUH,VP,public,F,False,1,217.19618547957361,0.01282720079815649,108.59809273978681
ENG_ELEC,RUH,IC2,private,M,False,1,216.06880037320138,0.16141183446904542,108.03440018660069
FIN,RUH,IC3,mnc,F,False,1,215.9120949153696,0.13561386291557498,107.9560474576848
SWE,MAD,IC3,private,M,True,1,214.92345489699255,0.018588393585087164,107.46172744849628
CUSTOMER,EST,M2,startup,M,False,1,213.97970721181696,0.13124035291257272,106.98985360590848
ENG_ELEC,ASR,IC1,semigov,M,True,1,213.8478588549042,0.04609092108852397,106.9239294274521
ENG_CIVIL,RUH,M3,pif_backed,M,False,1,211.89057049025905,0.045577555751582004,105.94528524512953
HR,RUH,IC4,private,F,False,1,211.88125042706042,0.06322795539775673,105.94062521353021
EDU,EST,IC4,pif_backed,F,True,1,211.1645961222839,0.017555356333947635,105.58229806114196
SUPPLY,JED,M1,pif_backed,F,False,1,210.9077542746445,0.04683698072221223,105.45387713732225
HEALTH,EST,IC6,mnc,F,False,1,210.67577112373965,0.02978719242898246,105.33788556186983
HR,RUH,IC4,mnc,M,False,2,208.14690018585748,0.054546506557743846,104.07345009292874
FIN,EST,IC4,public,F,False,1,207.36746056039055,0.0725649739532726,103.68373028019528
DATA,EST,IC3,private,F,True,1,207.06164809369875,0.01319651885145517,103.53082404684938
SWE,RUH,M2,private,F,False,1,206.14660114720027,0.026440234399972177,103.07330057360014
FIN,RUH,IC4,mnc,F,False,1,206.08029020807953,0.03376203175328902,103.04014510403977
SUPPLY,MAD,IC3,private,M,False,1,205.687954874983,0.09006590135353255,102.8439774374915
SUPPLY,EST,M2,semigov,M,False,1,205.17152700463475,0.05553133639533582,102.58576350231738
ENG_CIVIL,RUH,IC4,semigov,M,False,1,205.09533092714855,0.07690317887043994,102.54766546357428
EDU,RUH,M2,private,F,False,1,204.5808906315865,0.05997200928376652,102.29044531579325
DATA,EST,IC1,private,F,True,1,202.86323876695042,0.029213871017923956,101.43161938347521
PM,JED,IC5,mnc,M,False,1,202.78203313817357,0.03944362207400889,101.39101656908679
HEALTH,TAB,IC4,semigov,F,False,1,199.20990364304362,0.061989585183550994,99.60495182152181
HEALTH,EST,IC2,mnc,F,False,1,199.06225618619442,0.09631071575044006,99.53112809309721
EDU,MAK,IC4,pif_backed,F,True,1,198.46022648758844,0.020592578526955303,99.23011324379422
SALES,RUH,M3,private,M,False,2,197.44256618837926,0.044973353439417926,98.72128309418963
EDU,RUH,IC2,public,F,False,1,197.2454619361315,0.1551288579069119,98.62273096806575
SUPPLY,JAZ,IC5,public,M,False,1,193.96714130719647,0.07880278386688776,96.98357065359824
LEGAL,RUH,IC4,mnc,M,False,1,192.9776349247877,0.04265000255169409,96.48881746239385
FIN,RUH,IC4,public,F,False,1,191.66807035006582,0.0903493484864742,95.83403517503291
ENG_ELEC,JED,IC2,semigov,M,False,1,190.09562636327632,0.08964768259493062,95.04781318163816
EDU,TAB,IC4,mnc,F,True,1,188.47320725788086,0.01957200678859876,94.23660362894043
OPS,RUH,IC3,startup,F,False,1,187.42656399067369,0.12756370281804527,93.71328199533684
SALES,MAD,IC3,public,M,True,2,184.91719412704788,0.018982118373942064,92.45859706352394
PM,TAB,IC5,mnc,M,False,1,183.85914289714128,0.036011549312771646,91.92957144857064
ENG_ELEC,JED,IC4,pif_backed,M,True,1,183.49521397956778,0.012806299716789276,91.74760698978389
SALES,NJR,M1,public,M,False,1,183.40291529536194,0.10085669876708192,91.70145764768097
HEALTH,MAD,IC2,mnc,F,False,1,181.70826579161007,0.10163371416126656,90.85413289580504
OPS,JED,IC5,private,M,False,1,180.96799775853424,0.08938029702535341,90.48399887926712
MARKETING,EST,M1,semigov,M,False,1,178.0019321600812,0.06852728760044062,89.0009660800406
CUSTOMER,HAI,IC4,mnc,F,False,1,177.14749000987763,0.08638343743293118,88.57374500493881
DATA,TAB,IC2,mnc,M,True,1,176.66611014505088,0.02579240623755512,88.33305507252544
PM,JED,IC4,pif_backed,M,False,1,174.23419053410998,0.04817825537039576,87.11709526705499
SUPPLY,RUH,IC1,public,M,False,1,173.38311493579283,0.17270023271045504,86.69155746789642
SUPPLY,RUH,IC6,private,F,False,1,172.7571712725421,0.0353989137681354,86.37858563627105
EDU,QAS,IC3,semigov,M,True,1,172.4255910088159,0.03496656155077384,86.21279550440795
SWE,EST,IC2,public,M,False,1,172.32775618090955,0.08985528075681985,86.16387809045477
CUSTOMER,BAH,IC3,startup,M,False,1,171.32241884243376,0.08299828630949391,85.66120942121688
SALES,QAS,IC4,private,M,False,1,171.21108162224232,0.09780131029709443,85.60554081112116
HEALTH,RUH,IC3,public,M,False,1,170.8472672271546,0.09946923510442589,85.4236336135773
DATA,TAB,IC4,semigov,M,True,1,168.7140596665413,0.013884577486558133,84.35702983327064
CUSTOMER,RUH,IC5,public,M,False,1,167.43105548131257,0.08525916334939121,83.71552774065628
SUPPLY,RUH,IC1,startup,F,False,1,166.70200481642996,0.14761243246292374,83.35100240821498
SWE,BAH,IC3,mnc,M,False,1,166.1266215525152,0.05896542689611161,83.0633107762576
HEALTH,EST,M1,pif_backed,F,True,1,164.95938042450143,0.009394666520118668,82.47969021225072
SUPPLY,NOR,IC4,mnc,M,False,1,164.08190717456114,0.08805376156522358,82.04095358728057
ENG_CIVIL,RUH,IC3,public,M,False,3,163.13423863501694,0.08935420845582343,81.56711931750847
SALES,TAB,IC3,mnc,M,True,1,162.73284018064896,0.028739457058391232,81.36642009032448
MARKETING,JAZ,IC3,private,F,False,1,161.9842771671797,0.06538280577421425,80.99213858358985
DATA,BAH,IC4,public,M,False,1,161.96663413188844,0.05855066955368381,80.98331706594422
SUPPLY,RUH,IC4,semigov,M,False,1,159.48628747582688,0.048300390419635755,79.74314373791344
CUSTOMER,JAZ,IC3,private,F,False,1,157.59855962347092,0.07114728944205759,78.79927981173546
OPS,RUH,IC4,semigov,F,False,1,154.95424459576816,0.04894728960361128,77.47712229788408
SALES,HAI,IC1,mnc,F,False,1,153.958593922516,0.09656260868920939,76.979296961258
MARKETING,MAD,IC4,semigov,F,False,1,153.75866804525936,0.09190298672585187,76.87933402262968
HEALTH,EST,IC5,semigov,M,False,1,151.53076949227216,0.033850082855934854,75.76538474613608
HEALTH,EST,IC2,private,M,False,1,150.60050283940018,0.08568980256651564,75.30025141970009
HEALTH,RUH,IC1,semigov,F,False,1,149.34671430484127,0.09685423303627458,74.67335715242064
PM,RUH,IC5,mnc,F,False,1,147.8741317055419,0.026586771637367685,73.93706585277096
SALES,EST,M3,mnc,F,False,1,144.6409421903263,0.014454568544580626,72.32047109516316
OPS,EST,IC5,semigov,M,False,1,142.80313905467483,0.028448792468669364,71.40156952733741
HEALTH,MAK,M1,public,F,False,1,141.94014407614213,0.04190863170664377,70.97007203807107
CUSTOMER,EST,IC3,private,F,False,1,139.1264928936016,0.10671280983388408,69.5632464468008
HR,ASR,IC4,semigov,F,False,1,135.10719193612567,0.04407521430397714,67.55359596806284
HEALTH,JED,IC3,pif_backed,M,False,1,134.81963590583246,0.05127671553134658,67.40981795291623
FIN,JED,IC3,public,F,False,2,127.47925403138902,0.04993745434870106,63.73962701569451
ENG_ELEC,EST,IC3,private,M,True,2,126.45334038837518,0.010299901246547904,63.22667019418759
CUSTOMER,ASR,IC3,pif_backed,M,False,1,126.15092318209054,0.033945057478629574,63.07546159104527
HEALTH,EST,IC1,private,F,False,1,124.84327861053657,0.09364844315577647,62.421639305268286
SUPPLY,EST,M2,pif_backed,F,False,1,124.30254322911696,0.024505686249835054,62.15127161455848
ENG_ELEC,QAS,IC3,startup,M,False,1,124.07294748802178,0.04893587193512551,62.03647374401089
SALES,JED,IC4,mnc,F,True,1,122.64433587146777,0.0065007875097636905,61.32216793573389
OPS,MAD,IC2,mnc,F,True,1,122.49961102205907,0.025641949290706994,61.249805511029535
HEALTH,MAD,IC4,private,M,False,1,119.69503260354213,0.05112509488625138,59.847516301771066
EDU,RUH,IC5,private,M,False,1,119.4902846836253,0.0432873967883467,59.74514234181265
SALES,ASR,IC4,private,F,False,1,118.93102937163758,0.0718756084548081,59.46551468581879
EDU,EST,IC5,semigov,M,False,1,118.00769890936863,0.03457623440154097,59.003849454684314
ENG_MECH,MAK,IC4,public,M,False,1,117.6471464226363,0.05874938650088832,58.82357321131815
CUSTOMER,EST,IC3,private,M,False,1,116.4452304237418,0.08870404134818988,58.2226152118709
HR,EST,IC3,semigov,F,True,2,114.6242252404927,0.009844941696092669,57.31211262024635
PM,NJR,IC1,public,F,False,1,112.79445495518848,0.07085379634827109,56.39722747759424
SALES,EST,M2,private,M,False,1,111.41415979961948,0.016261619468634272,55.70707989980974
PM,RUH,IC4,pif_backed,M,True,1,111.38600350471279,0.007766257981557492,55.693001752356395
DATA,RUH,M2,public,M,True,1,110.91636954486967,0.006119370083894476,55.458184772434834
ENG_MECH,MAK,IC5,public,M,False,1,110.34807001770332,0.018709514783233662,55.17403500885166
ENG_MECH,EST,IC3,semigov,M,False,1,108.77209930030949,0.062317952267399765,54.386049650154746
EDU,RUH,M3,private,M,True,1,108.3758236812173,0.006592061101287072,54.18791184060865
SALES,MAD,IC4,private,M,False,1,107.8396959890149,0.057132994659181306,53.91984799450745
DESIGN,JED,IC3,public,M,False,1,107.69030165337335,0.051526435871903635,53.84515082668668
ENG_CIVIL,NOR,IC4,private,M,False,1,107.43789141288767,0.06011201753862992,53.71894570644383
HR,EST,IC4,private,F,False,1,106.6042167932344,0.05504626523721743,53.3021083966172
PM,RUH,M5,private,M,True,1,106.1093155139497,0.003295835474874582,53.05465775697485
SALES,RUH,IC4,pif_backed,M,False,1,100.67196391552807,0.03392884143907934,50.335981957764034
FIN,MAK,IC5,public,F,False,1,98.4095929828627,0.02578065740014967,49.20479649143135
HEALTH,BAH,IC3,private,M,False,1,97.70136691184348,0.051899220111767,48.85068345592174
OPS,JAZ,M1,mnc,M,False,1,89.68688966190712,0.02925102545653122,44.84344483095356
HEALTH,RUH,IC6,mnc,M,False,1,88.95155140762017,0.013183152934262003,44.475775703810086
HEALTH,TAB,IC3,private,F,False,1,88.09773821605927,0.0469718410146878,44.048869108029635
DESIGN,MAD,IC4,private,F,False,1,86.27897171434734,0.0357969040865956,43.13948585717367
CUSTOMER,RUH,IC3,private,F,False,1,86.14239182428014,0.05141936985250588,43.07119591214007
ENG_MECH,HAI,IC3,mnc,M,False,1,85.91243512854453,0.03928344702822781,42.956217564272265
EDU,NOR,M2,private,F,False,1,84.20665789780969,0.02887394355345784,42.103328948904846
MARKETING,RUH,M3,pif_backed,F,False,1,82.14255630928164,0.008256753630787617,41.07127815464082
SALES,MAK,M4,private,M,False,1,81.75801369911096,0.00817793055247858,40.87900684955548
FIN,EST,IC5,private,F,False,1,78.05131321384488,0.009858827390664281,39.02565660692244
OPS,JED,M1,private,F,False,1,77.05565047711343,0.030577505207398152,38.527825238556716
ENG_ELEC,JED,IC4,semigov,M,False,1,77.00576091295488,0.02804941936036642,38.50288045647744
SALES,EST,IC1,private,M,False,1,76.8587450818734,0.07051814477401405,38.4293725409367
ENG_ELEC,EST,M3,private,M,False,1,76.47870140476243,0.01442902677009204,38.239350702381216
EDU,RUH,IC6,semigov,M,True,1,75.69912770862356,0.0034586490073470286,37.84956385431178
HEALTH,NJR,IC3,private,F,False,1,75.66671930526559,0.04496905115257106,37.833359652632794
SALES,MAD,IC4,pif_backed,M,False,1,75.59923781548287,0.019988842959791673,37.79961890774143
ENG_CIVIL,JED,IC3,public,M,False,1,74.9707668715248,0.045975512000636244,37.4853834357624
HEALTH,TAB,IC4,mnc,M,False,1,74.46525457567077,0.02822429899512107,37.232627287835385
ENG_ELEC,TAB,IC4,public,M,False,1,74.13911611914227,0.040839738783886116,37.069558059571136
MARKETING,JED,IC3,pif_backed,F,False,1,74.04814475824787,0.03199120861014262,37.024072379123936
PM,EST,IC6,public,F,False,1,73.94497014586705,0.01341210174572468,36.97248507293352
CUSTOMER,EST,IC4,mnc,M,False,1,73.81821012602518,0.04043722756955822,36.90910506301259
DATA,RUH,IC3,semigov,F,True,1,70.9973193048263,0.006067266190097282,35.49865965241315
HEALTH,RUH,M1,public,F,False,1,67.26428109600965,0.017587181570443738,33.63214054800483
SWE,EST,IC5,private,M,False,1,66.30875327664853,0.0206205103968773,33.154376638324266
ENG_MECH,HAI,M1,private,M,True,1,66.02697437020288,0.007482661898788157,33.01348718510144
SALES,JED,IC3,public,M,False,1,65.62959015962724,0.040719176490775055,32.81479507981362
HEALTH,MAK,M1,private,M,True,1,65.57792033784426,0.005013077458630652,32.78896016892213
ENG_ELEC,TAB,IC2,semigov,M,True,1,63.76693126271584,0.0111638284124203,31.88346563135792
HEALTH,JED,IC6,private,M,False,1,63.017050157036465,0.015351838244244659,31.508525078518232
SALES,EST,IC6,private,M,False,1,62.12348172137263,0.013255849538262384,31.061740860686314
OPS,ASR,IC3,semigov,M,False,1,61.82213358281206,0.03824146503960445,30.91106679140603
CUSTOMER,JED,IC4,public,M,False,2,60.77498115310823,0.03283671571260309,30.387490576554114
OPS,QAS,IC2,semigov,M,False,1,60.704373387253554,0.04257172193868669,30.352186693626777
SALES,MAK,IC2,private,M,False,1,59.48498103233146,0.03140192816549956,29.74249051616573
ENG_CIVIL,EST,IC3,private,F,False,1,58.395094257498386,0.03488332058330523,29.197547128749193
OPS,JED,M2,mnc,M,False,1,57.89983340447179,0.01281913387360403,28.949916702235896
OPS,NOR,M3,private,M,True,1,55.9275966800742,0.0037792231420499364,27.9637983400371
LEGAL,MAK,IC4,public,F,True,1,55.228305811082464,0.004556404590920732,27.614152905541232
HEALTH,RUH,IC1,public,M,True,1,52.19720502979271,0.00829154525854104,26.098602514896356
ENG_ELEC,EST,IC2,private,M,False,1,51.294736084251554,0.028307279654354867,25.647368042125777
PM,EST,M4,public,M,True,1,50.75317840982461,0.0013813706021663713,25.376589204912307
CUSTOMER,QAS,D1,private,M,False,1,46.84362573233875,0.012959253543801664,23.421812866169375
HEALTH,JED,IC3,mnc,M,False,1,46.40475302544928,0.018943032688058477,23.20237651272464
ENG_CIVIL,RUH,M1,private,M,True,1,46.16862236250563,0.004618462732677716,23.084311181252815
FIN,RUH,IC3,private,M,False,2,46.08106991981333,0.02931891686467418,23.040534959906665
SALES,RUH,M2,private,F,False,1,44.894915140314424,0.011575954504778297,22.447457570157212
HR,JAZ,IC4,private,F,True,1,43.57040440420678,0.0032691896264834255,21.78520220210339
FIN,TAB,IC4,private,F,False,1,41.901229579749725,0.018783481010483532,20.950614789874862
CUSTOMER,QAS,IC5,semigov,M,False,1,39.8464614024756,0.018958486453890897,19.9232307012378
SALES,TAB,IC4,semigov,M,False,1,35.99871015596909,0.016242812654667704,17.999355077984546
ENG_ELEC,RUH,M1,private,M,True,1,32.39358328823619,0.002689882281374468,16.196791644118093
SUPPLY,EST,IC2,public,M,False,1,28.485282121292585,0.023007255696730074,14.242641060646292
ENG_ELEC,QAS,IC4,private,M,False,1,28.288303599339542,0.007970238686554132,14.144151799669771
HEALTH,MAK,IC3,private,F,False,1,28.103860183678535,0.012545468269109124,14.051930091839267
EDU,RUH,IC3,private,F,False,1,27.912255433191376,0.014571310981974476,13.956127716595688
CUSTOMER,EST,IC2,startup,M,False,1,27.40465478005035,0.014317834940145966,13.702327390025175
SWE,MAD,IC4,mnc,M,False,1,26.590550234097464,0.00893370818612007,13.295275117048732
DATA,JED,IC3,public,M,False,1,25.714291616163337,0.009646573417351532,12.857145808081668
FIN,JED,M2,private,F,False,1,25.610465124286748,0.009146650040687482,12.805232562143374
OPS,NOR,M3,private,M,False,1,24.9107430038639,0.005351128891199352,12.45537150193195
SWE,TAB,IC3,public,F,False,1,23.8708726808959,0.011094222437968109,11.93543634044795
FIN,EST,IC2,public,F,True,1,22.417154002553616,0.0037868278174876054,11.208577001276808
SALES,RUH,IC4,mnc,F,False,1,21.993086333813608,0.008306821772281193,10.996543166906804
HR,JED,M1,private,M,False,1,20.753170656869543,0.010856169418604624,10.376585328434771
ENG_ELEC,NJR,IC5,private,M,False,1,20.440315799019572,0.007472142451257911,10.220157899509786
FIN,RUH,M2,private,M,False,1,18.591007136422377,0.0028015886930256497,9.295503568211188
FIN,MAK,IC2,pif_backed,F,False,1,17.49772369793004,0.010391931901329074,8.74886184896502
ENG_ELEC,JED,IC3,mnc,M,False,1,16.91131411181823,0.01060444691762701,8.455657055909114
SALES,MAD,IC5,private,F,False,2,15.30034534299557,0.005306542194379968,7.650172671497785
SWE,EST,M2,mnc,F,False,1,13.515643214988813,0.0015935220429281628,6.757821607494407
DESIGN,RUH,IC2,public,M,False,1,11.889703078927823,0.006536857515532021,5.944851539463912
OPS,JED,IC2,private,M,False,2,10.763259431169558,0.006890465876377457,5.381629715584779
ENG_ELEC,EST,IC5,private,M,False,1,9.5048042064127,0.0034208254788523863,4.75240210320635
CUSTOMER,RUH,IC1,private,F,True,1,8.49511139265087,0.0014720690479051667,4.247555696325435
HEALTH,ASR,IC1,public,F,True,1,8.20368598314235,0.0017784781021919721,4.101842991571175
HEALTH,JED,IC3,public,M,False,1,6.125002980664931,0.0031292179072163395,3.0625014903324654
HR,RUH,IC4,public,M,True,1,5.283922683709534,0.000508379122324148,2.641961341854767
PM,HAI,IC2,pif_backed,M,False,1,4.185719094107753,0.0016439481318383665,2.0928595470538767
PM,EST,IC3,public,M,False,1,3.1746099456736374,0.0010395132746435862,1.5873049728368187
HR,EST,IC3,public,F,False,1,2.967967174090518,0.001213866054739959,1.483983587045259
CUSTOMER,MAD,IC3,private,F,True,1,2.4327665032224104,0.00037753061695041935,1.2163832516112052
ENG_ELEC,TAB,IC1,private,M,True,1,1.480472111009476,0.00032083586815025226,0.740236055504738
HEALTH,EST,M4,mnc,M,False,1,1.3686273009598153,0.00018865702241291967,0.6843136504799077
HR,QAS,IC3,public,F,True,1,0.9943042817876631,0.0001620784591774323,0.49715214089383153
