family,region,level,ownership,gender,is_saudi,n,mae,mape,pinball_p50
FIN,EST,CXO,private,M,True,1,170632.06700775598,0.7638012282086994,85316.03350387799
OPS,EST,SVP,semigov,M,True,1,141458.26748354424,0.7107252804369749,70729.13374177212
PM,RUH,D2,private,F,True,1,74415.00908338271,0.6016650684522803,37207.504541691356
SUPPLY,MAK,M4,pif_backed,F,True,1,72817.41096579375,0.7312678734849145,36408.705482896876
FIN,RUH,D1,mnc,M,True,1,72509.47279979986,0.6398098052730826,36254.73639989993
PM,TAB,SVP,private,M,True,1,62258.05810823579,0.5307238963848794,31129.029054117895
PM,EST,VP,private,M,True,1,60148.444136996804,0.4814021022263536,30074.222068498402
SWE,JED,D1,pif_backed,M,True,1,55206.40338832143,0.5541509629770438,27603.201694160714
DATA,RUH,M1,private,M,True,1,54232.11442734202,0.6820011400971758,27116.05721367101
SWE,MAK,M5,semigov,M,True,1,53203.77059882975,0.5940644485371265,26601.885299414876
MARKETING,RUH,D2,private,F,True,1,53010.10231905103,0.589850867427763,26505.051159525516
SWE,RUH,VP,private,M,True,1,52595.246050067755,0.48641594688993317,26297.623025033878
SALES,JED,M5,pif_backed,M,True,1,49947.83978005497,0.5678245479164572,24973.919890027486
ENG_ELEC,RUH,SVP,mnc,M,True,1,47539.03236372188,0.4521212837306142,23769.51618186094
HEALTH,RUH,M5,mnc,F,True,1,47530.266534509836,0.5851168815266622,23765.133267254918
ENG_MECH,EST,M3,public,M,True,1,46472.80611380824,0.5866520096149407,23236.40305690412
PM,HAI,M3,private,M,True,1,44960.392678095566,0.6161463835940676,22480.196339047783
SWE,QAS,M2,public,M,True,1,41940.3602163899,0.6836923367097837,20970.18010819495
FIN,RUH,M2,pif_backed,F,True,1,41567.96930302359,0.6141543476905766,20783.984651511793
SALES,JED,IC5,private,M,True,2,41122.02253024017,0.5457501630646441,20561.011265120083
HEALTH,EST,SVP,mnc,F,True,1,39938.26423150667,0.5150802895757758,19969.132115753335
DATA,EST,M1,mnc,M,True,1,39903.29659061671,0.6390564377987366,19951.648295308354
EDU,JED,D2,private,M,True,1,38615.580509077,0.6460999456769859,19307.7902545385
SWE,ASR,M4,semigov,M,True,1,38097.58693882497,0.6162567838086341,19048.793469412485
EDU,JED,VP,private,F,True,1,36617.703350190124,0.5863196903404515,18308.851675095062
LEGAL,EST,SVP,private,M,True,1,34832.55782312363,0.3526099779007059,17416.278911561814
LEGAL,RUH,IC5,mnc,F,True,1,34334.629656301,0.5475942933611506,17167.3148281505
PM,RUH,M4,semigov,M,True,1,34184.43251135468,0.46179130432459314,17092.21625567734
MARKETING,NJR,M4,private,F,True,1,34106.236034500515,0.5493611920349679,17053.118017250257
SALES,RUH,M2,private,F,True,1,33944.09829799604,0.5565622750693517,16972.04914899802
SWE,RUH,IC6,public,M,True,1,33915.21706182864,0.5186265381321694,16957.60853091432
SALES,RUH,M3,private,M,True,1,33704.83457734085,0.5275673863082565,16852.417288670425
OPS,RUH,IC5,private,F,True,1,32686.36285396989,0.5620273422177684,16343.181426984946
SWE,RUH,D1,mnc,M,True,2,32075.56401418409,0.36120809141308846,16037.782007092044
ENG_MECH,RUH,IC4,semigov,M,True,2,31734.015300083265,0.44463575129079097,15867.007650041633
HEALTH,RUH,VP,public,F,True,1,30992.31231962028,0.4244622113022173,15496.15615981014
ENG_CIVIL,RUH,M2,pif_backed,M,True,1,30766.01405879428,0.6208342549888127,15383.00702939714
SWE,QAS,M1,semigov,M,True,1,29832.193168496335,0.6411168555718408,14916.096584248167
SWE,RUH,M3,pif_backed,F,True,1,29627.896712148715,0.425035604876612,14813.948356074357
HEALTH,EST,SVP,private,M,True,1,29500.907442963187,0.4318448296723643,14750.453721481594
DATA,EST,D2,pif_backed,M,True,1,28956.06830132076,0.37072719411812133,14478.03415066038
HR,RUH,VP,pif_backed,M,True,1,28917.466511974555,0.37161441500094305,14458.733255987278
HEALTH,RUH,D2,pif_backed,F,True,1,28838.008778109972,0.4449918616012793,14419.004389054986
EDU,JED,VP,private,M,True,1,28606.99009692575,0.5222468589259945,14303.495048462875
CUSTOMER,JED,D1,mnc,M,True,1,28524.648009797696,0.657267804706672,14262.324004898848
DESIGN,RUH,IC3,mnc,F,True,1,28478.05927734335,0.6531156150746786,14239.029638671675
DESIGN,TAB,M4,mnc,M,True,1,27527.109973611594,0.46566199994001456,13763.554986805797
ENG_CIVIL,RUH,VP,startup,M,True,1,27289.39106265785,0.4571000026716619,13644.695531328925
PM,EST,IC6,private,F,True,1,27032.853948226006,0.5720647429717626,13516.426974113003
LEGAL,MAD,VP,pif_backed,M,True,1,26948.71869672731,0.3068941948612894,13474.359348363654
SALES,JED,IC3,mnc,F,True,1,26820.797160440874,0.6608288733154138,13410.398580220437
ENG_MECH,JED,D1,private,M,True,1,26465.301160857874,0.41596685281474455,13232.650580428937
ENG_ELEC,RUH,IC5,semigov,M,True,1,26009.868161464987,0.5452690404389952,13004.934080732493
HEALTH,EST,D1,private,F,True,2,25797.289710290115,0.4686950082690484,12898.644855145058
ENG_ELEC,RUH,M1,mnc,M,True,1,25774.24306219901,0.6647668564322243,12887.121531099505
DATA,RUH,D2,semigov,M,False,1,25765.5438196298,0.6286277841395967,12882.7719098149
SWE,RUH,M3,public,M,True,1,25629.77800226917,0.470113189456173,12814.889001134585
FIN,EST,M2,semigov,M,True,1,25268.33656855501,0.4640986571032053,12634.168284277504
ENG_MECH,JED,IC5,private,M,True,1,24850.099322849135,0.5258755074352591,12425.049661424568
FIN,EST,M1,semigov,M,True,1,24497.037134403145,0.5224865384270837,12248.518567201572
MARKETING,RUH,IC5,private,M,True,1,24385.018088863962,0.5180308349202059,12192.509044431981
FIN,JED,D3,startup,M,True,1,24338.46336962291,1.336093189058613,12169.231684811455
FIN,EST,IC6,private,F,True,1,24198.153142421837,0.5098561243350943,12099.076571210919
PM,EST,IC5,public,F,True,1,24070.82956766885,0.5573490688379705,12035.414783834425
FIN,RUH,VP,mnc,F,True,1,23862.746940415265,0.27420827867605324,11931.373470207633
DATA,JED,M3,private,M,True,1,23720.955544115073,0.527971196832579,11860.477772057537
SALES,TAB,M3,mnc,F,True,1,23689.651063646244,0.427301781185545,11844.825531823122
OPS,RUH,D1,startup,M,True,1,23373.53128227468,0.616481725291592,11686.76564113734
SALES,RUH,M2,semigov,M,True,1,23334.144371324317,0.4751619781654537,11667.072185662159
ENG_CIVIL,RUH,M5,private,M,True,1,23188.826451142788,0.47438930404571605,11594.413225571394
FIN,MAK,IC4,pif_backed,F,True,1,23057.2656894261,0.5742832053163448,11528.63284471305
FIN,JED,D1,private,F,True,1,22999.479575905218,0.43372723153007886,11499.739787952609
CUSTOMER,MAD,IC6,mnc,F,True,1,22639.09936229627,0.6133080868438878,11319.549681148135
ENG_ELEC,RUH,M3,semigov,M,True,1,22605.835399002684,0.4531076683993346,11302.917699501342
SWE,TAB,M5,private,M,True,1,22589.714916972516,1.2756039901911571,11294.857458486258
DATA,ASR,IC5,public,M,True,1,22316.417402968447,0.6075955926043622,11158.208701484224
SWE,RUH,IC4,semigov,M,True,1,21886.987291374488,0.4909394316381667,10943.493645687244
ENG_CIVIL,TAB,D1,private,M,True,1,21743.49296241448,0.5202283344676044,10871.74648120724
DESIGN,RUH,M2,public,F,True,1,21666.08971316147,0.45452062139047195,10833.044856580735
PM,RUH,D1,public,M,True,1,21626.73734908952,0.37896542258752514,10813.36867454476
PM,JED,M1,semigov,M,True,1,21519.097279238173,0.4842711906574134,10759.548639619086
HEALTH,RUH,M4,private,F,True,1,21497.31048703627,0.48105617862730343,10748.655243518135
ENG_MECH,MAK,IC6,public,M,True,1,21386.302715221955,0.5147828884305676,10693.151357610977
SWE,MAD,IC6,private,F,True,1,20985.290608312687,0.4571336439763539,10492.645304156344
ENG_CIVIL,RUH,D2,private,M,True,1,20964.448155459864,0.421455086940165,10482.224077729932
SWE,RUH,M3,private,M,True,2,20944.06358529204,0.3371430168805799,10472.03179264602
ENG_MECH,RUH,D3,public,M,True,1,20917.803068352616,0.3238971868389932,10458.901534176308
ENG_MECH,RUH,M3,private,M,True,2,20787.707734273787,0.400342965366433,10393.853867136893
OPS,RUH,VP,pif_backed,F,True,1,20768.971020068137,0.31116879626633603,10384.485510034068
FIN,RUH,IC6,mnc,M,True,1,20705.300897656998,0.4102229714728858,10352.650448828499
ENG_ELEC,RUH,D2,private,M,True,1,20547.249963438255,0.9612832990596301,10273.624981719127
DATA,JAZ,M2,private,M,True,1,20509.12833512672,0.5705492875067814,10254.56416756336
DESIGN,MAD,M2,private,F,True,1,20395.499249519107,0.6295045693272129,10197.749624759554
DATA,HAI,IC6,private,M,True,1,20044.725150704668,0.44383172734697585,10022.362575352334
ENG_CIVIL,RUH,IC3,private,M,True,1,19887.094829378442,0.6175684968612893,9943.547414689221
OPS,RUH,M3,startup,F,True,1,19819.233030558913,0.5268582073555221,9909.616515279457
CUSTOMER,RUH,M3,private,M,True,1,19790.10672269776,0.5090784730972009,9895.05336134888
DATA,MAK,M4,semigov,M,True,1,19597.667830631508,0.3366144078393759,9798.833915315754
FIN,MAK,VP,semigov,M,True,1,19590.564618621298,0.5831841768738231,9795.282309310649
HR,BAH,M3,semigov,F,True,1,19587.603072238824,2.7032824892959653,9793.801536119412
MARKETING,MAK,IC4,private,F,True,1,19475.732688763826,0.6809659558130718,9737.866344381913
ENG_CIVIL,QAS,M3,mnc,M,True,1,19328.60820501198,0.49845601147420554,9664.30410250599
HEALTH,JED,IC4,semigov,F,True,1,19199.270281019708,0.5947679188908827,9599.635140509854
MARKETING,RUH,D3,private,F,True,1,19130.878285193234,0.2717332425488521,9565.439142596617
SALES,TAB,IC5,semigov,F,True,2,18870.170609629167,0.367600530917992,9435.085304814584
SWE,RUH,D1,startup,M,True,1,18819.865156993957,0.8807376857884511,9409.932578496979
SWE,JAZ,M3,private,M,True,1,18790.679661100225,0.5530188794715643,9395.339830550112
DATA,EST,IC6,semigov,F,True,1,18772.557834253737,0.38621523265310453,9386.278917126869
ENG_ELEC,EST,IC2,mnc,F,True,1,18733.862695522796,0.7568560216302801,9366.931347761398
OPS,EST,M3,pif_backed,M,True,1,18712.590059555816,0.473057547614166,9356.295029777908
OPS,RUH,D1,private,M,True,1,18592.699508391932,0.34744609603197457,9296.349754195966
LEGAL,EST,M2,private,F,True,1,18449.383348207266,0.43054333924871724,9224.691674103633
LEGAL,BAH,M1,private,M,True,1,18164.247893625125,0.6211712796625561,9082.123946812562
SALES,QAS,IC6,pif_backed,F,True,1,18092.085949208984,0.42813140732920973,9046.042974604492
CUSTOMER,JED,IC6,pif_backed,M,True,1,17936.29148393386,0.5602942339723314,8968.14574196693
OPS,ASR,M1,pif_backed,F,True,1,17844.961389050644,0.6418682839005053,8922.480694525322
OPS,EST,IC6,semigov,M,True,1,17747.17513749301,0.5534142435517831,8873.587568746505
ENG_ELEC,EST,M2,pif_backed,M,True,1,17731.930359287166,0.4289336159372779,8865.965179643583
SWE,EST,D1,private,F,True,1,17632.12738899442,1.014871193082019,8816.06369449721
PM,QAS,M2,semigov,M,True,2,17529.325281871126,0.5023406315318424,8764.662640935563
FIN,MAD,IC6,mnc,M,True,1,17511.99545634862,0.37945871908313283,8755.99772817431
OPS,EST,VP,public,F,True,1,17489.67627754453,0.38584325098793315,8744.838138772266
FIN,ASR,IC5,private,F,True,1,17326.31351611398,0.5297847203617528,8663.15675805699
EDU,EST,M3,private,F,True,1,17213.148081650583,0.47585367887240776,8606.574040825291
ENG_CIVIL,RUH,VP,private,M,True,1,17200.731577644754,0.7568149421869786,8600.365788822377
FIN,EST,IC4,public,M,True,2,16715.045259140763,0.4222438221164278,8357.522629570381
SUPPLY,ASR,IC5,semigov,M,True,1,16602.09257500589,0.6014833196447729,8301.046287502944
MARKETING,QAS,M4,semigov,F,True,1,16259.832512170235,1.0441172272212687,8129.916256085117
PM,RUH,M4,public,M,True,3,16228.063200162927,0.4844861441667938,8114.031600081464
PM,JED,IC5,public,F,True,1,16168.409954627696,0.47882311334362415,8084.204977313848
SALES,RUH,M4,semigov,M,True,1,16126.987862131537,0.3059363034802867,8063.493931065768
ENG_MECH,QAS,M1,public,M,True,1,16062.257133310142,0.6614911848988525,8031.128566655071
FIN,JED,M3,pif_backed,M,True,1,16049.891061361319,0.31575911871459067,8024.945530680659
MARKETING,RUH,IC5,private,F,True,2,15975.021707022406,0.351347664411524,7987.510853511203
HR,RUH,IC4,private,M,True,2,15955.013479974874,0.5375703357454189,7977.506739987437
SWE,RUH,IC4,pif_backed,F,True,2,15938.5408411595,0.4247916811355147,7969.27042057975
SWE,MAK,IC5,public,F,True,2,15797.250435365944,0.35132438199173366,7898.625217682972
SWE,EST,IC6,private,M,True,1,15757.253316384067,0.7360442259278938,7878.626658192034
ENG_ELEC,EST,M3,pif_backed,M,True,1,15567.57065449797,0.30203564321294657,7783.785327248985
SWE,RUH,M4,private,M,True,1,15554.060987432058,0.30613750756395275,7777.030493716029
SWE,EST,IC6,private,F,True,1,15501.741329875666,0.31163980121755575,7750.870664937833
DATA,HAI,M5,private,F,True,1,15470.134556630866,0.2604479042392149,7735.067278315433
MARKETING,QAS,M4,pif_backed,M,True,1,15419.828782674715,0.37003282604509835,7709.914391337357
SALES,JED,VP,private,M,True,1,15388.364414262709,0.2853135007486337,7694.1822071313545
FIN,MAK,D3,private,M,True,1,15375.311396676028,0.20436877983728213,7687.655698338014
SUPPLY,RUH,VP,semigov,M,True,1,15315.92536402685,0.30793064979342055,7657.962682013425
PM,MAK,M1,startup,M,True,1,15278.454199628417,0.5562326037224073,7639.2270998142085
LEGAL,JED,IC4,private,F,True,2,15271.729367045155,0.45356200900465227,7635.864683522577
SWE,RUH,IC5,startup,F,True,1,15256.89843966765,0.3913342260984401,7628.449219833825
HEALTH,JED,VP,mnc,F,True,1,15227.988628794294,0.2830352301110828,7613.994314397147
ENG_CIVIL,TAB,IC5,pif_backed,M,True,1,15185.004337686629,0.5310172367439403,7592.502168843314
DESIGN,RUH,IC2,mnc,M,True,1,15183.584798593574,0.6111337621698669,7591.792399296787
HEALTH,MAK,IC4,private,F,True,1,14937.502028868084,0.5941398528526707,7468.751014434042
LEGAL,ASR,IC4,public,M,True,1,14913.2789364592,0.6402264253982572,7456.6394682296
SWE,MAK,IC6,mnc,M,True,1,14867.241383414152,0.44876004432149225,7433.620691707076
DATA,EST,M4,public,M,False,1,14828.095346276355,0.6184193596469402,7414.047673138178
ENG_MECH,EST,M3,pif_backed,M,True,2,14788.453217309549,0.2670356596032316,7394.226608654774
DATA,QAS,M4,public,F,True,1,14776.849209767657,0.3013056663506428,7388.424604883829
MARKETING,MAD,IC5,private,F,True,1,14728.164839453939,0.4853024182715917,7364.082419726969
CUSTOMER,RUH,M3,mnc,F,True,1,14724.480209615718,0.34420295339105256,7362.240104807859
HEALTH,JAZ,IC6,public,M,True,1,14669.508448717443,0.5314001193706528,7334.754224358721
SWE,RUH,M2,startup,M,True,1,14630.518776677563,0.3786048287540151,7315.259388338782
PM,RUH,M3,public,M,True,1,14567.822970864036,0.2952299026529681,7283.911485432018
SALES,RUH,IC5,mnc,M,True,1,14556.174676926203,0.3503873303576515,7278.087338463101
MARKETING,RUH,IC6,private,M,True,1,14519.560060527216,0.410499637895168,7259.780030263608
OPS,QAS,M3,semigov,M,True,2,14363.771092442264,0.8854325277114625,7181.885546221132
ENG_ELEC,RUH,D3,public,M,True,1,14287.02600805151,0.536122988438807,7143.513004025755
FIN,RUH,M3,private,M,True,1,14225.78685455194,1.1588932271109185,7112.89342727597
CUSTOMER,RUH,IC4,startup,M,True,1,14193.0224418803,0.5664262498275645,7096.51122094015
PM,RUH,M4,private,M,True,1,14131.148649535404,0.2636217935507227,7065.574324767702
ENG_MECH,JAZ,IC4,private,M,True,1,14120.183049074369,0.5083034989316949,7060.091524537184
SWE,RUH,M3,semigov,M,True,2,14083.40905029296,0.48217114074853573,7041.70452514648
PM,RUH,M3,private,M,True,1,14038.320843912801,1.0371713640651041,7019.160421956401
SALES,MAK,IC6,public,M,True,1,14037.115674999957,0.39832274029430126,7018.557837499979
SWE,JED,M2,public,F,True,1,13987.524477217326,0.9216149678083344,6993.762238608663
PM,TAB,IC5,public,M,True,1,13968.224342256875,0.5416374992113815,6984.112171128438
FIN,RUH,M3,mnc,M,True,2,13932.227729705719,1.3659814940483261,6966.1138648528595
MARKETING,RUH,VP,public,F,True,1,13912.089126922441,0.7521881108535122,6956.044563461221
HEALTH,EST,M1,public,F,True,1,13907.752664459857,0.533875935007065,6953.876332229928
MARKETING,JED,M1,mnc,M,True,1,13822.634645190923,0.40310134073207915,6911.3173225954615
FIN,MAD,IC6,private,M,True,1,13796.949258294248,0.4430838668292964,6898.474629147124
OPS,JED,M4,public,F,True,1,13703.78900093929,1.406417740797778,6851.894500469645
DATA,RUH,IC5,public,F,True,1,13671.046969910636,0.4092739374749055,6835.523484955318
FIN,RUH,M1,private,F,True,1,13505.597504355574,0.42439212175457636,6752.798752177787
SWE,RUH,M4,private,F,True,1,13458.356519323395,0.5660017138667283,6729.178259661698
FIN,JED,D2,private,F,True,1,13387.588948699085,0.4962703991642603,6693.794474349543
HR,QAS,IC5,semigov,M,True,1,13368.963129589434,0.476221096183567,6684.481564794717
SWE,HAI,IC5,private,F,True,1,13355.418325181055,0.4568576843880177,6677.709162590528
CUSTOMER,MAK,IC6,private,M,True,1,13350.11063280615,0.4706898052982197,6675.055316403075
ENG_MECH,QAS,IC3,public,M,True,1,13302.41559166443,0.5713491813729599,6651.207795832215
EDU,TAB,D1,private,F,True,1,13255.031862130887,0.46841208104173443,6627.5159310654435
HEALTH,EST,IC4,private,M,True,1,13244.342833140176,0.5336544694001696,6622.171416570088
ENG_MECH,RUH,IC3,public,M,True,1,13143.848434394144,0.4992022284563788,6571.924217197072
ENG_MECH,RUH,M2,private,M,True,3,13131.726042954519,0.5440837183316538,6565.863021477259
DATA,QAS,IC4,startup,M,True,1,13131.549643425466,0.4764888924956367,6565.774821712733
PM,TAB,M1,private,M,True,1,13130.276166580436,0.5105932583590209,6565.138083290218
ENG_ELEC,RUH,IC5,pif_backed,M,True,1,13111.665022621633,0.3442522404264099,6555.832511310817
ENG_ELEC,MAK,M4,private,F,True,1,13076.128432022702,0.35625413847157544,6538.064216011351
FIN,NJR,D1,semigov,M,True,1,13039.450156514034,0.7699929887412498,6519.725078257017
FIN,RUH,IC5,public,F,True,1,13018.263930249908,0.4189731178065556,6509.131965124954
SALES,RUH,M3,private,F,True,2,13006.701036509154,0.3910679509943036,6503.350518254577
SWE,MAK,M3,private,M,True,1,12941.876650909624,0.7453507380414337,6470.938325454812
ENG_ELEC,JED,IC4,startup,F,True,1,12846.69607565425,1.9083090827939777,6423.348037827125
DATA,EST,IC4,private,M,True,1,12815.20322665117,0.44525417679652857,6407.601613325585
HEALTH,RUH,SVP,private,F,True,1,12806.488215887111,0.22075864563099667,6403.244107943556
SWE,NJR,M2,private,M,True,1,12770.549507434946,0.4146567144340448,6385.274753717473
SALES,RUH,M2,startup,F,True,1,12756.42457478472,0.9246716712380053,6378.21228739236
FIN,QAS,M2,private,M,True,1,12737.019819580804,0.3521508405287447,6368.509909790402
HEALTH,JED,IC5,pif_backed,M,True,1,12721.496689986703,0.3973187233785715,6360.748344993352
EDU,JED,D1,public,F,True,1,12596.26695122751,0.3471471483555202,6298.133475613755
DATA,EST,M3,startup,M,True,1,12392.636584383457,0.6928646450325396,6196.318292191729
MARKETING,RUH,D1,private,M,True,1,12383.48471414472,0.5202101104694646,6191.74235707236
DATA,RUH,IC3,pif_backed,M,True,3,12310.21840523455,0.39537279524657526,6155.109202617275
CUSTOMER,RUH,IC5,mnc,M,True,2,12301.431707829295,0.2799402020745947,6150.715853914648
HEALTH,EST,M4,pif_backed,F,True,1,12282.038045263605,0.316123464998362,6141.019022631803
SWE,RUH,M3,mnc,M,True,1,12244.034845610091,0.25744966127877633,6122.0174228050455
DATA,JED,IC4,semigov,F,True,1,12219.950463268124,0.42200527215250266,6109.975231634062
HEALTH,QAS,VP,private,F,True,1,12164.474997192061,0.2298166092798932,6082.2374985960305
SWE,RUH,IC5,semigov,M,True,1,12163.052338580872,0.8359576993500616,6081.526169290436
DATA,RUH,M3,private,F,True,2,12063.492784284997,0.45774213977836337,6031.746392142499
DATA,JED,IC4,mnc,M,True,1,12018.131267186796,0.40189395278906764,6009.065633593398
CUSTOMER,EST,IC4,public,M,True,1,11959.85786535801,0.5380706492292612,5979.928932679005
EDU,EST,VP,pif_backed,M,True,1,11933.883488553183,0.2439682427432589,5966.941744276592
SWE,HAI,IC5,mnc,F,True,1,11912.815078347634,1.281706182674002,5956.407539173817
PM,EST,IC4,public,F,True,1,11909.960631679076,0.45875360469749255,5954.980315839538
ENG_MECH,RUH,IC4,private,F,True,1,11893.123231520865,0.36285492314488393,5946.561615760433
PM,RUH,IC4,semigov,M,True,2,11819.53020036014,0.4071600289664863,5909.76510018007
MARKETING,JED,IC5,semigov,F,True,1,11789.753022511111,2.398106236798499,5894.876511255556
SWE,RUH,D2,private,F,True,1,11778.142056826298,0.19243993978932053,5889.071028413149
FIN,EST,D2,public,F,False,1,11768.260966242828,0.9935066815867881,5884.130483121414
HEALTH,ASR,M2,private,M,True,1,11736.08150523344,0.4570497898215405,5868.04075261672
FIN,TAB,M1,public,M,True,1,11656.727785829155,0.4184131419419654,5828.363892914577
SUPPLY,JED,M2,private,M,True,1,11571.53181599608,0.3696728528950251,5785.76590799804
ENG_CIVIL,RUH,D3,private,M,False,1,11468.485176638864,0.3810600539437689,5734.242588319432
DATA,HAI,IC3,private,F,True,1,11437.256524785187,0.4674202092164401,5718.628262392594
ENG_ELEC,TAB,IC4,public,M,True,1,11419.93403158177,0.437474479158725,5709.967015790885
DATA,RUH,IC4,pif_backed,M,True,1,11404.09735966835,0.37885324638624474,5702.048679834175
OPS,JAZ,IC6,semigov,F,True,1,11294.342328065848,0.5260609501363152,5647.171164032924
ENG_CIVIL,RUH,IC5,private,F,True,1,11236.82347771666,0.414021214855315,5618.41173885833
HEALTH,RUH,IC6,startup,M,True,1,11199.30507786509,0.3874674970750435,5599.652538932545
PM,RUH,IC4,public,M,True,2,11134.681666545792,0.9652293362162544,5567.340833272896
FIN,RUH,M1,private,M,True,1,11095.849931761088,0.37760828703805965,5547.924965880544
SWE,NJR,IC4,public,F,True,1,11083.167236983863,2.2799079317265116,5541.583618491932
SWE,RUH,IC5,semigov,F,True,2,11048.516043579746,0.2711746545350125,5524.258021789873
ENG_ELEC,EST,M1,private,M,True,1,11005.562874196838,0.9382015471173968,5502.781437098419
MARKETING,RUH,IC4,mnc,F,True,2,10990.163352255642,0.6001383300781271,5495.081676127821
DESIGN,ASR,IC4,semigov,M,True,1,10964.580357773972,0.438976411286642,5482.290178886986
PM,EST,IC5,mnc,M,True,1,10806.906718283912,0.7980672001635031,5403.453359141956
ENG_MECH,EST,IC5,mnc,M,True,1,10803.091773638858,0.3010971253822376,5401.545886819429
SALES,JED,IC5,startup,M,True,1,10793.446678313538,0.8849827350190946,5396.723339156769
DATA,RUH,IC5,public,M,True,1,10766.943297655598,0.2846036397115186,5383.471648827799
SWE,MAK,M2,public,M,True,1,10747.526506884537,0.7333356979745612,5373.763253442268
ENG_MECH,QAS,IC6,mnc,M,True,1,10707.675104661228,0.4444350765190318,5353.837552330614
HEALTH,RUH,M4,private,M,True,2,10705.940010220158,0.28828765437670784,5352.970005110079
PM,RUH,IC4,private,M,True,5,10691.32922653294,0.33066595937890847,5345.66461326647
PM,EST,IC5,private,M,True,1,10589.98903221516,1.0177083465185421,5294.99451610758
DATA,RUH,IC3,private,M,True,2,10576.223444230627,1.331831621861347,5288.111722115314
LEGAL,RUH,IC5,public,F,True,1,10572.090807436156,0.745178302292808,5286.045403718078
LEGAL,RUH,D2,startup,F,True,1,10533.919420499056,0.2136418516271302,5266.959710249528
ENG_ELEC,JED,M2,public,M,True,1,10529.65458452496,0.3722722133129411,5264.82729226248
HEALTH,RUH,M3,public,F,True,2,10499.81354698581,0.2470965305504325,5249.906773492905
SWE,RUH,IC6,mnc,M,True,2,10444.980222353319,0.42586958458326896,5222.490111176659
HR,EST,VP,public,F,True,1,10444.82654861563,0.1964467511435209,5222.413274307815
OPS,RUH,M1,public,F,True,1,10315.522650759336,0.45350855002633256,5157.761325379668
ENG_MECH,ASR,IC3,startup,M,True,1,10289.730286775974,0.5351902192238036,5144.865143387987
EDU,EST,IC5,pif_backed,F,True,1,10257.467832189286,0.4232220574518619,5128.733916094643
HR,QAS,M1,private,F,True,1,10210.153103862853,0.4372357518601755,5105.076551931426
EDU,MAK,IC4,startup,M,True,1,10177.069070231131,0.5334312828560868,5088.534535115566
SWE,TAB,M2,private,M,True,1,10175.445642591101,0.3473789761663676,5087.722821295551
SWE,EST,IC6,semigov,M,True,1,10123.120471850543,0.27674285790045544,5061.560235925272
PM,RUH,IC2,semigov,F,True,1,10112.840825539828,0.5010929118332357,5056.420412769914
CUSTOMER,JED,M3,public,M,True,1,10088.154844549543,2.469617449058708,5044.077422274771
ENG_CIVIL,EST,D1,semigov,M,True,1,10040.730859240479,0.71177722083926,5020.365429620239
OPS,RUH,IC6,public,M,True,1,10034.479309826944,0.30153780336680225,5017.239654913472
OPS,QAS,M3,private,M,True,1,10002.75165371124,1.1723332700583204,5001.37582685562
SALES,EST,M2,semigov,F,True,1,9941.29407397355,0.25954408454748695,4970.647036986775
ENG_CIVIL,ASR,IC4,pif_backed,M,True,1,9877.030266658938,0.46656587288308915,4938.515133329469
ENG_ELEC,MAK,IC6,private,M,True,1,9874.57176378984,0.44866075790725574,4937.28588189492
PM,RUH,IC4,pif_backed,F,True,1,9815.404011258805,0.32131774763792303,4907.702005629402
MARKETING,EST,IC5,private,M,True,3,9811.09065974721,0.4658875058520559,4905.545329873605
SALES,EST,IC4,public,M,True,1,9770.231263157968,0.37552068222145163,4885.115631578984
SALES,QAS,M1,private,F,True,1,9770.13746581106,0.42478245541575377,4885.06873290553
PM,RUH,IC6,private,F,True,1,9764.600480727511,0.714717119591725,4882.300240363756
HEALTH,MAD,M1,pif_backed,F,False,1,9730.686690683771,0.7013442641345503,4865.343345341886
SALES,MAD,M4,public,M,True,1,9729.224592081682,0.2810716319575796,4864.612296040841
MARKETING,JED,D3,semigov,M,False,1,9723.10449646027,0.41725190202537005,4861.552248230135
EDU,EST,D1,public,M,True,1,9658.525051719855,0.34421404509124487,4829.262525859927
SALES,RUH,SVP,public,F,True,1,9639.07970621141,0.32335934607133254,4819.539853105705
SWE,ASR,IC6,pif_backed,M,True,1,9633.204899352331,0.34011740229542337,4816.602449676166
OPS,QAS,M4,private,M,True,1,9617.553905019748,0.46838679875056555,4808.776952509874
SWE,QAS,M3,private,F,True,1,9598.456177163822,0.34505193393348327,4799.228088581911
FIN,RUH,D1,semigov,M,True,1,9587.540392454288,0.2929496738522821,4793.770196227144
FIN,EST,IC5,pif_backed,F,True,1,9557.98738431607,0.5935291720118143,4778.993692158035
SWE,JED,M2,semigov,M,True,1,9496.50882074153,0.6128257813109481,4748.254410370765
OPS,RUH,M3,private,M,True,2,9459.014655561405,0.30712727555790376,4729.507327780702
SWE,MAK,IC5,private,M,True,1,9428.813127792455,0.3312765635557985,4714.406563896227
EDU,RUH,IC6,mnc,F,True,1,9424.655607983246,0.8987396087957235,4712.327803991623
DESIGN,RUH,M1,private,F,True,1,9414.95212093786,0.3827967641860534,4707.47606046893
ENG_ELEC,JAZ,IC5,private,M,True,1,9406.444242700887,0.49601343858021063,4703.222121350444
SALES,RUH,IC5,semigov,M,True,2,9399.314176008475,0.9910361771999405,4699.657088004237
ENG_ELEC,RUH,IC3,semigov,M,True,2,9374.86301075264,0.4118282649112407,4687.43150537632
SUPPLY,EST,IC4,startup,M,True,1,9364.148804367414,0.3805135229709677,4682.074402183707
OPS,RUH,IC4,public,M,True,2,9309.997675032739,0.41190635791004593,4654.998837516369
SWE,EST,IC5,public,M,True,3,9289.365273467565,0.8062152664407128,4644.682636733783
SWE,RUH,M1,private,F,True,3,9216.544107988606,0.4368713334491095,4608.272053994303
DESIGN,TAB,VP,mnc,M,True,1,9212.269122923542,0.14297356315011778,4606.134561461771
PM,JED,IC3,pif_backed,M,True,1,9202.945165975058,0.3997432463198876,4601.472582987529
ENG_ELEC,EST,M5,public,M,True,1,9197.5218713129,0.28631805221232065,4598.76093565645
SUPPLY,QAS,M4,public,M,True,1,9190.724898850302,0.2829456650272401,4595.362449425151
ENG_CIVIL,QAS,D1,pif_backed,M,True,1,9182.491904599847,0.26043434310650154,4591.245952299923
HR,JED,IC5,private,M,True,1,9127.992609228475,0.3701387971257916,4563.9963046142375
DESIGN,EST,D1,private,F,True,1,9127.41719946031,0.2537121210432941,4563.708599730155
SWE,EST,M3,private,M,True,1,9125.273589167758,0.22324877233705911,4562.636794583879
SALES,TAB,IC4,semigov,M,True,1,9103.338178337788,0.5231010677072574,4551.669089168894
CUSTOMER,NJR,M3,semigov,F,True,1,9065.538786063726,0.8128712418466594,4532.769393031863
DATA,QAS,M1,private,F,True,1,9050.182595036622,0.34334396757113517,4525.091297518311
MARKETING,HAI,M3,private,F,True,1,9048.113054350968,0.30652355405686205,4524.056527175484
SALES,MAD,IC5,private,M,True,2,9005.195446501657,0.5753398657982404,4502.5977232508285
OPS,RUH,M2,pif_backed,M,True,1,9001.80965004558,0.293923535439903,4500.90482502279
SWE,HAI,IC4,mnc,M,True,1,8999.945064679086,0.33408477856854746,4499.972532339543
DESIGN,RUH,IC5,public,M,True,2,8959.05835444255,0.5476488393831772,4479.529177221275
PM,QAS,IC3,private,M,True,1,8913.587156708232,0.42600632219258355,4456.793578354116
DATA,RUH,D3,private,M,False,2,8890.886607199587,0.2730728675338942,4445.443303599794
SALES,RUH,IC4,semigov,M,False,1,8883.099007177696,0.6886071319777416,4441.549503588848
HEALTH,TAB,VP,semigov,M,False,1,8879.501972299431,0.4287408280303109,4439.750986149716
SWE,RUH,M2,private,M,True,3,8878.023772192357,0.32623646504822285,4439.011886096178
CUSTOMER,EST,IC5,mnc,M,True,1,8858.991541825484,0.4821436897797858,4429.495770912742
FIN,RUH,IC4,private,F,True,3,8776.627731896868,0.31950096129321304,4388.313865948434
ENG_CIVIL,EST,M3,public,M,True,1,8757.887569791921,0.30003628096416085,4378.943784895961
ENG_MECH,JED,VP,pif_backed,M,False,1,8643.137235461483,0.8403735079018807,4321.568617730742
HR,RUH,VP,startup,M,False,1,8639.54325901771,0.47259994129563737,4319.771629508855
ENG_MECH,MAK,VP,private,M,True,1,8573.205582022085,0.2516307817397567,4286.602791011042
CUSTOMER,TAB,M4,private,M,True,1,8563.454911739413,0.3101319626962188,4281.727455869706
DATA,JED,IC6,pif_backed,M,True,1,8550.89517462979,0.22453434152982224,4275.447587314895
OPS,RUH,M5,mnc,M,False,1,8531.251825553009,0.5259577025270017,4265.625912776504
DATA,RUH,M2,public,M,False,1,8513.80535617266,0.4995679216078892,4256.90267808633
FIN,JED,D1,semigov,M,False,1,8481.481106552963,1.4154345549509628,4240.7405532764815
SWE,RUH,M5,private,M,False,1,8472.75154226408,0.36320363592511634,4236.37577113204
SWE,RUH,IC5,mnc,M,False,2,8457.683232773375,0.49883294038647996,4228.841616386688
HR,MAD,IC6,public,F,True,1,8442.47327596528,0.4053180527855384,4221.23663798264
LEGAL,RUH,M2,public,M,True,1,8415.025033904862,0.2879445658742583,4207.512516952431
SWE,MAK,M1,pif_backed,M,True,1,8375.964957812175,0.47725870280210736,4187.982478906088
DATA,JED,IC4,semigov,M,True,1,8371.279342836151,0.3564027885144488,4185.6396714180755
DESIGN,BAH,M2,private,F,True,1,8363.228147479982,0.42946967030250394,4181.614073739991
DATA,RUH,IC3,mnc,M,True,3,8341.786173995233,0.29461554784228694,4170.893086997617
FIN,RUH,IC6,private,M,True,1,8341.312226288395,0.27084961884395503,4170.656113144198
MARKETING,JED,IC4,pif_backed,F,True,1,8329.030143182918,0.3477119207398372,4164.515071591459
EDU,ASR,D2,private,F,True,1,8307.765886383859,0.3564726733849167,4153.882943191929
PM,EST,M4,startup,F,False,1,8283.99769008816,0.506419241368224,4141.99884504408
SALES,JED,M2,startup,M,True,1,8215.548146707417,0.4653547057052227,4107.774073353708
MARKETING,QAS,IC4,private,F,True,1,8215.109998240989,0.42108804244456816,4107.554999120494
CUSTOMER,MAK,IC4,private,F,True,1,8187.334576695158,1.53010518569741,4093.667288347579
ENG_MECH,RUH,IC5,private,M,True,2,8160.529793222088,0.44233652901599807,4080.264896611044
CUSTOMER,EST,M1,mnc,F,True,1,8158.626823600542,0.35864113828556804,4079.313411800271
FIN,QAS,M3,semigov,F,True,1,8152.903695062127,0.36515543508627907,4076.4518475310633
EDU,MAK,D2,public,M,True,1,8145.640637628894,0.24033383090591698,4072.820318814447
EDU,EST,M1,pif_backed,F,True,1,8137.858182887185,0.4374308214935977,4068.9290914435924
HEALTH,RUH,IC6,startup,F,True,1,8121.237762429153,0.9437418057886622,4060.6188812145765
FIN,RUH,M4,public,M,True,1,8069.046322648275,0.1658923845281322,4034.5231613241376
MARKETING,RUH,M1,private,F,True,1,8063.723566064622,1.0572668368752756,4031.861783032311
LEGAL,JED,IC5,private,M,True,1,8063.294122763773,0.5576448497141356,4031.6470613818865
ENG_ELEC,ASR,M2,private,M,True,1,8031.179349231203,0.4090241352199059,4015.5896746156013
SWE,MAK,M2,semigov,F,False,1,8016.0798817033165,0.5266119249603369,4008.0399408516582
HR,RUH,M2,private,M,True,1,8005.535287485762,0.7597000776775787,4002.767643742881
DATA,RUH,M1,public,F,True,2,7998.5902585184285,0.22396769463110922,3999.2951292592143
DATA,HAI,IC4,private,F,True,1,7976.421696198791,0.41535560261472704,3988.2108480993957
HR,RUH,VP,private,M,True,1,7972.26180966237,0.20701462318949865,3986.130904831185
FIN,BAH,M4,private,F,True,1,7957.654299555326,0.4872166609314331,3978.827149777663
SUPPLY,HAI,IC6,private,M,True,1,7932.880286176423,0.3816133492606613,3966.4401430882117
EDU,RUH,M2,private,M,True,1,7910.130475383636,0.34052102486411306,3955.065237691818
SWE,RUH,M3,semigov,M,False,1,7909.930875563419,0.44951628894898205,3954.9654377817096
ENG_ELEC,JED,IC5,pif_backed,M,True,1,7900.258727084934,0.5106143847896405,3950.129363542467
HEALTH,RUH,IC4,public,M,True,1,7890.492091333488,0.3817530691879408,3945.246045666744
SWE,JED,IC5,private,M,True,2,7888.544247734517,0.6567796081209465,3944.2721238672584
PM,RUH,M3,private,F,True,1,7884.957843448639,0.18967174323988148,3942.4789217243197
DESIGN,JED,M3,semigov,M,False,1,7871.78442570403,1.5917493690354436,3935.892212852015
DATA,RUH,M2,semigov,M,True,1,7860.277889197729,0.3421500157944544,3930.1389445988643
SWE,EST,M3,public,M,True,1,7844.228451767158,0.46170539657629583,3922.114225883579
SALES,NJR,M3,private,M,True,1,7816.244847977208,0.6541762006245153,3908.122423988604
SWE,EST,IC4,mnc,M,True,2,7797.2855653172355,0.2329059559458146,3898.6427826586178
PM,JED,IC3,public,M,True,1,7796.160548740954,0.4369433856826843,3898.080274370477
CUSTOMER,RUH,IC2,private,F,True,1,7785.561235680847,0.5106682144907223,3892.7806178404235
MARKETING,NJR,M3,private,F,False,1,7742.922153014626,0.5726776365267731,3871.461076507313
EDU,EST,M3,public,F,True,1,7708.865668895094,0.795945846273537,3854.432834447547
OPS,RUH,IC5,private,M,True,3,7705.544143737193,0.5553750229405846,3852.7720718685964
SUPPLY,JED,IC6,startup,F,True,1,7685.599808262272,0.3843162955459418,3842.799904131136
DATA,JED,IC3,private,F,True,1,7681.43005616271,1.208386807887879,3840.715028081355
SALES,MAK,IC4,private,M,True,3,7672.096863525915,1.0258206633756994,3836.0484317629575
FIN,EST,M3,private,M,True,1,7671.1047939232085,0.22181237739623808,3835.5523969616042
ENG_MECH,EST,D2,semigov,M,True,1,7655.102511871519,0.18890512397545386,3827.5512559357594
PM,ASR,IC6,private,M,False,1,7636.067431669519,0.5938251581029825,3818.0337158347593
CUSTOMER,JED,IC4,mnc,M,True,1,7626.6641780616665,0.3813627338812038,3813.3320890308332
SUPPLY,EST,IC3,semigov,M,True,1,7593.214378978231,0.3167370094023988,3796.6071894891156
SWE,EST,M4,public,M,True,1,7576.240329287604,0.44533883682445874,3788.120164643802
LEGAL,RUH,IC4,private,M,True,2,7572.902878887156,0.3549856506375948,3786.451439443578
HR,JED,M2,private,M,True,1,7562.810644918027,0.32353502041635196,3781.4053224590134
PM,MAD,M2,semigov,F,True,1,7558.411060489991,0.5677284984820564,3779.2055302449953
HEALTH,MAD,IC4,semigov,F,False,1,7517.55297899118,0.6697106727887949,3758.77648949559
SALES,EST,IC2,private,M,True,1,7504.447523139905,0.5202384160330642,3752.2237615699523
SWE,EST,D1,public,F,False,1,7504.181608253859,0.4135889293661658,3752.0908041269295
HEALTH,EST,M5,mnc,M,True,1,7490.966196071033,0.20570283839855838,3745.4830980355164
ENG_MECH,RUH,CXO,public,M,False,1,7485.139822641553,0.3261449561199367,3742.5699113207766
HEALTH,QAS,M3,public,M,True,1,7479.326001046871,0.7510744460042384,3739.6630005234356
LEGAL,RUH,D1,public,M,True,1,7459.6840574738635,0.1964022680136131,3729.8420287369318
PM,EST,IC6,mnc,F,False,1,7449.666113949284,0.4323045993098664,3724.833056974642
ENG_ELEC,JED,IC4,public,M,True,1,7419.73879432019,0.4006611089409946,3709.869397160095
SWE,TAB,D1,startup,M,False,1,7409.01499187532,1.1318788836097742,3704.50749593766
SWE,QAS,M3,pif_backed,M,True,1,7404.982737359162,0.2105647623565353,3702.491368679581
SUPPLY,RUH,IC4,mnc,M,True,1,7400.136945972226,0.37766891804475816,3700.068472986113
HEALTH,HAI,IC6,public,M,True,1,7383.728914259599,0.9652472725968733,3691.8644571297996
HEALTH,NJR,IC5,pif_backed,F,True,1,7370.743154051388,0.3618579479416211,3685.371577025694
SALES,RUH,M2,private,M,True,4,7325.724336825426,0.2858750021680659,3662.862168412713
ENG_MECH,HAI,IC5,semigov,M,True,1,7325.708125800898,0.27867268707757353,3662.854062900449
HR,JED,IC5,private,F,True,1,7320.07645743986,0.7199018657636759,3660.03822871993
SWE,QAS,IC4,semigov,F,True,1,7310.573450571541,0.2808386204305114,3655.2867252857704
SWE,EST,IC4,semigov,M,True,2,7309.09898861629,0.2287017192886276,3654.549494308145
EDU,TAB,IC3,mnc,M,True,1,7299.954229287468,0.5157972846052938,3649.977114643734
SWE,QAS,D1,private,F,True,1,7288.264780224996,0.19773142141689637,3644.132390112498
EDU,ASR,D2,public,F,True,1,7282.4243541265205,0.3628051365431625,3641.2121770632602
ENG_MECH,EST,IC2,mnc,M,True,1,7264.818562423209,0.492158783573932,3632.4092812116046
HEALTH,MAK,IC4,public,M,True,1,7247.913950839291,0.3723798212082661,3623.9569754196455
SALES,RUH,IC6,private,M,True,1,7247.426987480445,0.3857033425067115,3623.7134937402225
SALES,TAB,IC4,pif_backed,M,True,1,7235.14756233415,0.3157076628134179,3617.573781167075
ENG_MECH,MAD,M2,private,M,True,1,7230.517128566837,0.3559038183806561,3615.2585642834183
SWE,EST,IC4,semigov,F,True,1,7211.476352492678,0.24259320564489303,3605.738176246339
ENG_MECH,JED,M3,semigov,M,True,1,7203.158911144659,0.3449889935325232,3601.5794555723296
FIN,EST,IC5,semigov,M,True,1,7197.765412507753,0.24062740844133815,3598.8827062538767
LEGAL,EST,IC5,public,F,True,1,7170.395510672928,0.5547094388665116,3585.197755336464
SWE,QAS,IC6,public,M,True,1,7169.883347196468,0.2841126214683949,3584.941673598234
DATA,ASR,IC6,private,M,True,1,7147.788729488395,0.27265765576433765,3573.8943647441974
FIN,EST,IC6,public,M,True,1,7104.925393454429,0.21197346702826814,3552.4626967272143
CUSTOMER,TAB,D2,pif_backed,F,True,1,7104.360475284118,0.7220360045922343,3552.180237642059
FIN,JED,IC3,semigov,M,True,1,7097.235373120746,0.681668096380802,3548.617686560373
FIN,MAD,M1,pif_backed,M,True,1,7090.431202771419,0.23187724898171666,3545.2156013857093
HR,EST,IC5,public,M,True,1,7058.3668069607775,0.3348010025832585,3529.1834034803887
MARKETING,RUH,IC5,startup,M,True,1,7057.060773073186,0.6134914796474589,3528.530386536593
HR,RUH,M4,pif_backed,F,True,1,7052.655163621059,0.6564577872950849,3526.3275818105294
CUSTOMER,JAZ,D2,mnc,M,True,1,7041.443748192767,0.29956919765218576,3520.7218740963835
SALES,EST,M3,public,F,True,1,7034.929781223473,0.37238020806536953,3517.4648906117363
SWE,EST,IC2,semigov,F,True,2,7029.3523634809335,0.8164980509204546,3514.6761817404667
PM,JED,IC4,mnc,F,True,1,7028.601352987105,0.2776558686187104,3514.3006764935526
ENG_MECH,MAD,IC4,public,M,True,1,7024.882634545528,1.1301580201039463,3512.441317272764
FIN,MAK,M3,private,F,True,1,7013.806474718294,0.3943754902671107,3506.903237359147
OPS,TAB,IC5,startup,M,True,1,7004.811110674431,0.30652309768923236,3502.4055553372154
CUSTOMER,EST,M2,private,M,True,1,6982.058579044939,0.7204053457341147,3491.0292895224693
HR,EST,M1,private,F,True,1,6973.6781287521535,0.32425772899887056,3486.8390643760767
DATA,BAH,IC6,startup,M,True,1,6956.4513690698095,0.5762763362839868,3478.2256845349048
EDU,MAD,IC4,pif_backed,M,True,1,6940.822290940596,0.43164810274346194,3470.411145470298
HEALTH,RUH,D2,semigov,F,False,1,6933.997373418353,0.3993206485535788,3466.9986867091766
SALES,JED,IC4,private,M,True,2,6930.7541168181815,0.324170829960828,3465.3770584090908
SALES,EST,M3,private,M,True,1,6912.11664804996,0.3803206706471502,3456.05832402498
FIN,EST,IC4,public,F,True,3,6905.405535779056,0.24215257896216894,3452.702767889528
SWE,JAZ,IC3,private,F,True,1,6889.122055562897,0.43735333526358183,3444.5610277814485
CUSTOMER,EST,M4,private,F,True,1,6888.143217629826,0.24689291901489993,3444.071608814913
SALES,RUH,D1,pif_backed,F,True,1,6876.600501937886,0.14138197341937467,3438.300250968943
ENG_CIVIL,RUH,IC3,pif_backed,M,True,1,6873.671953157709,0.4326188433581271,3436.8359765788546
SALES,EST,M4,public,M,True,1,6835.654261625285,0.15607101383707503,3417.8271308126423
MARKETING,EST,M1,public,F,True,1,6833.520534576282,0.307859325069668,3416.760267288141
LEGAL,RUH,M4,public,M,True,1,6808.250807761811,0.31068736771060845,3404.1254038809057
SALES,EST,IC4,mnc,M,True,4,6803.429907408077,0.38731761577775103,3401.7149537040386
EDU,RUH,M4,private,M,True,3,6800.539303790153,0.16468553770986064,3400.2696518950765
HEALTH,MAD,M2,private,M,True,2,6796.558645719641,0.8836979917534546,3398.2793228598207
SWE,RUH,IC4,mnc,M,False,1,6792.910536655858,0.5440643243828569,3396.455268327929
ENG_ELEC,JED,M5,private,M,True,1,6790.297415344608,0.42839257750124876,3395.148707672304
DATA,RUH,IC4,private,F,True,1,6785.136169298723,0.6277485557077765,3392.5680846493615
PM,RUH,M1,semigov,M,True,1,6778.64404247886,0.45185195146570095,3389.32202123943
SALES,EST,IC4,private,F,True,1,6722.157435946916,0.5665634473103277,3361.078717973458
SUPPLY,EST,IC5,private,M,True,1,6673.819012518676,0.3344567806023543,3336.909506259338
MARKETING,JED,M4,mnc,M,True,1,6671.689648035244,0.38406741773721914,3335.844824017622
SWE,JED,M2,public,M,True,1,6667.10611771635,0.28651835465776315,3333.553058858175
OPS,QAS,D2,public,F,True,1,6601.44232000354,0.4150270642773328,3300.72116000177
SWE,JED,IC4,semigov,F,True,1,6599.307134070634,0.24933424229458565,3299.653567035317
SALES,ASR,M5,private,M,False,1,6596.932002949016,2.558689433239633,3298.466001474508
PM,MAK,IC4,public,M,True,1,6594.665860148009,0.8636724704151023,3297.3329300740047
DATA,RUH,IC3,public,M,False,1,6576.36581744616,0.7068757627756292,3288.18290872308
DATA,EST,IC4,startup,M,True,1,6547.685250034493,0.8457857312444513,3273.8426250172465
HR,EST,M3,semigov,M,True,1,6524.27140630957,0.24844516750579757,3262.135703154785
MARKETING,RUH,M1,semigov,M,True,1,6500.614417280844,0.48487773522123034,3250.307208640422
DESIGN,RUH,IC4,mnc,F,True,1,6495.421441568051,0.6353827436650209,3247.7107207840254
LEGAL,RUH,IC3,semigov,F,True,1,6478.024280357558,1.1212044069010205,3239.012140178779
SALES,RUH,IC5,pif_backed,M,True,1,6457.397202091113,0.3407978588505458,3228.6986010455566
SWE,EST,M3,private,F,True,1,6424.318454765951,0.22255282444213517,3212.1592273829756
MARKETING,EST,VP,mnc,M,False,1,6395.173545579788,0.33874922682068853,3197.586772789894
HEALTH,JED,IC6,public,F,True,2,6351.427997577632,0.25738056400332965,3175.713998788816
HEALTH,JED,M1,private,M,True,1,6350.708176370377,0.3022478555197151,3175.3540881851886
SALES,MAK,IC4,semigov,M,True,1,6344.466474479883,0.6074080306024225,3172.2332372399414
SWE,ASR,IC4,public,M,True,1,6343.21399827216,0.6389769668521496,3171.60699913608
FIN,NOR,D2,private,F,True,1,6322.964397469777,0.42275497187297884,3161.4821987348887
SWE,RUH,D1,private,M,True,1,6321.416849188528,0.21380545615185576,3160.708424594264
ENG_ELEC,RUH,IC6,semigov,M,True,1,6319.77037488954,0.24777084028522098,3159.88518744477
PM,RUH,IC6,public,M,True,1,6310.238630012365,0.3389092550250359,3155.1193150061827
MARKETING,MAD,IC5,private,M,True,1,6291.820299031198,0.32145147367371496,3145.910149515599
CUSTOMER,MAD,IC3,mnc,M,True,1,6268.539788633658,0.5877152327576493,3134.269894316829
ENG_MECH,RUH,IC5,startup,M,True,1,6260.250969728033,0.2651942940335897,3130.1254848640165
OPS,RUH,IC3,semigov,M,True,1,6248.821255757777,0.4875074876262688,3124.4106278788886
CUSTOMER,RUH,M2,startup,F,True,1,6246.772246251219,0.45066818382421325,3123.3861231256096
SALES,RUH,M1,public,M,True,1,6224.201640564441,0.46974771992735387,3112.1008202822204
DESIGN,RUH,D2,semigov,M,False,1,6219.678863568815,0.3885889756973161,3109.8394317844077
FIN,EST,IC4,private,M,True,3,6192.87265660564,0.256681800547907,3096.43632830282
FIN,RUH,D1,public,M,True,1,6187.807450041208,0.31303152949690305,3093.903725020604
CUSTOMER,RUH,IC5,semigov,M,True,1,6178.049334357525,0.5426444961765835,3089.0246671787627
EDU,EST,D1,private,F,True,1,6171.136819669791,0.23708973387850268,3085.5684098348956
DESIGN,RUH,D2,pif_backed,M,False,1,6169.43644837717,0.3386647005258821,3084.718224188585
SWE,JED,IC6,pif_backed,M,True,1,6164.333853495889,0.1817290326941707,3082.1669267479447
SWE,JED,IC6,semigov,F,True,1,6151.6634996050125,0.2314651184820621,3075.8317498025062
HEALTH,JED,IC2,private,F,True,1,6141.856836495543,0.45953294886132456,3070.9284182477713
HEALTH,JED,M4,private,F,True,1,6140.079293348532,0.31550388563258774,3070.039646674266
SWE,ASR,IC2,semigov,M,True,1,6138.5324377152265,0.5341942676519781,3069.2662188576132
OPS,NJR,IC3,pif_backed,F,True,1,6124.580501314662,0.325362080886652,3062.290250657331
ENG_ELEC,RUH,IC5,private,M,True,4,6123.69531807421,0.25584551829738933,3061.847659037105
OPS,RUH,M2,public,M,True,1,6122.347868310435,0.9547852438050247,3061.1739341552175
DATA,JED,IC4,private,M,True,1,6118.6325387159995,0.332971383735115,3059.3162693579998
CUSTOMER,RUH,D2,mnc,F,False,1,6107.367654204101,0.5664408866816076,3053.6838271020506
SWE,EST,IC4,public,M,True,3,6104.747399188908,0.3993719691987687,3052.373699594454
ENG_MECH,RUH,M4,private,M,True,1,6104.3309287997545,0.1470668517816342,3052.1654643998772
HR,MAK,IC5,semigov,F,True,1,6103.119393749206,0.2250718064578707,3051.559696874603
HEALTH,RUH,M4,public,F,False,1,6094.515548724748,0.3966423715356034,3047.257774362374
OPS,RUH,IC6,public,F,True,1,6087.877004053113,0.32962395056617455,3043.9385020265563
ENG_CIVIL,JAZ,IC5,public,M,True,1,6083.518635519893,0.41919949650429017,3041.7593177599465
DESIGN,RUH,IC5,mnc,M,True,1,6056.421233654601,0.36919129226693803,3028.2106168273003
DATA,JED,M1,private,M,True,1,6047.216458502291,0.19930014428984338,3023.6082292511455
PM,RUH,M2,private,M,True,1,6035.607046162408,0.32479522969404284,3017.803523081204
ENG_MECH,MAK,IC4,mnc,M,True,1,6026.133311067033,0.8464638657447268,3013.0666555335165
PM,RUH,M4,private,M,False,1,6019.154811235885,0.41826339212489855,3009.5774056179425
SWE,JAZ,IC3,semigov,M,True,1,6018.373482203416,1.466949866339957,3009.186741101708
DATA,MAD,M2,semigov,M,False,1,5999.717859024802,1.803243249601376,2999.858929512401
EDU,RUH,IC4,mnc,F,False,1,5999.060475933211,0.6327162802834274,2999.5302379666055
SWE,RUH,IC2,semigov,F,True,1,5977.748216267872,1.3000680238197615,2988.874108133936
ENG_CIVIL,RUH,M2,public,M,True,2,5976.638251836225,0.25605219722413075,2988.3191259181126
SWE,RUH,IC3,startup,M,True,1,5973.7606966245585,0.31010228573500187,2986.8803483122792
SWE,MAD,IC4,mnc,M,True,1,5966.782752659059,0.26001798089587236,2983.3913763295295
MARKETING,RUH,IC4,private,M,True,1,5964.2889739846805,0.8092813760344091,2982.1444869923403
ENG_ELEC,JED,IC6,public,M,False,1,5927.945596941139,0.5017800237418737,2963.9727984705696
SWE,EST,IC2,mnc,M,True,1,5920.974751664149,1.3059230887248923,2960.4873758320746
FIN,JED,M1,semigov,F,True,1,5916.830046584702,0.5112809928701092,2958.415023292351
HR,EST,D3,startup,F,False,1,5914.271527721714,0.5887158007938346,2957.135763860857
PM,MAD,IC4,private,M,True,1,5910.09433976917,0.8057807042361705,2955.047169884585
SWE,QAS,M3,private,M,False,1,5903.399705530611,1.2150584441405354,2951.6998527653054
SUPPLY,EST,IC4,private,M,True,1,5894.675475703092,0.5448599331619163,2947.337737851546
DATA,JED,M3,private,M,False,1,5889.579972397571,0.8747468731297262,2944.7899861987853
EDU,QAS,VP,private,F,True,1,5869.067333273066,0.20275081348073207,2934.533666636533
SWE,RUH,IC3,private,M,True,6,5861.201577169263,0.3844645336522974,2930.6007885846316
FIN,HAI,M4,public,M,True,1,5821.807905615453,0.34139449396717286,2910.9039528077265
EDU,EST,IC4,semigov,F,True,1,5803.140563566185,0.3773056088050786,2901.5702817830925
MARKETING,EST,IC4,public,F,True,1,5799.028581620596,0.2958776130633087,2899.514290810298
CUSTOMER,TAB,D1,semigov,M,True,1,5788.228204286384,0.8518062848849399,2894.114102143192
HR,EST,IC4,private,F,True,1,5783.44608922157,0.2911536464248521,2891.723044610785
HEALTH,RUH,M3,semigov,F,True,1,5764.305159947218,0.4167874942406125,2882.152579973609
SWE,RUH,IC4,startup,M,True,1,5762.5893684943785,0.4513423954244821,2881.2946842471893
FIN,EST,IC6,public,M,False,1,5740.1107342802015,0.4563734694182047,2870.0553671401008
SWE,JED,M4,public,M,True,1,5733.920255510391,0.11639374213603286,2866.9601277551956
HEALTH,TAB,IC5,private,F,True,1,5729.621267547156,0.313785973776157,2864.810633773578
PM,JED,IC6,public,M,False,1,5721.355322703125,0.8426179336450421,2860.6776613515626
SWE,EST,M2,private,M,True,1,5712.528706968595,0.28063122866188356,2856.2643534842973
SALES,NJR,IC4,semigov,F,True,1,5696.154731986779,0.5315563543443725,2848.0773659933893
HR,RUH,M4,mnc,M,True,1,5689.49701444446,0.33541348715844227,2844.74850722223
SWE,BAH,IC5,public,M,True,1,5680.999393329726,0.509566106894822,2840.499696664863
SUPPLY,MAK,D2,private,M,True,1,5674.139121820357,0.14344021503394053,2837.0695609101786
HEALTH,RUH,M4,pif_backed,M,False,1,5629.032087353267,0.40862506175571883,2814.5160436766337
PM,EST,M1,private,M,True,2,5612.9813280193775,0.2357559978487948,2806.4906640096888
PM,RUH,IC3,private,M,True,2,5609.575776143086,0.3248638856990561,2804.787888071543
ENG_ELEC,RUH,IC4,semigov,M,True,1,5603.1037239498955,0.9837898281246588,2801.5518619749478
OPS,RUH,VP,private,M,False,1,5600.466317389889,0.8893506262485258,2800.2331586949444
OPS,RUH,IC5,semigov,M,True,2,5589.807437085852,0.4066972692019879,2794.903718542926
FIN,RUH,M3,startup,F,False,1,5589.351174430696,0.9112715214123996,2794.675587215348
EDU,EST,M2,private,M,True,1,5585.341661310413,0.6480103882630488,2792.6708306552064
SWE,JAZ,IC4,public,M,True,1,5554.967373847734,0.31326455883993454,2777.483686923867
ENG_CIVIL,EST,IC6,private,M,True,2,5532.867127852808,0.41091623074308864,2766.433563926404
MARKETING,EST,IC2,semigov,F,True,2,5531.810753568294,0.43713761385223593,2765.905376784147
LEGAL,ASR,IC3,semigov,F,False,1,5525.21821559747,0.6908090311628904,2762.609107798735
SALES,NOR,IC2,public,F,True,1,5514.047426150296,0.47208808084740383,2757.023713075148
SWE,MAK,IC4,semigov,M,False,1,5505.537482919211,0.4520373109358951,2752.7687414596053
SWE,RUH,M1,private,M,True,3,5500.462363538728,0.4316076367361526,2750.231181769364
SWE,JED,IC3,public,M,True,2,5492.7136084264785,0.9202841743249632,2746.3568042132392
HR,JED,IC2,private,F,True,1,5491.372475646917,0.4411916803093034,2745.6862378234587
SWE,EST,IC3,private,M,True,3,5487.450791499006,0.5693365544797128,2743.725395749503
DESIGN,RUH,IC4,public,M,True,1,5483.495356540521,0.27604047146449656,2741.7476782702606
DATA,EST,M2,private,M,True,1,5472.402814033812,0.1941392017728329,2736.201407016906
OPS,EST,CXO,private,M,False,1,5468.202502757929,0.5515408307002532,2734.1012513789647
CUSTOMER,RUH,IC6,public,F,True,1,5466.347333410331,0.45837206473866665,2733.1736667051655
DATA,RUH,IC4,private,M,True,3,5463.381063450833,0.21674420851335685,2731.6905317254163
OPS,JED,M3,private,M,False,1,5432.6043405715445,1.6454099521046344,2716.3021702857723
SWE,ASR,IC3,semigov,M,True,1,5421.717127951472,0.9411045715492756,2710.858563975736
FIN,EST,IC5,pif_backed,M,True,1,5406.227407646456,0.28746027254610806,2703.113703823228
HR,MAK,IC4,private,F,False,1,5394.046266047322,0.6412221837149797,2697.023133023661
SUPPLY,EST,D1,public,M,False,1,5375.317357933562,0.8529217534693287,2687.658678966781
SWE,RUH,IC4,mnc,M,True,3,5372.234693264485,0.22581486350162164,2686.1173466322425
PM,MAK,M2,public,M,True,1,5367.8534909335995,0.3594940725427948,2683.9267454667997
SALES,EST,M1,private,F,True,1,5346.919809312447,0.5675076849847485,2673.4599046562234
OPS,RUH,IC3,mnc,M,True,1,5339.376989262722,0.31710607164768206,2669.688494631361
OPS,JED,IC5,semigov,M,True,1,5338.223594498715,0.5069827451725192,2669.1117972493576
FIN,RUH,IC5,semigov,F,False,1,5335.792886448179,0.4111194338208243,2667.8964432240896
EDU,RUH,SVP,private,F,True,1,5306.815379518812,0.12194840021506127,2653.407689759406
ENG_MECH,QAS,D1,public,M,True,1,5290.745859160314,0.2640199176094063,2645.372929580157
HEALTH,RUH,IC5,public,F,True,1,5277.65244125137,0.5201190277474205,2638.826220625685
PM,RUH,IC5,startup,F,True,1,5276.701617014598,0.19331956991286434,2638.350808507299
HEALTH,RUH,IC4,semigov,F,True,1,5275.000517016446,0.26472159442965965,2637.500258508223
HEALTH,ASR,IC5,startup,M,True,1,5260.171321832355,0.3704423123762415,2630.0856609161774
SWE,RUH,IC5,private,M,True,5,5232.788915709365,0.16998891073062242,2616.3944578546825
EDU,ASR,M2,mnc,F,True,1,5215.057732241501,0.33453901506828004,2607.5288661207505
FIN,RUH,IC4,public,F,True,6,5203.988044113514,0.29332156094762324,2601.994022056757
SWE,RUH,D1,private,M,False,2,5174.444540086777,0.8950219946843062,2587.2222700433886
SUPPLY,RUH,IC4,startup,F,True,1,5169.8323645908,0.32642589729057375,2584.9161822954
OPS,TAB,M2,private,M,True,1,5162.275044868502,0.29321363373362413,2581.137522434251
SWE,JAZ,IC4,pif_backed,M,True,1,5156.501259237861,0.43337517295568784,2578.2506296189304
SALES,JED,IC5,mnc,M,True,1,5156.076575345514,0.7855585538398852,2578.038287672757
HEALTH,ASR,IC4,public,F,True,3,5139.698715792457,0.344939781130118,2569.8493578962284
DATA,RUH,M1,pif_backed,M,False,1,5125.38125119847,0.42812258293151756,2562.690625599235
EDU,RUH,IC6,semigov,F,True,2,5125.091558160019,0.5208910288009886,2562.5457790800097
SALES,RUH,D2,semigov,M,False,1,5120.14240384302,0.2814532532408042,2560.07120192151
SWE,RUH,IC4,private,F,True,1,5116.547553288922,0.6739310213630282,2558.273776644461
OPS,MAD,IC3,mnc,F,True,1,5114.55151195384,0.46358762439073853,2557.27575597692
SWE,RUH,M4,public,M,True,1,5108.602953945916,0.16921690123367306,2554.301476972958
FIN,EST,IC4,private,F,True,2,5102.957617344526,0.5151029172521099,2551.478808672263
HR,QAS,IC4,public,F,True,1,5094.672477898869,0.9429385211274625,2547.3362389494346
EDU,JED,IC5,private,F,True,1,5076.906403823547,0.676659382330798,2538.4532019117737
CUSTOMER,RUH,IC4,private,F,True,4,5070.551768521763,0.5556571869042715,2535.2758842608814
MARKETING,RUH,D2,startup,F,False,1,5065.58271959052,0.3413219415150728,2532.79135979526
DATA,RUH,IC6,public,F,True,1,5062.929024852438,0.16794074511092183,2531.464512426219
SALES,NJR,M1,pif_backed,M,True,1,5060.3790877153915,0.36433209334053723,2530.1895438576958
FIN,TAB,M2,private,M,True,1,5048.040395186805,0.3469915447419393,2524.0201975934024
EDU,RUH,D1,public,M,True,1,5042.230292942861,0.3548382791466504,2521.1151464714303
FIN,JAZ,IC2,private,F,True,2,5040.527118365364,0.5646726113649183,2520.263559182682
EDU,RUH,IC6,private,M,True,1,5037.895230040112,0.4661184325169342,2518.947615020056
FIN,HAI,M2,startup,F,True,1,5033.352878705133,0.30422551474116644,2516.6764393525664
EDU,RUH,IC5,mnc,F,True,1,5029.867387298735,0.24710302707983928,2514.9336936493673
SWE,JAZ,M1,pif_backed,M,True,1,5027.919954898602,0.5721823846808354,2513.959977449301
FIN,RUH,M2,mnc,M,False,1,5023.57320827576,0.3893874425985495,2511.78660413788
LEGAL,RUH,IC4,public,M,True,1,5022.2072826377935,0.2686041527865002,2511.1036413188967
SALES,JED,IC2,startup,M,True,1,5016.579845071618,0.44623308756352636,2508.289922535809
FIN,TAB,IC4,private,F,True,1,5006.641514598363,0.2506859407411691,2503.3207572991814
SWE,RUH,M4,mnc,M,True,1,5003.220151330348,0.19683764965593345,2501.610075665174
DATA,RUH,IC3,semigov,M,True,1,4988.096617156556,0.28622038687626433,2494.048308578278
PM,EST,IC3,semigov,F,True,1,4985.615014373203,0.5303874806553075,2492.8075071866015
MARKETING,RUH,IC5,private,M,False,1,4981.631540113472,0.452351293449521,2490.815770056736
HEALTH,RUH,IC6,private,F,True,1,4971.281330499887,0.3948839321160181,2485.6406652499436
CUSTOMER,EST,IC4,startup,M,True,1,4962.658163821034,0.3253646860557734,2481.329081910517
HEALTH,MAK,IC3,semigov,F,True,2,4955.942932091436,0.4242432913981613,2477.971466045718
MARKETING,RUH,IC6,private,F,True,2,4944.54356793767,0.16963135417774425,2472.271783968835
EDU,RUH,M1,public,M,True,1,4932.993717882682,0.320967273364612,2466.496858941341
SWE,JED,IC3,private,M,True,1,4922.973006418504,0.2360350741893348,2461.486503209252
FIN,JAZ,M2,public,M,True,1,4912.7059878922555,0.3247315910329819,2456.3529939461278
ENG_MECH,TAB,M2,public,M,True,1,4909.376208738262,0.36201738311560444,2454.688104369131
SUPPLY,RUH,M1,private,M,True,1,4901.977192335633,0.6922384442393039,2450.9885961678165
ENG_ELEC,JED,IC4,semigov,M,True,2,4897.576216600845,0.21134881229093969,2448.7881083004227
EDU,RUH,IC6,mnc,M,True,1,4891.11552597465,0.26399048098343597,2445.557762987325
FIN,ASR,IC4,mnc,M,True,1,4887.331240777656,0.24272032176724673,2443.665620388828
ENG_ELEC,JAZ,IC4,pif_backed,M,False,1,4887.188571521717,0.5530791517076941,2443.5942857608584
HEALTH,ASR,M4,semigov,M,True,1,4869.94875965143,0.19127852364087677,2434.974379825715
SALES,JED,IC5,pif_backed,F,False,1,4865.49803597934,0.47798206263009707,2432.74901798967
HEALTH,ASR,M3,private,F,True,1,4863.325316031385,0.5260214668300891,2431.6626580156926
HEALTH,MAD,IC6,mnc,F,True,1,4845.246633454608,0.20624072359103554,2422.623316727304
ENG_MECH,EST,IC3,public,M,True,1,4841.365009338817,0.5701796113936072,2420.6825046694084
FIN,MAD,IC2,semigov,F,True,1,4821.845366664287,0.35160466694987613,2410.9226833321436
SALES,RUH,IC5,private,M,True,3,4811.059352069071,0.16028030191023543,2405.5296760345354
SALES,QAS,M2,semigov,M,True,1,4810.436154831066,0.34189805207116586,2405.218077415533
DATA,MAD,M1,public,F,True,1,4785.025790007536,0.3244857410228466,2392.512895003768
ENG_ELEC,EST,IC4,mnc,F,True,1,4781.382519462448,0.2700592352485134,2390.691259731224
HR,RUH,IC4,semigov,M,True,1,4779.817687648627,0.6201236975379009,2389.9088438243134
FIN,TAB,IC4,private,M,True,1,4775.9258349559295,0.4268156271407261,2387.9629174779648
SALES,EST,M1,pif_backed,M,True,1,4771.478531890043,0.2028476604114771,2385.7392659450215
LEGAL,HAI,IC6,public,M,True,1,4762.972409019014,0.25622252436613807,2381.486204509507
EDU,EST,IC4,public,F,True,5,4758.142948646859,0.3670251845413168,2379.0714743234294
OPS,EST,M1,private,M,True,1,4756.903678415007,0.25038051410287726,2378.4518392075033
SWE,MAK,IC3,private,M,True,2,4751.144460299867,0.7596243574188294,2375.5722301499336
OPS,RUH,M1,private,M,True,2,4743.928246403659,0.43429650444659595,2371.9641232018294
FIN,JAZ,M1,public,M,True,1,4740.315205993666,0.27777587648859614,2370.157602996833
SWE,EST,IC5,private,F,True,1,4725.76172887865,0.17504391958518453,2362.880864439325
PM,EST,M1,pif_backed,M,True,1,4723.0299404013895,0.16782671613745506,2361.5149702006947
DATA,EST,IC3,private,M,True,3,4716.680990975476,0.5893680927312012,2358.340495487738
OPS,EST,IC4,private,M,True,3,4693.846313074994,0.32836070850894583,2346.923156537497
OPS,EST,IC6,private,F,True,1,4691.5429226215765,0.30333517887444683,2345.7714613107883
SWE,RUH,IC2,semigov,M,True,2,4675.375296046592,0.3674091275431612,2337.687648023296
ENG_ELEC,RUH,M3,pif_backed,M,True,1,4660.597669610863,0.11843719742755293,2330.2988348054314
OPS,ASR,M2,private,M,True,1,4659.967125402503,0.28017742975345367,2329.9835627012517
ENG_MECH,JED,IC5,semigov,M,True,1,4641.295654891015,0.21189218668071544,2320.6478274455076
HEALTH,RUH,IC3,mnc,F,True,3,4633.993190658855,0.40359661107928885,2316.9965953294277
FIN,RUH,IC5,public,M,True,3,4631.567532219874,0.2782315207468129,2315.783766109937
PM,RUH,D2,private,M,True,1,4623.679551298243,0.12522765675540048,2311.8397756491213
EDU,MAK,IC3,private,M,True,1,4616.895887139128,0.4391550987477178,2308.447943569564
DATA,JED,IC3,private,M,True,4,4613.362604627282,0.40075905320774274,2306.681302313641
HEALTH,RUH,M1,mnc,M,True,1,4613.21329601164,0.34273554845066595,2306.60664800582
FIN,JED,IC2,private,F,True,1,4601.563594889338,0.3297844295409241,2300.781797444669
CUSTOMER,JED,M3,private,F,True,1,4594.381072259483,0.17897855644104207,2297.1905361297413
SALES,JED,IC4,pif_backed,M,True,1,4584.973331717135,0.7040666009712551,2292.4866658585674
ENG_CIVIL,JED,IC4,pif_backed,M,True,1,4580.047238379595,0.2674835446195738,2290.0236191897975
HEALTH,NJR,M5,public,F,True,1,4577.153209714084,0.22573033066205808,2288.576604857042
LEGAL,ASR,IC4,private,F,True,1,4570.9748434971225,0.42787278264412043,2285.4874217485612
MARKETING,MAD,M3,public,F,False,1,4562.2359925467645,2.853011955473033,2281.1179962733822
SWE,MAK,IC4,private,M,True,2,4561.044670310917,0.5184318957680715,2280.5223351554587
SUPPLY,RUH,IC5,private,F,True,1,4555.950653740071,0.6465586055142887,2277.9753268700356
HEALTH,RUH,IC5,public,M,True,1,4552.188773867198,0.21958963345523647,2276.094386933599
HEALTH,EST,IC4,public,M,True,1,4548.170891159341,0.26094467447825087,2274.0854455796707
SWE,RUH,M3,private,F,False,1,4539.978027478188,0.30038027069721884,2269.989013739094
CUSTOMER,RUH,M4,private,M,True,1,4538.997183445295,0.2193922458754147,2269.4985917226477
SWE,EST,IC4,private,M,True,5,4524.886877674163,0.277004501124403,2262.4434388370814
ENG_MECH,EST,IC4,pif_backed,M,True,2,4524.079446077712,0.5260789248092044,2262.039723038856
FIN,MAD,IC4,semigov,M,True,1,4517.426051302085,0.4028124212186761,2258.7130256510427
DATA,ASR,IC3,semigov,M,True,1,4516.2964416548275,0.5878480467051949,2258.1482208274138
FIN,MAK,IC4,semigov,F,True,1,4512.034303672015,0.2108411966826022,2256.0171518360075
SWE,MAD,IC3,private,F,True,1,4506.746930712695,0.938589967302905,2253.3734653563474
SALES,EST,IC3,public,M,True,2,4503.701413758023,0.28261462113871627,2251.8507068790113
DESIGN,EST,IC2,private,M,True,2,4499.281724426053,0.3005285564608887,2249.6408622130266
HEALTH,RUH,VP,private,M,True,1,4491.951931708012,0.12751202950717838,2245.975965854006
ENG_CIVIL,RUH,IC5,public,M,True,1,4488.897203758144,0.24489255108263827,2244.448601879072
SWE,EST,M4,semigov,F,False,1,4483.078174426538,0.8086672927218229,2241.539087213269
FIN,EST,M1,mnc,M,True,1,4480.417124253465,0.26202615837655857,2240.2085621267324
HEALTH,JED,IC4,pif_backed,F,True,1,4476.724033097658,0.4255714329259489,2238.362016548829
SALES,RUH,IC4,private,M,True,9,4475.224925765164,0.24588826909723802,2237.612462882582
DATA,EST,M2,private,F,False,1,4467.713083478903,1.373200953252583,2233.8565417394516
SALES,MAK,IC5,private,F,True,1,4463.564489835426,0.6536333625923252,2231.782244917713
HEALTH,RUH,D1,private,F,False,2,4458.13406826528,0.5860175152923318,2229.06703413264
SALES,RUH,M2,public,M,False,1,4457.074909948666,1.2913620446752518,2228.537454974333
HEALTH,RUH,M2,semigov,M,True,1,4438.23142486412,0.1817738098527029,2219.11571243206
MARKETING,EST,IC3,private,F,True,3,4415.716397920204,0.28419180619024614,2207.858198960102
HEALTH,JED,M1,public,F,True,1,4415.665874580696,0.22618213852128521,2207.832937290348
HEALTH,RUH,IC2,private,F,True,1,4413.833433890743,0.37703011282845966,2206.9167169453717
SWE,RUH,IC3,semigov,M,True,5,4411.636981762025,0.24572741495511777,2205.8184908810126
HEALTH,MAK,IC4,private,M,True,1,4408.283924488527,0.5793020133764983,2204.1419622442636
EDU,EST,IC5,semigov,F,True,1,4407.236624957102,0.2545605367202458,2203.618312478551
SWE,HAI,IC3,private,M,True,1,4403.634387028087,0.24762634967419236,2201.8171935140435
MARKETING,RUH,IC4,pif_backed,F,True,1,4396.95332022999,0.22018173577690844,2198.476660114995
FIN,JED,IC4,mnc,F,True,1,4383.735310662512,0.29848227734925376,2191.867655331256
HEALTH,EST,M4,public,F,True,1,4383.193290079085,0.15442936900744608,2191.5966450395426
SALES,QAS,M5,private,M,True,1,4382.5451627902185,0.2663706862923784,2191.2725813951092
OPS,EST,IC3,private,M,True,3,4382.2702003214135,0.31468510147042394,2191.1351001607068
OPS,MAD,IC4,semigov,M,False,1,4381.3852926144245,0.6730830562416021,2190.6926463072123
DATA,RUH,IC4,startup,M,True,1,4377.706565771836,0.24512803764588495,2188.853282885918
HR,QAS,IC6,pif_backed,M,True,1,4361.803968123044,0.1979645814057994,2180.901984061522
OPS,MAK,IC4,public,M,True,1,4355.226523969352,0.26119306117640967,2177.613261984676
HEALTH,RUH,IC4,mnc,M,True,2,4352.174062074844,0.3239600356604053,2176.087031037422
DATA,JED,IC6,private,M,True,1,4346.609101282131,0.15964720996462953,2173.3045506410654
SWE,RUH,IC4,pif_backed,M,True,1,4335.412433658177,0.16492632802039237,2167.7062168290886
HEALTH,EST,IC4,semigov,M,True,2,4333.902525706716,0.3219738952037666,2166.951262853358
ENG_MECH,NOR,IC3,private,M,True,1,4322.921526524796,0.5847740621038999,2161.460763262398
PM,RUH,M2,mnc,F,True,1,4314.412998749984,0.15318925705636008,2157.206499374992
OPS,EST,M1,private,F,True,1,4314.3503036082275,0.49578442908497194,2157.1751518041137
CUSTOMER,RUH,IC4,public,F,True,2,4313.256696873419,0.8441084939981394,2156.6283484367095
FIN,RUH,M4,semigov,F,True,1,4309.738390925697,0.09385864737795709,2154.8691954628484
FIN,RUH,M3,public,M,True,1,4301.2263393509165,0.23566518321473803,2150.6131696754583
CUSTOMER,TAB,M1,startup,F,True,1,4297.180899521072,0.31159001986514523,2148.590449760536
HEALTH,MAD,IC3,private,M,False,1,4291.161061155643,0.7176106604839788,2145.5805305778217
SWE,EST,IC3,mnc,F,False,1,4286.48722231914,0.5227090301907279,2143.24361115957
HEALTH,MAD,IC5,semigov,M,True,1,4286.024030511768,0.3731975931459771,2143.012015255884
HEALTH,EST,IC4,pif_backed,M,True,2,4284.440465761397,0.2034379174361472,2142.2202328806984
ENG_ELEC,RUH,M1,public,M,False,1,4266.868112031361,1.4141321775913234,2133.4340560156807
FIN,RUH,IC5,startup,F,True,1,4263.011274006505,0.19896791672236874,2131.5056370032526
DESIGN,NOR,IC5,pif_backed,M,False,1,4254.960498112989,0.49306701269002084,2127.4802490564944
SALES,EST,IC2,public,M,True,2,4249.335180982042,0.41942746586776347,2124.667590491021
ENG_ELEC,RUH,M5,semigov,M,True,1,4244.096692037812,0.12175990876213509,2122.048346018906
ENG_ELEC,RUH,M2,private,M,True,2,4227.556633497294,0.22605174966313635,2113.778316748647
EDU,JED,M2,public,F,True,3,4217.979837294145,0.1952692978289546,2108.9899186470725
HEALTH,RUH,IC3,private,F,True,4,4199.0630393984575,0.264132915079354,2099.5315196992287
SALES,RUH,IC4,startup,M,True,3,4192.5464576160275,0.33505506393547496,2096.2732288080138
SALES,RUH,IC4,private,F,True,4,4192.314830541252,0.17592881533570362,2096.157415270626
PM,HAI,M3,pif_backed,M,True,1,4191.834320047292,0.1745969363830369,2095.917160023646
SWE,JAZ,M3,public,M,True,1,4176.245068725952,0.25586508420088117,2088.122534362976
SALES,JED,M2,semigov,M,True,1,4166.56896116272,0.17323497811963467,2083.28448058136
HR,RUH,IC5,semigov,M,True,1,4163.8643278748095,0.33623473291502143,2081.9321639374048
DATA,JED,D1,semigov,M,True,1,4163.13620975551,0.10836549478612006,2081.568104877755
PM,RUH,IC3,private,F,True,1,4155.772241121074,0.269074730999331,2077.886120560537
FIN,BAH,IC4,mnc,M,True,1,4154.523675920025,0.3895429231432191,2077.2618379600126
SWE,EST,IC5,startup,F,True,1,4149.596648031282,0.21091701076941327,2074.798324015641
DATA,RUH,M1,semigov,M,False,1,4149.415685471314,0.8688398454900681,2074.707842735657
SUPPLY,RUH,D1,private,M,False,1,4144.400166939936,0.3444921252667772,2072.200083469968
MARKETING,RUH,IC3,public,F,True,1,4137.07783386445,0.3123456790707877,2068.538916932225
HEALTH,JED,IC2,mnc,M,True,1,4136.454407185783,0.3537669238546815,2068.2272035928913
MARKETING,RUH,M2,mnc,F,False,1,4133.096513688359,0.3857321786206485,2066.5482568441794
ENG_ELEC,RUH,IC6,private,M,False,1,4126.30742044464,0.47701242516006204,2063.15371022232
OPS,EST,IC3,mnc,M,True,1,4123.415713527296,0.3044220713524893,2061.707856763648
SWE,QAS,IC4,mnc,M,True,2,4118.567158932978,0.19699974394619274,2059.283579466489
FIN,ASR,VP,private,M,False,1,4109.114658453045,0.4451928794493445,2054.5573292265226
FIN,RUH,IC4,private,M,True,5,4098.139735760744,0.21955511503898126,2049.069867880372
FIN,EST,M2,public,M,True,1,4085.5464165195262,0.14613256851209314,2042.7732082597631
PM,NJR,M4,public,M,True,1,4078.203675402583,0.16649139451122288,2039.1018377012915
MARKETING,ASR,M1,private,F,True,1,4077.292320575705,0.2939661270428765,2038.6461602878526
SALES,RUH,IC4,semigov,M,True,2,4074.8919373486424,0.1763454349327951,2037.4459686743212
FIN,RUH,IC3,semigov,M,True,3,4071.8882428018183,0.2511815597031511,2035.9441214009091
OPS,RUH,IC3,private,M,True,5,4069.231275273086,0.4963191482514773,2034.615637636543
OPS,ASR,IC4,private,M,True,1,4063.2301964135722,0.5195242690399676,2031.6150982067861
OPS,MAK,D1,public,M,True,1,4058.653076048038,0.2084567150965576,2029.326538024019
HR,RUH,IC4,public,F,True,2,4055.723292888272,0.5316985303848916,2027.861646444136
EDU,RUH,M3,semigov,M,True,1,4040.991502484987,0.17535840520230062,2020.4957512424935
EDU,EST,IC3,private,M,True,1,4031.5094754187094,0.3538673068070746,2015.7547377093547
MARKETING,JED,M3,mnc,M,True,1,4005.962808495342,0.3546038042128691,2002.981404247671
SALES,EST,IC5,private,M,True,1,3998.1513981923854,0.16868401175677716,1999.0756990961927
PM,JED,IC5,pif_backed,M,True,1,3992.8914186775146,0.21178927190351282,1996.4457093387573
HR,RUH,IC1,mnc,M,True,1,3978.2714902359357,0.3519678850345468,1989.1357451179679
PM,NJR,IC5,private,F,False,1,3976.0345857035186,2.939201652655394,1988.0172928517593
DESIGN,RUH,M2,private,M,False,1,3974.009295205505,1.7184841918214564,1987.0046476027526
EDU,JAZ,M1,private,M,True,1,3965.404656035883,0.3358353713009222,1982.7023280179415
OPS,EST,IC6,public,M,True,1,3964.5445774580985,0.2015404189233937,1982.2722887290493
FIN,JED,IC4,private,F,False,2,3956.4739335271397,0.4878633332105242,1978.2369667635699
ENG_ELEC,EST,M2,public,F,True,1,3950.577561808317,0.13509020859806004,1975.2887809041586
ENG_CIVIL,RUH,IC4,pif_backed,M,True,1,3946.2773191675624,0.19228785124781317,1973.1386595837812
SWE,JED,IC4,private,F,True,1,3944.8340003338944,0.3074258915226296,1972.4170001669472
LEGAL,EST,IC4,private,F,True,1,3942.5471004211868,0.15112057852820254,1971.2735502105934
PM,EST,IC4,private,M,True,1,3932.165413009525,0.3116307811010322,1966.0827065047624
CUSTOMER,EST,IC3,semigov,M,True,1,3929.35502382535,0.8580063607655416,1964.677511912675
FIN,HAI,IC3,public,F,True,1,3925.5901185164003,0.2946316789277818,1962.7950592582001
EDU,RUH,IC3,public,F,True,3,3921.824416590136,0.3212510043784171,1960.912208295068
ENG_CIVIL,RUH,IC6,public,M,True,1,3920.47913344844,0.17935226840541021,1960.23956672422
DESIGN,MAK,IC1,mnc,F,True,1,3913.3281102221245,0.3456154421132135,1956.6640551110622
FIN,ASR,IC4,private,F,True,1,3912.1104179391623,0.5794839758172988,1956.0552089695811
DATA,MAD,IC6,private,F,False,1,3887.8167140882338,1.1358528244470922,1943.9083570441169
EDU,RUH,IC5,public,F,True,3,3878.730443853579,0.2540688713772278,1939.3652219267894
DATA,RUH,IC1,private,M,True,1,3873.9407265464934,0.9314220092439683,1936.9703632732467
ENG_MECH,JED,M2,private,M,True,2,3869.596795819464,0.24029543003183948,1934.798397909732
CUSTOMER,RUH,IC5,semigov,F,True,1,3864.520355279634,0.2708406016923766,1932.260177639817
SWE,RUH,IC4,private,F,False,1,3861.0545963314985,1.9598819120949549,1930.5272981657492
MARKETING,RUH,D2,mnc,F,False,1,3857.6417593531787,0.28621152998476446,1928.8208796765894
HEALTH,RUH,IC4,pif_backed,M,True,1,3850.1876321265972,0.33116938330450657,1925.0938160632986
CUSTOMER,MAK,IC6,public,M,False,1,3848.716322865127,0.648909475442581,1924.3581614325635
EDU,RUH,IC6,public,M,True,1,3844.285417708399,0.3295007768355409,1922.1427088541996
ENG_ELEC,MAK,IC4,private,M,True,1,3842.0894156265695,0.19882901708792983,1921.0447078132847
HEALTH,JED,M2,semigov,M,True,1,3839.2891118793304,0.25254041600036226,1919.6445559396652
FIN,RUH,IC3,public,F,True,1,3836.63472593987,0.29381888712864723,1918.317362969935
LEGAL,MAK,M1,public,M,False,1,3834.3504900784233,1.3241618520467784,1917.1752450392116
LEGAL,NJR,M1,public,M,True,1,3832.482138742109,0.23469468775956884,1916.2410693710544
SWE,EST,M4,private,M,False,1,3827.1163352694202,0.25200204961287187,1913.5581676347101
MARKETING,EST,M2,semigov,F,False,1,3826.359910125286,0.5397938808777379,1913.179955062643
MARKETING,RUH,IC3,private,F,True,2,3814.3486432690434,0.688205212273857,1907.1743216345217
SWE,MAK,IC4,mnc,M,True,1,3810.7410145788945,0.23464673160312619,1905.3705072894472
HEALTH,RUH,IC3,private,M,True,2,3808.532060247233,0.26016405005616333,1904.2660301236165
MARKETING,RUH,IC5,startup,M,False,1,3806.915767745597,0.457413975116611,1903.4578838727984
SALES,EST,IC3,private,F,True,2,3793.133555761102,0.30973489155327494,1896.566777880551
MARKETING,RUH,IC5,pif_backed,F,True,1,3791.6798096894563,0.18290682129159253,1895.8399048447282
SWE,MAD,IC4,private,M,True,2,3791.6257129335363,0.17067023740107826,1895.8128564667682
OPS,RUH,M2,semigov,M,True,1,3786.092812733914,0.21600653902681427,1893.046406366957
PM,TAB,IC3,mnc,M,True,1,3785.7074357166694,0.30712822830121045,1892.8537178583347
SALES,EST,M4,mnc,M,True,1,3784.878190595962,0.11871608796438321,1892.439095297981
CUSTOMER,RUH,IC3,mnc,M,True,1,3783.883113462559,0.6693461036770454,1891.9415567312794
ENG_MECH,QAS,IC4,mnc,M,True,1,3783.412107256787,0.2457134489909405,1891.7060536283934
FIN,EST,IC5,private,M,False,2,3778.128274446769,0.3837764112177068,1889.0641372233845
SWE,RUH,IC4,public,M,True,4,3766.6605156893315,0.2968107891757687,1883.3302578446658
OPS,RUH,M1,semigov,M,True,1,3758.98677571965,0.2081171502949379,1879.493387859825
MARKETING,EST,IC5,pif_backed,F,True,1,3757.0343287583455,0.1493640050352476,1878.5171643791728
SUPPLY,RUH,IC5,startup,M,True,1,3754.986339902629,0.15262898137979958,1877.4931699513145
FIN,RUH,IC4,public,M,True,5,3747.1045725913414,0.1882005766474351,1873.5522862956707
SWE,JED,M2,private,F,False,1,3739.364465479523,1.127925547174044,1869.6822327397615
MARKETING,RUH,M3,pif_backed,M,False,1,3738.608062095176,0.6154858660319487,1869.304031047588
EDU,RUH,M1,mnc,F,True,3,3737.1422852920327,0.31412079780615487,1868.5711426460164
HEALTH,HAI,IC5,public,M,False,1,3735.8137483868923,2.587401359291621,1867.9068741934461
SWE,EST,IC5,mnc,M,False,2,3735.120688113554,0.3121160050349082,1867.560344056777
ENG_ELEC,EST,IC4,semigov,M,True,1,3729.610164015654,0.36618229163698884,1864.805082007827
HEALTH,QAS,IC3,semigov,M,True,1,3728.492638417009,0.9163318716063831,1864.2463192085045
FIN,EST,M1,private,M,True,1,3714.462438567978,0.14995972823785583,1857.231219283989
EDU,EST,IC5,private,F,True,2,3713.7726001577585,0.37471193438817585,1856.8863000788792
MARKETING,ASR,M4,public,F,False,1,3708.431605686962,1.06231513890121,1854.215802843481
ENG_CIVIL,ASR,IC6,public,M,True,1,3706.5853757447258,0.2815189170336316,1853.2926878723629
EDU,RUH,M2,mnc,F,True,1,3705.438102515478,0.19326791297659066,1852.719051257739
ENG_MECH,EST,M3,mnc,F,False,1,3703.6520852347385,0.502114120009392,1851.8260426173692
DATA,RUH,VP,mnc,M,False,1,3702.6556489349496,0.16248659681030267,1851.3278244674748
HEALTH,JED,IC3,private,F,True,1,3701.9831504274807,0.25835545461476594,1850.9915752137404
SALES,JED,VP,public,F,True,1,3692.769242098715,0.12183001892597263,1846.3846210493575
CUSTOMER,RUH,IC4,semigov,F,True,2,3688.810578618378,0.453184974731036,1844.405289309189
SWE,QAS,IC3,mnc,M,False,1,3684.7405157473413,0.591692018894231,1842.3702578736707
OPS,MAK,IC4,private,M,True,2,3678.1078986613975,0.23078777148806495,1839.0539493306987
SALES,MAK,IC3,public,F,True,1,3676.7642587172104,0.39005717814861457,1838.3821293586052
ENG_MECH,RUH,IC3,private,M,True,1,3676.2476450747035,0.2950907364323888,1838.1238225373518
CUSTOMER,RUH,IC4,private,M,True,2,3675.019346918134,0.5303345640318982,1837.509673459067
HEALTH,RUH,IC6,semigov,F,True,1,3672.606584855319,0.14310427456557423,1836.3032924276595
HEALTH,RUH,IC4,private,M,True,3,3670.3420593007127,0.41080474290591834,1835.1710296503563
SALES,NJR,M4,public,M,False,1,3666.893647243015,0.9056261559589927,1833.4468236215075
HEALTH,HAI,IC3,private,F,True,1,3662.0799859309864,0.34271728838054755,1831.0399929654932
CUSTOMER,JED,M4,public,F,False,1,3658.287329023149,0.5799516666982076,1829.1436645115746
MARKETING,RUH,D3,public,M,False,1,3650.494316867159,0.3512187335382154,1825.2471584335794
SUPPLY,JED,IC3,private,F,True,1,3646.8924036610697,0.4037292453437131,1823.4462018305348
EDU,RUH,IC5,private,F,True,6,3638.8781942302703,0.24440304950812605,1819.4390971151352
ENG_ELEC,RUH,IC4,public,M,True,2,3634.593171708494,0.29790126862016897,1817.296585854247
FIN,EST,IC5,public,M,True,3,3619.542952036247,0.22850623676487092,1809.7714760181234
CUSTOMER,JED,IC2,semigov,F,True,1,3619.182958558127,0.723468178498855,1809.5914792790636
FIN,MAD,IC4,semigov,F,True,2,3618.503320386636,0.1782756197776861,1809.251660193318
HR,RUH,IC5,public,F,True,3,3613.415401125853,0.4390586704458235,1806.7077005629264
DATA,QAS,M3,pif_backed,F,False,1,3603.958271702523,0.9921021215565211,1801.9791358512614
LEGAL,EST,IC2,public,M,True,1,3593.11324799621,0.8890443973472878,1796.556623998105
HEALTH,MAK,IC2,semigov,F,True,1,3590.404796515414,0.8035375284972545,1795.202398257707
HEALTH,RUH,IC4,private,F,True,3,3584.781024933934,0.3657635957343921,1792.390512466967
PM,RUH,IC2,private,M,True,3,3569.337816058783,0.31554820963784747,1784.6689080293916
ENG_ELEC,QAS,D1,private,M,False,1,3569.0102436563266,0.315166190099763,1784.5051218281633
DESIGN,JED,M5,private,M,True,1,3568.5961522523976,0.11881215168982197,1784.2980761261988
DESIGN,JED,IC3,semigov,F,True,2,3562.026998000661,0.26919282399554795,1781.0134990003305
PM,QAS,IC4,public,M,True,1,3557.821027412241,0.3993517393540762,1778.9105137061206
DESIGN,HAI,IC4,pif_backed,M,True,1,3553.441772992788,0.18481373724132358,1776.720886496394
CUSTOMER,QAS,IC2,private,F,True,1,3550.689755081832,0.38102328329669855,1775.344877540916
HEALTH,RUH,IC5,semigov,F,True,1,3544.6290074717454,0.25159380141461957,1772.3145037358727
SALES,RUH,IC2,pif_backed,M,True,1,3533.6909674031212,0.5227157074020075,1766.8454837015606
ENG_MECH,RUH,IC5,mnc,F,False,1,3524.5304363784126,0.5781188555867616,1762.2652181892063
EDU,JED,IC5,semigov,M,True,1,3521.164819892101,0.4683895487008022,1760.5824099460506
PM,EST,IC3,mnc,F,True,1,3520.3630618424822,0.5263942866048751,1760.1815309212411
FIN,MAK,IC4,public,F,True,1,3517.61323323939,0.2834532131707464,1758.806616619695
ENG_MECH,RUH,IC3,semigov,M,True,1,3516.134848092097,0.25086486591544543,1758.0674240460485
SALES,BAH,IC4,private,M,False,1,3512.7570433555834,0.5536941967051745,1756.3785216777917
HR,EST,IC4,semigov,M,False,1,3512.019806431031,0.4676538393051841,1756.0099032155156
DESIGN,TAB,M4,public,F,True,1,3499.2193096356496,0.22933541141296002,1749.6096548178248
CUSTOMER,RUH,IC3,private,M,True,3,3488.335372091174,0.5942214164658783,1744.167686045587
SWE,EST,M2,public,F,True,1,3486.1443607527544,0.12689511875934847,1743.0721803763772
SALES,RUH,IC5,private,F,True,1,3485.4966094048204,0.47858501190969877,1742.7483047024102
HR,JAZ,M2,mnc,M,False,1,3482.365699010105,1.9476086431105843,1741.1828495050524
CUSTOMER,JED,IC3,pif_backed,F,True,1,3477.2845021063968,0.22176575770106574,1738.6422510531984
HEALTH,RUH,M1,semigov,F,True,1,3470.5051491509603,0.1818235366131949,1735.2525745754801
SUPPLY,EST,IC5,public,F,True,1,3461.8519752375105,0.4801346094018943,1730.9259876187552
HR,RUH,IC5,public,M,True,1,3460.6946510625185,0.41781799498106986,1730.3473255312592
DATA,RUH,M1,semigov,M,True,1,3458.598654754729,0.18249127710499446,1729.2993273773645
OPS,RUH,IC2,mnc,M,True,1,3457.2498814814126,0.3440064841247562,1728.6249407407063
SALES,EST,IC3,mnc,M,True,1,3443.3339314450695,0.27219305924192094,1721.6669657225348
FIN,RUH,IC4,semigov,F,True,2,3439.7544586522954,0.30285131450769603,1719.8772293261477
SWE,QAS,IC2,private,M,True,1,3434.4401131693985,0.32701159817229203,1717.2200565846993
SWE,EST,IC2,startup,M,True,1,3422.4678427563476,0.7580049336514816,1711.2339213781738
ENG_ELEC,RUH,IC3,public,M,True,3,3422.2492135025545,0.5494534734825515,1711.1246067512773
HEALTH,JED,IC5,private,F,True,1,3413.877356656336,0.1711339514303819,1706.938678328168
SALES,ASR,IC3,mnc,F,True,1,3409.3800429954053,0.5707798277103818,1704.6900214977027
HR,MAK,IC4,semigov,F,True,1,3409.155730588529,0.7460602823475379,1704.5778652942645
FIN,QAS,IC3,private,M,True,2,3407.4400909398173,0.3279499456456807,1703.7200454699087
ENG_MECH,QAS,IC4,semigov,M,True,1,3406.8960612352457,0.27295475807026537,1703.4480306176229
EDU,JED,M2,public,M,True,1,3406.1115672504566,0.4483496512286473,1703.0557836252283
MARKETING,EST,IC3,public,F,True,1,3404.558997464005,0.4353434617891801,1702.2794987320026
SALES,RUH,IC4,public,M,True,2,3396.5522915426604,0.312366920367123,1698.2761457713302
SALES,EST,M2,private,F,True,1,3378.525282135335,0.1808923867784015,1689.2626410676676
ENG_ELEC,EST,M5,private,M,True,1,3376.973829084396,0.14882831842906094,1688.486914542198
FIN,HAI,D1,mnc,F,False,1,3376.9215585397224,0.6165958476867859,1688.4607792698612
FIN,HAI,M1,mnc,F,True,1,3366.139083862181,0.20606901396563565,1683.0695419310905
SALES,JED,M4,semigov,M,True,1,3365.450528197456,0.15740459539829507,1682.725264098728
OPS,ASR,M4,pif_backed,M,True,1,3353.9322112671143,0.2120470788256786,1676.9661056335572
HEALTH,EST,M2,private,M,True,2,3344.198121454202,0.2974208424158182,1672.099060727101
EDU,RUH,M3,private,F,True,4,3338.069040260875,0.15281769021991765,1669.0345201304376
PM,HAI,IC3,private,M,True,1,3330.7552888085156,0.2312196552532855,1665.3776444042578
SWE,QAS,M2,semigov,M,True,1,3310.857310495223,0.14402872616018916,1655.4286552476115
MARKETING,ASR,IC3,private,M,True,1,3310.586651697263,0.7211408396663779,1655.2933258486314
SWE,EST,IC3,private,F,True,3,3306.1243225245294,0.2770250157155502,1653.0621612622647
PM,RUH,IC5,private,M,True,1,3302.520022552402,0.13101918078096567,1651.260011276201
ENG_ELEC,MAK,M1,private,M,True,1,3298.4944214953266,0.45490941312664446,1649.2472107476633
ENG_MECH,RUH,M1,semigov,M,True,1,3295.7298466237417,0.4935201108974817,1647.8649233118708
EDU,EST,IC4,mnc,F,True,1,3293.85808501631,0.44148608383013216,1646.929042508155
SALES,EST,M1,private,F,False,1,3291.6456107714002,0.7894258296888331,1645.8228053857001
MARKETING,JED,IC4,private,F,True,3,3285.0494302838647,0.1931177883016234,1642.5247151419323
SALES,RUH,M3,pif_backed,M,False,1,3284.2335551739934,0.7010517258500416,1642.1167775869967
OPS,JED,M2,private,F,True,1,3282.276372993165,0.3135854319451764,1641.1381864965824
SWE,JED,IC3,public,M,False,1,3281.5190014126874,0.50810373582811,1640.7595007063437
HR,MAD,IC5,mnc,F,False,1,3275.612903194694,0.509648869730847,1637.806451597347
HEALTH,RUH,IC5,private,M,False,1,3271.092850139353,0.39512801614970583,1635.5464250696764
SALES,HAI,M1,startup,F,True,1,3269.7546790495708,0.3823704185033237,1634.8773395247854
PM,RUH,IC3,startup,F,False,1,3255.6405462786256,0.5139982028969524,1627.8202731393128
MARKETING,EST,M2,semigov,F,True,1,3249.128194855908,0.15487038624803146,1624.564097427954
EDU,EST,M2,private,F,True,3,3248.3259476507515,0.16009382336056052,1624.1629738253757
SALES,RUH,IC3,private,M,True,5,3247.8399420210744,0.26595573498206576,1623.9199710105372
SWE,TAB,IC3,startup,M,True,1,3245.68062014935,0.4367475687601793,1622.840310074675
SWE,EST,D2,mnc,M,False,1,3240.0517191234485,0.26742646286729854,1620.0258595617242
ENG_MECH,MAK,IC4,private,M,True,1,3236.191535543876,0.26194621992973594,1618.095767771938
EDU,HAI,M1,pif_backed,F,True,1,3233.2125384463607,0.4613851761893749,1616.6062692231803
LEGAL,JED,M3,public,M,False,1,3226.3462881551723,0.4314911318009192,1613.1731440775861
SWE,RUH,IC4,private,M,True,2,3223.1032791196167,0.20215404289978475,1611.5516395598083
FIN,RUH,IC3,private,F,True,1,3217.3888626623393,0.29291893603202185,1608.6944313311697
DATA,RUH,IC4,private,F,False,1,3205.9226266441765,0.30892880849842025,1602.9613133220882
HEALTH,JED,M2,public,F,False,1,3200.767006372914,1.2491123791168461,1600.383503186457
EDU,MAK,IC4,semigov,M,True,1,3199.2482318571547,0.6656124002774627,1599.6241159285773
FIN,NJR,IC5,semigov,F,True,1,3184.5174787809083,0.1530581041189809,1592.2587393904541
ENG_ELEC,RUH,IC1,semigov,M,True,1,3181.7420587599518,0.7516386284939143,1590.8710293799759
OPS,MAD,IC4,semigov,M,True,1,3175.1674530949667,0.42015616067593126,1587.5837265474834
FIN,EST,D1,public,M,True,1,3169.3571337439025,0.11925958534299323,1584.6785668719513
LEGAL,TAB,IC3,public,M,True,1,3160.1556920324147,0.6997255111284962,1580.0778460162073
CUSTOMER,TAB,IC5,public,F,True,1,3154.4762513463156,0.2767987211380523,1577.2381256731578
EDU,JED,IC6,public,F,True,2,3151.543818559394,0.16690255203470142,1575.771909279697
HR,EST,IC4,public,F,True,1,3148.5198749728133,0.22244780823356802,1574.2599374864067
EDU,RUH,IC4,semigov,F,True,3,3146.952827372855,0.21238004938007368,1573.4764136864276
SALES,RUH,IC6,private,F,False,1,3146.443567693843,0.27411266711491517,1573.2217838469214
SUPPLY,JED,M4,public,M,True,1,3145.6183649324303,0.2897157310027067,1572.8091824662151
SWE,RUH,M4,semigov,M,True,1,3143.9233932749594,0.10186791855666688,1571.9616966374797
SWE,EST,IC1,public,M,True,1,3142.8565146672863,0.7055803597204453,1571.4282573336432
PM,EST,M3,private,F,False,1,3140.1079318081383,0.6358023571230291,1570.0539659040692
FIN,EST,IC4,private,M,False,1,3136.889945937709,1.7428103291009114,1568.4449729688545
SWE,EST,M1,private,M,True,2,3134.3829791792487,0.11643265278631683,1567.1914895896243
HEALTH,EST,IC2,pif_backed,F,True,1,3131.1232750407216,0.26564631670115585,1565.5616375203608
HR,RUH,M2,mnc,M,False,1,3130.9578489592764,0.4345801976795637,1565.4789244796382
OPS,BAH,IC3,semigov,M,True,1,3118.796060237046,0.2129076464533507,1559.398030118523
ENG_CIVIL,EST,M1,private,M,True,1,3112.620680366328,0.22709104175025177,1556.310340183164
OPS,JED,IC3,private,M,True,2,3096.5025337219713,0.26078496339102014,1548.2512668609857
FIN,JED,IC3,public,M,True,3,3095.461311652365,0.3310838839533896,1547.7306558261826
HEALTH,MAK,IC3,private,F,True,1,3077.7128189927116,0.5855698084118474,1538.8564094963558
HEALTH,TAB,M2,public,M,False,1,3076.4089324123074,1.1064286702087327,1538.2044662061537
DESIGN,EST,IC5,private,M,False,1,3071.779027373991,0.4229717373286394,1535.8895136869955
OPS,JED,IC5,public,M,True,1,3070.743732093656,0.45602207144678875,1535.371866046828
ENG_CIVIL,MAK,IC4,pif_backed,M,False,1,3065.099342798111,0.46524503618607554,1532.5496713990556
MARKETING,JED,D3,private,M,False,1,3062.7996420774834,0.20278110988369902,1531.3998210387417
HEALTH,RUH,IC2,startup,F,True,1,3058.200675375502,0.6781739222989844,1529.100337687751
MARKETING,JED,M1,startup,M,False,1,3056.9909916785055,0.4206573150754207,1528.4954958392527
PM,EST,IC3,public,M,True,1,3051.562126328423,0.18653025008952767,1525.7810631642114
EDU,RUH,M5,semigov,F,True,1,3048.9702500811036,0.1391921854669061,1524.4851250405518
SWE,RUH,IC5,mnc,F,False,1,3048.5775427518283,0.33107843514526825,1524.2887713759142
ENG_MECH,ASR,IC4,semigov,F,False,1,3047.890582899842,0.5796710705474478,1523.945291449921
SALES,NJR,IC5,startup,M,True,1,3036.8661794532272,0.22584569973321592,1518.4330897266136
SALES,RUH,M2,pif_backed,M,False,2,3036.3278858201884,1.5830859915983853,1518.1639429100942
ENG_ELEC,ASR,M2,semigov,M,True,1,3029.7623389612436,0.22938993282951228,1514.8811694806218
ENG_CIVIL,EST,IC3,private,M,True,1,3027.552383653183,0.21985910387148475,1513.7761918265915
OPS,MAK,IC1,mnc,M,True,1,3019.4705368468567,0.29971485343966,1509.7352684234284
ENG_CIVIL,RUH,D1,pif_backed,M,False,1,3015.4688015517354,0.8123335092825111,1507.7344007758677
OPS,EST,IC3,public,M,True,1,3011.4156601604327,0.596393976121878,1505.7078300802164
LEGAL,QAS,IC3,private,M,True,1,3009.166638422331,0.5930896591186952,1504.5833192111654
CUSTOMER,TAB,IC6,public,F,True,1,2996.5263592192023,0.27945905178352276,1498.2631796096011
ENG_MECH,RUH,M2,semigov,M,False,1,2993.4939828010083,1.5714956986481936,1496.7469914005042
HEALTH,NOR,IC6,private,F,True,1,2991.8154231483786,0.20732857531841775,1495.9077115741893
ENG_MECH,TAB,IC3,semigov,M,True,1,2991.3793063518533,0.31521999059480327,1495.6896531759267
PM,RUH,IC1,private,M,True,1,2988.077577655299,0.6057730434522972,1494.0387888276496
EDU,ASR,M2,private,F,True,2,2986.7163289850405,0.2354733111950717,1493.3581644925202
CUSTOMER,RUH,IC4,semigov,M,True,2,2985.0611340249234,0.22312975020975945,1492.5305670124617
HEALTH,EST,M2,public,M,True,1,2982.1561062831133,0.31633835139181543,1491.0780531415567
SWE,RUH,M3,private,M,False,2,2981.897271504663,0.3131556100063885,1490.9486357523315
HR,JED,IC6,public,M,True,1,2980.282016608904,0.14912781035661857,1490.141008304452
CUSTOMER,EST,IC5,public,M,True,1,2977.1279921928917,0.6782131168765212,1488.5639960964459
ENG_CIVIL,RUH,M2,semigov,M,True,1,2973.0117479641976,0.1729664181923427,1486.5058739820988
ENG_ELEC,BAH,M2,semigov,M,True,1,2972.6453082316075,0.17635076566508534,1486.3226541158037
SALES,NJR,IC4,private,F,True,1,2971.627727760062,0.22813779812278812,1485.813863880031
SWE,RUH,IC1,private,M,True,1,2966.495303899823,0.5399754930369218,1483.2476519499114
SALES,NJR,M2,pif_backed,M,False,1,2966.1915202770247,0.7395487662569904,1483.0957601385123
DESIGN,JED,IC4,private,F,True,3,2958.126979498911,0.1683006682372572,1479.0634897494556
SUPPLY,RUH,D2,semigov,M,False,1,2957.4670587230785,0.5159089087571807,1478.7335293615392
ENG_CIVIL,TAB,IC4,pif_backed,M,False,1,2952.899558766347,0.46798114690455705,1476.4497793831736
EDU,MAD,IC4,public,F,True,1,2943.1306813204865,0.31105787208759156,1471.5653406602432
CUSTOMER,RUH,M1,private,F,True,3,2938.7307896818797,0.2586896043196553,1469.3653948409399
HEALTH,RUH,M4,mnc,M,False,1,2932.927043769324,0.48629577034720267,1466.463521884662
EDU,ASR,IC3,semigov,F,True,1,2927.558581150588,0.3120532883248014,1463.779290575294
OPS,RUH,M3,mnc,M,False,1,2926.174795652445,0.7594500941494369,1463.0873978262225
DESIGN,RUH,IC5,pif_backed,M,True,1,2925.881067638642,0.1622355746862551,1462.940533819321
PM,MAK,M1,private,M,True,1,2922.4942048126322,0.14456655042211905,1461.2471024063161
CUSTOMER,EST,M1,private,F,True,2,2921.746619930143,0.4335477901467567,1460.8733099650715
DATA,RUH,IC5,semigov,F,True,1,2916.7660059080154,0.11023870951090162,1458.3830029540077
EDU,NOR,M1,public,M,True,1,2908.1455033775574,0.7158251595744825,1454.0727516887787
DESIGN,RUH,M2,private,M,True,1,2907.022402535713,0.12627576275128494,1453.5112012678564
SWE,RUH,IC3,public,M,False,1,2900.0041061796837,1.853132363510022,1450.0020530898419
ENG_ELEC,BAH,IC4,semigov,M,True,1,2897.6285720202695,0.5070003471925911,1448.8142860101348
EDU,EST,M2,public,F,True,1,2897.2046882965005,0.1679540430748967,1448.6023441482503
ENG_MECH,BAH,IC3,pif_backed,M,True,1,2896.9425977446517,0.6248809092574219,1448.4712988723259
CUSTOMER,RUH,M5,private,F,True,1,2893.231938282781,0.1650536363243935,1446.6159691413905
ENG_MECH,EST,IC4,semigov,M,True,1,2891.9385227771963,0.2240857805399795,1445.9692613885982
ENG_MECH,EST,IC3,semigov,F,True,1,2888.339294609481,0.25181013178778494,1444.1696473047405
SWE,EST,IC4,semigov,F,False,1,2887.728033273216,0.8882181281392738,1443.864016636608
SWE,MAD,IC2,private,M,False,1,2884.184157088127,2.1219390801509688,1442.0920785440635
EDU,NJR,IC4,private,F,True,3,2882.7080223236567,0.27196995617218706,1441.3540111618283
ENG_MECH,MAD,IC5,semigov,F,True,1,2880.8828357685543,0.18656582972116306,1440.4414178842771
EDU,JED,M1,private,F,True,1,2875.102525030912,0.21886296179913886,1437.551262515456
ENG_CIVIL,JED,M2,public,M,True,1,2873.1071547997417,0.28131195584408436,1436.5535773998708
EDU,RUH,M3,semigov,F,True,2,2866.6371858700495,0.18690441372707473,1433.3185929350248
OPS,RUH,M4,semigov,F,False,1,2864.8476993101694,0.6511724255122658,1432.4238496550847
LEGAL,RUH,IC5,pif_backed,F,False,1,2864.319745013299,1.2555710151519153,1432.1598725066494
CUSTOMER,EST,IC5,public,F,True,1,2862.103385268545,0.27675243769360414,1431.0516926342725
PM,EST,IC2,public,F,True,1,2853.667421964199,0.4437202506256569,1426.8337109820995
PM,EST,IC5,semigov,M,False,1,2853.35855205006,0.6036681787109983,1426.67927602503
DATA,QAS,IC3,private,M,False,1,2846.5235280949146,2.008736963901901,1423.2617640474573
HEALTH,RUH,M1,public,M,True,1,2845.2507971147243,0.15793846350668836,1422.6253985573621
HEALTH,QAS,IC4,public,F,True,1,2844.9763427428315,0.4070212140588263,1422.4881713714158
SALES,EST,IC4,mnc,M,False,2,2844.192113279459,0.2855042244697701,1422.0960566397296
LEGAL,HAI,IC5,private,F,True,1,2844.0295784206974,0.13406970165048704,1422.0147892103487
SWE,TAB,M5,private,F,False,1,2842.086587305381,0.3095216924823063,1421.0432936526904
HEALTH,RUH,IC3,pif_backed,F,True,1,2841.625472029704,0.2108982282366074,1420.812736014852
DATA,RUH,IC2,semigov,M,True,1,2838.914231862649,0.2262361033425089,1419.4571159313246
SWE,JED,IC4,semigov,M,True,1,2831.121462918294,0.24083941998296574,1415.560731459147
SALES,RUH,M1,private,M,True,1,2829.1099626288124,0.1494395744615434,1414.5549813144062
SALES,EST,D2,private,F,False,1,2827.6614357043345,0.26047650496417424,1413.8307178521673
ENG_MECH,RUH,D2,private,F,False,1,2826.317732377266,0.5343768262228933,1413.158866188633
PM,JAZ,IC4,semigov,M,True,1,2823.1413898262545,0.5000204948994167,1411.5706949131272
PM,EST,IC3,private,F,False,1,2822.481753349377,0.3865616590774481,1411.2408766746885
HR,RUH,IC4,mnc,M,True,1,2819.5539820269278,0.2545343463670021,1409.7769910134639
SALES,MAD,M2,public,M,False,1,2814.743331093678,1.3625201330242906,1407.371665546839
OPS,RUH,IC5,pif_backed,M,True,1,2810.4787630534684,0.21790326517259712,1405.2393815267342
HEALTH,EST,IC3,pif_backed,M,True,1,2807.212642434286,0.2227678715627995,1403.606321217143
FIN,RUH,M1,public,M,True,1,2802.895192595224,0.1459177576157209,1401.447596297612
HR,RUH,D2,private,M,False,1,2800.693524455095,0.30274357888675063,1400.3467622275475
ENG_ELEC,QAS,IC3,mnc,M,True,1,2798.694215782709,0.5342335418245243,1399.3471078913544
ENG_MECH,RUH,IC4,private,M,True,2,2798.126678132832,0.2687470794005985,1399.063339066416
SWE,RUH,M1,pif_backed,M,True,4,2797.5189703028645,0.10647699562007547,1398.7594851514323
ENG_ELEC,JAZ,M2,private,M,False,1,2797.4022234839695,0.3738650349912969,1398.7011117419847
DESIGN,MAD,IC2,private,M,True,1,2791.631518938497,0.310503444936757,1395.8157594692484
DESIGN,MAK,IC4,public,M,True,1,2789.573209523711,0.3086865646914491,1394.7866047618554
SWE,QAS,IC2,private,M,False,1,2781.7450299870006,1.616101877077798,1390.8725149935003
ENG_MECH,RUH,IC6,public,M,False,1,2779.2478948998023,0.29864189398473423,1389.6239474499012
ENG_MECH,TAB,M3,private,M,False,1,2778.792099934795,0.9199548156907341,1389.3960499673974
OPS,ASR,M3,private,M,False,1,2767.9502603285428,0.8423293141128869,1383.9751301642714
SWE,TAB,IC4,semigov,M,False,1,2766.3804946724936,0.42921445455653806,1383.1902473362468
SALES,RUH,M1,pif_backed,F,False,1,2762.0782806469215,0.8680791009430727,1381.0391403234607
ENG_ELEC,RUH,IC4,mnc,M,False,1,2756.7285158409927,0.4768555892593262,1378.3642579204964
ENG_MECH,RUH,IC5,startup,M,False,1,2755.5555828422284,0.385909081256028,1377.7777914211142
EDU,RUH,M1,mnc,M,False,2,2752.363196502396,0.43485886415997665,1376.181598251198
OPS,QAS,IC3,mnc,M,True,1,2750.0472862720644,0.2582352311294026,1375.0236431360322
FIN,JED,IC4,public,M,True,1,2748.918263592246,0.2802152402299149,1374.459131796123
SWE,RUH,IC5,public,M,False,3,2746.6210828727876,0.29843791050383844,1373.3105414363938
MARKETING,RUH,M3,mnc,M,True,1,2738.3042870673526,0.13319061205308744,1369.1521435336763
LEGAL,RUH,M1,mnc,F,False,1,2731.5364101143896,0.7780016719271592,1365.7682050571948
HEALTH,JED,CXO,private,M,True,1,2731.141655300642,0.08192976906153465,1365.570827650321
FIN,RUH,IC4,pif_backed,M,False,2,2718.8142549548347,0.3535283101835367,1359.4071274774174
HEALTH,MAK,M4,private,F,False,1,2716.963796013513,0.7193999399056066,1358.4818980067564
SALES,ASR,IC4,private,M,True,1,2702.926601289626,0.20143993695189313,1351.463300644813
SUPPLY,EST,IC3,private,M,True,1,2700.760699529269,0.34237684767902954,1350.3803497646345
SALES,RUH,IC5,semigov,F,True,2,2700.2581451000897,0.12677404239728252,1350.1290725500448
SALES,QAS,IC4,public,M,True,1,2694.7452320422353,0.36638586951158947,1347.3726160211177
CUSTOMER,TAB,IC6,private,M,True,1,2688.74331697469,0.6703516749796936,1344.371658487345
DATA,RUH,IC4,semigov,M,True,3,2686.147484918378,0.16900637339330918,1343.073742459189
HEALTH,HAI,IC2,private,F,False,1,2682.7890767415824,1.9607310759992993,1341.3945383707912
HEALTH,MAD,M1,private,M,True,1,2682.224110446321,0.17456560097182372,1341.1120552231605
HEALTH,QAS,M2,pif_backed,F,False,1,2680.8565305062302,0.32270412873719195,1340.4282652531151
HR,RUH,IC1,public,F,True,1,2673.5490076472815,0.2754735526385758,1336.7745038236408
HR,RUH,IC2,mnc,F,True,1,2672.4876652135927,0.42495624245615904,1336.2438326067963
DESIGN,ASR,M1,mnc,F,False,1,2671.158901248574,1.2445844222543194,1335.579450624287
EDU,ASR,M2,private,M,True,1,2668.5890060777438,0.4826739651923943,1334.2945030388719
ENG_MECH,EST,IC5,public,M,False,1,2665.6332568840035,0.4453596301487915,1332.8166284420017
ENG_MECH,JAZ,M3,private,M,True,1,2665.5523524492783,0.104870175664299,1332.7761762246391
SWE,EST,IC3,semigov,M,True,1,2664.9957635891733,0.13397965837926856,1332.4978817945866
EDU,JED,IC5,public,F,True,1,2659.915941926407,0.292478844657598,1329.9579709632035
PM,TAB,M2,private,M,False,1,2656.4441805451524,1.1189747760124102,1328.2220902725762
EDU,EST,IC6,mnc,F,False,1,2656.2831923921312,0.34589850937398847,1328.1415961960656
ENG_ELEC,ASR,IC4,public,F,False,1,2655.971069860497,0.48798334548806116,1327.9855349302486
MARKETING,RUH,IC4,semigov,M,True,1,2655.444480571632,0.1900686833472181,1327.722240285816
PM,RUH,M2,private,M,False,1,2654.520920997283,0.6791087692424326,1327.2604604986416
EDU,RUH,M1,private,F,True,5,2651.3906110997245,0.22673762724060803,1325.6953055498623
DESIGN,JED,IC4,semigov,F,False,1,2642.339862160982,0.5265479411519416,1321.169931080491
PM,TAB,IC3,mnc,M,False,1,2636.3677756687366,0.41884335519055943,1318.1838878343683
FIN,RUH,IC4,semigov,M,True,1,2629.177709114636,0.169688775056162,1314.588854557318
SALES,JAZ,IC3,semigov,M,False,1,2626.5550600984775,0.4807356474523754,1313.2775300492387
FIN,RUH,IC5,mnc,M,True,1,2619.8823341388743,0.08811654743595557,1309.9411670694371
DATA,ASR,IC5,pif_backed,M,False,1,2619.069014314193,0.5137917164992657,1309.5345071570964
FIN,RUH,M1,public,F,True,1,2618.7846990643957,0.23840369495656555,1309.3923495321978
OPS,JAZ,IC4,mnc,M,True,1,2614.7430316147747,0.43067281749948555,1307.3715158073874
OPS,MAK,IC6,public,F,True,1,2613.3210847072733,0.12887195656307743,1306.6605423536366
SALES,RUH,IC3,semigov,M,True,1,2613.1708243533603,0.43578112939801333,1306.5854121766802
ENG_MECH,RUH,IC5,private,F,True,1,2611.866953252107,0.2028904042955618,1305.9334766260536
EDU,QAS,IC5,private,M,True,1,2610.406525784356,0.2318750966894556,1305.203262892178
PM,JAZ,IC5,public,M,True,1,2607.727357440168,0.28352057224730165,1303.863678720084
EDU,EST,IC4,private,M,True,1,2607.3706002743047,0.4559434149942494,1303.6853001371524
OPS,BAH,IC3,pif_backed,F,True,1,2605.9319044292806,0.21836093922993033,1302.9659522146403
SWE,RUH,IC3,public,M,True,2,2602.739008934531,0.2902182812558167,1301.3695044672654
CUSTOMER,RUH,M2,public,F,True,2,2601.3804270216424,0.28425901530026293,1300.6902135108212
DESIGN,RUH,IC5,private,M,True,1,2599.6533431086755,0.1369041379545341,1299.8266715543377
EDU,RUH,M1,pif_backed,F,True,1,2592.163635755718,0.2000934629928562,1296.081817877859
HEALTH,EST,IC2,public,M,True,1,2588.4523966489587,0.6045275220934971,1294.2261983244794
ENG_ELEC,NJR,IC3,semigov,M,True,1,2585.6259315250554,0.4441025399598035,1292.8129657625277
EDU,MAK,IC3,semigov,F,True,2,2583.1489660971897,0.26572246038640057,1291.5744830485949
EDU,MAK,IC3,public,F,True,2,2583.067163301873,0.24900014408118315,1291.5335816509364
ENG_MECH,JED,M2,public,M,True,1,2581.536806403259,0.20347164628677458,1290.7684032016296
HEALTH,TAB,IC3,pif_backed,M,True,1,2578.545048567951,0.4883062733821723,1289.2725242839756
ENG_MECH,JAZ,IC5,mnc,F,False,1,2577.2819842006343,1.0975152807695292,1288.6409921003171
SALES,RUH,IC4,semigov,F,True,1,2577.2208276981673,0.20782037051250796,1288.6104138490837
MARKETING,TAB,IC2,private,F,True,1,2577.0642863361036,0.2686788701702762,1288.5321431680518
SUPPLY,RUH,M3,private,M,True,1,2576.4122685846232,0.09712369042129317,1288.2061342923116
MARKETING,ASR,IC2,private,F,True,1,2575.895685866569,0.5899309023968945,1287.9478429332844
CUSTOMER,TAB,D1,public,F,False,1,2572.0575893011282,1.0904975456190202,1286.0287946505641
ENG_CIVIL,EST,IC4,public,M,True,3,2565.289201856302,0.19564939373103907,1282.644600928151
EDU,EST,M1,private,F,True,4,2554.983509913726,0.27147107284992356,1277.491754956863
DATA,HAI,IC6,private,M,False,1,2546.88415300829,0.32055727050377497,1273.442076504145
ENG_CIVIL,RUH,IC3,public,F,False,1,2546.5067455777403,0.6132712184144279,1273.2533727888701
SWE,RUH,IC4,public,F,False,2,2538.9388015820714,0.35811025021785914,1269.4694007910357
ENG_MECH,JED,IC4,private,M,True,2,2536.136542003039,0.14978824805258728,1268.0682710015194
SUPPLY,RUH,IC3,private,M,True,1,2530.124763033972,0.5634445666012358,1265.062381516986
ENG_CIVIL,RUH,IC5,public,M,False,1,2528.6863420439518,0.39778662012986027,1264.3431710219759
EDU,RUH,M2,pif_backed,M,True,1,2527.332551167541,0.19290349707050292,1263.6662755837706
ENG_CIVIL,MAD,IC3,private,M,True,1,2521.516860989177,0.3377079497164766,1260.7584304945885
MARKETING,NJR,M2,mnc,F,True,1,2520.274717354012,0.15282205804194662,1260.137358677006
FIN,EST,M1,semigov,F,True,1,2519.425719172692,0.30085009426586046,1259.712859586346
CUSTOMER,JED,IC3,mnc,F,True,1,2513.181319344696,0.18443874804432722,1256.590659672348
DATA,RUH,IC4,public,M,False,1,2507.9272045209336,0.3630919599210791,1253.9636022604668
PM,RUH,M5,private,M,True,1,2506.3292169880697,0.07784847828914654,1253.1646084940348
OPS,JED,IC4,semigov,F,True,1,2505.6281916140524,0.282801222446719,1252.8140958070262
SWE,EST,IC4,public,F,True,2,2502.6194103656317,0.19178490549809685,1251.3097051828158
EDU,RUH,M2,private,F,True,2,2497.401321481111,0.2094675573843678,1248.7006607405556
LEGAL,EST,IC4,public,F,True,3,2492.6111361639646,0.1291831798997923,1246.3055680819823
OPS,JAZ,IC4,private,M,True,3,2492.2484722138374,0.2547290740149459,1246.1242361069187
CUSTOMER,JED,IC4,private,F,True,1,2487.2966481460207,0.6069724876716419,1243.6483240730104
DESIGN,JED,IC3,private,M,True,1,2482.1000946109316,0.33740317385922525,1241.0500473054658
SUPPLY,JED,IC4,semigov,F,True,1,2477.868445044185,0.24105253108882355,1238.9342225220926
ENG_CIVIL,RUH,D1,private,M,False,1,2469.278137938649,0.23359326719718998,1234.6390689693244
LEGAL,TAB,IC2,private,M,True,1,2467.2793511104655,0.2387003722485367,1233.6396755552328
HEALTH,JED,M3,public,F,False,1,2466.385044715854,0.5457430116389986,1233.192522357927
FIN,RUH,IC2,public,M,True,1,2455.933562840093,0.30948538098063333,1227.9667814200466
SALES,RUH,M2,mnc,F,False,2,2455.703813426424,0.5943646482377924,1227.851906713212
PM,RUH,VP,public,F,False,1,2454.257755725648,0.14494387630986488,1227.128877862824
PM,RUH,M1,private,M,False,1,2453.237522275449,0.8719241069809657,1226.6187611377245
HEALTH,RUH,M1,public,F,True,1,2452.0569974758364,0.20370558914901138,1226.0284987379182
ENG_MECH,RUH,IC4,public,M,True,2,2449.0043673181026,0.16468454512394246,1224.5021836590513
DATA,EST,IC3,public,M,False,1,2444.9197221259665,0.451063049243048,1222.4598610629832
DATA,EST,M1,private,M,True,3,2443.573344563493,0.11219025143466758,1221.7866722817464
HEALTH,MAK,IC4,private,F,False,1,2440.787893055882,0.4352202600297738,1220.393946527941
FIN,EST,IC2,pif_backed,M,False,1,2440.7424697489996,0.4763239184354688,1220.3712348744998
HEALTH,QAS,IC5,private,F,True,2,2432.4577425265798,0.25452098822990055,1216.2288712632899
SUPPLY,MAD,IC5,private,F,False,1,2431.0459114939936,0.4155816791731598,1215.5229557469968
HEALTH,EST,IC3,public,M,True,1,2422.7456342731084,0.3645170027009486,1211.3728171365542
FIN,EST,IC2,pif_backed,F,True,1,2422.251172004406,0.21689394733620457,1211.125586002203
ENG_MECH,QAS,IC4,private,M,True,1,2418.0780633712548,0.15596459612690217,1209.0390316856274
EDU,RUH,IC5,public,M,True,2,2416.2864730922533,0.16999361477897557,1208.1432365461267
ENG_CIVIL,MAK,IC5,private,M,True,1,2414.597436159268,0.4966967463325749,1207.298718079634
FIN,JAZ,IC3,semigov,F,True,1,2403.705715323511,0.28538586298331564,1201.8528576617555
EDU,MAK,IC4,private,F,True,2,2402.802259964435,0.3711852339219936,1201.4011299822175
DATA,RUH,IC6,private,M,False,1,2400.2723175111096,0.18643462895091836,1200.1361587555548
CUSTOMER,MAK,M4,pif_backed,F,False,1,2399.716441832382,0.5169731556005568,1199.858220916191
HEALTH,RUH,M5,private,M,False,1,2398.8512028692785,0.37359622175287543,1199.4256014346392
SWE,JED,M2,public,M,False,2,2396.3784664847267,0.6185156143777213,1198.1892332423633
PM,ASR,IC3,public,F,True,1,2394.867219563179,0.49093042622084665,1197.4336097815894
OPS,RUH,IC3,private,F,True,2,2394.464654716243,0.18012032325636645,1197.2323273581214
PM,RUH,IC3,semigov,M,True,1,2393.7986101939878,0.1876113608296537,1196.8993050969939
HEALTH,RUH,IC3,public,M,True,3,2393.789757170108,0.2887914178533093,1196.894878585054
EDU,JED,IC4,semigov,F,True,1,2387.3958120157895,0.20902423805024103,1193.6979060078947
ENG_CIVIL,JAZ,IC5,public,M,False,1,2385.903371909866,1.581901303752841,1192.951685954933
SALES,JED,IC6,public,M,False,1,2385.044239704609,0.3502939606660329,1192.5221198523045
SALES,JED,IC3,mnc,M,True,1,2378.7719537678668,0.4911096465106397,1189.3859768839334
SALES,EST,IC3,semigov,M,True,3,2376.8100525261084,0.3230436635496156,1188.4050262630542
SWE,JED,M3,private,M,True,1,2372.355695399834,0.06904293108172509,1186.177847699917
HR,RUH,M4,public,F,False,1,2370.5969599638383,0.6837341969284859,1185.2984799819192
ENG_ELEC,RUH,IC2,semigov,M,True,1,2367.877096578246,0.22402491691596116,1183.938548289123
CUSTOMER,EST,IC3,private,F,True,1,2365.304697532889,0.42648550507239213,1182.6523487664444
DESIGN,MAD,IC6,private,M,True,1,2352.520007113777,0.1732055955370089,1176.2600035568885
HR,RUH,IC4,mnc,F,False,1,2350.5473159400076,0.9994820161313513,1175.2736579700038
ENG_CIVIL,RUH,CXO,public,M,False,1,2349.3836079570174,0.17205818311592055,1174.6918039785087
SWE,MAD,IC2,semigov,M,False,1,2347.0323348470943,1.6954018522308971,1173.5161674235471
SALES,EST,IC2,private,F,True,1,2344.674159819813,0.20191385720185692,1172.3370799099066
SWE,MAK,IC4,mnc,F,False,1,2339.509892478372,0.723510658042998,1169.754946239186
LEGAL,JED,IC3,public,M,True,2,2338.2145097771813,0.3191384449265684,1169.1072548885907
SALES,EST,M3,public,F,False,1,2337.9896397056837,0.33586624251326275,1168.9948198528418
LEGAL,EST,IC5,private,F,False,1,2336.677129994059,0.8147887924591133,1168.3385649970296
ENG_MECH,NJR,IC3,private,F,False,1,2334.778611974001,1.371428122615178,1167.3893059870004
ENG_MECH,RUH,IC4,public,M,False,3,2333.677908391743,0.34648908321932775,1166.8389541958716
HEALTH,TAB,IC3,pif_backed,F,False,1,2331.5029322197984,0.5224838587709784,1165.7514661098992
MARKETING,RUH,IC4,private,F,True,2,2330.347257285749,0.3063709045090696,1165.1736286428745
EDU,JED,IC2,pif_backed,F,True,1,2329.981763283872,0.28189271317343356,1164.990881641936
SALES,TAB,M4,public,F,True,1,2329.5585081177906,0.21531840742081437,1164.7792540588953
FIN,QAS,IC4,mnc,M,True,1,2329.0870543343462,0.13467880311615535,1164.5435271671731
SALES,RUH,M1,public,M,False,1,2328.331424539237,0.6715873943880291,1164.1657122696186
EDU,RUH,IC4,public,M,True,3,2328.026031376297,0.4222421990548771,1164.0130156881485
FIN,JAZ,IC5,public,F,True,1,2324.190598818126,0.16118719318587524,1162.095299409063
SALES,RUH,IC6,public,M,False,2,2323.2538539773136,0.2915065370180019,1161.6269269886568
FIN,RUH,IC4,mnc,M,True,2,2320.875237679914,0.3378031375624227,1160.437618839957
HEALTH,RUH,M1,pif_backed,M,True,1,2320.8634432873914,0.16430478617175065,1160.4317216436957
HEALTH,EST,IC5,semigov,M,True,1,2320.228788949593,0.11265117629734922,1160.1143944747964
SALES,JED,IC5,public,M,True,2,2314.8172208317656,0.1242411690080722,1157.4086104158828
EDU,JED,IC3,public,M,True,1,2310.678304640447,0.2740498784043126,1155.3391523202235
MARKETING,TAB,IC2,private,F,False,1,2309.333715650354,2.204666601924926,1154.666857825177
FIN,RUH,M3,pif_backed,F,False,1,2307.4140287588707,0.2484439496936657,1153.7070143794353
SALES,EST,IC6,pif_backed,M,False,1,2302.9295025956444,0.34067090728160193,1151.4647512978222
OPS,QAS,IC3,pif_backed,F,True,1,2296.3268480338484,0.1599178163395665,1148.1634240169242
SWE,MAD,M2,mnc,M,False,1,2295.858041633508,0.5399801100214544,1147.929020816754
HEALTH,RUH,M2,semigov,F,False,1,2295.3029016696055,0.8808240272272552,1147.6514508348027
OPS,RUH,M1,public,M,False,1,2294.1918869194824,0.7543075186561602,1147.0959434597412
SALES,MAD,IC3,semigov,M,True,1,2287.67253447614,0.17524157014278072,1143.83626723807
MARKETING,RUH,D2,pif_backed,F,False,1,2282.3355020495983,0.2381552868477304,1141.1677510247991
HR,TAB,IC4,public,F,True,1,2280.6964352579053,0.4448820875115544,1140.3482176289526
SWE,RUH,M5,private,F,False,2,2279.5188381562193,0.20265768593568947,1139.7594190781097
DESIGN,EST,IC4,private,M,False,1,2274.4717886761673,1.146664246549492,1137.2358943380837
ENG_CIVIL,RUH,IC4,public,M,True,2,2267.8287031418204,0.27354607929437064,1133.9143515709102
HEALTH,BAH,D2,private,M,False,1,2265.1812048612283,0.39977760095426823,1132.5906024306141
ENG_ELEC,RUH,IC4,private,M,True,2,2264.8382717242202,0.21312128012772402,1132.4191358621101
SALES,RUH,IC3,mnc,F,True,1,2264.1768292759352,0.1569845146531549,1132.0884146379676
DATA,NJR,M3,public,M,False,1,2263.3809164320237,0.24843510943223668,1131.6904582160118
PM,RUH,M1,pif_backed,M,True,1,2261.6368150849885,0.11559443791269926,1130.8184075424942
OPS,NJR,IC4,private,M,True,1,2259.453304613683,0.4940504200192902,1129.7266523068415
SWE,JED,IC2,semigov,M,True,3,2258.371280503807,0.20343380660635915,1129.1856402519036
EDU,RUH,IC4,mnc,F,True,5,2257.2999250825574,0.14057178680230115,1128.6499625412787
OPS,TAB,M1,private,F,True,1,2256.0759323786224,0.22284653489516523,1128.0379661893112
SALES,JAZ,M1,public,M,False,1,2252.858118161333,1.7190141543580655,1126.4290590806665
SWE,EST,M1,public,M,False,1,2252.8513297564205,0.2934602416629038,1126.4256648782102
ENG_ELEC,HAI,IC2,startup,M,True,1,2248.8806834325314,0.2526115816096762,1124.4403417162657
ENG_MECH,RUH,M1,public,M,True,1,2247.6730382275673,0.09519512495517302,1123.8365191137837
SUPPLY,JAZ,IC2,mnc,F,False,1,2241.9857595815783,2.0987331575870987,1120.9928797907892
ENG_ELEC,RUH,IC5,public,M,True,1,2239.3669259680228,0.13925336273462596,1119.6834629840114
CUSTOMER,ASR,IC3,private,M,True,1,2239.346906077415,0.39128108681313084,1119.6734530387075
FIN,EST,M2,startup,F,False,1,2237.044830175343,0.4428378204556957,1118.5224150876716
SALES,RUH,IC6,public,M,True,1,2235.2411963538834,0.1364149401061898,1117.6205981769417
EDU,EST,M3,semigov,F,True,1,2231.802389845081,0.11656806915661802,1115.9011949225405
OPS,QAS,IC3,private,M,True,1,2228.9522372533856,0.5491887683564883,1114.4761186266928
FIN,RUH,IC2,public,F,False,1,2226.0392377042253,0.5261214533347942,1113.0196188521127
EDU,MAK,IC3,private,F,True,4,2213.6364501629873,0.24554663144898692,1106.8182250814937
DESIGN,HAI,IC2,semigov,F,True,1,2210.4639209928355,0.5016108109088919,1105.2319604964177
HEALTH,MAK,IC4,public,F,False,1,2208.7437963281345,0.4115671381673505,1104.3718981640673
HEALTH,RUH,M1,private,M,False,1,2208.710754294346,1.1378473386941297,1104.355377147173
ENG_ELEC,EST,M1,private,F,False,1,2206.944394831661,0.3757393352657543,1103.4721974158306
SALES,HAI,IC5,semigov,M,False,1,2203.4950267311833,0.29836513163617473,1101.7475133655917
SWE,JAZ,IC3,private,M,False,1,2202.9337711413377,0.7152624573235923,1101.4668855706689
SWE,RUH,IC4,private,M,False,3,2199.9779674577026,0.2833912293670786,1099.9889837288513
EDU,MAK,IC5,private,M,True,1,2199.283850478935,0.2705984866018946,1099.6419252394676
ENG_CIVIL,RUH,M4,public,M,True,1,2195.9149871841873,0.0814260315028786,1097.9574935920937
MARKETING,ASR,M3,private,M,True,1,2194.973564946584,0.11452185209039234,1097.486782473292
DATA,EST,M1,semigov,M,False,1,2192.283273120257,0.2288041524481487,1096.1416365601285
CUSTOMER,RUH,IC5,public,F,True,1,2190.816638577804,0.1222630619108605,1095.408319288902
HEALTH,RUH,IC6,mnc,F,True,1,2189.963291382737,0.11176895195150703,1094.9816456913686
DESIGN,JED,M2,private,M,False,1,2186.91364997823,1.2040974106100784,1093.456824989115
ENG_ELEC,RUH,M1,private,M,False,1,2185.1678647954577,1.0635599904619615,1092.5839323977289
SWE,RUH,IC4,mnc,F,False,1,2183.692556217012,0.6767988056394092,1091.846278108506
HR,TAB,IC5,public,F,True,1,2181.523960749886,0.19886207401849054,1090.761980374943
SALES,MAK,M2,public,F,False,1,2178.229727148754,1.0481022747856041,1089.114863574377
EDU,JAZ,IC4,mnc,M,True,1,2172.9985874186195,0.3217074945262489,1086.4992937093098
SWE,RUH,M4,private,M,False,2,2172.473897118697,0.23611312254989447,1086.2369485593485
ENG_ELEC,RUH,M1,private,F,True,1,2160.693287187116,0.16024839646437558,1080.346643593558
MARKETING,HAI,IC4,public,F,True,1,2160.1285066478304,0.20434916854316282,1080.0642533239152
ENG_ELEC,RUH,M1,semigov,M,True,1,2160.084101471297,0.13541082982236252,1080.0420507356484
SWE,EST,IC3,mnc,M,True,1,2156.3145316808295,0.20634855238513533,1078.1572658404148
HR,RUH,IC2,public,F,True,1,2154.652233235948,0.45791652369902686,1077.326116617974
DATA,JED,IC5,private,M,True,1,2143.8165395700125,0.12003640419749365,1071.9082697850063
DESIGN,TAB,IC5,semigov,M,False,1,2140.7274980065085,0.9625310997455473,1070.3637490032543
ENG_CIVIL,MAK,M3,mnc,F,False,1,2138.614095124516,0.45403668776790407,1069.307047562258
SWE,RUH,IC2,private,M,True,2,2137.680612691788,0.18462727874162868,1068.840306345894
PM,EST,IC3,private,M,True,1,2137.5029247616785,0.21458917789305443,1068.7514623808393
HEALTH,RUH,M2,private,F,True,2,2136.0436005250394,0.11046486874024186,1068.0218002625197
ENG_ELEC,EST,IC6,public,F,True,1,2134.6069970750614,0.08632482284977366,1067.3034985375307
DESIGN,MAK,M1,startup,M,True,1,2131.9687760639663,0.2311962703689921,1065.9843880319831
MARKETING,NJR,D1,private,M,False,1,2128.022786458498,2.1140254786623833,1064.011393229249
SALES,RUH,M3,private,F,False,2,2127.647889959704,0.45529368772804457,1063.823944979852
FIN,JAZ,M1,public,F,False,1,2126.850211692965,0.35981392039633453,1063.4251058464824
HEALTH,BAH,IC4,pif_backed,F,False,1,2124.5927384403844,0.39718487249184475,1062.2963692201922
HEALTH,HAI,IC4,private,F,False,1,2124.2683079366448,0.46232574823003153,1062.1341539683224
DESIGN,RUH,M3,private,M,True,1,2124.1873267696465,0.06943166324781525,1062.0936633848232
EDU,QAS,IC4,semigov,M,True,1,2123.079381114264,0.22711179527155703,1061.539690557132
PM,JED,IC3,private,F,False,1,2122.042796408899,0.3508638329231897,1061.0213982044495
LEGAL,RUH,D1,semigov,F,True,1,2116.9571516741926,0.05722538535733524,1058.4785758370963
EDU,NJR,IC3,public,M,True,1,2114.0677988497646,0.510644761896464,1057.0338994248823
OPS,MAK,M1,public,M,False,1,2109.478230837223,0.8493409250603898,1054.7391154186114
DESIGN,RUH,IC5,private,F,True,1,2109.0061248679003,0.2723572393882939,1054.5030624339502
HEALTH,EST,M3,private,F,False,1,2107.825394852285,0.4467601468219098,1053.9126974261426
ENG_CIVIL,JED,IC3,private,M,True,1,2106.983755471677,0.20491862947955883,1053.4918777358384
OPS,MAD,M1,public,M,False,1,2106.3849023192147,1.0136059833058595,1053.1924511596073
SALES,EST,M3,semigov,M,False,2,2105.2620558453355,0.31101957948549935,1052.6310279226677
SWE,TAB,IC1,public,F,False,1,2102.386761632297,1.925592266345967,1051.1933808161484
EDU,JAZ,IC4,private,F,True,1,2100.595694542091,0.4346046943498849,1050.2978472710456
SUPPLY,RUH,IC2,mnc,M,True,1,2099.730477150384,0.43478756474222213,1049.865238575192
EDU,JED,VP,public,F,True,1,2098.859548277793,0.07553116518804891,1049.4297741388964
ENG_ELEC,RUH,IC3,semigov,M,False,1,2098.105304117237,1.3412879738327097,1049.0526520586186
HEALTH,RUH,IC5,startup,F,False,1,2093.0790025168317,0.8166167707377509,1046.5395012584158
SWE,EST,IC4,startup,M,True,1,2090.8606748078437,0.11515162256024698,1045.4303374039218
ENG_CIVIL,JED,D1,public,M,False,1,2090.6969849159386,0.44274775735025207,1045.3484924579693
MARKETING,JED,D1,private,F,True,1,2090.4623402590187,0.11877539101122415,1045.2311701295093
DATA,RUH,M3,private,M,True,1,2088.823350835577,0.059296517653303835,1044.4116754177885
SALES,RUH,IC1,startup,F,True,1,2088.06938639073,0.4584238854168784,1044.034693195365
OPS,MAD,IC6,public,F,False,1,2087.2799000066475,0.8065739807409033,1043.6399500033237
ENG_CIVIL,JED,M3,semigov,M,False,1,2085.7311148219846,1.057781729422582,1042.8655574109923
MARKETING,RUH,IC3,mnc,M,True,1,2083.7951538776542,0.11950022293970335,1041.8975769388271
SALES,QAS,IC2,mnc,M,True,1,2081.978191077911,0.3332910516468437,1040.9890955389556
EDU,RUH,IC3,semigov,F,True,3,2081.10794789605,0.1870671268504659,1040.553973948025
DESIGN,RUH,IC3,private,F,True,1,2079.087575504158,0.18995927784567723,1039.543787752079
SWE,JED,M2,semigov,M,False,1,2076.6324202838678,0.4230111480368149,1038.3162101419339
SWE,MAK,M1,private,M,False,1,2075.2438859794056,0.6571070751264093,1037.6219429897028
SUPPLY,MAK,M1,public,M,False,1,2070.5249020863625,1.170997775736321,1035.2624510431813
FIN,RUH,M1,mnc,F,True,2,2069.7278466287044,0.08412785714605713,1034.8639233143522
OPS,RUH,M1,semigov,M,False,1,2067.593309418785,0.9247324403658999,1033.7966547093924
ENG_CIVIL,RUH,IC6,semigov,M,False,2,2065.4737062248237,0.2507446925275542,1032.7368531124118
EDU,ASR,IC5,mnc,F,True,1,2064.5606408788635,0.3015909250784217,1032.2803204394318
OPS,TAB,D1,startup,M,False,1,2064.0971256092157,0.5203576304296289,1032.0485628046079
ENG_MECH,JAZ,IC3,public,M,True,1,2062.0528097680944,0.28615643827638937,1031.0264048840472
EDU,JED,IC4,public,F,True,1,2060.6110561119485,0.35962585298455735,1030.3055280559743
PM,JED,M2,pif_backed,F,False,1,2054.9048692980323,0.39628850452607395,1027.4524346490161
CUSTOMER,NJR,IC5,private,F,False,1,2054.334946234477,0.5821075467597104,1027.1674731172384
DATA,JAZ,M3,private,M,False,1,2052.9010866119042,0.6460493365923531,1026.4505433059521
SALES,RUH,M4,mnc,M,True,1,2046.3129893344922,0.07775532617265891,1023.1564946672461
EDU,HAI,M3,private,F,True,1,2043.3052141668795,0.20404216900903407,1021.6526070834398
FIN,JED,M3,private,F,False,1,2042.8361212650698,0.2569622193427711,1021.4180606325349
LEGAL,MAK,M1,private,F,True,2,2042.245189289687,0.14314342104404892,1021.1225946448435
DATA,TAB,IC3,private,M,False,1,2039.1974719252787,1.1492777387742235,1019.5987359626394
SUPPLY,JED,M3,private,M,False,2,2030.933214719789,0.5646206415030206,1015.4666073598945
MARKETING,QAS,IC2,private,F,False,1,2030.5785462222018,1.1353107043798976,1015.2892731111009
ENG_MECH,EST,M1,semigov,M,True,1,2029.633162033022,0.16098982471278608,1014.816581016511
HEALTH,MAD,IC2,pif_backed,M,True,1,2027.7425928095017,0.4974659437273773,1013.8712964047509
SALES,RUH,IC4,private,M,False,3,2027.1518380725486,0.4695195836140458,1013.5759190362743
EDU,MAK,IC1,private,M,False,1,2025.6606930972882,1.892756052167265,1012.8303465486441
LEGAL,JED,IC4,private,M,False,1,2024.3804944242315,0.7223704751131351,1012.1902472121158
ENG_ELEC,ASR,IC3,private,M,True,1,2022.7252903979306,0.3113760200834259,1011.3626451989653
HEALTH,EST,M4,private,M,False,1,2022.4138250140822,0.4841867177393995,1011.2069125070411
CUSTOMER,ASR,IC5,public,F,False,1,2021.123696514559,1.472018782984259,1010.5618482572795
OPS,ASR,IC5,semigov,M,True,1,2019.8988163848862,0.13819495229127937,1009.9494081924431
EDU,RUH,IC5,semigov,F,True,1,2018.803582072458,0.14360307995368415,1009.401791036229
FIN,EST,IC3,private,F,True,1,2011.9090623527009,0.12034454704406447,1005.9545311763504
EDU,JED,IC4,private,F,True,2,2005.57277073135,0.4346874755562201,1002.786385365675
HEALTH,RUH,M3,private,M,False,1,2004.9721519263503,0.2276332555270377,1002.4860759631752
DESIGN,RUH,IC2,public,F,True,1,2003.3225050744013,0.2244012912505465,1001.6612525372007
SALES,ASR,IC6,private,F,False,1,1998.683571360191,1.3575729211257008,999.3417856800955
DATA,MAK,IC3,public,F,True,1,1997.6506632915443,0.1283539366761605,998.8253316457722
SUPPLY,MAK,IC5,private,M,True,1,1997.4598003360134,0.23709177894142616,998.7299001680067
PM,ASR,D2,private,F,False,1,1994.8391005347821,0.16431593834470604,997.4195502673911
ENG_CIVIL,EST,M4,semigov,M,False,1,1994.186455884519,0.26469641825277673,997.0932279422595
SUPPLY,QAS,IC3,public,F,False,1,1990.0086666717027,1.142665439335303,995.0043333358514
SALES,RUH,D1,public,F,False,1,1986.6541130598853,0.3919104278167566,993.3270565299426
SWE,JAZ,D3,pif_backed,M,False,1,1981.3096523300264,0.09881955846431723,990.6548261650132
SALES,JED,IC4,private,F,False,1,1981.1649750798538,0.689253797328955,990.5824875399269
PM,RUH,M3,private,M,False,2,1978.8484807217328,0.2290113792513215,989.4242403608664
HEALTH,RUH,M3,public,M,False,1,1976.808211753449,0.6819552907721228,988.4041058767245
HEALTH,RUH,IC5,private,F,True,3,1970.484302622328,0.09703251402021353,985.242151311164
SALES,EST,M3,private,F,False,1,1969.254684946242,0.37374948160272586,984.627342473121
HEALTH,RUH,IC5,public,F,False,2,1965.4386163904478,0.27286999341689583,982.7193081952239
SWE,EST,IC2,startup,F,False,1,1964.097366406353,0.41825578134507696,982.0486832031766
HEALTH,TAB,IC3,mnc,M,True,1,1959.8926662978238,0.31434061376508765,979.9463331489119
HEALTH,JED,M2,mnc,F,False,1,1958.7687956207,0.45792942018513005,979.38439781035
HEALTH,TAB,M1,private,M,False,1,1958.1657621555923,0.3810331665171204,979.0828810777962
DATA,RUH,IC3,public,M,True,1,1957.3525718950714,0.19874512779728748,978.6762859475357
LEGAL,EST,IC4,public,M,True,1,1955.9146661513587,0.16874696517648383,977.9573330756793
ENG_ELEC,JED,IC3,private,F,True,1,1947.5254532990275,0.1691672642907192,973.7627266495138
HEALTH,RUH,IC5,private,F,False,3,1944.8384633180451,0.2631353146082001,972.4192316590226
HEALTH,QAS,IC3,private,F,True,1,1943.213331813844,0.38413372724065836,971.606665906922
FIN,JAZ,IC6,private,M,False,1,1939.5067622960028,0.6936323015623063,969.7533811480014
HR,RUH,M1,private,M,True,1,1931.5613002261762,0.1217734140370581,965.7806501130881
PM,RUH,IC2,pif_backed,F,False,1,1930.2304297166233,0.45131226066486735,965.1152148583117
EDU,QAS,IC3,private,F,True,1,1929.1239302319236,0.4523051040763186,964.5619651159618
FIN,ASR,IC4,private,M,True,1,1925.363293272365,0.22558705623381853,962.6816466361824
HEALTH,JED,IC5,private,M,False,1,1924.6841635728254,0.9573193378001175,962.3420817864127
OPS,TAB,M2,semigov,M,False,1,1915.5976803545846,0.6358937172859508,957.7988401772923
SALES,MAD,IC4,private,M,True,1,1915.075366466196,0.29296502655317913,957.537683233098
SALES,JED,M3,private,F,False,1,1912.0601131915519,0.2865124231481689,956.0300565957759
PM,EST,IC3,mnc,M,False,1,1911.2901189462236,0.3756822138122143,955.6450594731118
HR,RUH,IC4,private,F,True,1,1907.921162538687,0.15131652399969106,953.9605812693435
PM,RUH,M2,public,M,False,1,1906.084955585573,0.43843364386565437,953.0424777927865
LEGAL,EST,IC3,private,M,True,1,1903.9406395791975,0.14583266561597152,951.9703197895988
ENG_ELEC,ASR,D1,private,M,False,1,1899.9537997488906,0.4369394371533102,949.9768998744453
HEALTH,EST,M2,semigov,M,False,1,1890.817856822633,0.30695516345831175,945.4089284113165
SUPPLY,RUH,D1,public,M,True,1,1888.1747435239922,0.08789627347009767,944.0873717619961
FIN,RUH,IC5,semigov,M,False,1,1885.1407862693377,0.2629821570203626,942.5703931346688
ENG_MECH,EST,IC4,startup,M,True,1,1884.7801404692018,0.14081439647861652,942.3900702346009
HEALTH,EST,IC4,private,F,False,2,1883.2955695033345,0.38042296972466816,941.6477847516672
SUPPLY,ASR,M1,private,M,True,1,1882.895681523808,0.29217198022968355,941.447840761904
OPS,RUH,M3,private,F,True,1,1881.6912747527276,0.09453211795258677,940.8456373763638
SWE,RUH,IC5,private,M,False,2,1880.9487456221664,0.4164107308635202,940.4743728110832
HEALTH,MAK,IC1,public,F,True,1,1880.1064514706059,0.42496693799816804,940.0532257353029
HR,RUH,IC6,private,F,False,1,1877.4131311831663,0.9666516159860405,938.7065655915832
HEALTH,RUH,IC4,pif_backed,F,True,1,1875.5893889898762,0.10298221039831483,937.7946944949381
SUPPLY,EST,IC6,public,M,False,1,1875.2218515873656,0.878097562577459,937.6109257936828
SALES,RUH,IC5,public,F,True,1,1869.1790671516637,0.24139580493992197,934.5895335758319
CUSTOMER,RUH,IC3,pif_backed,F,False,1,1867.5976969072085,0.37065458328973094,933.7988484536043
ENG_MECH,RUH,IC3,pif_backed,M,False,2,1866.0652313837898,0.4586461096967097,933.0326156918949
DATA,EST,M2,semigov,M,False,1,1859.8282533872025,0.27756127908673395,929.9141266936012
CUSTOMER,RUH,M4,mnc,F,True,1,1858.719037412502,0.07105417618648732,929.359518706251
SALES,TAB,M2,public,M,False,1,1858.6152912928887,0.8468870378469754,929.3076456464444
HR,JED,M1,public,F,True,2,1858.0295093502355,0.19696876374335676,929.0147546751177
CUSTOMER,RUH,IC6,pif_backed,F,True,1,1857.2305354890123,0.06842162930413821,928.6152677445061
SWE,RUH,IC6,private,M,False,1,1856.3033720008243,0.20687786311193038,928.1516860004122
MARKETING,RUH,M3,semigov,F,False,1,1855.8136786295408,0.3234385081861533,927.9068393147704
CUSTOMER,JED,IC3,public,M,True,1,1855.1638344141438,0.3299529065016658,927.5819172070719
HEALTH,HAI,IC5,public,F,False,1,1853.2694282291982,0.35638421360229977,926.6347141145991
SUPPLY,EST,IC4,semigov,M,True,1,1851.3548645813207,0.09983362746919189,925.6774322906604
SALES,EST,M3,pif_backed,M,False,1,1850.450945866498,0.1525642393708224,925.225472933249
SALES,RUH,IC3,private,M,False,2,1850.212465340184,1.2961923264819966,925.106232670092
ENG_CIVIL,RUH,IC2,private,M,True,2,1848.509730233206,0.34911203968155247,924.254865116603
SWE,EST,IC5,private,M,True,3,1846.8359911353673,0.06743904193659458,923.4179955676836
ENG_ELEC,MAD,IC4,pif_backed,M,True,1,1846.7639123959943,0.14680526823423104,923.3819561979972
PM,EST,IC2,private,M,True,2,1846.6297245141395,0.15133115254538684,923.3148622570698
CUSTOMER,EST,IC3,semigov,F,True,1,1843.6069829940661,0.3170685799394021,921.8034914970331
EDU,QAS,IC4,semigov,F,True,1,1842.3935131284525,0.3184201684606722,921.1967565642262
OPS,RUH,IC1,public,F,True,1,1840.815886987978,0.4282444371016169,920.407943493989
DATA,RUH,M2,private,M,False,2,1839.4936110211274,0.1936610372047225,919.7468055105637
HR,TAB,IC3,mnc,M,False,1,1838.8007333934531,1.2170932389292504,919.4003666967266
SALES,RUH,M4,semigov,F,False,1,1838.662206155218,0.4234984361591931,919.331103077609
SUPPLY,EST,M3,public,M,True,1,1837.8101807464827,0.17280466897344143,918.9050903732414
ENG_CIVIL,TAB,IC3,mnc,M,True,1,1835.4783649297751,0.16941118000326474,917.7391824648876
OPS,MAK,M1,private,M,False,2,1835.1719687888774,0.9913635256115081,917.5859843944387
DESIGN,RUH,IC4,private,M,False,1,1833.8088567593745,0.5713010716510938,916.9044283796873
ENG_ELEC,EST,M3,pif_backed,M,False,1,1830.5461861010963,0.20101592017683856,915.2730930505481
SWE,RUH,IC2,pif_backed,M,False,1,1826.156680719812,0.42333507633614814,913.078340359906
OPS,RUH,IC2,semigov,M,True,1,1824.6918671124886,0.294993095381521,912.3459335562443
FIN,RUH,IC5,public,M,False,1,1822.038776433381,0.19066273935548425,911.0193882166905
EDU,MAD,IC4,startup,F,True,1,1816.9360333330005,0.18234637524742978,908.4680166665003
SUPPLY,RUH,IC4,public,M,True,1,1812.3823443371202,0.3161834199235974,906.1911721685601
OPS,JED,IC4,pif_backed,M,True,1,1811.4818566429312,0.1540435150732916,905.7409283214656
SWE,TAB,M1,public,F,True,1,1804.1355811515168,0.126306851897885,902.0677905757584
EDU,RUH,IC4,public,F,True,1,1804.077672313826,0.1646282472764048,902.038836156913
SALES,RUH,IC5,pif_backed,F,False,1,1803.9632084568502,0.23150959516040534,901.9816042284251
EDU,QAS,IC4,private,M,True,1,1801.4272263794173,0.18752735085941016,900.7136131897087
HR,EST,IC2,mnc,F,True,1,1798.6660956979504,0.15425756436242521,899.3330478489752
HEALTH,EST,IC4,semigov,F,True,1,1795.2935730453828,0.13396880287062343,897.6467865226914
ENG_MECH,JED,IC5,mnc,M,False,1,1792.9220822936086,0.27933966885384914,896.4610411468043
SWE,RUH,IC5,private,F,False,1,1792.8161575051563,0.24971182977814965,896.4080787525781
ENG_CIVIL,RUH,IC4,mnc,M,True,1,1788.733624932438,0.13549048308362263,894.366812466219
HEALTH,RUH,IC2,public,F,True,2,1786.779399931349,0.18109250824319018,893.3896999656745
DESIGN,EST,M3,public,M,False,1,1784.594708989266,0.23102425596000747,892.297354494633
MARKETING,RUH,M3,startup,M,False,1,1782.5932593225252,0.5768540081672326,891.2966296612626
DESIGN,EST,IC4,mnc,F,False,1,1778.278590112487,0.37027620117807636,889.1392950562436
HEALTH,JED,IC5,startup,F,False,1,1772.044765650092,0.5814049262601476,886.022382825046
SWE,EST,IC1,mnc,M,True,1,1770.9206087256443,0.2015327409390517,885.4603043628222
DESIGN,QAS,IC3,private,M,False,1,1770.5560772263707,0.7295119977355543,885.2780386131853
SALES,RUH,IC3,mnc,M,False,1,1765.4697172887327,0.42780309885219203,882.7348586443663
ENG_CIVIL,RUH,M2,private,M,True,1,1761.3913454448611,0.1670191373046239,880.6956727224306
SALES,EST,IC4,private,M,False,3,1758.391252649669,0.8311225331680597,879.1956263248345
HEALTH,ASR,D1,startup,F,False,1,1756.4545957264381,0.2862580172994991,878.2272978632191
SALES,MAK,IC2,private,M,True,1,1756.0960000608056,0.3221841868125697,878.0480000304028
FIN,RUH,M1,private,M,False,1,1755.8825177565604,0.6120010678411492,877.9412588782802
DATA,RUH,IC5,private,M,False,2,1755.3104366740772,0.2345038773612052,877.6552183370386
HR,RUH,D2,private,F,False,1,1754.5137660510109,0.210768297745826,877.2568830255054
PM,MAD,IC4,mnc,M,False,1,1748.950119721258,0.9405669970080915,874.475059860629
HEALTH,JED,M2,private,F,True,1,1747.6659975770217,0.11124470092727554,873.8329987885108
HR,QAS,IC2,private,M,False,1,1747.0627553302375,1.0574921801024526,873.5313776651187
SWE,MAK,IC4,private,M,False,2,1744.9501923508615,0.3873152943746291,872.4750961754307
SWE,HAI,IC4,private,M,True,1,1739.9298058152126,0.1369456921327456,869.9649029076063
DESIGN,RUH,IC5,semigov,F,True,1,1739.166414794614,0.06737564957871356,869.583207397307
FIN,BAH,IC2,public,M,True,1,1739.002668323311,0.22333012969609625,869.5013341616554
SWE,ASR,IC3,semigov,M,False,1,1738.7504485281004,1.2468043435226395,869.3752242640502
ENG_ELEC,TAB,M2,private,M,True,1,1738.5794246850091,0.12221249729152052,869.2897123425046
HEALTH,RUH,M2,private,F,False,1,1738.0980933813617,0.250840874029439,869.0490466906808
MARKETING,RUH,M3,mnc,F,False,2,1734.2065727103918,0.19947058427531716,867.1032863551959
ENG_ELEC,JED,IC5,private,M,True,3,1733.2209633751092,0.07244227237061583,866.6104816875546
HEALTH,RUH,D2,public,M,False,1,1731.3746756862038,0.19841338118196783,865.6873378431019
EDU,ASR,IC4,public,M,False,1,1730.2404407957804,0.9376550667864205,865.1202203978902
SALES,EST,IC5,private,F,False,2,1725.3666250138035,0.22377768197324877,862.6833125069018
MARKETING,NJR,D3,pif_backed,M,False,1,1724.4378368994603,0.14859977585193085,862.2189184497302
SWE,MAD,IC3,private,M,False,2,1724.1731055783753,0.583790483246165,862.0865527891876
SUPPLY,RUH,IC5,private,M,False,2,1724.146359418202,0.46799415235673225,862.073179709101
EDU,RUH,IC2,public,F,True,1,1723.135067300041,0.4266791972212334,861.5675336500206
ENG_CIVIL,MAD,IC5,semigov,M,False,1,1717.9842998482527,0.4494829461520411,858.9921499241264
EDU,RUH,IC3,mnc,F,True,2,1714.7877074835765,0.21074482098415914,857.3938537417882
DESIGN,RUH,M3,private,M,False,1,1713.3473506820428,0.933991916163713,856.6736753410214
EDU,QAS,IC2,public,F,True,1,1711.3265394518576,0.378679195871523,855.6632697259288
CUSTOMER,EST,IC6,mnc,F,False,1,1707.8328906560932,0.8663671902484988,853.9164453280466
CUSTOMER,EST,IC4,private,F,True,2,1707.753972659491,0.15880643629224211,853.8769863297455
SALES,MAK,IC3,semigov,M,True,1,1707.6669197032934,0.19688541156177594,853.8334598516467
SALES,EST,IC1,private,F,True,1,1706.6627159810641,0.30805905963552904,853.3313579905321
HR,RUH,IC3,startup,F,False,1,1705.209451927196,0.4062755764706216,852.604725963598
ENG_CIVIL,JED,IC6,private,M,True,1,1704.6202951887244,0.07024498813298165,852.3101475943622
SWE,EST,IC2,private,M,True,2,1701.1991102257716,0.16016434393169116,850.5995551128858
DATA,RUH,IC4,public,M,True,1,1700.1036667649114,0.10891644842726635,850.0518333824557
PM,RUH,IC5,mnc,M,False,1,1699.2696969692952,0.34314670574422973,849.6348484846476
DATA,JED,M2,public,F,False,1,1696.6801099446302,0.29106965723961664,848.3400549723151
DESIGN,RUH,IC4,pif_backed,F,False,1,1696.5568453213118,0.26157807772876024,848.2784226606559
OPS,QAS,IC3,private,M,False,1,1696.0443803870862,1.403739072899314,848.0221901935431
SWE,JED,IC5,pif_backed,M,True,1,1694.1834580771065,0.07142273125198914,847.0917290385532
SWE,EST,IC4,private,F,False,1,1693.5931679762862,0.6526391880452713,846.7965839881431
FIN,NJR,IC5,semigov,M,False,1,1689.2229354870606,0.4671667909572615,844.6114677435303
SALES,JED,IC5,public,M,False,1,1683.294092105707,0.6737619986578973,841.6470460528535
SWE,RUH,IC2,startup,F,True,1,1682.7997548194317,0.23440011124369473,841.3998774097158
FIN,NJR,IC2,startup,F,True,1,1680.7775529347837,0.181867717870631,840.3887764673918
EDU,JAZ,IC3,private,M,True,1,1680.3139247335293,0.3824742057248783,840.1569623667647
OPS,TAB,IC2,private,F,True,1,1680.1215892374657,0.2425890046304936,840.0607946187329
OPS,RUH,M1,pif_backed,M,False,1,1678.7029128385461,0.8831271059146153,839.3514564192731
ENG_CIVIL,RUH,IC6,public,M,False,1,1677.466054830149,0.6475861185721232,838.7330274150745
SWE,EST,M1,private,M,False,1,1674.9531840356804,0.2762858511790989,837.4765920178402
HR,RUH,M2,semigov,F,False,1,1674.120871061244,0.6246383686601812,837.060435530622
OPS,RUH,IC6,public,M,False,1,1673.7925733327293,0.6156528814271883,836.8962866663646
ENG_ELEC,ASR,IC3,semigov,M,True,1,1672.8035879887966,0.2659592173058676,836.4017939943983
SALES,RUH,M1,semigov,M,False,3,1671.3449045978593,0.5734170439694075,835.6724522989297
CUSTOMER,MAK,M2,private,F,False,1,1668.6710673379891,0.4681813451199735,834.3355336689946
SUPPLY,JED,IC5,private,M,False,1,1668.4266749614226,0.37233371178529,834.2133374807113
DATA,MAK,IC3,private,F,False,1,1666.0755279117461,0.3654951145504621,833.0377639558731
DESIGN,JAZ,IC4,pif_backed,M,False,1,1661.9448208917197,0.33611548415487447,830.9724104458599
HEALTH,EST,IC3,mnc,F,False,1,1661.5921049088774,0.40195305463834413,830.7960524544387
FIN,JED,IC4,private,F,True,1,1657.2276538110764,0.10925323957590978,828.6138269055382
PM,MAK,IC4,private,M,True,1,1655.0924122972574,0.09937238830889546,827.5462061486287
PM,RUH,M2,semigov,M,False,1,1654.8391266580993,0.3685499255070701,827.4195633290497
DATA,RUH,IC3,private,M,False,1,1654.468052792039,0.8850311536025983,827.2340263960195
EDU,EST,M3,private,F,False,2,1651.2674173493333,0.3149047778876351,825.6337086746667
HR,RUH,IC5,public,F,False,1,1650.431943358994,0.29563020494887743,825.215971679497
HR,EST,IC3,public,F,True,1,1646.539359950185,0.18365943800895387,823.2696799750925
EDU,MAK,M1,public,M,True,1,1640.0700024842772,0.15323472904547544,820.0350012421386
ENG_ELEC,JED,IC3,private,M,True,3,1638.322362233582,0.19064554184111074,819.161181116791
EDU,RUH,IC4,private,M,False,1,1635.0732132651274,0.38517560889082003,817.5366066325637
SALES,MAD,IC4,public,M,True,2,1634.7785082702535,0.312288485391536,817.3892541351267
OPS,RUH,IC5,private,F,False,2,1632.956315613537,0.4113607026271087,816.4781578067685
SUPPLY,QAS,M2,semigov,M,False,1,1631.6887483328996,0.39261530600649797,815.8443741664498
MARKETING,ASR,IC5,mnc,M,False,2,1627.4497607028252,0.6464057001706176,813.7248803514126
MARKETING,RUH,IC3,private,M,True,1,1626.8124289293628,0.20100372875262937,813.4062144646814
ENG_ELEC,JED,M1,semigov,M,False,1,1620.0037078370906,0.29879803953377493,810.0018539185453
DATA,EST,IC4,semigov,M,True,1,1615.3820439133688,0.11081074555853285,807.6910219566844
CUSTOMER,EST,IC3,public,M,True,1,1615.233564357317,0.1770820561768105,807.6167821786585
MARKETING,JED,IC3,pif_backed,M,True,1,1609.1215789436683,0.1386643470503185,804.5607894718341
CUSTOMER,EST,M2,private,F,False,1,1608.7178737790755,0.37149557096819147,804.3589368895377
HEALTH,JED,IC5,semigov,F,False,1,1605.6074960304386,0.2592230870992044,802.8037480152193
SALES,JED,M5,private,M,True,1,1600.9861073007705,0.04026062021838377,800.4930536503853
HR,MAD,IC4,public,F,True,1,1600.8295422668489,0.16046742257624408,800.4147711334244
HEALTH,NJR,IC6,private,F,False,1,1600.7049476727752,0.5816470241744858,800.3524738363876
EDU,RUH,IC5,startup,M,True,1,1600.0566941342568,0.14502774497977483,800.0283470671284
ENG_MECH,RUH,M1,public,M,False,3,1599.181319708158,0.4223491281776854,799.590659854079
EDU,RUH,IC4,private,F,True,5,1599.1715135215425,0.1425970874823028,799.5857567607712
FIN,QAS,IC4,private,F,True,1,1596.2031728088787,0.19762119658866706,798.1015864044393
CUSTOMER,RUH,M4,startup,F,False,1,1591.6932183073159,0.2503387925867757,795.8466091536579
HEALTH,JED,IC3,pif_backed,F,False,1,1589.5586975468,0.384312118125209,794.7793487734
HEALTH,EST,IC5,private,F,False,1,1586.1838207615074,0.2538661554025141,793.0919103807537
ENG_CIVIL,ASR,IC4,private,M,False,1,1582.6718025499788,0.43854692301829346,791.3359012749894
ENG_CIVIL,JAZ,IC4,public,F,True,1,1582.600967343973,0.13686151813439668,791.3004836719865
DATA,RUH,IC4,mnc,F,True,1,1581.0775827978869,0.07436480232037983,790.5387913989434
LEGAL,QAS,M3,semigov,M,False,1,1579.296130921376,0.20289260226228817,789.648065460688
EDU,NJR,IC4,semigov,F,True,1,1577.179608410369,0.188132781384698,788.5898042051845
HEALTH,ASR,IC3,private,M,False,1,1576.2565222035478,0.41821682064215143,788.1282611017739
EDU,EST,M1,public,M,True,1,1575.0931761118663,0.1512946910821495,787.5465880559332
HR,EST,IC3,private,F,False,1,1573.4488087885657,0.43196771772672965,786.7244043942828
SWE,RUH,IC3,mnc,M,True,1,1570.7624294678371,0.10542604379252218,785.3812147339186
OPS,RUH,M1,private,M,False,3,1569.3269045535155,0.5551737884793696,784.6634522767578
SALES,JAZ,IC4,semigov,M,False,1,1568.9951158619363,0.7988268941631954,784.4975579309681
ENG_CIVIL,JED,IC4,startup,F,False,1,1568.6631739378245,0.3807901799755255,784.3315869689122
EDU,MAD,M2,private,F,True,2,1568.2726255241678,0.14896630316206158,784.1363127620839
DATA,RUH,IC2,private,M,False,1,1566.9885817283803,0.33208997651384936,783.4942908641901
HEALTH,EST,M1,semigov,M,False,1,1566.4461054756657,0.7036249947450556,783.2230527378329
LEGAL,EST,IC2,semigov,F,True,1,1565.7311272863153,0.16098646625238042,782.8655636431577
OPS,JAZ,IC3,public,F,True,1,1565.2277112044385,0.3517432367314848,782.6138556022192
HEALTH,EST,IC4,pif_backed,F,False,1,1561.1113913795953,0.6187177671927221,780.5556956897976
SALES,EST,VP,public,M,False,1,1559.3983812826364,0.1909840199146146,779.6991906413182
PM,RUH,IC4,public,F,False,1,1557.9564630772757,0.29459088496633756,778.9782315386378
FIN,QAS,M3,private,M,False,1,1557.7617567932548,0.47046971234574303,778.8808783966274
MARKETING,EST,IC5,public,M,True,1,1549.9047125491888,0.0781034281576406,774.9523562745944
MARKETING,EST,IC5,private,M,False,1,1548.6922915761306,0.5518991608599869,774.3461457880653
PM,MAD,M1,public,F,False,1,1547.6307153078278,0.9648540415607564,773.8153576539139
DESIGN,EST,IC3,private,M,True,1,1545.4819045587647,0.11607356349521522,772.7409522793823
SALES,JAZ,IC5,startup,F,False,1,1545.006139752746,0.5237529416464051,772.503069876373
ENG_CIVIL,JAZ,IC2,private,M,False,1,1544.5753643412488,1.4855184793769955,772.2876821706244
PM,QAS,IC6,private,M,False,1,1544.570312516411,0.3540805186257673,772.2851562582055
SWE,EST,IC1,private,M,True,1,1541.1845055876893,0.2461012787145627,770.5922527938446
EDU,RUH,M3,public,F,False,1,1537.0970106135437,0.4172648718160784,768.5485053067719
SALES,RUH,IC4,pif_backed,F,True,1,1536.2913123871185,0.16088307925971987,768.1456561935593
HEALTH,RUH,IC3,mnc,M,False,2,1535.3867133260167,0.4432257446562229,767.6933566630083
MARKETING,TAB,IC5,private,F,False,1,1534.2787672269071,0.4351564344507348,767.1393836134536
EDU,MAK,IC5,pif_backed,M,True,1,1529.8878500147785,0.13296306793541138,764.9439250073892
SWE,JED,M1,private,F,False,1,1529.84745666678,0.2452204705080825,764.92372833339
FIN,MAD,D1,public,M,True,1,1529.7132571597394,0.0929236133591806,764.8566285798697
HR,RUH,IC3,public,F,True,1,1526.3160800195074,0.0910005783235346,763.1580400097537
FIN,QAS,IC5,semigov,M,False,1,1526.0163825082118,0.30721855079710847,763.0081912541059
ENG_MECH,TAB,IC5,public,M,False,2,1522.199037403051,0.6308004468569944,761.0995187015255
HR,RUH,IC3,mnc,F,False,1,1521.3876947668496,1.0762249593645838,760.6938473834248
DESIGN,JAZ,IC3,pif_backed,M,False,1,1517.662173928588,0.7003041196668103,758.831086964294
SALES,RUH,M2,private,M,False,1,1517.46965965358,0.5792178681760478,758.73482982679
SUPPLY,ASR,IC3,private,M,True,1,1517.3741554848357,0.24020427365115854,758.6870777424178
OPS,TAB,IC3,private,M,True,2,1516.4532019045746,0.16029048465175724,758.2266009522873
PM,RUH,IC3,private,M,False,4,1514.0605745743042,0.7433354668915286,757.0302872871521
SUPPLY,ASR,IC5,pif_backed,M,False,1,1513.370986860797,0.5676053522454111,756.6854934303985
DATA,EST,IC5,public,F,True,1,1507.6865921839817,0.056022699790196855,753.8432960919909
DATA,MAD,IC3,public,M,True,1,1507.1706420340015,0.17734072974025247,753.5853210170008
SWE,JED,IC3,semigov,M,False,1,1505.9534166759054,1.4382646863541795,752.9767083379527
HR,JED,IC4,private,F,True,1,1502.814016107336,0.2080201995818898,751.407008053668
DATA,QAS,IC2,semigov,M,False,1,1500.377733220348,0.5893358368917583,750.188866610174
ENG_CIVIL,RUH,M3,private,M,True,1,1499.9232731477132,0.10001558493276268,749.9616365738566
SWE,RUH,IC4,public,M,False,7,1499.519716792783,0.4337786470986494,749.7598583963915
SUPPLY,ASR,IC4,pif_backed,F,False,1,1499.1011471385257,1.103542998327686,749.5505735692628
DESIGN,JAZ,IC2,semigov,M,False,1,1494.325116062338,0.8029532045391381,747.162558031169
FIN,MAD,D1,private,M,False,1,1493.6221916539153,0.34749183943853795,746.8110958269576
ENG_ELEC,RUH,IC4,private,M,False,2,1492.4093930028516,0.36017603933181885,746.2046965014258
SALES,RUH,M1,mnc,M,False,1,1491.3991050259194,0.795389133699445,745.6995525129597
MARKETING,RUH,IC4,public,F,False,2,1490.2779042893478,0.9160953224387233,745.1389521446739
HR,EST,IC5,public,F,False,1,1488.5397667175548,0.24325377614078222,744.2698833587774
SALES,NJR,M2,semigov,M,False,1,1488.428945676576,0.6212746706432162,744.214472838288
ENG_ELEC,ASR,IC4,mnc,M,False,1,1484.5525914727768,0.5307779271253182,742.2762957363884
SWE,JED,IC4,public,M,False,2,1483.8600938056484,0.5240302741885139,741.9300469028242
CUSTOMER,MAD,M2,semigov,M,False,1,1482.2859525460813,0.381805293887707,741.1429762730406
DATA,JED,IC4,mnc,M,False,1,1479.9230473403704,0.26290064657195444,739.9615236701852
HEALTH,JED,IC4,private,F,False,1,1479.372814057364,0.6743625792361125,739.686407028682
ENG_MECH,EST,IC4,private,M,False,2,1478.2169350549038,0.668302073116268,739.1084675274519
CUSTOMER,MAD,D1,pif_backed,F,False,1,1472.9263901737431,0.2560517049214525,736.4631950868716
ENG_CIVIL,RUH,IC3,public,M,True,4,1472.4837684809993,0.22837958447748646,736.2418842404996
DESIGN,RUH,IC2,private,F,False,1,1471.7002346134957,1.3382551721572375,735.8501173067478
FIN,MAD,M1,public,M,True,1,1471.084467493427,0.13322932612443594,735.5422337467135
PM,BAH,IC4,semigov,M,True,1,1461.8779109826119,0.14395263985635567,730.9389554913059
EDU,RUH,IC3,private,F,True,4,1457.1617191949983,0.17806272749178864,728.5808595974992
EDU,JED,IC2,private,F,True,3,1456.932059453354,0.3241474872887652,728.466029726677
SALES,RUH,M3,semigov,M,True,1,1456.3789437768282,0.042097389512975154,728.1894718884141
OPS,RUH,M1,private,F,False,1,1456.290039681733,0.6621302709915273,728.1450198408666
EDU,ASR,IC2,mnc,F,True,1,1453.6607143083756,0.3299694999002707,726.8303571541878
SWE,EST,IC3,semigov,M,False,2,1451.964336992878,0.49824822639744076,725.982168496439
SALES,MAK,M3,public,M,True,1,1449.7403510561326,0.11849254176716183,724.8701755280663
HR,QAS,IC4,private,F,False,1,1447.405858332172,0.8856227166484861,723.702929166086
ENG_MECH,ASR,IC4,private,F,False,1,1444.4966820835343,0.4186652193046113,722.2483410417672
HR,RUH,M1,public,F,True,3,1443.6136081729048,0.10371405541848733,721.8068040864524
FIN,RUH,IC3,public,M,True,3,1443.387774566424,0.14559887002627395,721.693887283212
SUPPLY,RUH,D1,mnc,M,True,1,1442.1206161283371,0.066598335195374,721.0603080641686
EDU,MAD,IC6,public,F,True,1,1438.5421394883779,0.1172343262956226,719.2710697441889
SUPPLY,JED,IC4,public,M,True,1,1438.2706869385584,0.13129729801519407,719.1353434692792
CUSTOMER,BAH,M2,private,F,False,1,1435.0478990993056,0.4516917472523509,717.5239495496528
SUPPLY,EST,IC6,private,F,False,1,1433.0054717811822,0.4298860377687817,716.5027358905911
MARKETING,RUH,IC3,semigov,M,True,1,1431.5346316360428,0.12420556080376008,715.7673158180214
SUPPLY,ASR,IC2,private,M,True,1,1429.0234597857716,0.1967148565048223,714.5117298928858
ENG_MECH,JED,IC3,private,M,True,1,1424.211555786207,0.17523186570383678,712.1057778931036
SALES,QAS,M2,public,M,True,1,1418.754015619419,0.08160573794522329,709.3770078097095
MARKETING,JED,IC5,private,M,True,1,1418.2971815055307,0.17883695214253947,709.1485907527654
ENG_MECH,JED,IC4,semigov,M,True,1,1418.2363342882218,0.11610862648328964,709.1181671441109
DESIGN,NJR,M2,pif_backed,M,True,1,1413.3733498295442,0.15828374397614106,706.6866749147721
HEALTH,EST,IC4,mnc,F,True,1,1411.5998272643392,0.10813608065777079,705.7999136321696
HEALTH,MAK,D1,public,F,True,1,1411.1452973176129,0.05056035365179284,705.5726486588064
PM,MAD,IC4,private,F,True,1,1410.3219208632945,0.11471509210431217,705.1609604316473
HEALTH,TAB,IC2,startup,M,False,1,1408.6653107429656,0.8124419489119572,704.3326553714828
ENG_MECH,ASR,IC4,public,M,False,1,1408.5033985676264,0.4049112925283224,704.2516992838132
LEGAL,QAS,M1,semigov,F,False,1,1403.9563006630046,0.28937378364354394,701.9781503315023
OPS,RUH,M2,private,M,True,1,1403.7117521356176,0.16367759959257153,701.8558760678088
EDU,RUH,IC4,private,M,True,2,1401.9176562470043,0.19919140989756293,700.9588281235021
ENG_CIVIL,RUH,IC2,pif_backed,M,False,1,1400.937968542085,1.0297637714092966,700.4689842710425
ENG_MECH,JED,M3,public,M,False,1,1399.7238343545046,0.3449732287711754,699.8619171772523
EDU,MAK,IC4,startup,F,True,1,1397.0486503093089,0.15164797479479689,698.5243251546544
CUSTOMER,JED,IC3,private,F,False,1,1393.869843565151,1.0643601344446147,696.9349217825755
ENG_ELEC,RUH,IC6,private,M,True,1,1392.9104100939676,0.10324247806422175,696.4552050469838
FIN,TAB,IC2,mnc,M,False,1,1389.533760968512,1.1991367591998994,694.766880484256
MARKETING,JED,IC5,semigov,M,False,1,1387.344326624731,0.4153278543632832,693.6721633123655
OPS,TAB,IC4,semigov,F,False,1,1387.0534017409273,0.606180529058111,693.5267008704636
FIN,RUH,IC5,private,F,True,1,1386.6823515809228,0.06262915038918826,693.3411757904614
SUPPLY,RUH,M4,private,M,False,1,1384.7444894765922,0.18524263303447142,692.3722447382961
SALES,EST,IC4,mnc,F,True,1,1380.6151732572125,0.13738276792003185,690.3075866286063
HR,ASR,M1,semigov,F,False,1,1380.1869245140178,0.6176458239853881,690.0934622570089
EDU,TAB,IC3,private,F,True,1,1379.987057181559,0.2600869754223094,689.9935285907795
CUSTOMER,RUH,IC3,pif_backed,M,True,1,1377.9107765514354,0.15063266756835683,688.9553882757177
ENG_MECH,JED,IC3,pif_backed,M,False,1,1377.6309134330552,0.7581123576729786,688.8154567165276
HR,QAS,IC3,mnc,F,False,1,1363.3026905643499,1.0210720390124597,681.6513452821749
CUSTOMER,EST,IC5,pif_backed,F,True,1,1362.7732131179018,0.13040243024459514,681.3866065589509
HEALTH,MAD,IC5,public,F,False,1,1360.0719990042826,0.26108403737568714,680.0359995021413
EDU,RUH,M2,public,F,True,1,1359.3358001693578,0.1214303560148244,679.6679000846789
SALES,RUH,M3,startup,M,True,1,1354.537049717268,0.07678383399912307,677.268524858634
ENG_ELEC,RUH,IC2,public,M,True,1,1352.791178051496,0.16372879288596218,676.395589025748
PM,RUH,IC6,semigov,M,False,1,1351.2092827168817,0.23318302997212056,675.6046413584409
OPS,MAD,IC4,private,M,False,1,1350.8457701052798,0.34714651668937674,675.4228850526399
DATA,ASR,IC4,public,M,False,1,1349.1178135390314,0.24797916986771404,674.5589067695157
PM,RUH,IC4,pif_backed,F,False,1,1348.979979515535,0.29764254839511767,674.4899897577675
CUSTOMER,EST,IC5,private,F,False,1,1346.4392969723867,0.3547924425922538,673.2196484861934
FIN,RUH,IC3,private,M,True,2,1346.0699438880938,0.09258576449253435,673.0349719440469
MARKETING,JED,M3,startup,F,False,1,1345.009815555285,0.1861649502020726,672.5049077776425
LEGAL,ASR,IC2,public,F,True,1,1344.487089254727,0.22920199475303346,672.2435446273635
HR,MAK,IC6,private,F,False,1,1344.1967178001216,0.7667390482423396,672.0983589000608
OPS,EST,IC3,private,F,True,1,1341.3164794848744,0.10200246088146857,670.6582397424372
ENG_CIVIL,JAZ,D1,private,M,False,1,1341.168287640735,0.3466345601186663,670.5841438203674
SWE,JED,IC4,private,M,False,1,1340.7477159409864,0.28429303656975113,670.3738579704932
DESIGN,RUH,IC3,public,M,False,1,1337.3813816374281,0.3143699271335296,668.6906908187141
SUPPLY,HAI,IC4,private,F,True,1,1337.3141433705478,0.15302583251929824,668.6570716852739
HR,RUH,IC3,semigov,F,False,1,1335.9039497064819,0.38431963331881497,667.9519748532409
SUPPLY,RUH,IC3,semigov,M,True,1,1334.7416898685296,0.08384557795750947,667.3708449342648
CUSTOMER,RUH,IC4,public,F,False,1,1333.8999407209549,0.4360378089720392,666.9499703604774
CUSTOMER,NJR,M3,semigov,F,False,1,1331.4926471697722,0.9044286221964651,665.7463235848861
DATA,EST,M1,semigov,F,True,1,1330.9749819439785,0.06574682522379778,665.4874909719892
SALES,RUH,IC3,mnc,F,False,1,1330.4510650963912,0.4836209329730976,665.2255325481956
FIN,RUH,IC3,semigov,F,True,1,1328.6463940495323,0.10468898777942452,664.3231970247662
SWE,EST,M2,private,M,False,1,1326.1035416401119,0.33603913975085603,663.0517708200559
SWE,EST,IC4,private,M,False,1,1322.4989190812494,0.17752090737303772,661.2494595406247
EDU,MAD,IC4,private,F,True,2,1321.9898264763556,0.19297919991007076,660.9949132381778
SUPPLY,RUH,IC3,public,M,True,1,1321.868771587945,0.2082101255920036,660.9343857939725
HEALTH,EST,IC3,startup,F,False,1,1321.5462684527502,0.37373196758309374,660.7731342263751
CUSTOMER,NOR,M3,public,F,False,2,1320.491037799823,1.0494795519646458,660.2455188999115
ENG_MECH,TAB,IC4,private,M,True,1,1319.6000069230977,0.1377478818714379,659.8000034615488
FIN,JED,M2,private,F,True,1,1318.249898792572,0.04682927700672463,659.124949396286
ENG_MECH,RUH,M3,mnc,M,True,1,1317.9852918761171,0.03679562252293151,658.9926459380586
SALES,JED,IC4,mnc,M,False,1,1317.0192077759916,0.9071878222772084,658.5096038879958
CUSTOMER,EST,M4,public,F,True,1,1315.43895083007,0.09135632976283477,657.719475415035
SUPPLY,EST,IC3,private,M,False,2,1314.6603697343548,0.9511893892618338,657.3301848671774
DATA,ASR,IC3,private,F,True,1,1314.623996815757,0.14989429064222062,657.3119984078785
OPS,RUH,IC4,private,F,False,1,1313.973879402527,0.28759164371690465,656.9869397012635
ENG_CIVIL,RUH,M4,semigov,M,False,1,1313.8818939171406,0.227706649426001,656.9409469585703
EDU,EST,VP,semigov,F,False,1,1313.5069991588916,0.11236304106776128,656.7534995794458
OPS,JED,IC4,private,M,False,1,1313.3150164874742,0.5955833438477193,656.6575082437371
SALES,RUH,IC4,public,M,False,1,1310.8760015348962,0.8162288939777084,655.4380007674481
ENG_CIVIL,MAK,IC3,private,M,True,1,1310.5331458648752,0.29393067407005863,655.2665729324376
PM,RUH,IC3,private,F,False,1,1310.265799378043,0.2082675245479549,655.1328996890215
SALES,TAB,IC5,public,M,False,2,1309.51199473868,0.729796297937494,654.75599736934
OPS,RUH,IC4,semigov,M,True,2,1306.2184883650725,0.1108239625925598,653.1092441825363
ENG_CIVIL,EST,IC4,private,M,False,3,1305.0835471398689,0.33205891252014946,652.5417735699344
DATA,EST,IC4,private,M,False,1,1304.7670719142743,0.19523244525788572,652.3835359571372
FIN,RUH,IC4,pif_backed,F,True,1,1304.1241729424019,0.15863681513992983,652.0620864712009
CUSTOMER,RUH,M3,private,F,False,1,1299.8870176785504,0.5170028835886233,649.9435088392752
EDU,JED,D1,semigov,F,False,1,1299.3220410341673,0.186027914403069,649.6610205170837
SALES,JED,IC4,private,M,False,1,1298.928773885916,0.8187878002224632,649.464386942958
OPS,EST,IC5,semigov,F,False,1,1298.8211469565717,0.5536880640346604,649.4105734782859
OPS,EST,IC3,pif_backed,M,False,2,1296.7209813469617,0.644641627301035,648.3604906734809
MARKETING,MAD,IC1,private,F,False,1,1295.1014303197037,0.8788043955011623,647.5507151598518
FIN,EST,IC5,public,F,True,1,1294.2660895996123,0.10228637832819244,647.1330447998062
SALES,EST,M2,private,F,False,3,1292.2950741188758,0.2222329091202526,646.1475370594379
PM,JED,IC4,private,M,False,1,1290.9042739140236,0.31146257456045506,645.4521369570118
MARKETING,TAB,M2,public,F,False,1,1290.0195188991956,0.8358778964378468,645.0097594495978
SALES,RUH,M2,mnc,M,False,1,1288.443465825158,0.5951450874325608,644.221732912579
SUPPLY,EST,IC5,public,M,False,1,1286.9524626810514,0.9486350916596755,643.4762313405257
ENG_MECH,EST,IC3,semigov,F,False,1,1286.9013393564378,0.34494037250984194,643.4506696782189
SUPPLY,MAD,IC5,public,M,True,1,1284.739820539693,0.2561844582159359,642.3699102698465
CUSTOMER,RUH,IC5,semigov,F,False,1,1284.6649258390207,0.3441444027855775,642.3324629195104
SUPPLY,RUH,IC5,pif_backed,F,False,1,1284.0465166081806,0.6733501628888766,642.0232583040903
OPS,MAK,IC2,private,F,False,1,1282.9048638132253,1.2570905790849645,641.4524319066127
HR,NJR,IC4,private,F,True,2,1275.2798677563042,0.1614051333950993,637.6399338781521
FIN,NJR,M4,mnc,F,True,1,1271.847169030072,0.03906274369964926,635.923584515036
ENG_ELEC,MAD,IC1,private,M,False,1,1270.837066571715,0.9981416667878463,635.4185332858575
HR,TAB,IC3,private,M,False,2,1267.5611170642978,1.1556616897101564,633.7805585321489
DESIGN,EST,M4,semigov,F,False,1,1266.1012620749207,0.16303015404865942,633.0506310374603
LEGAL,RUH,IC2,private,M,False,1,1262.1325402300113,1.0165735547917254,631.0662701150056
HEALTH,ASR,M2,private,M,False,1,1261.4194980808838,0.6054999970616315,630.7097490404419
SALES,RUH,IC6,private,M,False,2,1261.3360116215495,0.5570885340226666,630.6680058107747
OPS,JED,M2,private,M,False,1,1259.520449501364,0.25238966721820744,629.760224750682
HR,JED,IC3,private,M,False,1,1259.494457841519,0.9474703126076678,629.7472289207595
HEALTH,JAZ,IC3,pif_backed,M,True,1,1258.5477024339125,0.1323474565136676,629.2738512169562
CUSTOMER,ASR,M2,mnc,F,False,1,1258.0020103575619,0.7214281853757146,629.0010051787809
SUPPLY,QAS,IC4,private,M,False,1,1255.179594704162,0.4771776987728028,627.589797352081
HR,NJR,IC3,mnc,F,True,1,1254.428013138333,0.1425359552186675,627.2140065691665
ENG_MECH,EST,M1,public,M,False,1,1250.3727416222714,0.27982417497594725,625.1863708111357
CUSTOMER,EST,IC2,semigov,M,True,1,1247.2122883960847,0.19285733308674166,623.6061441980423
ENG_MECH,RUH,IC4,startup,M,True,1,1244.8561051137567,0.10934316444770673,622.4280525568784
OPS,ASR,IC5,mnc,M,False,1,1238.7898230742971,0.4893778359662918,619.3949115371486
HEALTH,JAZ,IC6,semigov,F,False,1,1237.8598353807665,0.3000407882811946,618.9299176903833
SALES,RUH,IC5,private,M,False,4,1234.078893892065,0.307863005174614,617.0394469460325
ENG_CIVIL,JED,M1,public,M,True,1,1229.3062215481932,0.11538007174696827,614.6531107740966
FIN,JED,IC4,private,M,False,1,1227.825339324877,0.29994649263812534,613.9126696624385
HEALTH,RUH,IC3,private,F,False,2,1227.5081959494837,0.27983039877449933,613.7540979747419
FIN,JED,IC3,public,F,True,2,1224.2021994844495,0.09570112435682333,612.1010997422247
HEALTH,RUH,IC3,startup,M,True,2,1220.9536129065345,0.13931936784920132,610.4768064532673
HEALTH,EST,M1,mnc,M,False,1,1220.400072743245,0.4018615713105412,610.2000363716224
OPS,NOR,M3,private,M,True,1,1218.3039265907028,0.08232505358239867,609.1519632953514
OPS,RUH,IC3,public,M,False,2,1217.6780329061971,0.7067032279436725,608.8390164530986
FIN,EST,IC4,mnc,M,False,1,1210.5088517049653,0.3203605383791503,605.2544258524827
HEALTH,EST,IC3,semigov,F,False,1,1208.0516861887138,0.7104519907852473,604.0258430943569
CUSTOMER,RUH,M2,semigov,M,False,1,1207.8830543288122,0.8410056147451963,603.9415271644061
OPS,EST,IC2,private,M,True,1,1204.3456598725315,0.1856330958895183,602.1728299362658
HEALTH,QAS,IC3,pif_backed,F,False,1,1201.1632557508979,0.3158561718188514,600.5816278754489
SWE,RUH,IC1,private,F,False,1,1200.91683727482,0.4250101316675811,600.45841863741
CUSTOMER,QAS,IC4,private,F,True,1,1199.914422735419,0.14003939287594724,599.9572113677095
DESIGN,ASR,IC5,mnc,M,False,1,1197.2325186746252,0.32722100485298306,598.6162593373126
FIN,MAD,M2,private,M,False,1,1197.1253420426547,0.6677557035353698,598.5626710213273
SUPPLY,EST,M1,semigov,M,False,1,1196.7248410201514,0.4460228936492253,598.3624205100757
MARKETING,JED,IC5,public,F,False,1,1193.0007797939197,0.2522314274760802,596.5003898969599
MARKETING,RUH,M2,private,M,False,1,1192.5379952420517,0.21616778671978043,596.2689976210258
EDU,RUH,IC2,mnc,F,True,2,1191.8897967344878,0.21865332810336652,595.9448983672439
SALES,EST,IC3,startup,M,True,1,1190.3630328867257,0.10339062550417216,595.1815164433629
HEALTH,RUH,M2,mnc,F,True,1,1188.0092503329543,0.059031779512131295,594.0046251664771
CUSTOMER,NJR,IC5,pif_backed,M,True,1,1187.1313910810222,0.08623491810493927,593.5656955405111
OPS,EST,IC4,public,M,True,1,1184.316320382868,0.07489516083875514,592.158160191434
HEALTH,RUH,IC4,pif_backed,M,False,1,1183.4288268502282,0.4446195792450435,591.7144134251141
MARKETING,RUH,IC3,private,M,False,3,1183.4124791318538,0.4993347639193644,591.7062395659269
MARKETING,MAK,IC4,public,M,False,1,1180.8308135837751,0.5090706501495948,590.4154067918876
DESIGN,RUH,IC3,semigov,F,False,1,1180.7203763056682,0.29615441883887816,590.3601881528341
ENG_MECH,RUH,IC5,private,M,False,2,1180.716950194816,0.19404980098521407,590.358475097408
OPS,JED,D1,pif_backed,M,False,1,1178.2961804277538,0.20865813113928008,589.1480902138769
SALES,QAS,IC3,private,M,False,1,1177.837451777297,0.8742657232161382,588.9187258886485
HEALTH,JED,IC5,private,F,False,1,1174.3318342948637,0.4894182543936802,587.1659171474319
DESIGN,EST,IC5,startup,M,False,1,1173.9568959609073,0.6448809581997846,586.9784479804537
DATA,ASR,IC3,mnc,F,False,1,1170.5030071211727,0.3602867271662944,585.2515035605863
DESIGN,EST,IC3,private,M,False,1,1170.3054158969614,0.7074529921847899,585.1527079484807
CUSTOMER,JAZ,IC3,mnc,M,False,1,1170.0421142157631,0.4544319670795821,585.0210571078816
PM,RUH,IC5,semigov,M,False,1,1167.2738228907847,0.1364635751164424,583.6369114453923
FIN,EST,IC2,public,M,True,1,1167.1365987002637,0.22843125867934772,583.5682993501318
HEALTH,QAS,IC5,semigov,M,False,1,1162.9159922586196,0.3385583555111168,581.4579961293098
SWE,RUH,IC2,mnc,M,True,1,1160.6718840167123,0.1953452462621965,580.3359420083561
MARKETING,EST,IC4,mnc,M,True,2,1157.2817720779613,0.08707665600998205,578.6408860389806
FIN,QAS,IC4,private,M,True,1,1157.0738036584335,0.07866838106494357,578.5369018292167
SALES,EST,IC5,private,M,False,3,1149.325843014559,0.21411778252535055,574.6629215072795
EDU,NOR,M3,public,M,True,1,1147.1468489386298,0.0713085684852414,573.5734244693149
ENG_CIVIL,EST,IC2,public,M,True,1,1146.0792717105596,0.2305173321824001,573.0396358552798
ENG_CIVIL,RUH,IC2,semigov,M,True,1,1144.6280181678821,0.2468910953303992,572.3140090839411
SALES,TAB,IC4,private,M,False,2,1141.9344713212668,0.4939294369740559,570.9672356606334
MARKETING,RUH,M1,pif_backed,F,False,1,1141.7817412992977,0.6554688611590258,570.8908706496488
ENG_ELEC,MAK,M1,mnc,M,True,1,1140.8822302506906,0.09072794677738871,570.4411151253453
OPS,MAD,IC3,public,M,False,1,1138.1036248665894,0.3800213355423382,569.0518124332947
ENG_ELEC,MAK,IC2,private,M,True,1,1136.1503349439845,0.2348430564441639,568.0751674719922
DESIGN,RUH,M2,public,M,False,1,1135.8228817803601,0.23960235413748518,567.9114408901801
ENG_CIVIL,JED,M1,pif_backed,M,False,1,1135.6845194176185,0.1279192850558327,567.8422597088093
SUPPLY,BAH,IC3,public,M,False,1,1135.6563758486516,0.4028449052006058,567.8281879243258
SWE,ASR,IC4,private,M,False,1,1134.5928359604889,0.5925831912570784,567.2964179802444
HR,JED,IC2,semigov,F,False,1,1133.534698614536,1.120378433646744,566.767349307268
ENG_CIVIL,EST,M4,public,M,False,1,1132.580448625008,0.22995798260057085,566.290224312504
SWE,EST,IC3,private,M,False,1,1132.5047271379462,0.3867171291644838,566.2523635689731
FIN,JED,IC3,private,F,False,1,1132.1609525827557,0.27365353369414896,566.0804762913779
DESIGN,EST,IC2,public,F,False,1,1131.035164949228,0.3920633811178151,565.517582474614
FIN,RUH,IC3,public,M,False,1,1130.2121873488186,0.4316050328314451,565.1060936744093
SALES,RUH,IC4,private,F,False,1,1129.1723639747283,0.4428940363536956,564.5861819873642
CUSTOMER,ASR,IC6,pif_backed,F,False,1,1129.0658437142802,0.42992248712074554,564.5329218571401
SALES,EST,M1,startup,M,False,1,1128.1617013349796,0.28146304563649865,564.0808506674898
FIN,MAD,IC4,private,F,False,1,1128.1110569308428,1.0399859799848672,564.0555284654214
OPS,EST,M1,private,M,False,2,1127.560387965397,0.48278369279542505,563.7801939826985
DATA,JAZ,IC5,public,M,True,1,1127.4057307552848,0.08240643366566432,563.7028653776424
HR,JED,IC4,public,F,False,1,1127.4035815229304,0.7543327060941405,563.7017907614652
PM,MAK,IC5,public,M,False,1,1125.0652717168628,0.21687476026039038,562.5326358584314
HR,JED,IC4,mnc,F,False,1,1124.3461821945557,0.520896558555435,562.1730910972778
LEGAL,MAK,IC2,public,F,True,1,1121.8284856747778,0.12942512801710532,560.9142428373889
SALES,RUH,IC1,mnc,M,True,1,1118.8467164005879,0.13994011293730652,559.4233582002939
EDU,MAK,IC4,pif_backed,F,True,1,1118.689549419927,0.11607717476405677,559.3447747099635
SWE,RUH,IC2,public,F,True,1,1112.7024922043856,0.1367528115097153,556.3512461021928
SWE,JED,M1,private,M,True,1,1112.2859464413923,0.05496858175780425,556.1429732206961
SUPPLY,RUH,M1,private,F,False,1,1110.5548222761922,0.7745571397119074,555.2774111380961
SUPPLY,JED,M1,public,M,False,1,1110.371712586697,0.3289468125852966,555.1858562933485
OPS,JED,IC5,public,F,False,1,1108.289293890715,0.6134246065806739,554.1446469453575
HEALTH,JED,IC4,pif_backed,F,False,1,1108.2804156536558,0.21621495973260577,554.1402078268279
ENG_CIVIL,EST,M3,semigov,M,True,1,1106.2050879683593,0.04834010612875025,553.1025439841796
ENG_CIVIL,EST,M1,public,M,False,1,1102.9958660239677,0.31175298927076045,551.4979330119838
DATA,RUH,IC1,public,M,True,1,1102.0415922958255,0.13612159324270137,551.0207961479127
PM,NOR,M3,public,M,False,1,1101.422992312805,0.18281865163492522,550.7114961564025
SWE,RUH,IC3,semigov,M,False,3,1101.1873976760269,0.2945892478328077,550.5936988380134
SWE,EST,M1,mnc,F,False,1,1099.5843628065768,0.165107601444003,549.7921814032884
EDU,TAB,IC4,pif_backed,M,True,1,1097.4001544469575,0.12340986566011801,548.7000772234787
OPS,HAI,IC6,public,M,True,1,1096.2340933886753,0.1394734410822851,548.1170466943377
ENG_ELEC,MAD,IC1,public,M,True,1,1094.2497710495654,0.1935136202439897,547.1248855247827
PM,JED,M1,pif_backed,M,True,1,1092.3639968665739,0.05604447751510393,546.1819984332869
HEALTH,RUH,IC5,semigov,F,False,3,1091.0482267524148,0.1802633300349732,545.5241133762074
HEALTH,RUH,M2,startup,F,False,1,1089.0849802190714,0.20418623075209924,544.5424901095357
ENG_CIVIL,JED,IC5,pif_backed,M,False,1,1087.2410149170723,0.2159890150862891,543.6205074585362
DATA,MAK,IC3,private,M,False,1,1086.0417398059699,0.4266233845858605,543.0208699029849
ENG_CIVIL,MAD,M3,pif_backed,M,False,1,1084.9891002422883,0.3941479894782637,542.4945501211441
DATA,RUH,IC2,startup,M,False,1,1084.2583552239885,0.2603973888930604,542.1291776119942
PM,JAZ,IC2,public,M,True,1,1083.8840613318416,0.15244934944572672,541.9420306659208
CUSTOMER,RUH,M2,private,M,False,1,1082.857180322688,0.9295524552417713,541.428590161344
HEALTH,MAK,IC5,private,F,True,1,1078.234486914147,0.09071889876433864,539.1172434570735
SWE,MAK,IC3,private,M,False,2,1078.0245414904168,0.41447917592341815,539.0122707452084
ENG_MECH,RUH,IC4,private,M,False,2,1076.6106261559667,0.5844606040245669,538.3053130779833
OPS,MAD,IC5,private,M,True,1,1075.3109754344814,0.16313625498270592,537.6554877172407
HEALTH,ASR,IC3,private,M,True,1,1075.0914422157548,0.10903640980246106,537.5457211078774
FIN,TAB,IC3,private,F,False,1,1073.2293688435861,0.6622021955139887,536.6146844217931
HR,JAZ,IC2,private,M,False,1,1072.6012663137972,0.4948656277885643,536.3006331568986
SWE,RUH,IC2,private,F,True,1,1071.8979423114542,0.1010085560092182,535.9489711557271
FIN,EST,IC3,semigov,M,False,1,1070.249142500847,0.5199053434187412,535.1245712504235
DESIGN,BAH,IC4,semigov,F,False,1,1068.9033216781145,0.20669221245670472,534.4516608390572
CUSTOMER,RUH,IC5,pif_backed,F,False,1,1063.4387991595495,0.1628592298392118,531.7193995797747
FIN,EST,M1,private,F,False,1,1062.0331169400188,0.2899210841048867,531.0165584700094
OPS,MAK,IC5,private,M,True,1,1057.6392500247039,0.08286639274749157,528.8196250123519
HEALTH,RUH,IC2,mnc,F,False,1,1057.212155334363,0.9211083144431733,528.6060776671815
ENG_ELEC,JED,M2,startup,F,False,1,1055.8057249196704,0.3012959783541536,527.9028624598352
MARKETING,QAS,IC4,public,F,True,1,1054.2310437763517,0.1067327190594601,527.1155218881759
SWE,EST,IC3,public,F,True,1,1048.4350587024292,0.0726237518078567,524.2175293512146
CUSTOMER,RUH,IC4,mnc,F,False,1,1047.3915914660283,0.3294969274875643,523.6957957330142
DATA,RUH,IC3,pif_backed,M,False,1,1045.2920700814157,0.2930030905362852,522.6460350407078
HEALTH,EST,IC3,public,M,False,1,1043.7675169722759,0.3577720496228789,521.8837584861379
OPS,RUH,IC4,public,M,False,1,1039.166895157818,0.31393120991477275,519.583447578909
SALES,RUH,IC2,private,M,True,1,1037.9467197877548,0.11065973051049828,518.9733598938774
FIN,EST,IC3,private,M,False,1,1035.099986990746,0.4856165906763557,517.549993495373
FIN,RUH,M2,private,M,True,1,1034.8333173133797,0.05073399454932287,517.4166586566898
DATA,RUH,M1,private,M,False,2,1034.6090454055325,0.15835500881830877,517.3045227027662
HEALTH,RUH,IC4,startup,M,False,1,1033.6378407103975,0.22066106335938562,516.8189203551988
PM,NJR,IC3,private,M,False,2,1032.9352879414635,0.2768621841612363,516.4676439707317
ENG_ELEC,JAZ,IC5,private,M,False,1,1030.1343071559936,0.27059434581702113,515.0671535779968
LEGAL,MAK,IC4,public,F,True,1,1024.4808194369944,0.08452095425415447,512.2404097184972
SUPPLY,EST,IC6,private,M,False,1,1017.6366940064977,0.41479160915978525,508.81834700324885
SALES,RUH,IC3,semigov,M,False,1,1017.614654279922,0.8768964789633941,508.807327139961
MARKETING,RUH,IC2,private,F,True,1,1014.9577843329962,0.13477709040971164,507.4788921664981
MARKETING,RUH,IC4,public,F,True,1,1014.6338281525987,0.09488404353879751,507.3169140762993
HR,ASR,IC5,mnc,F,False,1,1013.1682144021588,0.4758406879289178,506.5841072010794
MARKETING,RUH,IC5,pif_backed,M,False,1,1012.5873544696251,0.19965024034566647,506.29367723481255
PM,EST,M1,private,F,False,1,1011.7330738433775,0.13674700560517947,505.86653692168875
SWE,EST,M1,pif_backed,M,False,2,1011.4367845500778,0.13051304520527024,505.7183922750389
CUSTOMER,BAH,M1,startup,M,True,1,1011.1886295105287,0.09390853941894992,505.59431475526435
PM,RUH,IC4,private,F,False,2,1010.1428539945678,0.25122306414589624,505.0714269972839
DATA,EST,IC2,semigov,M,False,1,1009.3859705691125,0.46080366638759224,504.69298528455624
ENG_CIVIL,JED,IC4,public,M,True,1,1007.5597647707236,0.08062872732782093,503.7798823853618
DESIGN,RUH,M2,private,F,False,1,1006.8530917809194,0.14943457126483234,503.4265458904597
MARKETING,RUH,IC4,private,M,False,4,1005.9097640777118,0.6330231629615587,502.9548820388559
CUSTOMER,JAZ,M1,private,M,False,1,1005.4358787058852,0.8934780959370026,502.7179393529426
HEALTH,JAZ,M2,private,F,False,1,1005.4075357698057,0.2420046358351845,502.70376788490285
HR,ASR,M1,public,M,True,1,1004.9649306292431,0.10083689470516173,502.48246531462155
SALES,NOR,IC3,mnc,M,True,1,1004.068427696151,0.1123107674036083,502.0342138480755
EDU,JED,IC3,private,F,True,4,1003.9674396887806,0.20246539010959466,501.9837198443903
MARKETING,HAI,IC2,semigov,F,True,1,1003.5204535172215,0.15484967702540384,501.76022675861077
HR,RUH,M2,public,M,True,1,997.5451746402232,0.07193491794419091,498.7725873201116
HEALTH,RUH,M5,semigov,M,False,1,995.5899014928509,0.1171907077831279,497.79495074642546
ENG_MECH,MAK,IC4,private,F,False,1,995.4433593275107,0.28313042878577943,497.72167966375537
ENG_MECH,EST,IC4,private,F,False,1,995.34040871657,0.1768923148192698,497.670204358285
SALES,EST,M1,pif_backed,M,False,1,994.1933062091912,0.46340093026097445,497.0966531045956
EDU,RUH,IC2,private,F,True,1,993.5924666273604,0.21823758567748383,496.7962333136802
HEALTH,RUH,IC3,startup,F,False,1,992.853426842719,0.6041423898211599,496.4267134213595
ENG_CIVIL,EST,IC3,semigov,M,True,1,991.059445349113,0.13553691916752328,495.5297226745565
SWE,EST,IC3,semigov,F,False,1,987.6261121775792,0.3721490255021592,493.8130560887896
HEALTH,RUH,IC4,public,M,False,2,986.5269464062729,0.6257542084336747,493.26347320313647
CUSTOMER,RUH,IC4,private,F,False,2,984.7478826291532,0.42314763608363115,492.3739413145766
SWE,JED,IC4,private,M,True,1,984.5776772683603,0.0583770626230137,492.28883863418014
HEALTH,JED,IC3,semigov,F,True,2,982.0321451878071,0.09949505344786491,491.0160725939036
ENG_ELEC,RUH,IC3,mnc,M,True,1,980.4088190240745,0.10639819184109454,490.2044095120373
CUSTOMER,ASR,IC3,private,M,False,1,979.7304718800237,0.6982258100091887,489.86523594001187
CUSTOMER,NOR,IC4,semigov,F,True,1,979.1791169772296,0.2282828761260449,489.5895584886148
CUSTOMER,EST,D1,public,F,False,1,979.1467762480411,0.37776987071742374,489.57338812402054
ENG_MECH,JED,IC6,private,M,False,1,978.0224791371065,0.2985395419273727,489.01123956855326
SUPPLY,MAD,IC5,semigov,M,False,1,975.4529392579259,0.7321848318586013,487.72646962896295
SUPPLY,RUH,IC4,public,M,False,1,975.0531915284569,0.4344905747012901,487.52659576422843
SALES,MAK,IC2,semigov,M,False,1,973.4681333767844,0.29312917646839093,486.7340666883922
SALES,TAB,IC5,private,M,False,1,973.4087077345723,0.3431323315616044,486.70435386728616
SALES,EST,IC5,mnc,F,False,1,972.3268855835477,0.2023901227977131,486.16344279177383
LEGAL,RUH,IC3,private,M,False,2,970.8309481175029,0.384203234055995,485.41547405875144
SUPPLY,EST,M2,public,M,False,1,970.2551571903796,0.18910555111781321,485.1275785951898
DATA,RUH,M3,semigov,M,True,1,970.0624065998782,0.03603453403762466,485.0312032999391
SUPPLY,RUH,IC4,mnc,M,False,1,968.6531677598532,0.2931811762826725,484.3265838799266
SALES,JED,IC5,private,F,False,1,963.3867856869706,0.26360589862907313,481.6933928434853
CUSTOMER,NJR,IC4,private,M,True,1,953.6858177469094,0.19598566054975075,476.8429088734547
HEALTH,MAK,IC3,mnc,F,False,1,952.8358080761964,0.6639193073762364,476.4179040380982
HR,HAI,M3,private,F,False,1,952.2647350239276,0.1884218879534412,476.1323675119638
ENG_MECH,RUH,IC1,semigov,M,False,1,952.0414066022029,0.5049069914161136,476.02070330110143
SWE,QAS,IC4,private,M,False,1,950.156251387245,0.3221119616142011,475.0781256936225
SALES,RUH,IC5,pif_backed,M,False,2,949.6638154730483,0.3069854882375468,474.83190773652416
CUSTOMER,JED,IC3,semigov,F,True,1,947.946042624576,0.14926479100613102,473.973021312288
SALES,JED,M3,mnc,F,False,1,947.330379790983,0.22790107157967487,473.6651898954915
ENG_ELEC,RUH,M3,public,M,False,1,943.2864674303728,0.20600083382182502,471.6432337151864
HEALTH,RUH,IC4,mnc,M,False,3,940.6364131161764,0.28906769838907864,470.3182065580882
HEALTH,BAH,M1,semigov,M,True,1,940.2791645481702,0.07136491601331212,470.1395822740851
FIN,RUH,D1,pif_backed,F,True,1,939.5223223841967,0.02116161383784802,469.76116119209837
MARKETING,JAZ,D1,pif_backed,F,False,1,937.578419988251,0.13021806722959764,468.7892099941255
SWE,TAB,IC6,private,M,False,1,937.4056418742839,0.15003881601374502,468.70282093714195
LEGAL,NJR,IC3,private,F,True,1,934.6543020620165,0.11791233019089331,467.32715103100827
MARKETING,NJR,IC5,public,M,False,1,934.0187408375889,0.35707360517668013,467.00937041879445
ENG_ELEC,ASR,IC4,public,M,True,1,932.8902261110406,0.1355923625411868,466.4451130555203
SALES,RUH,IC2,private,F,False,1,930.2244864094707,0.6262091402896687,465.11224320473536
SALES,EST,IC4,public,M,False,3,929.0610831439543,0.23610466419701484,464.53054157197715
EDU,MAK,IC4,private,M,False,1,928.5161141135145,0.6702712033510955,464.25805705675725
SALES,RUH,IC4,public,F,True,1,925.9119681899465,0.04948678885059939,462.95598409497325
SWE,MAD,IC4,private,M,False,1,924.3980835809753,0.37149502591577616,462.1990417904876
EDU,EST,IC2,public,M,True,1,922.1958009264745,0.16710307496650842,461.09790046323724
EDU,ASR,IC2,private,F,True,1,921.8308752835437,0.21224911889637824,460.91543764177186
HEALTH,JED,IC4,private,M,False,4,920.2097853064556,0.19912970433362612,460.1048926532278
ENG_CIVIL,RUH,IC4,pif_backed,M,False,1,919.1563914486787,0.4333627379271059,459.57819572433937
ENG_CIVIL,QAS,IC2,private,M,False,2,918.5451874723401,0.5612363502944543,459.27259373617005
ENG_CIVIL,EST,M4,private,M,False,1,917.135797197634,0.12486753250914237,458.567898598817
PM,EST,IC3,private,M,False,1,916.4301939269731,0.30750816456116536,458.21509696348653
SUPPLY,JED,IC3,semigov,M,True,1,916.428210629384,0.12868949419768727,458.214105314692
CUSTOMER,RUH,IC4,pif_backed,M,False,1,915.8819297377659,0.6384894227743154,457.94096486888293
OPS,RUH,IC4,pif_backed,M,False,1,914.3780355250751,0.2459509978622472,457.18901776253756
ENG_CIVIL,MAD,IC4,private,M,False,2,911.2286741492135,0.33255759876365776,455.61433707460674
PM,TAB,IC1,pif_backed,M,False,1,910.6256397880966,0.3819472931143332,455.3128198940483
SALES,EST,IC6,private,F,True,1,909.4933273727693,0.038214823951392383,454.74666368638464
DATA,JED,IC4,semigov,F,False,1,908.8713260124841,0.1913902405843304,454.43566300624207
OPS,EST,M1,private,F,False,1,908.3340261770986,0.23786876102448543,454.1670130885493
HEALTH,RUH,IC3,private,M,False,2,908.2191601911754,0.2989514910138174,454.1095800955877
CUSTOMER,RUH,IC3,startup,F,False,1,907.8204341929356,0.5534499777685813,453.9102170964678
SALES,EST,IC4,startup,M,False,1,907.525208284145,0.4811116922908832,453.7626041420725
CUSTOMER,JAZ,IC2,private,M,True,1,906.4752156968698,0.17270788520131114,453.2376078484349
LEGAL,JAZ,IC3,public,F,True,1,906.1320093530194,0.13446639615425926,453.0660046765097
CUSTOMER,TAB,M2,public,M,False,1,904.3722164533733,0.3582653897320389,452.18610822668666
OPS,BAH,IC4,public,M,False,1,903.4706451003158,0.29511154572495185,451.7353225501579
EDU,RUH,IC5,public,M,False,1,903.0490405599176,0.2969029645671265,451.5245202799588
HEALTH,JED,IC3,public,F,True,2,902.9893912868529,0.10505862095456059,451.49469564342644
FIN,EST,M1,mnc,F,False,1,902.8189141698385,0.2501586082276016,451.40945708491927
ENG_CIVIL,RUH,IC3,semigov,F,False,1,902.8033177351372,0.297648611683561,451.4016588675686
SWE,QAS,IC3,semigov,M,False,1,901.138012348516,0.4834413612553356,450.569006174258
MARKETING,EST,IC3,semigov,F,False,2,900.8146059052989,0.250587988145332,450.40730295264945
HR,EST,IC5,public,F,True,1,896.3496695849517,0.06392708845667192,448.17483479247585
FIN,EST,M2,mnc,F,False,1,895.5986433282592,0.22581030361709273,447.7993216641296
ENG_ELEC,JAZ,IC3,private,M,False,2,894.9808119836572,0.4106430209010365,447.4904059918286
SALES,QAS,IC3,private,F,False,1,893.1636782686489,0.6653792490395822,446.58183913432447
MARKETING,JED,IC4,semigov,F,False,1,891.9668845315605,0.3455042930709002,445.98344226578024
CUSTOMER,EST,M2,private,M,False,1,889.7684160132796,0.7457634450549164,444.8842080066398
FIN,RUH,M1,private,F,False,1,887.2342749141235,0.7995711862228518,443.61713745706174
SALES,QAS,IC5,semigov,M,False,1,885.9420468382643,0.5518210371242371,442.97102341913217
HEALTH,TAB,IC4,private,M,False,1,884.8513942525872,0.5302508854272987,442.4256971262936
PM,EST,IC5,public,M,True,1,880.9426110446911,0.06344037011192423,440.4713055223456
SWE,EST,IC3,pif_backed,M,False,1,879.2935439065441,0.2682342251053444,439.64677195327204
FIN,MAK,M1,private,M,False,1,878.9846552242304,0.7187669233404679,439.4923276121152
ENG_MECH,NJR,IC4,semigov,M,True,1,878.9828680989767,0.10656686022761246,439.49143404948836
ENG_CIVIL,RUH,IC5,private,M,False,1,878.096550070944,0.3342657221987713,439.048275035472
SALES,EST,IC3,pif_backed,M,False,1,877.7495840322388,0.3109066607614682,438.8747920161194
SALES,EST,M3,mnc,F,False,1,875.7494834591835,0.08751727377359728,437.87474172959173
ENG_CIVIL,TAB,M3,public,M,False,1,875.0949246327086,0.21841072320066934,437.5474623163543
OPS,RUH,IC6,semigov,M,False,1,875.0479105300847,0.18065282461083773,437.52395526504233
OPS,EST,IC4,semigov,M,True,1,869.2179842990608,0.05511416383264816,434.6089921495304
CUSTOMER,EST,IC2,private,M,True,1,869.1837826213914,0.127942275498372,434.5918913106957
SWE,RUH,IC6,pif_backed,M,False,1,868.8749651180915,0.12307037895287384,434.43748255904575
HEALTH,EST,M2,private,M,False,2,867.8362471349187,0.1396119246033224,433.91812356745936
FIN,QAS,IC3,public,F,False,1,867.0782230708585,0.5206081424012049,433.53911153542924
ENG_CIVIL,RUH,M3,private,M,False,2,866.9261401195258,0.21306075434614064,433.4630700597629
FIN,RUH,IC6,private,F,False,1,866.6473508065437,0.22980961703610253,433.32367540327186
SUPPLY,TAB,IC2,private,F,False,1,861.1271336931613,0.6918951681366463,430.56356684658067
ENG_MECH,EST,IC2,private,M,True,2,860.3340875778108,0.135162176247376,430.1670437889054
OPS,MAK,IC3,private,M,True,1,857.5778526843233,0.15581100278149831,428.78892634216163
ENG_ELEC,EST,IC3,private,M,True,2,854.2194556106197,0.07337366544601817,427.10972780530983
SWE,RUH,M1,semigov,M,False,1,852.9618800291246,0.20149200957827706,426.4809400145623
ENG_MECH,EST,IC4,public,M,False,1,851.6580213269203,0.2996676491469063,425.82901066346017
SWE,HAI,M4,private,M,False,1,851.3888117998777,0.1231167048716958,425.69440589993883
ENG_MECH,EST,IC3,public,M,False,3,851.303837046535,0.44533600120292016,425.6519185232675
EDU,RUH,M2,private,M,False,1,850.742736812535,0.20407615381430988,425.3713684062675
CUSTOMER,JAZ,IC3,private,M,True,1,849.5614481399134,0.10676303185184906,424.7807240699567
SUPPLY,EST,IC3,startup,F,True,1,848.606004375968,0.06695305238045551,424.303002187984
DESIGN,RUH,IC3,private,M,False,1,847.8942739911781,0.33693931828407375,423.94713699558906
OPS,ASR,IC2,private,M,False,1,847.3784823344549,0.4542550311175447,423.68924116722746
ENG_ELEC,JED,IC4,private,F,False,1,846.8637272712704,0.25929230704852196,423.4318636356352
SALES,JAZ,M4,startup,M,False,1,846.6911312125885,0.1262515665933709,423.34556560629426
MARKETING,EST,IC4,public,F,False,1,846.1739434551953,0.3258413373728088,423.08697172759764
EDU,MAD,IC3,private,F,True,1,846.1255835575912,0.12117336292343683,423.0627917787956
MARKETING,NJR,IC3,pif_backed,F,False,1,844.8138666266348,0.5114559185031781,422.4069333133174
DATA,RUH,IC5,public,M,False,1,844.2578549557256,0.1295981766525029,422.1289274778628
HEALTH,NJR,IC3,pif_backed,F,True,1,840.6504167228813,0.13183933773488155,420.3252083614407
HEALTH,TAB,M2,public,F,False,1,838.6451741142155,0.14943196710544104,419.32258705710774
HR,TAB,IC3,private,F,False,1,838.3212177044174,0.39857367620884826,419.1606088522087
SALES,RUH,IC3,semigov,F,False,1,837.2917368084888,0.5738885473895692,418.6458684042444
OPS,RUH,IC6,private,M,False,2,836.064287799611,0.36022783997955365,418.0321438998055
HEALTH,TAB,IC4,private,F,False,1,832.6461198449888,0.23767191015530073,416.3230599224944
FIN,BAH,IC3,semigov,M,True,1,832.3557701751306,0.06546671517488646,416.1778850875653
ENG_ELEC,RUH,IC2,private,M,True,2,830.5206597179854,0.14351388483303104,415.2603298589927
SWE,RUH,M1,public,M,True,1,830.1585479418172,0.03948530711758749,415.0792739709086
SALES,EST,IC2,private,M,False,1,829.0533878687147,0.3362510812995243,414.52669393435735
EDU,TAB,IC4,mnc,F,True,1,827.5914899720465,0.08594126717309399,413.79574498602324
SALES,RUH,M1,private,M,False,3,827.5444395254736,0.641755065307439,413.7722197627368
PM,EST,M4,public,M,True,1,827.0578729168483,0.02251038196489442,413.52893645842414
PM,RUH,IC5,private,M,False,1,826.6963581732616,0.15244419439129353,413.3481790866308
MARKETING,HAI,IC5,semigov,F,False,1,823.0777417844101,0.17583865148348538,411.53887089220507
OPS,JED,IC3,private,F,True,1,821.8483480722007,0.1795939963877926,410.92417403610034
SWE,RUH,IC4,semigov,M,False,3,820.5000337868169,0.12046537352033564,410.25001689340843
PM,JED,IC5,mnc,M,False,1,817.3470205523645,0.15898413919154875,408.67351027618224
CUSTOMER,EST,IC2,private,F,True,1,815.7806126722035,0.17583457080695433,407.89030633610173
HEALTH,HAI,IC4,startup,M,False,1,812.5574507056108,0.24486726749068685,406.2787253528054
SWE,EST,IC4,pif_backed,M,False,2,812.310270941678,0.13077383949207083,406.155135470839
ENG_MECH,RUH,IC6,private,M,True,1,811.1383857265628,0.053369437588300775,405.5691928632814
DATA,RUH,IC4,pif_backed,F,True,1,810.3157705480735,0.03772371494488054,405.15788527403674
HEALTH,RUH,IC4,semigov,F,False,1,809.9702495815441,0.34818664452178205,404.98512479077203
FIN,RUH,IC4,private,M,False,1,809.8464033144414,0.3016767404047059,404.9232016572207
ENG_ELEC,RUH,IC6,pif_backed,M,False,1,809.7331607326605,0.11207179278319133,404.86658036633025
DATA,JED,M4,private,M,False,1,807.5395728707226,0.06611309892737349,403.7697864353613
HEALTH,RUH,IC3,pif_backed,M,False,1,807.5274937378072,0.19724136994203534,403.7637468689036
ENG_MECH,MAK,IC5,public,M,False,1,807.0371033676156,0.13683313730500296,403.5185516838078
FIN,MAD,IC1,private,F,True,1,806.6290763474481,0.1459924925128944,403.31453817372403
EDU,MAK,IC3,public,M,True,1,802.7901758042008,0.16044079430660846,401.3950879021004
EDU,RUH,IC4,pif_backed,M,True,1,802.491410825045,0.06799067813752697,401.2457054125225
DESIGN,ASR,M2,public,F,False,1,802.385741003242,0.20405705882462857,401.192870501621
ENG_MECH,QAS,IC4,private,M,False,1,802.2368187385755,0.28007765978690946,401.11840936928775
ENG_CIVIL,RUH,IC4,public,M,False,1,801.550954829451,0.4989794524364557,400.7754774147255
DESIGN,MAK,IC3,public,F,False,1,799.6142063308621,0.3350282196173812,399.80710316543104
DESIGN,MAK,IC4,public,F,False,1,799.6068331092333,0.3522384318279897,399.80341655461666
MARKETING,RUH,M2,semigov,M,False,1,798.4290290783892,0.16288922074417997,399.2145145391946
HR,MAK,IC4,semigov,F,False,1,798.36635655039,0.6705807238566505,399.183178275195
DATA,RUH,IC2,mnc,F,True,1,797.9669787468447,0.06365603209053082,398.98348937342234
MARKETING,TAB,D1,public,M,False,1,797.8016890365634,0.1270134451363595,398.9008445182817
ENG_MECH,RUH,D1,public,M,False,1,797.358329318421,0.08999387234210891,398.6791646592105
EDU,JED,M3,semigov,F,False,1,797.1387549374303,0.14783141568136535,398.5693774687152
ENG_MECH,MAK,M3,semigov,M,False,1,796.7242813515095,0.1164211907745044,398.36214067575474
HR,JED,M2,startup,F,False,1,796.1134316314738,0.14672917936040694,398.0567158157369
ENG_MECH,EST,IC4,mnc,M,False,1,795.9112719668938,0.13245000486037853,397.9556359834469
ENG_CIVIL,MAK,IC6,public,M,False,1,794.8870025416832,0.35715483282312366,397.4435012708416
OPS,EST,IC4,semigov,M,False,1,792.888485384377,0.5188765525408986,396.4442426921885
OPS,EST,M2,public,F,False,1,790.6366817648955,0.22300013252724069,395.3183408824477
CUSTOMER,RUH,IC4,mnc,M,False,2,790.1639463682031,0.23366102814328576,395.08197318410157
HR,JED,IC3,public,M,True,2,790.0916353933108,0.11126424226599443,395.0458176966554
SALES,TAB,M1,private,F,True,1,788.2303345239143,0.08439840907995885,394.11516726195714
HR,MAD,IC4,semigov,M,True,1,787.9089414562095,0.06957146934613004,393.95447072810475
SALES,MAK,IC6,semigov,M,False,1,787.101877661667,0.32220740885285654,393.5509388308335
FIN,MAD,M2,public,F,False,1,786.9307622267725,0.11700808186062725,393.46538111338623
SALES,MAD,IC4,semigov,M,False,1,786.1091215610604,0.2575670732252069,393.0545607805302
ENG_ELEC,RUH,IC5,private,M,False,1,785.9162622085632,0.2723864358506612,392.9581311042816
CUSTOMER,JED,IC4,semigov,F,False,1,784.8321695227305,0.26293698582733427,392.41608476136525
DESIGN,QAS,IC3,public,F,False,1,784.3851379083853,0.20409071281807423,392.19256895419267
ENG_MECH,JED,IC4,mnc,M,True,1,783.4192576519636,0.046194694207685606,391.7096288259818
ENG_CIVIL,QAS,M2,private,M,False,1,782.0876963296951,0.16616296983386875,391.04384816484753
OPS,NJR,M1,public,M,False,1,781.996753780274,0.2605133932442438,390.998376890137
HEALTH,RUH,IC4,public,F,False,4,781.6983812184044,0.15393583093784355,390.8491906092022
SALES,QAS,IC5,public,M,False,1,780.8935342463701,0.45047210664554754,390.44676712318505
DESIGN,MAK,M1,private,M,True,1,778.8883127388635,0.08178985099270825,389.44415636943177
FIN,JED,IC3,private,M,True,2,778.4410648315916,0.07328978214122342,389.2205324157958
EDU,NJR,M1,mnc,F,True,1,777.4341778759535,0.07487634568337218,388.71708893797677
SALES,QAS,IC2,private,F,True,1,776.2086365216373,0.18869924644055275,388.1043182608187
HEALTH,RUH,IC4,private,M,False,4,774.7886258148505,0.22414924956809734,387.3943129074253
EDU,RUH,IC3,private,M,True,3,773.3635237443526,0.10336810066810669,386.6817618721763
HEALTH,RUH,M1,private,F,False,2,771.8311546913906,0.24501005318572971,385.9155773456953
ENG_ELEC,BAH,M5,private,F,False,1,768.550654378224,0.13383844760048602,384.275327189112
CUSTOMER,NOR,IC4,semigov,F,False,1,767.2673160297513,0.17750701136162628,383.63365801487566
CUSTOMER,RUH,IC5,private,F,False,1,766.7920466507755,0.647148284467,383.3960233253878
SUPPLY,RUH,M1,public,M,False,1,766.0314142671104,0.3643594629100648,383.0157071335552
SWE,RUH,IC4,public,F,True,1,764.4511217361614,0.0536219616186633,382.2255608680807
HR,JED,IC2,public,F,True,1,764.241317023836,0.11487735624668434,382.120658511918
HR,JED,IC2,public,F,False,1,762.5572288711064,0.36675096015336367,381.2786144355532
EDU,RUH,IC3,public,F,False,1,761.9692912452033,0.5772596193130699,380.98464562260165
ENG_ELEC,EST,IC4,private,M,True,1,761.5892014525198,0.08667914831422584,380.7946007262599
ENG_MECH,MAD,IC4,private,M,False,1,758.5460437329352,0.24304223792323612,379.2730218664676
SUPPLY,RUH,IC5,private,M,True,1,758.4042875507585,0.061110588736257784,379.2021437753792
HEALTH,QAS,IC4,private,F,False,2,757.4118609036556,0.4821078691179297,378.7059304518278
HEALTH,EST,IC3,startup,M,False,1,756.8046978233019,0.5522435009934492,378.40234891165096
ENG_ELEC,ASR,IC4,semigov,M,True,1,756.7688264840472,0.06609285047054372,378.3844132420236
ENG_CIVIL,MAD,IC3,public,M,False,1,756.7302491366399,0.3977072705252325,378.36512456831997
EDU,RUH,IC5,private,M,True,1,755.7489449649256,0.06299441027148041,377.8744724824628
DATA,NJR,M1,public,M,True,1,753.3829410310736,0.04512471864936109,376.6914705155368
ENG_MECH,NJR,IC6,mnc,M,False,1,749.6523956262126,0.23413298639553326,374.8261978131063
HEALTH,RUH,IC4,private,F,False,10,748.9454436847989,0.27339070059339404,374.47272184239944
ENG_CIVIL,MAD,IC3,public,F,True,1,748.2851715824827,0.12614923161272534,374.14258579124134
OPS,RUH,IC3,semigov,M,False,2,747.7333028048613,0.38979008626082245,373.86665140243065
CUSTOMER,RUH,IC3,mnc,M,False,1,747.6678753836763,0.27848169093487074,373.8339376918382
SWE,RUH,IC2,semigov,M,False,1,747.3327878304735,0.24892672469222116,373.66639391523677
EDU,JAZ,M3,semigov,F,False,1,746.9509103641603,0.19498375155019276,373.47545518208017
SALES,MAK,IC4,private,F,False,1,746.2542342407423,0.52853952933654,373.12711712037117
EDU,JED,IC3,public,F,False,1,745.9454555968578,0.6381250171560623,372.9727277984289
DESIGN,NJR,IC4,private,F,False,1,745.6163692058221,0.28172072840980517,372.80818460291107
HR,RUH,IC3,mnc,M,False,1,744.0086277053206,0.221342205570795,372.0043138526603
CUSTOMER,RUH,IC2,semigov,M,True,1,743.8862994909832,0.1278635098114994,371.9431497454916
PM,RUH,IC4,public,M,False,1,741.3847420728885,0.21425626256321018,370.69237103644423
CUSTOMER,RUH,IC5,private,M,False,1,741.2114094253125,0.5328506744729873,370.60570471265623
EDU,EST,IC3,private,F,True,2,740.3491927514333,0.09980280743986701,370.17459637571665
SUPPLY,EST,IC4,private,F,False,2,739.1915968372717,0.39177156040237704,369.59579841863587
PM,RUH,M3,semigov,M,False,1,737.5006091132291,0.07343650147324846,368.75030455661454
FIN,EST,IC5,private,F,False,1,736.9481375951464,0.09308548678119231,368.4740687975732
SUPPLY,JED,M1,private,M,False,1,736.1944112383171,0.26614584562153565,368.09720561915856
HEALTH,RUH,IC3,mnc,F,False,3,735.7632028474003,0.221714285920116,367.88160142370015
DESIGN,EST,IC2,private,M,False,1,735.3627996638124,0.5167455917114565,367.6813998319062
HEALTH,JED,IC4,mnc,M,False,3,735.1401610239955,0.184350643828359,367.57008051199773
HR,RUH,IC5,private,F,True,1,734.5810311384303,0.0386294815913784,367.29051556921513
HR,QAS,M3,public,F,True,1,733.6542090580879,0.034846113538878495,366.82710452904394
SUPPLY,ASR,IC3,startup,M,True,1,730.6318153547536,0.12291572305340646,365.3159076773768
EDU,JAZ,IC3,private,M,False,1,730.4966218452787,0.2921728486479948,365.24831092263935
SUPPLY,RUH,IC4,private,F,False,1,730.1369834229768,0.24020423498969498,365.0684917114884
FIN,EST,IC2,public,F,False,1,729.3901381702856,0.7106920620909356,364.6950690851428
HR,ASR,IC2,private,M,False,1,726.5362208988702,0.34464994862116927,363.2681104494351
MARKETING,RUH,IC2,public,M,True,1,725.6056354320899,0.09631263383410918,362.80281771604496
ENG_MECH,TAB,IC2,private,M,False,1,721.6142828950394,0.3747696011779096,360.8071414475197
MARKETING,RUH,IC6,startup,M,False,1,721.1254074615385,0.19259504838048622,360.5627037307693
SWE,EST,IC6,pif_backed,M,False,1,721.0733085208594,0.08534431921297936,360.5366542604297
ENG_MECH,EST,M1,public,M,True,1,720.5811884771028,0.05758829458878286,360.2905942385514
SALES,HAI,IC4,semigov,F,False,1,719.9533123136662,0.1374540203493229,359.9766561568331
HEALTH,MAK,IC2,semigov,F,False,1,719.6970525460349,0.278215167341141,359.84852627301746
CUSTOMER,NJR,M1,pif_backed,F,False,1,718.1223723269641,0.6263937653706539,359.06118616348203
CUSTOMER,EST,IC5,pif_backed,F,False,1,718.0145874979044,0.2139242416603932,359.0072937489522
SUPPLY,EST,M4,public,M,False,1,716.5898791764403,0.12490646656130368,358.29493958822013
SWE,RUH,IC6,semigov,M,True,1,713.5449111235721,0.024498839178618708,356.77245556178605
SWE,QAS,IC5,private,F,False,1,712.1214927446872,0.17084433218646491,356.0607463723436
DATA,HAI,IC4,pif_backed,M,False,1,708.304709252573,0.14123169645090738,354.1523546262865
ENG_CIVIL,JED,IC3,mnc,M,False,2,707.8583449151304,0.28680807709130907,353.9291724575652
ENG_MECH,RUH,IC6,private,M,False,1,706.0802248534746,0.09648528566629494,353.0401124267373
EDU,EST,IC2,public,F,False,1,705.3447058867048,0.6632939704980818,352.6723529433524
SALES,RUH,IC2,mnc,F,False,1,705.2342745855899,0.34298060742055686,352.61713729279495
SALES,EST,IC4,pif_backed,M,True,1,704.4088061902985,0.05919076378976543,352.20440309514925
OPS,JED,IC4,public,M,True,1,701.9270813062631,0.05901264619679543,350.96354065313153
OPS,MAD,IC3,private,F,True,1,700.4041923602326,0.11727310096458832,350.2020961801163
HR,EST,M2,private,M,False,1,700.2190155019453,0.21656021215078242,350.1095077509726
OPS,EST,M5,mnc,M,False,1,699.4995457028826,0.08508361432537648,349.7497728514413
HEALTH,RUH,M3,private,F,False,2,697.2296310222573,0.12145656791642323,348.61481551112865
SALES,ASR,IC4,private,M,False,2,693.4284822970184,0.6674924426903773,346.7142411485092
PM,RUH,IC3,semigov,M,False,1,693.2662945418801,0.23294982208015036,346.63314727094007
DATA,NJR,IC3,semigov,M,True,1,690.4578853826133,0.07995254277368401,345.22894269130666
EDU,RUH,M3,private,M,True,1,689.967221967443,0.04196790327032093,344.9836109837215
ENG_CIVIL,JED,IC4,semigov,M,False,2,689.5677628552648,0.22087660918844715,344.7838814276324
CUSTOMER,RUH,M1,private,M,False,1,683.5104502172687,0.5472866602142169,341.75522510863436
ENG_MECH,RUH,IC2,semigov,M,False,1,683.335352975593,0.5607217404080412,341.6676764877965
EDU,RUH,IC2,private,F,False,2,679.9068915368448,0.5539510856668683,339.9534457684224
EDU,TAB,IC3,public,F,False,1,679.2211036302617,0.27746217563216535,339.61055181513086
OPS,MAD,IC4,startup,M,False,1,678.9763688621983,0.24321784980227873,339.48818443109917
EDU,JED,IC6,pif_backed,F,False,1,674.1628407671042,0.11432062785229878,337.0814203835521
ENG_MECH,JAZ,IC4,pif_backed,M,False,1,673.3411513789929,0.15213140460306213,336.67057568949645
SUPPLY,RUH,IC4,private,M,False,4,672.8872065412615,0.23012627737500674,336.4436032706308
ENG_CIVIL,EST,IC5,private,M,False,2,672.43948360901,0.1490085326287465,336.219741804505
SUPPLY,EST,M2,private,F,False,1,672.2872868462346,0.12238129801705391,336.1436434231173
HEALTH,EST,M1,private,F,False,2,671.2433867692291,0.13272860097949302,335.62169338461456
SWE,RUH,M1,private,F,False,1,670.8503113361621,0.12911224509288935,335.42515566808106
ENG_ELEC,RUH,IC2,public,M,False,1,670.323936960926,0.5361348496130093,335.161968480463
SWE,TAB,IC5,public,M,False,1,670.1318774675055,0.14914587724276818,335.0659387337528
FIN,RUH,M4,public,F,False,1,669.4579807683504,0.10080378117519287,334.7289903841752
ENG_CIVIL,MAK,IC3,private,M,False,1,667.7287387234178,0.5658126547906823,333.8643693617089
MARKETING,HAI,IC4,private,F,False,1,666.0495771450055,0.32338908965887536,333.02478857250276
ENG_CIVIL,HAI,M1,mnc,F,False,1,661.634343056181,0.20669927449273687,330.8171715280905
ENG_CIVIL,ASR,M1,private,M,False,1,661.3781826156346,0.2924939906219935,330.6890913078173
ENG_ELEC,EST,IC2,pif_backed,M,False,1,659.4355106696969,0.5946930091846413,329.71775533484845
SWE,JED,M3,semigov,F,False,1,655.919220342188,0.06005861756190047,327.959610171094
DATA,QAS,IC4,private,M,False,1,655.3564215194206,0.16517621470177696,327.6782107597103
ENG_MECH,RUH,M1,private,M,False,3,653.9664692299729,0.4489375709132315,326.98323461498643
EDU,RUH,IC4,public,M,False,1,652.7410371852002,0.21526588425807625,326.3705185926001
HEALTH,NJR,IC3,public,F,False,1,650.019219547657,0.3082838068786637,325.0096097738285
OPS,RUH,IC4,public,F,True,1,650.0048657937423,0.03892720394035089,325.00243289687114
CUSTOMER,EST,IC4,private,M,False,3,646.7909240306301,0.24180867477972465,323.39546201531505
CUSTOMER,HAI,IC2,public,F,True,1,645.3065426843496,0.13685719023544365,322.6532713421748
EDU,RUH,M4,private,F,True,1,644.9862446556472,0.030297491895357537,322.4931223278236
HEALTH,NJR,IC3,private,M,False,1,643.3498445355306,0.28951033890625444,321.6749222677653
ENG_MECH,TAB,IC3,public,M,False,1,641.5787683168796,0.257802498319858,320.7893841584398
SUPPLY,MAK,IC6,private,M,False,1,635.5300989944485,0.20111928505425217,317.76504949722425
ENG_MECH,QAS,IC2,pif_backed,M,True,1,632.9633643030484,0.0725288567674508,316.4816821515242
EDU,EST,IC2,private,F,True,1,632.9373408057354,0.10448918810878705,316.4686704028677
ENG_ELEC,JED,IC6,startup,M,False,1,632.7344679212983,0.1352499625251622,316.3672339606492
SALES,RUH,IC3,pif_backed,F,False,1,632.6162305131211,0.1214612558556311,316.30811525656054
HEALTH,HAI,IC4,public,F,False,1,632.0415885574298,0.24933551056988223,316.0207942787149
OPS,HAI,IC5,public,M,False,2,631.9188531355748,0.4318573200578291,315.9594265677874
HEALTH,EST,IC3,private,M,False,1,629.8486808436176,0.26641557114046266,314.9243404218088
ENG_MECH,JAZ,M2,mnc,M,True,1,627.8451509703809,0.05180464833057568,313.92257548519046
SALES,TAB,IC2,public,F,False,1,627.6241694975477,0.49394133298553716,313.8120847487738
ENG_CIVIL,HAI,IC6,public,F,False,1,627.5250487644435,0.283794767108787,313.7625243822217
OPS,RUH,IC4,private,M,False,3,626.7450966789842,0.2396860619506135,313.3725483394921
SUPPLY,RUH,D2,private,M,True,1,626.3634754760387,0.024664410075344242,313.18173773801936
EDU,RUH,IC4,startup,M,True,2,626.0415508950437,0.0676889352931604,313.0207754475218
HEALTH,MAD,IC4,private,M,False,1,624.1179779983836,0.2665782376372272,312.0589889991918
CUSTOMER,QAS,M3,private,F,False,1,622.2961945045338,0.3074465491987339,311.1480972522669
ENG_MECH,RUH,IC2,startup,M,True,1,621.1892055972003,0.07295232519328816,310.59460279860014
SWE,RUH,IC1,pif_backed,M,False,1,618.4925913522799,0.6094035765186886,309.24629567613994
HEALTH,NOR,IC5,private,M,False,1,616.3704075625819,0.23336145668003253,308.18520378129097
SWE,RUH,M1,startup,M,False,1,616.030868560772,0.2111441518308747,308.015434280386
CUSTOMER,JED,IC5,private,F,False,1,615.3098806459504,0.37567978496537763,307.6549403229752
FIN,ASR,IC2,private,F,False,1,612.8455279786021,0.2910214861058806,306.4227639893011
PM,JED,IC4,semigov,F,False,1,612.6412159062261,0.14862747343129146,306.32060795311304
DESIGN,EST,IC3,semigov,F,False,1,612.5757298131884,0.2581023009779342,306.2878649065942
SUPPLY,MAK,IC2,mnc,M,True,1,612.1028785727285,0.058506193889095844,306.05143928636426
ENG_MECH,MAK,IC2,pif_backed,M,False,1,611.8501415559801,0.40490522965737547,305.9250707779901
CUSTOMER,JED,IC4,startup,F,False,1,611.7098839045216,0.23689149454685335,305.8549419522608
SALES,EST,IC4,private,F,False,2,610.8063849262194,0.20581439931729983,305.4031924631097
SALES,TAB,IC3,pif_backed,F,False,1,610.3250928594225,0.20412550647458463,305.16254642971126
ENG_CIVIL,JED,IC4,private,M,False,3,607.5508745746309,0.2114006269902696,303.77543728731547
ENG_MECH,HAI,M1,public,M,False,1,606.1730804909298,0.22929262149364346,303.0865402454649
HEALTH,JED,IC2,private,F,False,1,602.763506471357,0.5214970844832961,301.3817532356785
ENG_CIVIL,RUH,IC3,private,F,False,1,602.5632006223195,0.456127643674381,301.28160031115976
HR,JED,M2,public,F,True,2,601.359400904541,0.04979912150424329,300.6797004522705
ENG_ELEC,QAS,IC3,startup,M,False,1,600.1116901187283,0.23669131272356494,300.0558450593642
LEGAL,RUH,IC4,mnc,M,False,1,599.6063749848963,0.13251905296219912,299.80318749244816
HEALTH,MAK,IC3,public,M,False,1,599.3108357693534,0.4415497776789913,299.6554178846767
OPS,RUH,IC3,public,F,False,2,597.8552355477908,0.41887230916520324,298.9276177738954
DESIGN,NJR,M2,private,M,False,1,593.7969495650341,0.15360871063649445,296.89847478251704
ENG_CIVIL,RUH,M1,private,M,True,1,593.5630631715758,0.0593768829666932,296.7815315857879
CUSTOMER,RUH,IC1,pif_backed,F,True,1,593.332199208,0.1113554502107489,296.666099604
HEALTH,JED,M4,private,F,False,1,592.8757152064118,0.09606171573248473,296.4378576032059
CUSTOMER,JED,IC2,private,F,False,1,592.5727402914742,0.4043506131082889,296.2863701457371
SWE,MAK,M3,private,F,False,1,591.3749067518092,0.05259465166734466,295.6874533759046
HR,QAS,M3,private,F,False,1,590.8481683609543,0.1652437236168314,295.42408418047717
SWE,HAI,IC1,pif_backed,M,False,1,590.7262242975185,0.535575423633539,295.3631121487592
MARKETING,EST,IC3,startup,M,True,1,588.4604737140971,0.07595471353175035,294.23023685704857
OPS,EST,IC3,public,M,False,2,586.4386094892297,0.3388936936901457,293.2193047446149
SWE,JAZ,IC3,mnc,M,False,1,585.6975291630683,0.2571823038739676,292.84876458153417
ENG_ELEC,EST,IC4,mnc,M,False,1,582.7821834076422,0.28092274358891584,291.3910917038211
OPS,BAH,IC3,mnc,F,False,1,582.5943916251272,0.41554651217318056,291.2971958125636
EDU,RUH,IC2,semigov,F,False,1,579.9578905722601,0.3814853403836378,289.97894528613006
DATA,JED,IC2,private,M,True,1,579.1832054390234,0.06611872017828474,289.5916027195117
MARKETING,JED,IC3,private,F,True,1,579.0027755981555,0.0691721279558385,289.50138779907775
ENG_CIVIL,JED,IC4,mnc,M,False,1,578.6608733769858,0.1713472412112071,289.3304366884929
MARKETING,BAH,IC3,private,M,False,1,577.9495121113159,0.4476460775129368,288.97475605565796
ENG_CIVIL,RUH,IC6,private,M,False,1,577.7165157753807,0.13415143837090795,288.85825788769034
HEALTH,NJR,M4,semigov,M,False,1,576.9747139775818,0.1290184232036818,288.4873569887909
ENG_MECH,RUH,IC3,startup,M,False,2,576.5041493915802,0.40195175279120154,288.2520746957901
SWE,EST,IC2,mnc,M,False,1,576.0962159161636,0.24247460782744076,288.0481079580818
SALES,ASR,M1,private,M,False,1,575.3450513583739,0.14454111249823115,287.67252567918695
SALES,TAB,IC3,mnc,M,True,1,575.2286664236381,0.10158834282672122,287.61433321181903
SALES,JAZ,IC3,public,F,False,1,574.4001463235184,0.3166156511095429,287.2000731617592
ENG_MECH,ASR,IC3,public,F,True,1,572.7564723564292,0.07684004726410218,286.3782361782146
SUPPLY,RUH,IC2,mnc,M,False,1,572.3490720627858,0.5243073354130291,286.1745360313929
OPS,EST,D2,private,M,True,1,572.2425443165448,0.028038268303765244,286.1212721582724
EDU,RUH,M2,private,F,False,1,571.9895132161187,0.16767626874099575,285.99475660805933
ENG_MECH,JED,IC3,public,M,False,2,571.7627846226557,0.359834870300458,285.88139231132783
HR,JED,M1,startup,F,False,1,569.3478536610328,0.1926301356541764,284.6739268305164
SALES,BAH,IC4,startup,F,False,1,568.3090212892955,0.34166179276959835,284.15451064464776
CUSTOMER,JED,IC4,private,F,False,2,564.3958420807816,0.5239404483796396,282.1979210403908
EDU,RUH,IC4,private,F,False,2,564.2386977268928,0.33498219609335067,282.1193488634464
HEALTH,RUH,IC3,public,F,False,2,564.132071581846,0.16291334578396105,282.066035790923
HEALTH,EST,IC4,startup,F,True,1,563.770831146112,0.04642522623182132,281.885415573056
SUPPLY,EST,IC5,mnc,M,False,1,563.3971601488556,0.3650311170544334,281.6985800744278
SUPPLY,RUH,M1,semigov,M,False,1,563.3566468868803,0.22275809772506547,281.67832344344015
OPS,ASR,M2,semigov,M,True,1,562.2544395732493,0.0624037122287974,281.12721978662466
FIN,JED,IC5,public,M,True,1,561.2575332716915,0.03094993600159691,280.62876663584575
LEGAL,EST,IC2,private,F,False,1,560.5808002702515,0.23637978914814198,280.29040013512576
MARKETING,QAS,M4,private,M,False,1,558.5694487108894,0.11286512358383506,279.2847243554447
SALES,RUH,IC5,private,F,False,1,556.8132814137057,0.18095930300881494,278.40664070685284
HEALTH,RUH,IC1,public,M,True,1,556.3577615804334,0.08837763549699144,278.1788807902167
HR,RUH,IC3,semigov,M,False,1,555.7054840130991,0.21660871895423278,277.85274200654953
SALES,RUH,IC4,mnc,M,False,2,555.6494243078844,0.21594183682945428,277.8247121539422
PM,RUH,IC5,semigov,F,True,1,555.5431711614037,0.02732115887466445,277.77158558070187
FIN,QAS,IC4,private,F,False,1,554.1178094518,0.2523628169736018,277.0589047259
SUPPLY,TAB,IC3,public,M,True,1,551.4649960523739,0.0964862546116955,275.73249802618693
CUSTOMER,RUH,IC4,semigov,F,False,1,551.2569982600344,0.4430595339082343,275.6284991300172
SUPPLY,JAZ,M2,private,M,False,1,551.0359635987611,0.17487596870588984,275.51798179938055
ENG_MECH,MAD,IC2,private,M,False,1,550.7485756216377,0.299079837567495,275.3742878108188
CUSTOMER,RUH,D2,public,M,False,1,550.4395369814661,0.15974998358340067,275.21976849073303
EDU,RUH,IC4,mnc,M,False,1,550.2007192575265,0.19565275391072057,275.1003596287633
SALES,RUH,IC3,public,F,False,1,549.428855484698,0.4370652526355156,274.714427742349
FIN,RUH,M1,public,F,False,1,549.2543016327891,0.09891618050252277,274.62715081639453
ENG_CIVIL,MAD,IC4,startup,M,False,1,548.5505131133211,0.3835961352155191,274.27525655666057
EDU,RUH,IC2,pif_backed,M,True,1,545.1608840623949,0.08962697385550208,272.58044203119744
FIN,HAI,IC3,mnc,M,False,1,544.1808942095728,0.5367427187938426,272.0904471047864
HEALTH,JED,M2,mnc,M,False,1,542.1957398194463,0.09083766383186359,271.09786990972316
OPS,JED,M2,mnc,M,False,1,541.8393123491251,0.11996426025033308,270.91965617456253
SWE,QAS,IC3,pif_backed,M,True,1,541.1644071760202,0.04443526682451957,270.5822035880101
HEALTH,EST,M4,mnc,M,False,1,540.6546111823282,0.07452597871454243,270.3273055911641
SALES,EST,IC4,semigov,F,True,1,539.8154211711044,0.034050539626555895,269.9077105855522
DATA,EST,IC3,semigov,M,True,1,538.7336427117843,0.05191123653578529,269.36682135589217
OPS,EST,M1,pif_backed,M,True,1,538.6268238897828,0.03573578062617713,269.3134119448914
SUPPLY,RUH,IC3,mnc,M,False,2,537.8768589008961,0.37392083199518156,268.93842945044804
DATA,EST,IC3,private,M,False,1,534.7458769385385,0.14051164903545538,267.37293846926923
HEALTH,JED,IC3,private,M,False,1,534.0372032157122,0.30455796128868456,267.0186016078561
SALES,JED,IC2,startup,F,False,1,533.9943204240822,0.4253584627730611,266.9971602120411
SALES,EST,IC4,semigov,M,False,1,533.6506863766144,0.16348030140575587,266.8253431883072
SUPPLY,ASR,IC4,semigov,M,False,1,533.0785373325552,0.307414338196721,266.5392686662776
ENG_MECH,JED,M3,private,M,False,2,533.045643459398,0.11420436350782755,266.522821729699
EDU,JED,M1,public,F,True,1,530.9222981425319,0.07808482168900903,265.46114907126594
MARKETING,JAZ,M3,private,M,False,1,530.1062751846039,0.18861840250382797,265.05313759230194
EDU,TAB,IC4,pif_backed,F,False,1,529.639754501731,0.3201952427287505,264.8198772508655
CUSTOMER,EST,IC3,mnc,M,False,1,529.4092896116658,0.25567523188622765,264.7046448058329
CUSTOMER,RUH,IC4,pif_backed,F,False,1,528.8816137573563,0.2617161208594159,264.44080687867813
ENG_CIVIL,RUH,IC4,private,M,False,2,527.5787892455903,0.2253611704067853,263.78939462279516
SWE,BAH,IC1,private,M,False,1,527.3700111907074,0.3136633093519017,263.6850055953537
ENG_MECH,EST,IC4,semigov,M,False,1,526.5832390392616,0.2535325331414398,263.2916195196308
HEALTH,TAB,IC4,mnc,M,False,1,526.0992471631243,0.1994055151983796,263.0496235815622
HEALTH,QAS,IC4,startup,M,False,1,525.3272791389302,0.29737208593327646,262.6636395694651
OPS,HAI,IC4,private,M,False,1,525.0649684047276,0.3860015319314278,262.5324842023638
PM,RUH,IC1,private,M,False,1,524.2064913093459,0.3587438779262744,262.10324565467295
SWE,ASR,M1,public,M,False,1,523.1023667516251,0.1682449731309671,261.55118337581257
CUSTOMER,MAD,IC3,pif_backed,F,True,1,522.8211398348731,0.0998940250477191,261.41056991743653
HR,MAK,IC5,public,F,True,1,519.8685028837754,0.04141314161730778,259.9342514418877
FIN,JED,IC3,public,F,False,2,518.9295161347159,0.2003203811514185,259.46475806735793
OPS,JED,IC3,private,M,False,2,516.5943538493212,0.18766084645134412,258.2971769246606
SALES,RUH,IC2,mnc,M,False,1,516.0690245915698,0.42143793504522864,258.0345122957849
HEALTH,EST,IC3,public,F,False,3,513.2623022950512,0.3244389003580703,256.6311511475256
ENG_MECH,RUH,M2,private,M,False,3,511.5572758706573,0.08392410357285096,255.77863793532865
SWE,RUH,IC2,private,M,False,2,510.53848554461274,0.2471184227763072,255.26924277230637
FIN,NJR,IC4,public,F,False,1,509.8366708078006,0.17719811052279247,254.9183354039003
SALES,EST,M2,private,M,False,1,508.2057313171663,0.07417592368261053,254.10286565858314
DESIGN,JED,IC4,public,M,False,1,506.29325863629447,0.14357698995529006,253.14662931814723
ENG_CIVIL,TAB,IC3,private,M,False,1,504.72263024055496,0.4714533404852936,252.36131512027748
LEGAL,NOR,IC6,mnc,M,True,1,504.0182873193553,0.024297514762799014,252.00914365967765
SWE,TAB,IC3,semigov,M,False,1,503.99582819481884,0.17828127686990627,251.99791409740942
ENG_CIVIL,QAS,IC4,public,M,False,1,501.87001894713535,0.4176646051253755,250.93500947356767
EDU,RUH,IC6,semigov,M,True,1,500.63992920759483,0.02287394645889532,250.31996460379742
ENG_MECH,RUH,IC6,public,M,True,2,500.4950347107724,0.018767403600023505,250.2475173553862
HEALTH,JAZ,IC2,private,F,True,1,500.34736898946267,0.11282647394155054,250.17368449473133
HEALTH,RUH,IC3,semigov,F,False,3,497.7704649529037,0.2096238281615029,248.88523247645185
SALES,JAZ,IC3,semigov,F,False,1,497.10436004343046,0.2020040239827491,248.55218002171523
HR,RUH,IC3,private,M,False,1,496.5277473695155,0.21136016557559714,248.26387368475775
HR,RUH,M1,private,F,False,3,496.3723582710865,0.18192389507770368,248.18617913554326
EDU,ASR,IC4,private,F,False,1,494.4720285100716,0.14105552125700485,247.2360142550358
ENG_MECH,MAK,IC5,private,M,False,1,494.0111238886075,0.05864299424231761,247.00556194430374
ENG_CIVIL,TAB,IC5,private,M,False,1,493.97567084989123,0.2250755858955837,246.98783542494562
ENG_ELEC,RUH,M2,mnc,M,False,1,493.70544844323103,0.11507855395607439,246.85272422161552
HR,RUH,IC3,private,F,True,1,492.4457103898385,0.03582203614078233,246.22285519491925
EDU,MAK,IC4,public,M,False,1,488.7942958761423,0.42076092247382957,244.39714793807116
DATA,EST,IC1,mnc,M,False,1,488.15600243878225,0.17372510982558576,244.07800121939113
ENG_ELEC,RUH,IC3,private,M,False,1,487.4407762508099,0.09382497668184557,243.72038812540495
OPS,TAB,M2,startup,M,False,1,487.2739666170287,0.11993375401018797,243.63698330851435
ENG_CIVIL,RUH,M3,startup,M,False,1,487.161116798713,0.14025732696754997,243.5805583993565
CUSTOMER,RUH,IC6,pif_backed,F,False,1,486.68880685929753,0.18517154766257315,243.34440342964876
PM,RUH,IC3,mnc,M,False,1,485.7434202533532,0.09596870674699148,242.8717101266766
SALES,MAK,IC4,private,M,False,1,485.10726105584445,0.24721403914125062,242.55363052792222
LEGAL,ASR,IC4,private,M,False,1,484.838339048697,0.18610169085103942,242.4191695243485
SWE,ASR,IC3,private,M,False,1,482.186648318715,0.21886129938090296,241.0933241593575
SWE,MAD,IC2,startup,M,False,1,479.9396890559851,0.1348609013996357,239.96984452799256
HEALTH,EST,IC2,pif_backed,F,False,1,479.91623876293625,0.3302697399644577,239.95811938146812
OPS,JAZ,IC4,public,M,False,1,478.55485730027385,0.4213994016515536,239.27742865013693
SALES,MAD,M1,semigov,F,False,1,477.5027243843101,0.3288827868405408,238.75136219215506
DATA,TAB,IC4,semigov,M,True,1,476.9422943850368,0.03925068400401452,238.4711471925184
ENG_ELEC,JED,IC3,pif_backed,M,True,1,476.6438739956375,0.03736574014990276,238.32193699781874
HEALTH,JED,IC3,public,M,True,1,475.7816981066826,0.062046991297935374,237.8908490533413
HR,EST,IC5,private,M,False,1,471.8872915413144,0.14882860059391476,235.9436457706572
EDU,EST,IC4,private,F,True,1,471.74498706463874,0.05597007517191862,235.87249353231937
HR,MAD,IC4,startup,F,False,1,470.425884511571,0.1633600775287277,235.2129422557855
ENG_ELEC,RUH,IC3,public,M,False,3,467.6353861000555,0.2646532023659597,233.81769305002774
ENG_MECH,JED,IC3,mnc,M,True,1,466.8223019099314,0.04984899886071807,233.4111509549657
HEALTH,JED,IC2,public,M,False,1,466.73503723456474,0.22573668823845797,233.36751861728237
CUSTOMER,NJR,IC5,public,F,True,1,465.894931278468,0.08596067118399991,232.947465639234
FIN,RUH,IC1,private,F,False,1,465.6209556684323,0.2901657772390242,232.81047783421616
MARKETING,MAK,IC4,private,F,False,2,465.15745127391233,0.16107269094274063,232.57872563695616
FIN,RUH,M3,pif_backed,M,False,1,464.4664726963674,0.07932369517671581,232.2332363481837
SWE,BAH,IC3,mnc,M,False,1,463.1566561151485,0.16439406094207548,231.57832805757425
CUSTOMER,EST,IC3,pif_backed,M,False,1,462.35782827651474,0.19478075394043756,231.17891413825737
CUSTOMER,EST,IC4,pif_backed,F,False,1,461.3519542534568,0.1110619179776318,230.6759771267284
ENG_CIVIL,EST,IC3,mnc,M,True,1,458.43233817576674,0.0573485647765143,229.21616908788337
FIN,JED,IC3,public,M,False,1,457.6247407572291,0.3233119888260898,228.81237037861456
EDU,RUH,IC5,private,F,False,1,457.59225795512475,0.11383442605108585,228.79612897756238
OPS,EST,IC4,public,M,False,1,454.64441477053515,0.1839232460261288,227.32220738526757
PM,RUH,M2,mnc,M,False,1,453.9113811544721,0.06786716400784913,226.95569057723606
DATA,JED,IC4,semigov,M,False,1,452.5951819281772,0.10178400613099166,226.2975909640886
CUSTOMER,EST,IC4,public,F,False,1,449.07386936574017,0.3272500495656793,224.53693468287008
EDU,ASR,IC4,private,F,True,1,448.6945929322965,0.07826697139606574,224.34729646614824
SUPPLY,EST,IC4,private,M,False,1,447.43303284775766,0.22131212763938862,223.71651642387883
SALES,RUH,M3,private,M,False,2,446.79198988355665,0.07581513039181428,223.39599494177833
FIN,EST,IC4,public,F,False,1,445.23216962719744,0.1558019792731544,222.61608481359872
FIN,RUH,IC2,private,M,False,2,443.858173302212,0.28422166446006075,221.929086651106
PM,TAB,IC5,mnc,M,False,1,443.07211243063466,0.08678226698161003,221.53605621531733
ENG_CIVIL,TAB,IC3,startup,M,False,1,442.7174073076642,0.3673127801430128,221.3587036538321
OPS,ASR,IC3,private,M,False,1,442.2538162814151,0.3163392017085919,221.12690814070754
DESIGN,RUH,IC5,private,F,False,1,439.9174966920127,0.0679959354939656,219.95874834600636
SUPPLY,EST,IC4,semigov,F,False,1,439.87822581835485,0.23369012814189516,219.93911290917742
EDU,TAB,M1,public,M,True,1,434.11084242704237,0.04508009908669764,217.05542121352119
SWE,RUH,IC2,mnc,M,False,2,433.89806208432105,0.16761147261335826,216.94903104216053
SALES,RUH,IC3,public,M,False,1,433.11615264971056,0.36378012650026714,216.55807632485528
OPS,EST,IC4,mnc,M,False,1,432.4328018023134,0.1130044976222722,216.2164009011567
OPS,EST,M2,public,M,False,1,431.6659959882213,0.18095365113456244,215.83299799411066
CUSTOMER,EST,IC3,pif_backed,F,False,1,429.72263011284394,0.1992901515145977,214.86131505642197
SUPPLY,EST,IC5,private,M,False,1,428.91313859058846,0.1882304980087852,214.45656929529423
MARKETING,JED,M1,mnc,F,False,1,428.8817124569623,0.14393905884208413,214.44085622848115
SUPPLY,JAZ,IC3,private,M,True,1,428.53448008719715,0.04782764772847345,214.26724004359858
OPS,BAH,IC3,public,M,False,1,427.1885990474816,0.4007048336853015,213.5942995237408
ENG_ELEC,EST,IC3,semigov,F,False,1,426.68297544182064,0.21944275517197911,213.34148772091032
SALES,RUH,IC4,mnc,F,False,1,426.04699811724186,0.16091859170007036,213.02349905862093
CUSTOMER,EST,IC4,private,F,False,3,425.1599978150395,0.3166901274846897,212.57999890751975
OPS,EST,IC2,private,F,False,1,423.40792030224065,0.25335422839008354,211.70396015112033
DATA,RUH,IC5,pif_backed,M,True,1,419.91425695884027,0.018476134425131432,209.95712847942013
SWE,JED,IC4,pif_backed,M,True,1,419.6846574579358,0.02648439813738717,209.8423287289679
PM,JAZ,IC4,semigov,M,False,1,415.429711255073,0.1296713429883665,207.7148556275365
OPS,ASR,IC2,semigov,F,True,1,415.4214866678467,0.09863794955628392,207.71074333392335
EDU,EST,IC4,pif_backed,F,True,1,414.9499811681453,0.03449723539808346,207.47499058407266
ENG_CIVIL,QAS,IC3,mnc,M,False,1,413.96979565131164,0.2233848978122827,206.98489782565582
ENG_CIVIL,RUH,IC3,private,M,False,4,413.67746667044946,0.1837837825838941,206.83873333522473
ENG_MECH,RUH,IC3,private,M,False,3,413.41398290264533,0.17233535022096627,206.70699145132266
SALES,RUH,IC5,mnc,F,False,1,412.470499767388,0.13186182628226636,206.235249883694
ENG_CIVIL,JED,M2,public,M,False,1,411.3606446703843,0.13765890901008518,205.68032233519216
EDU,EST,IC5,semigov,M,False,1,411.14556910358215,0.12046557726202574,205.57278455179107
HEALTH,MAK,IC2,public,M,False,1,408.84684220642885,0.3628393342663216,204.42342110321442
FIN,JED,M2,private,F,False,1,408.53300889494085,0.1459055290209282,204.26650444747042
HR,QAS,IC3,private,F,True,1,408.4372045994887,0.04995862152795557,204.21860229974436
SALES,ASR,M1,public,M,False,1,408.4055784860102,0.15764766750406758,204.2027892430051
ENG_MECH,RUH,IC4,mnc,M,True,1,407.6810202716897,0.0326845200665104,203.84051013584485
EDU,EST,IC2,pif_backed,F,True,1,405.6405669263413,0.05436867947781148,202.82028346317065
EDU,RUH,IC2,public,M,True,1,405.5288945706452,0.07679671430045729,202.7644472853226
HEALTH,EST,M1,pif_backed,F,True,1,404.5216535792424,0.02303807171052811,202.2608267896212
SALES,EST,IC3,private,F,False,1,403.68834494765633,0.3213555808340434,201.84417247382817
SALES,RUH,IC4,semigov,F,False,1,403.6598620888608,0.10383864722474055,201.8299310444304
ENG_MECH,RUH,IC3,public,M,False,1,403.63542539383843,0.1819202964251593,201.81771269691922
MARKETING,JED,IC1,mnc,M,True,1,402.96299556561917,0.06348628808422026,201.48149778280958
ENG_ELEC,TAB,IC2,semigov,M,True,1,402.55687954782115,0.07047659093074285,201.27843977391058
EDU,QAS,IC3,semigov,M,True,1,401.58489403253225,0.08143827626104282,200.79244701626612
SALES,QAS,IC3,public,M,False,1,398.00875672385814,0.1862328416452317,199.00437836192907
SWE,MAD,M3,public,M,False,1,397.38931005435006,0.04554850620780329,198.69465502717503
DESIGN,RUH,IC4,public,M,False,1,397.0180409475802,0.12212602206217622,198.5090204737901
HEALTH,JAZ,M2,semigov,F,False,1,394.60597534926274,0.11804841336429853,197.30298767463137
EDU,RUH,IC2,public,F,False,1,393.8845311500304,0.3097808023805836,196.9422655750152
SUPPLY,JAZ,IC3,private,F,False,1,393.62000011564487,0.30362951817115585,196.81000005782244
HEALTH,JAZ,IC4,pif_backed,F,False,1,391.5614946925807,0.12017767702600578,195.78074734629035
HEALTH,RUH,IC3,public,M,False,1,390.74609064473566,0.22749684784129187,195.37304532236783
SUPPLY,MAD,IC3,private,M,False,1,390.61750144027656,0.17104218559159912,195.30875072013828
MARKETING,RUH,M3,pif_backed,F,False,1,390.25047243334484,0.039226950681306126,195.12523621667242
OPS,RUH,IC2,private,M,False,3,389.02556732576073,0.26357380748418907,194.51278366288037
ENG_ELEC,RUH,M2,semigov,M,False,1,388.981071728037,0.09059680699180668,194.4905358640185
LEGAL,RUH,IC6,public,M,True,1,387.88135359293665,0.022237676109624405,193.94067679646832
PM,RUH,IC5,mnc,F,False,1,385.0845511188254,0.06923560533265843,192.5422755594127
SUPPLY,QAS,D1,private,F,False,1,383.65536218700436,0.060050273619267056,191.82768109350218
LEGAL,EST,M1,private,M,False,1,382.6020990183988,0.07762452351385699,191.3010495091994
HEALTH,BAH,IC4,private,F,True,1,380.3052274562924,0.044489202871752266,190.1526137281462
SALES,RUH,IC4,pif_backed,F,False,1,379.6165472331895,0.10177304404836812,189.80827361659476
CUSTOMER,JED,M1,private,F,False,1,379.3565559748836,0.1378813435590148,189.6782779874418
FIN,RUH,IC3,private,F,False,2,379.06091724570604,0.14342113326579156,189.53045862285302
MARKETING,QAS,IC5,private,M,False,1,377.9457517335277,0.07472810634406347,188.97287586676384
OPS,RUH,IC2,semigov,M,False,1,377.3847055529543,0.2797430997374841,188.69235277647715
MARKETING,QAS,IC4,private,M,False,1,376.723464621979,0.13973454001670432,188.3617323109895
CUSTOMER,RUH,IC4,private,M,False,1,375.5024802994069,0.26596188599997445,187.75124014970345
OPS,EST,IC4,private,M,False,1,373.83552671210737,0.11906787305034752,186.91776335605368
ENG_ELEC,RUH,M1,private,M,True,1,373.4013678364154,0.031006317339055123,186.7006839182077
CUSTOMER,RUH,M1,public,F,False,1,372.1347961088136,0.18629811696692278,186.0673980544068
ENG_ELEC,RUH,M1,public,M,True,1,371.4939174370229,0.03495155332160264,185.74695871851145
ENG_ELEC,RUH,IC4,private,F,False,1,371.1431503417143,0.1516586717271493,185.57157517085716
HEALTH,JED,IC6,private,M,False,1,370.1400380951736,0.0901713104373416,185.0700190475868
SALES,RUH,IC6,startup,F,False,1,369.2077070804762,0.09887329878689044,184.6038535402381
HR,MAD,IC3,semigov,F,False,1,367.20307954318014,0.14548390868927932,183.60153977159007
SALES,RUH,IC4,pif_backed,M,False,1,367.00239477149216,0.12368851838842207,183.50119738574608
HR,BAH,IC4,public,F,False,1,365.7416854168348,0.22616588658863823,182.8708427084174
ENG_MECH,EST,IC4,mnc,M,True,2,363.9325568732738,0.025914394678505603,181.9662784366369
SWE,RUH,IC3,semigov,F,True,1,363.90696199919876,0.024866863983484713,181.95348099959938
HEALTH,QAS,M2,private,M,False,1,363.2239668131874,0.09886007679023918,181.6119834065937
OPS,RUH,IC4,mnc,M,False,1,363.19011106553535,0.14323093274376889,181.59505553276767
SWE,MAK,IC3,semigov,M,False,1,361.97666528531727,0.11727768059932536,180.98833264265863
SALES,MAD,IC4,private,F,False,1,360.87745774054906,0.22165081482615612,180.43872887027453
EDU,TAB,M1,private,F,True,1,360.693532041043,0.03693682195531118,180.3467660205215
ENG_MECH,HAI,IC4,public,M,False,1,360.58896077322106,0.12958361194745766,180.29448038661053
SWE,RUH,IC3,private,F,False,2,360.53120266083056,0.15200562118627906,180.26560133041528
HR,EST,IC3,semigov,F,True,2,360.4100497254167,0.03201548973424348,180.20502486270834
HR,MAK,IC3,public,F,False,1,359.00338938915297,0.25055672181146155,179.50169469457649
OPS,RUH,M2,semigov,M,False,1,357.7877541224334,0.09999513307816088,178.8938770612167
HEALTH,MAD,IC4,semigov,M,False,1,357.5979611758835,0.11294218105378157,178.79898058794174
CUSTOMER,JAZ,IC3,private,F,False,1,357.5322914568096,0.1614066364942295,178.7661457284048
SUPPLY,RUH,IC2,private,M,False,1,357.3154881303742,0.30866155702328263,178.6577440651871
EDU,TAB,IC3,private,F,False,2,354.2381815577986,0.2970739628230903,177.1190907788993
ENG_MECH,JED,IC4,private,M,False,1,352.88626041805037,0.05799196946635196,176.44313020902518
SUPPLY,ASR,IC3,private,M,False,1,352.64469289059343,0.3171172493912104,176.32234644529672
ENG_MECH,EST,IC3,private,M,True,1,352.04187411381645,0.033636116645665785,176.02093705690822
SWE,RUH,M3,startup,M,False,1,351.4607798229117,0.03952580709204664,175.73038991145586
FIN,EST,IC2,public,F,True,1,351.0603172893452,0.05930302191687135,175.5301586446726
ENG_ELEC,MAK,IC4,private,M,False,1,348.3732223133554,0.19060480846517883,174.1866111566777
SALES,MAD,IC5,private,F,False,2,347.78143752207006,0.1284287957538633,173.89071876103503
ENG_MECH,RUH,IC3,semigov,M,False,2,346.5941673267365,0.14428349115877998,173.29708366336826
HEALTH,JED,IC4,semigov,F,False,1,346.4890883679577,0.08110659829495985,173.24454418397886
PM,MAK,IC4,public,M,False,1,344.60488269276084,0.08953896057981317,172.30244134638042
FIN,RUH,IC5,startup,F,False,1,344.0938003389956,0.06971500789083265,172.0469001694978
ENG_MECH,JED,IC4,semigov,M,False,2,344.04826247500887,0.10927831628721321,172.02413123750443
SALES,EST,IC6,private,M,False,1,341.6375542715832,0.07289829691702596,170.8187771357916
SALES,RUH,IC3,private,F,True,1,339.0023633912024,0.029492040594656762,169.5011816956012
ENG_CIVIL,RUH,IC3,semigov,M,False,1,337.5681682691293,0.14186829935659517,168.78408413456464
ENG_CIVIL,ASR,IC3,public,F,True,1,335.49084684036006,0.0474032953937303,167.74542342018003
HR,RUH,IC3,pif_backed,F,False,1,333.6931196319092,0.08093667415566148,166.8465598159546
SWE,JED,IC2,private,M,False,1,332.8734345637322,0.10808084940174258,166.4367172818661
PM,RUH,IC4,pif_backed,M,True,1,331.7512918697885,0.023130968320151126,165.87564593489424
HEALTH,RUH,IC2,private,M,False,2,331.73301282444856,0.14202102421197724,165.86650641222428
SUPPLY,EST,IC2,semigov,M,False,1,330.6414172707782,0.1638095576651763,165.3207086353891
OPS,JAZ,IC1,semigov,F,False,1,330.5372788430227,0.31950688404865896,165.26863942151135
SWE,EST,M2,mnc,F,False,1,329.4305079902024,0.03884053224438747,164.7152539951012
FIN,RUH,IC3,public,F,False,1,328.2088715882819,0.10017487883613803,164.10443579414095
CUSTOMER,JAZ,IC5,public,M,False,1,327.5958653566488,0.21948188158959353,163.7979326783244
HEALTH,MAK,IC2,public,F,False,1,326.67755217292233,0.2809934536128285,163.33877608646117
MARKETING,RUH,IC4,private,F,False,3,326.58536194873733,0.20345225766567623,163.29268097436866
HEALTH,EST,IC2,mnc,M,False,1,324.94664515111185,0.15000513084233433,162.47332257555593
HR,EST,M1,public,M,False,1,324.83192372102576,0.09126841809294242,162.41596186051288
SWE,MAK,IC3,pif_backed,M,False,1,324.65545772161977,0.09043349608630709,162.32772886080988
SALES,MAK,IC2,public,M,False,1,323.8779305035698,0.25883455226058305,161.9389652517849
ENG_MECH,ASR,IC3,private,M,False,1,323.39882169319617,0.15617494996253983,161.69941084659808
CUSTOMER,JED,IC3,mnc,M,False,1,323.2329753474189,0.2623513301698003,161.61648767370946
OPS,RUH,IC4,semigov,F,False,1,323.1458757266728,0.10207603415232938,161.5729378633364
ENG_CIVIL,NOR,CXO,mnc,F,False,1,321.4520330114956,0.03034870261906977,160.7260165057478
CUSTOMER,RUH,IC3,private,M,False,1,321.3038937624556,0.17892529962592846,160.6519468812278
HR,EST,IC4,private,F,False,1,318.2484032997422,0.16433107944816636,159.1242016498711
ENG_MECH,RUH,IC2,private,M,False,4,318.1942731661767,0.20024338208950485,159.09713658308834
SALES,EST,IC3,mnc,F,False,1,317.6242227539176,0.2044900086949606,158.8121113769588
ENG_ELEC,QAS,IC4,private,M,False,1,317.406436169103,0.0894293660286976,158.7032180845515
DATA,BAH,IC4,public,M,False,1,314.3991505384238,0.11365477136571468,157.1995752692119
SUPPLY,RUH,IC3,private,M,False,1,313.37824094181406,0.16002941777442387,156.68912047090703
FIN,RUH,IC3,mnc,F,False,1,313.1620740767521,0.19669633885423737,156.58103703837605
SWE,QAS,IC5,public,M,False,1,312.9292441012326,0.11112104290834042,156.4646220506163
SALES,ASR,IC4,private,F,False,1,312.68345274160856,0.18896930042810994,156.34172637080428
EDU,EST,IC3,semigov,F,False,1,312.30936694640104,0.16524133356026954,156.15468347320052
ENG_CIVIL,EST,IC3,public,M,False,1,312.1693691940152,0.17001736315281019,156.0846845970076
OPS,JED,IC2,mnc,M,False,1,312.1368333867074,0.1549433212414248,156.0684166933537
DATA,EST,IC2,pif_backed,M,False,1,308.78336236366295,0.09466372716118215,154.39168118183147
HEALTH,QAS,IC4,private,F,True,1,308.7315111067983,0.03623020860454346,154.36575555339914
FIN,RUH,IC1,private,M,False,1,308.58679345487826,0.1610121876570008,154.29339672743913
HEALTH,MAK,IC4,pif_backed,F,True,1,308.07952853546703,0.024234069892738255,154.03976426773352
OPS,RUH,IC5,public,M,False,1,307.65725796037987,0.08628221189347102,153.82862898018993
DESIGN,EST,IC3,mnc,F,False,1,306.9546782275818,0.207553682646409,153.4773391137909
OPS,JED,IC5,private,M,False,1,304.2501247213195,0.15026947777737637,152.12506236065974
HR,RUH,IC4,mnc,M,False,2,304.075465041499,0.0834608829658747,152.0377325207495
SALES,JED,M1,private,M,False,2,303.29249071198956,0.15692635597269594,151.64624535599478
FIN,EST,IC3,pif_backed,M,False,2,301.49732899067624,0.11637159241790442,150.74866449533812
EDU,ASR,IC4,mnc,F,True,1,300.71849388771625,0.035713612255029455,150.35924694385812
OPS,RUH,IC2,startup,F,True,1,299.14263019902046,0.03602048144704621,149.57131509951023
ENG_ELEC,TAB,IC1,private,M,True,1,296.8483767925527,0.06433056453342555,148.42418839627635
EDU,JED,IC2,mnc,F,True,1,296.75883238877486,0.05712563966994738,148.37941619438743
OPS,RUH,IC4,public,F,False,2,296.01290734535905,0.08301453476924575,148.00645367267953
ENG_CIVIL,RUH,M2,semigov,M,False,1,293.3888950642058,0.04140423451394195,146.6944475321029
PM,RUH,IC4,private,F,True,1,292.56093637702725,0.015829529442854467,146.28046818851362
HR,RUH,IC4,private,F,False,1,291.4467855336038,0.0869712837704907,145.7233927668019
ENG_CIVIL,QAS,IC4,startup,M,False,1,290.31600450734095,0.18578735155915438,145.15800225367047
SUPPLY,JED,IC5,pif_backed,M,False,1,288.2231134751655,0.07234683593718576,144.11155673758276
ENG_ELEC,JED,IC6,mnc,M,False,1,286.60800100055076,0.0573764213440776,143.30400050027538
HEALTH,QAS,M2,private,F,True,1,286.3402028386172,0.018811638042619337,143.1701014193086
DESIGN,JED,IC3,private,M,False,1,285.845768179121,0.08218072859537819,142.9228840895605
ENG_CIVIL,QAS,M4,private,M,False,1,285.23631095787414,0.07364438082571934,142.61815547893707
ENG_CIVIL,JED,M3,public,M,True,1,285.15373914280644,0.014516301020519411,142.57686957140322
ENG_CIVIL,MAK,D1,private,M,False,1,283.0147808506845,0.024407799588673756,141.50739042534224
CUSTOMER,RUH,IC4,public,M,False,1,278.36379988471435,0.2402722975313996,139.18189994235718
CUSTOMER,EST,IC4,mnc,M,False,1,276.97085676246684,0.15172317976713934,138.48542838123342
CUSTOMER,TAB,IC2,semigov,F,False,1,275.4708033169859,0.10295158270556673,137.73540165849295
SUPPLY,MAK,IC4,private,M,False,1,273.55560770783995,0.11591715856872944,136.77780385391998
DATA,EST,IC1,private,F,True,1,273.02202047073206,0.03931727670111703,136.51101023536603
SUPPLY,RUH,IC5,public,F,False,1,272.5317491904757,0.10038909121747848,136.26587459523785
SALES,RUH,IC4,public,F,False,1,271.0218125361944,0.10093327615576124,135.5109062680972
HR,ASR,IC4,semigov,F,False,1,270.2467576152135,0.08816098970124937,135.12337880760674
ENG_MECH,RUH,IC2,public,M,False,2,270.0541488750698,0.1829171028234085,135.0270744375349
ENG_MECH,EST,IC2,mnc,M,False,1,269.63522461082766,0.2417982414865216,134.81761230541383
DATA,JED,IC3,public,M,False,1,269.0001184574303,0.10091389763755945,134.50005922871514
LEGAL,RUH,IC1,public,M,False,1,268.8081514066844,0.1036593572747117,134.4040757033422
PM,RUH,IC3,public,M,False,2,267.6172115504469,0.07793281749860421,133.80860577522344
OPS,RUH,IC3,private,M,False,2,267.3956033091997,0.10879861761217878,133.69780165459986
SWE,NOR,IC4,private,M,True,1,265.45830726997883,0.028247670604619236,132.72915363498942
SALES,EST,IC3,semigov,M,False,1,264.40959823751655,0.07455150950151335,132.20479911875827
HEALTH,ASR,IC3,private,F,False,1,264.3621384346436,0.15789603285224482,132.1810692173218
SWE,MAD,IC3,private,M,True,1,262.29608491785257,0.022685578289336882,131.14804245892628
SWE,JED,IC2,semigov,M,False,1,260.8821558834461,0.07623496689581881,130.44107794172305
ENG_CIVIL,TAB,IC4,public,M,False,1,260.1349173240719,0.16284979993687937,130.06745866203596
MARKETING,NOR,M3,mnc,F,False,1,259.7927391293879,0.09070606024947434,129.89636956469394
FIN,MAD,IC2,public,F,True,1,259.39183496117676,0.03533282024776972,129.69591748058838
SALES,QAS,IC4,private,M,False,1,257.8263632786982,0.14727876209220522,128.9131816393491
EDU,EST,IC4,private,F,False,1,257.34939579507727,0.11573734730812853,128.67469789753864
HR,QAS,IC3,public,F,True,1,257.23621040139005,0.04193127736666294,128.61810520069503
HEALTH,ASR,IC4,private,F,True,1,255.25305544198818,0.025303428288373772,127.62652772099409
SUPPLY,RUH,IC1,public,M,False,1,254.7751764073788,0.25377172552641886,127.3875882036894
SUPPLY,QAS,IC3,mnc,M,False,1,253.26114047917395,0.12086086686145772,126.63057023958697
HEALTH,JED,IC2,private,M,False,1,253.12899588317123,0.17071029823449763,126.56449794158561
SALES,JAZ,VP,public,M,True,1,252.61178553930222,0.0046150397643133926,126.30589276965111
DATA,EST,D1,public,M,False,1,252.03191181608963,0.03157452940050377,126.01595590804482
OPS,JED,M1,private,F,False,1,250.6238913559314,0.0994534897257214,125.3119456779657
LEGAL,RUH,IC3,private,F,True,1,249.92392008571915,0.027451512916832874,124.96196004285957
CUSTOMER,EST,IC4,semigov,M,False,1,249.32153145756547,0.055621968446275594,124.66076572878274
SWE,RUH,M2,private,F,False,1,247.79146628720082,0.03178157881083926,123.89573314360041
MARKETING,EST,M1,semigov,M,False,1,247.55491126837433,0.09530383404003218,123.77745563418716
DATA,EST,IC2,private,M,True,1,247.4072747382561,0.030972448126778553,123.70363736912805
FIN,JED,M3,semigov,M,False,1,245.93427476334728,0.023138751933026152,122.96713738167364
HEALTH,EST,D2,private,F,False,1,245.75604511630627,0.021339892769575753,122.87802255815313
ENG_ELEC,MAD,D1,private,M,False,1,245.2185566670487,0.02494943022055943,122.60927833352434
SALES,EST,IC3,public,F,False,1,244.55514413326023,0.12027582110554103,122.27757206663011
ENG_ELEC,JED,IC2,semigov,M,False,1,243.76636340700452,0.11495840273710446,121.88318170350226
CUSTOMER,RUH,IC1,private,F,True,1,241.42688056881434,0.041835477110412383,120.71344028440717
SUPPLY,EST,IC3,semigov,M,False,2,240.88553020703864,0.14029814824446424,120.44276510351932
DESIGN,RUH,IC2,public,F,False,1,240.8341424159912,0.11922510127349652,120.4170712079956
FIN,RUH,IC4,public,F,False,1,238.1055681439534,0.11223926297957112,119.0527840719767
FIN,MAK,IC4,private,F,False,1,237.53433658578,0.13953217793054998,118.76716829289
OPS,RUH,IC3,startup,F,False,1,236.65507505403525,0.16106893826468127,118.32753752701763
DATA,NJR,M2,mnc,M,True,1,236.48302171299292,0.010468871669874261,118.24151085649646
PM,JED,IC4,mnc,M,True,1,234.35160667315722,0.013402877463209981,117.17580333657861
OPS,NOR,M3,private,M,False,1,231.9769011216158,0.04983144410787868,115.9884505608079
CUSTOMER,JED,M1,private,M,False,2,229.7274963843363,0.17308333039148754,114.86374819216815
HEALTH,RUH,M1,public,F,False,1,229.05548876510875,0.05988974244545496,114.52774438255437
ENG_ELEC,JED,IC4,mnc,M,False,1,228.33933261513175,0.053178465253957176,114.16966630756588
EDU,JED,IC6,private,F,True,1,227.45347575591586,0.01584974867248181,113.72673787795793
CUSTOMER,MAD,IC3,private,F,True,1,225.97386387088136,0.035067916353189135,112.98693193544068
FIN,RUH,M1,semigov,F,False,1,224.90013558778082,0.034734353992016256,112.45006779389041
HR,JAZ,IC4,private,F,True,1,220.9533716565984,0.016578649669052547,110.4766858282992
OPS,JED,M1,pif_backed,M,False,1,218.78672360665996,0.05838352839611534,109.39336180332998
HR,EST,IC4,mnc,M,False,1,218.52872395378017,0.07888835888571642,109.26436197689009
DATA,EST,IC3,private,F,True,1,215.92294645723996,0.013761269938773493,107.96147322861998
ENG_MECH,HAI,M1,private,M,True,1,214.77812790982534,0.024340235634501044,107.38906395491267
ENG_ELEC,RUH,IC2,private,M,False,1,214.68618999028558,0.16037897050221206,107.34309499514279
HEALTH,EST,IC1,private,F,False,1,214.29640648619466,0.1607497421139965,107.14820324309733
HR,EST,IC3,public,F,False,1,213.12069316870338,0.08716402838229281,106.56034658435169
ENG_CIVIL,ASR,M1,public,M,True,1,210.99210328445133,0.0267864996150197,105.49605164222567
DATA,JED,IC3,private,F,False,1,205.71599654683587,0.06959145844789072,102.85799827341793
SWE,RUH,IC1,startup,M,True,1,203.1812353186233,0.02587573875614941,101.59061765931165
FIN,EST,IC3,public,M,False,1,202.67008152690642,0.05969013182795355,101.33504076345321
ENG_ELEC,EST,IC4,private,M,False,3,202.19453923247025,0.0759354218188686,101.09726961623512
ENG_CIVIL,EST,IC2,startup,M,False,1,201.94953990233967,0.15693587884836985,100.97476995116983
MARKETING,RUH,IC6,public,M,False,1,201.54711357460792,0.07779120639737623,100.77355678730396
SALES,EST,IC1,pif_backed,M,False,1,201.4104431113467,0.13016459939458888,100.70522155567335
ENG_CIVIL,RUH,IC3,public,M,False,3,200.4418660636345,0.11041838649783402,100.22093303181725
HEALTH,ASR,IC1,semigov,F,False,1,200.2523964487052,0.17219988727602945,100.1261982243526
ENG_CIVIL,EST,M1,private,M,False,2,199.180924722094,0.07853764677611397,99.590462361047
FIN,MAK,IC5,public,F,False,1,198.11787798939804,0.051901537060302406,99.05893899469902
ENG_ELEC,EST,IC1,private,F,False,1,196.17469324461354,0.10414766315983531,98.08734662230677
SWE,MAD,IC4,mnc,M,False,1,191.94461346502203,0.0644882166595874,95.97230673251102
CUSTOMER,RUH,IC2,public,F,True,1,191.50655563484543,0.02769753980150367,95.75327781742271
DESIGN,RUH,IC1,mnc,M,False,1,190.65758165555962,0.0784779002443869,95.32879082777981
ENG_MECH,RUH,IC2,pif_backed,F,False,1,190.4137967789161,0.07201815650992455,95.20689838945805
DATA,RUH,M2,public,M,True,1,189.10249243675935,0.010432978826802138,94.55124621837967
SWE,HAI,IC4,private,M,False,1,188.6209754196184,0.07427693746860367,94.3104877098092
OPS,EST,IC5,semigov,M,False,1,186.31860898133982,0.0371178075989764,93.15930449066991
SALES,JED,IC4,mnc,F,True,1,186.317076390922,0.00987577383375575,93.158538195461
OPS,NJR,SVP,startup,F,False,1,185.9378489698156,0.017824493191054558,92.9689244849078
SUPPLY,RUH,IC1,startup,M,False,1,185.85425097651068,0.1814619891428366,92.92712548825534
CUSTOMER,JED,IC4,public,M,False,2,184.74338879435447,0.10185427820207593,92.37169439717724
SALES,ASR,IC3,private,M,False,1,183.48899737985357,0.08543103559461639,91.74449868992679
ENG_ELEC,EST,IC5,private,M,False,1,183.4725166047956,0.06603265525947444,91.7362583023978
SUPPLY,EST,M2,pif_backed,F,False,1,182.88088696179784,0.0360541427436183,91.44044348089892
CUSTOMER,RUH,IC3,mnc,F,True,1,181.89204834897828,0.019334850710395295,90.94602417448914
CUSTOMER,RUH,IC3,startup,M,True,1,181.80402399747436,0.019246564902237882,90.90201199873718
ENG_MECH,JED,M1,public,M,False,1,180.9355202698689,0.09674762826670788,90.46776013493445
HEALTH,MAK,M1,public,F,False,1,180.64086373755526,0.05333523844731458,90.32043186877763
ENG_ELEC,TAB,IC4,public,M,False,1,180.0633428586866,0.09918839435696207,90.0316714293433
CUSTOMER,JED,IC2,private,M,False,1,179.60823441488776,0.17712190064608874,89.80411720744388
SALES,MAD,IC4,private,M,False,1,179.6076553371638,0.09515534255745256,89.8038276685819
ENG_ELEC,NJR,IC5,private,M,False,1,179.57948567225048,0.06564690641086116,89.78974283612524
FIN,MAK,M2,semigov,M,True,1,179.27871940995828,0.007812945910379144,89.63935970497914
PM,NJR,IC1,public,F,False,1,178.99386174692108,0.11243810374229352,89.49693087346054
SUPPLY,RUH,IC4,semigov,M,False,1,178.71277144034184,0.05412312726165856,89.35638572017092
SUPPLY,TAB,IC4,pif_backed,M,False,1,178.45017261211387,0.06192042622705822,89.22508630605694
ENG_MECH,JED,IC2,mnc,M,False,1,178.03443774866037,0.09868864586701451,89.01721887433018
SALES,JED,IC3,public,M,False,1,177.6328088035434,0.11021037423258331,88.8164044017717
ENG_ELEC,MAD,VP,private,M,False,1,177.01202307025596,0.011482178424729735,88.50601153512798
DESIGN,JED,IC5,pif_backed,M,False,1,172.17171905524083,0.02465925712621608,86.08585952762041
EDU,NJR,M2,private,F,False,1,168.66759236266898,0.06498533264316439,84.33379618133449
CUSTOMER,RUH,IC5,public,M,False,1,167.0205501763719,0.08505012603102087,83.51027508818595
ENG_CIVIL,NOR,IC6,private,M,False,1,166.86792645830428,0.04995749915232614,83.43396322915214
DATA,TAB,IC2,mnc,M,True,1,166.55412378711935,0.024316104643558132,83.27706189355968
OPS,EST,IC3,semigov,M,False,1,164.31790500743932,0.09083596565972239,82.15895250371966
ENG_CIVIL,NOR,IC4,private,M,False,1,161.79452285291904,0.09052481454622327,80.89726142645952
SALES,NOR,IC3,semigov,M,False,1,160.23063950155847,0.12373932742601707,80.11531975077924
HEALTH,MAK,M1,private,M,True,1,160.03954787555267,0.012234158171090727,80.01977393777634
ENG_CIVIL,EST,IC3,semigov,M,False,1,158.9005518219342,0.09317486936350763,79.4502759109671
SUPPLY,QAS,IC5,startup,M,True,1,158.82397340997704,0.009104723180252836,79.41198670498852
ENG_ELEC,MAK,M4,semigov,M,False,1,158.37074908427348,0.016407190745063648,79.18537454213674
HEALTH,JED,IC3,private,F,False,1,158.3276834940907,0.06364173716045754,79.16384174704535
HEALTH,RUH,IC1,semigov,F,False,1,153.55709144612365,0.09958474405361102,76.77854572306182
HEALTH,RUH,IC1,private,M,False,1,153.0356602664192,0.1298849076565081,76.5178301332096
SUPPLY,RUH,IC6,private,F,False,1,150.86921780519697,0.030913949285073974,75.43460890259848
OPS,MAD,IC2,mnc,F,True,1,150.31525056769533,0.03146439405413854,75.15762528384766
DESIGN,MAK,IC3,private,F,False,1,150.21965209180007,0.05606918491368686,75.10982604590004
EDU,RUH,IC3,private,F,False,1,147.83908801434382,0.07717790244162277,73.91954400717191
SALES,JAZ,M3,semigov,M,True,1,147.29445248009142,0.006706600736073273,73.64722624004571
CUSTOMER,QAS,IC5,semigov,M,False,1,145.66897352071578,0.06930761638656086,72.83448676035789
LEGAL,RUH,IC4,private,F,False,2,143.85539959423159,0.027302039830255125,71.92769979711579
FIN,RUH,IC3,private,M,False,2,143.2388190675989,0.0931805285539368,71.61940953379946
HEALTH,EST,IC4,semigov,F,False,1,143.18550249876625,0.03846822724312925,71.59275124938313
SUPPLY,JAZ,IC5,public,M,False,1,142.83573364764743,0.05802969189135695,71.41786682382372
HEALTH,RUH,M1,mnc,F,False,1,139.59862765195885,0.030779994410144743,69.79931382597943
SUPPLY,RUH,IC1,startup,F,False,1,137.92377496180143,0.12212968847615094,68.96188748090071
EDU,EST,M3,public,M,True,1,137.38134190491292,0.0097744792941375,68.69067095245646
CUSTOMER,BAH,IC3,startup,M,False,1,136.87181261210344,0.06630846078192916,68.43590630605172
CUSTOMER,EST,IC2,startup,M,False,1,136.14937739397942,0.07113259876383148,68.07468869698971
ENG_CIVIL,JED,M4,private,M,False,1,136.1210940678825,0.032717658886633375,68.06054703394125
SALES,MAD,IC3,public,M,True,2,135.6538845856312,0.014222095191634782,67.8269422928156
PM,EST,M1,public,M,False,1,133.28499664014907,0.027882736294442958,66.64249832007454
ENG_MECH,RUH,M3,semigov,M,False,1,133.11508283166222,0.02803185503036618,66.55754141583111
SALES,TAB,IC4,semigov,M,False,1,130.2967020568335,0.05879057643623036,65.14835102841676
SWE,JED,IC3,private,M,False,1,129.03222567524335,0.028626399349358067,64.51611283762168
HR,JED,M1,private,M,False,1,128.56902031335335,0.06725560588226397,64.28451015667667
SWE,MAD,IC3,semigov,M,False,1,125.36126848078493,0.04106915130837733,62.680634240392465
CUSTOMER,EST,IC6,private,M,True,1,124.40869033251874,0.014977107747189314,62.20434516625937
OPS,JED,IC3,public,F,True,1,120.92307258583696,0.01659015641008756,60.46153629291848
CUSTOMER,QAS,IC5,public,M,False,1,119.95470485863734,0.06946631290260519,59.97735242931867
HR,RUH,IC4,public,M,True,1,119.47827454507387,0.011495296957559955,59.73913727253694
SUPPLY,RUH,IC3,mnc,M,True,1,118.33996501873116,0.00774646081127804,59.16998250936558
EDU,JED,M1,startup,M,True,1,117.8799824260459,0.011127337728758818,58.93999121302295
FIN,RUH,IC4,mnc,F,False,1,116.7757827497253,0.01913131858088209,58.38789137486265
EDU,RUH,IC5,private,M,False,1,115.05163061322719,0.04167941852919151,57.525815306613595
DATA,RUH,IC3,semigov,F,True,1,114.08838610829662,0.009749728785472289,57.04419305414831
HEALTH,EST,IC6,mnc,F,False,1,112.39987014915914,0.015892081672548686,56.19993507457957
SALES,HAI,IC1,mnc,F,False,1,111.52021038012003,0.06994531556512838,55.76010519006002
PM,EST,M4,private,M,True,1,111.15436994301126,0.003354198328513218,55.57718497150563
DATA,RUH,IC4,private,M,False,1,109.70886508080548,0.017894609847047376,54.85443254040274
EDU,NJR,IC4,private,M,False,1,109.11446926285407,0.06686603661413708,54.557234631427036
DESIGN,RUH,IC3,mnc,F,False,1,106.1364724152927,0.028027433870545668,53.06823620764635
DESIGN,EST,IC2,private,F,False,1,105.75479523879949,0.04717058760163845,52.877397619399744
SALES,MAK,M4,private,M,False,1,104.92498478137531,0.010495230986406532,52.46249239068766
SUPPLY,JED,M1,pif_backed,F,False,1,104.76732110170633,0.023266024597505087,52.383660550853165
ENG_MECH,EST,IC3,semigov,M,False,1,104.75267381336016,0.06001513410677458,52.37633690668008
HEALTH,TAB,IC4,semigov,F,False,1,104.3673263939113,0.032476735099815184,52.18366319695565
MARKETING,RUH,M4,semigov,F,False,1,104.08700707837488,0.012518693839103003,52.04350353918744
CUSTOMER,QAS,D1,private,M,False,1,97.270442795088,0.026909794252522434,48.635221397544
MARKETING,ASR,IC3,semigov,F,False,1,97.13790439428749,0.05522486736555577,48.568952197143744
CUSTOMER,EST,IC3,private,M,False,1,96.95707279682733,0.07385862145724854,48.47853639841367
PM,MAK,IC5,semigov,F,False,1,94.31203686374374,0.01795936542847163,47.15601843187187
ENG_ELEC,EST,M3,private,M,False,1,93.3130736630128,0.01760512159793732,46.6565368315064
FIN,TAB,IC4,private,F,False,1,93.12871935227577,0.041747737453736326,46.56435967613788
SALES,MAD,IC4,pif_backed,M,False,1,92.72846062809867,0.024517901118557072,46.36423031404934
HEALTH,EST,IC5,semigov,M,False,1,92.21006528883481,0.020598577837601512,46.105032644417406
ENG_ELEC,ASR,IC1,semigov,M,True,1,89.58981057640904,0.019309414233671586,44.79490528820452
CUSTOMER,RUH,IC3,private,F,False,1,89.02377005277822,0.0531392971691089,44.51188502638911
PM,HAI,IC2,pif_backed,M,False,1,88.11304816014899,0.03460654612904417,44.056524080074496
OPS,EST,D2,public,M,False,1,84.77699637818932,0.013207098224872881,42.38849818909466
DESIGN,TAB,IC3,mnc,M,False,1,84.44303660190599,0.03957971426050831,42.221518300952994
OPS,JED,IC2,private,M,False,2,83.4405399181934,0.04842476626326098,41.7202699590967
ENG_ELEC,JED,IC4,semigov,M,False,1,81.95360022876366,0.029851674389749304,40.97680011438183
MARKETING,JAZ,IC3,private,F,False,1,81.7196086325248,0.03298503652703739,40.8598043162624
OPS,JAZ,IC3,public,M,False,1,76.98598139672981,0.05029750961387206,38.492990698364906
PM,JED,IC1,private,F,True,1,76.21442645280786,0.009747294355176992,38.10721322640393
HEALTH,RUH,D1,startup,F,True,1,75.85045879603786,0.002957916418841201,37.92522939801893
DESIGN,JED,IC3,public,M,False,1,74.55600276912537,0.035672711809406205,37.278001384562685
ENG_CIVIL,EST,IC3,private,F,False,1,74.49264283562002,0.04449946993276605,37.24632141781001
SWE,EST,IC2,public,M,False,1,70.71594921739165,0.036872768564589826,35.35797460869583
SALES,EST,IC1,private,M,False,1,69.53866724067711,0.06380194991014197,34.76933362033856
HEALTH,BAH,IC3,private,M,False,1,68.71202305355405,0.03650000528650662,34.356011526777024
ENG_ELEC,JED,IC4,pif_backed,M,True,1,67.7941303532225,0.004731414697492447,33.89706517661125
DESIGN,MAD,IC4,private,F,False,1,67.11515138160485,0.027845888621840616,33.55757569080242
HR,RUH,IC4,semigov,M,False,1,66.9390009274025,0.016658290514701996,33.46950046370125
OPS,ASR,IC3,semigov,M,False,1,65.45166984340449,0.04048659596562624,32.725834921702244
PM,ASR,IC4,mnc,M,False,1,64.98483098853058,0.020548620150149785,32.49241549426529
FIN,RUH,M2,private,M,False,1,63.98551133101955,0.00964235470122818,31.992755665509776
SUPPLY,EST,M2,semigov,M,False,1,63.907950938317754,0.017297204800801488,31.953975469158877
PM,EST,IC6,private,M,True,1,63.76614884039009,0.002266932232745751,31.883074420195044
DESIGN,RUH,IC2,public,M,False,1,62.95887379153487,0.03461425273462248,31.479436895767435
ENG_CIVIL,RUH,IC4,semigov,M,False,1,62.94166218888813,0.023600800095416232,31.470831094444065
HEALTH,ASR,IC1,public,F,True,1,62.824385845112374,0.01361970640255952,31.412192922556187
SWE,EST,IC5,private,M,False,1,57.225780546192254,0.01779591297394724,28.612890273096127
SALES,JED,IC3,semigov,M,True,1,57.09398219714603,0.004358313088873505,28.546991098573017
ENG_ELEC,EST,IC4,pif_backed,M,True,1,55.939485290582525,0.003488395505756389,27.969742645291262
SUPPLY,EST,IC2,public,M,False,1,55.61794250701951,0.044922013379973674,27.808971253509753
HEALTH,MAK,IC3,private,F,False,1,55.5996614471469,0.02481950108987099,27.79983072357345
HEALTH,EST,IC2,mnc,F,False,1,52.51084292621954,0.02540590548794292,26.25542146310977
HEALTH,MAD,IC2,mnc,F,False,1,51.94378569036098,0.02905338314858317,25.97189284518049
PM,EST,IC3,public,M,False,1,49.880963864573914,0.01633332125097935,24.940481932286957
SALES,RUH,M2,private,F,False,1,49.129002211773695,0.01266769505390943,24.564501105886848
HEALTH,JED,IC3,pif_backed,M,False,1,48.98977511910334,0.018632558572413627,24.49488755955167
CUSTOMER,ASR,IC3,pif_backed,M,False,1,48.84775839101758,0.013144096963062936,24.42387919550879
SWE,TAB,IC3,public,F,False,1,48.48735082485973,0.022534972335104476,24.243675412429866
SALES,RUH,D1,public,M,False,1,46.8228223734659,0.009363745913349517,23.41141118673295
EDU,NOR,M2,private,F,False,1,45.00242987292859,0.015431055600096246,22.501214936464294
CUSTOMER,JED,IC6,public,F,True,1,44.08784558778643,0.0021102986410387325,22.043922793893216
DESIGN,EST,IC5,public,M,False,1,42.37619363933163,0.014417716145052707,21.188096819665816
CUSTOMER,EST,IC3,private,F,False,1,42.14098351569055,0.032322979373611053,21.070491757845275
SALES,TAB,M1,private,M,False,1,41.847071520595364,0.011356739044292099,20.923535760297682
HEALTH,TAB,IC3,private,F,False,1,41.758096514852014,0.022264529263636253,20.879048257426007
ENG_MECH,MAK,IC4,public,M,False,1,40.902132513248716,0.020425273921212992,20.451066256624358
SALES,MAK,IC2,private,M,False,1,40.787795464487544,0.02153174466860423,20.393897732243772
ENG_CIVIL,JED,IC3,public,M,False,1,39.85182673165832,0.024438967541687746,19.92591336582916
OPS,EST,IC4,semigov,F,False,1,39.39874884285564,0.013374954170665273,19.69937442142782
DATA,BAH,IC2,semigov,M,True,1,37.80972674451732,0.004739922458913001,18.90486337225866
HEALTH,RUH,IC6,mnc,M,False,1,36.35774939228486,0.005388436322910517,18.17887469614243
CUSTOMER,EST,M2,startup,M,False,1,34.13402971808637,0.02093545301515632,17.067014859043184
EDU,QAS,D1,mnc,F,True,1,31.183001583351142,0.0015504218087990993,15.591500791675571
ENG_ELEC,EST,M3,public,M,False,1,30.391257843921267,0.00442735731250302,15.195628921960633
OPS,QAS,IC2,semigov,M,False,1,30.196903600379756,0.021176961588646015,15.098451800189878
CUSTOMER,JED,IC4,public,F,False,1,26.85641521406683,0.0234119013946213,13.428207607033414
HR,TAB,IC4,private,F,False,1,25.896470429437613,0.005566236340530102,12.948235214718807
SALES,EST,M3,private,M,False,1,25.618025160974867,0.010250800831563742,12.809012580487433
HEALTH,JED,IC3,public,M,False,1,23.35722123843334,0.0119330284724506,11.67861061921667
PM,EST,IC6,public,F,False,1,22.893096603495906,0.004152338425657646,11.446548301747953
SALES,RUH,IC1,semigov,M,True,1,22.171779611569036,0.0033140865071966392,11.085889805784518
ENG_MECH,EST,IC2,semigov,M,False,1,22.15378219942204,0.009518081531416976,11.07689109971102
HEALTH,NJR,IC3,private,F,False,1,20.785991310079908,0.012353202505171043,10.392995655039954
SUPPLY,NOR,IC4,mnc,M,False,1,20.298523631005082,0.0108931044909727,10.149261815502541
FIN,MAK,IC2,pif_backed,F,False,1,19.282580539269247,0.01145196182687948,9.641290269634624
SALES,NJR,M1,public,M,False,1,18.875628280914952,0.010380061584636082,9.437814140457476
FIN,EST,IC2,semigov,F,True,1,16.392407170809747,0.001769439290798939,8.196203585404874
PM,JED,IC4,public,F,False,1,15.563474765549472,0.005093165365508868,7.781737382774736
ENG_ELEC,EST,IC2,private,M,False,1,13.061379070193198,0.00720799322184272,6.530689535096599
ENG_CIVIL,JED,IC3,public,M,True,1,12.52657233356149,0.0013047892920578033,6.263286166780745
HEALTH,EST,IC2,private,M,False,1,12.285154811635948,0.006990099438318428,6.142577405817974
ENG_CIVIL,RUH,M3,pif_backed,M,False,1,11.601494288024696,0.0024954756197535185,5.800747144012348
HEALTH,JED,IC3,mnc,M,False,1,8.882760289940052,0.0036260599951957848,4.441380144970026
ENG_MECH,HAI,IC3,mnc,M,False,1,6.882358726003986,0.003146957411202637,3.441179363001993
PM,JED,IC4,pif_backed,M,False,1,5.860231418201693,0.0016204381294523508,2.9301157091008463
OPS,JAZ,M1,mnc,M,False,1,5.440103058280329,0.0017742681638729884,2.7200515291401643
CUSTOMER,HAI,IC4,mnc,F,False,1,4.94213274866479,0.002409960282562967,2.471066374332395
EDU,RUH,IC4,startup,M,False,1,4.430777090046831,0.0019914003044055844,2.2153885450234156
ENG_ELEC,JED,IC3,mnc,M,False,1,3.647600311895758,0.0022872725104896956,1.823800155947879
MARKETING,MAD,IC4,semigov,F,False,1,1.5105313481408302,0.0009028586433664152,0.7552656740704151
MARKETING,JED,IC3,pif_backed,F,False,1,0.34662284460318915,0.0001497523505409166,0.17331142230159458
