family,region,level,ownership,gender,is_saudi,n,mae,mape,pinball_p50
FIN,EST,CXO,private,M,True,1,263912.51771,0.9350875830085602,131956.258855
OPS,EST,SVP,semigov,M,True,1,233130.92771,0.9271412848250764,116565.463855
PM,TAB,SVP,private,M,True,1,129881.66771,0.8763821597252778,64940.833855
DATA,RUH,D2,semigov,M,False,1,123659.70361607082,0.6683154827173388,61829.85180803541
ENG_MECH,EST,D2,semigov,M,True,1,119682.42999999988,2.3377374021014186,59841.21499999994
ENG_MECH,RUH,D3,public,M,True,1,116998.20999999999,1.433979434704402,58499.104999999996
SWE,MAK,M5,semigov,M,True,1,94824.80771,0.8380804715320301,47412.403855
SALES,JED,M5,pif_backed,M,True,1,92809.22770999999,0.8351437056627101,46404.613854999996
LEGAL,MAD,VP,pif_backed,M,True,1,92616.68771,0.8348575847162415,46308.343855
SUPPLY,MAK,M4,pif_backed,F,True,1,91945.10771,0.8338517731697295,45972.553855
SALES,JED,IC5,private,M,True,1,89907.23042458323,0.7520152674808012,44953.61521229162
FIN,RUH,D1,mnc,M,True,1,89116.44839251456,0.6224244061030934,44558.22419625728
ENG_MECH,RUH,CXO,public,M,False,1,85542.61000000003,0.8256430099589549,42771.305000000015
PM,RUH,D2,private,F,True,1,84134.71999999994,0.6143112696027532,42067.35999999997
FIN,MAK,D3,private,M,True,1,76726.21771,0.8072480806265219,38363.108855
ENG_CIVIL,RUH,D3,private,M,False,1,75069.75999999995,0.5525243939158969,37534.879999999976
PM,EST,VP,private,M,True,1,74460.93482478111,0.47172041119098035,37230.46741239056
SWE,JAZ,D3,pif_backed,M,False,1,72192.45771,0.7975932012107007,36096.228855
SWE,JED,D1,pif_backed,M,True,1,71413.9470827911,0.5674064584526741,35706.97354139555
HEALTH,EST,SVP,private,M,True,1,67984.39771,0.7877242280326869,33992.198855
DATA,RUH,M1,private,M,True,1,67803.94229503574,0.6749259221787546,33901.97114751787
HEALTH,TAB,VP,semigov,M,False,1,67568.85999999999,0.7226897389374302,33784.42999999999
HEALTH,EST,SVP,mnc,F,True,1,67540.44771,0.7866266404009183,33770.223855
DATA,RUH,D3,private,M,False,2,65069.54999999996,0.4911331309784124,32534.77499999998
DATA,EST,M4,public,M,False,1,63410.93677138532,0.5858156077355463,31705.46838569266
PM,HAI,M3,private,M,True,1,60979.7032509135,0.6614723792816634,30489.85162545675
EDU,JED,D2,private,M,True,1,57187.10771,0.7573695988996064,28593.553855
MARKETING,RUH,D2,private,F,True,1,56596.25870208123,0.5687092250943279,28298.129351040614
SWE,RUH,VP,private,M,True,1,56315.24526218763,0.4122492677579186,28157.622631093815
ENG_ELEC,MAD,VP,private,M,False,1,51274.79771,0.7367574627970139,25637.398855
EDU,JED,VP,private,M,True,1,50882.387709999995,0.7352647632372153,25441.193854999998
EDU,JED,VP,private,F,True,1,50836.81771,0.7350903204060775,25418.408855
MARKETING,NJR,M4,private,F,True,1,50427.06771,0.7335114010707882,25213.533855
SWE,ASR,M4,semigov,M,True,1,50027.29640516901,0.6405364921333695,25013.648202584503
DATA,EST,M1,mnc,M,True,1,49905.830221491866,0.6326366129004237,24952.915110745933
HEALTH,RUH,SVP,private,F,True,1,49223.80000000005,0.7662699141632245,24611.900000000023
PM,RUH,VP,public,F,False,1,48679.58770999999,0.7265609021550892,24339.793854999996
PM,RUH,M4,semigov,M,True,1,48250.45036519511,0.5159306715964062,24125.225182597555
DATA,HAI,M5,private,F,True,1,47453.57771,0.721464069541156,23726.788855
FIN,MAK,VP,semigov,M,True,1,45146.859999999986,1.0637974106100612,22573.429999999993
SWE,RUH,M3,semigov,M,False,1,45042.24183289035,0.5670114198887025,22521.120916445176
DATA,RUH,M2,public,M,False,1,44989.58933343043,0.5847657365149493,22494.794666715214
SALES,RUH,M3,private,M,True,1,43934.55038484019,0.5443328269052239,21967.275192420097
MARKETING,JED,D3,semigov,M,False,1,43512.78000000004,0.41362736675081946,21756.39000000002
ENG_CIVIL,RUH,CXO,public,M,False,1,43321.97770999999,0.7027951168351653,21660.988854999996
FIN,RUH,M2,pif_backed,F,True,1,42802.71692542199,0.5710958824522047,21401.358462710996
SWE,RUH,IC6,public,M,True,1,42707.647999320674,0.5169379176666656,21353.823999660337
ENG_CIVIL,RUH,M2,pif_backed,M,True,1,41657.27780201635,0.6653772125839639,20828.638901008177
SALES,RUH,IC4,semigov,M,False,1,41504.18732201317,0.7126856113506685,20752.093661006584
ENG_MECH,RUH,IC4,semigov,M,True,2,40911.70922303473,0.464778701065121,20455.854611517367
FIN,MAD,IC6,mnc,M,True,1,39983.59770999999,0.6857777166994659,19991.798854999994
MARKETING,RUH,D3,public,M,False,1,39203.31999999992,0.8355027926233891,19601.65999999996
DATA,HAI,IC6,private,M,True,1,38736.60771,0.6789103412848513,19368.303855
DESIGN,TAB,M4,mnc,M,True,1,38291.98141374126,0.5127322328358913,19145.99070687063
SWE,RUH,IC5,mnc,M,False,2,38058.60508278056,0.5021590432793299,19029.30254139028
MARKETING,JAZ,M3,private,M,False,1,37913.08000000003,2.9881971466651347,18956.540000000015
SWE,QAS,M1,semigov,M,True,1,37734.05355997328,0.6418862515347699,18867.02677998664
OPS,RUH,M5,mnc,M,False,1,37639.05449291795,0.5140150389080915,18819.527246458976
MARKETING,EST,VP,mnc,M,False,1,37597.44876129581,0.4411470879652518,18798.724380647905
SWE,RUH,D1,mnc,M,True,2,36481.92184815192,0.31143043438426965,18240.96092407596
LEGAL,RUH,D2,startup,F,True,1,36278.57771,0.6644549847066795,18139.288855
FIN,JED,D2,private,F,True,1,35735.82000000002,1.1962962033071056,17867.91000000001
MARKETING,NJR,M3,private,F,False,1,35179.01771,0.657558615753735,17589.508855
LEGAL,RUH,IC5,mnc,F,True,1,34632.65176433014,0.4988055330816137,17316.32588216507
SWE,MAK,M2,semigov,F,False,1,34342.83313469122,0.570177670813665,17171.41656734561
ENG_MECH,MAK,IC6,public,M,True,1,34165.03770999999,0.6509429032345337,17082.518854999995
MARKETING,NJR,D3,pif_backed,M,False,1,34067.39770999999,0.650292333408796,17033.698854999995
ENG_CIVIL,MAK,D1,private,M,False,1,34025.32771,0.6500112752229168,17012.663855
ENG_ELEC,RUH,M1,mnc,M,True,1,33660.345096355435,0.687186473800936,16830.172548177718
OPS,RUH,IC5,private,F,True,1,33647.65598399588,0.5224739378986898,16823.82799199794
SWE,RUH,D1,startup,M,True,1,33141.86922636638,1.227664425201573,16570.93461318319
DESIGN,RUH,D2,pif_backed,M,False,1,33102.857199069986,0.402521405044094,16551.428599534993
MARKETING,RUH,IC5,private,M,True,1,32926.72251417734,0.5536733656800222,16463.36125708867
ENG_CIVIL,RUH,VP,startup,M,True,1,32789.8637330829,0.4347399893122051,16394.93186654145
SWE,EST,D1,public,F,False,1,32784.58032037976,0.45664702328601975,16392.29016018988
SWE,RUH,IC4,mnc,M,False,1,32770.387517266616,0.5813999547458426,16385.193758633308
ENG_MECH,JED,IC5,private,M,True,1,32477.453660770072,0.5440131360791077,16238.726830385036
ENG_ELEC,JED,IC6,public,M,False,1,32440.924713173703,0.6082770708051398,16220.462356586851
PM,EST,IC6,mnc,F,False,1,32432.415281236674,0.4756393452949994,16216.207640618337
ENG_ELEC,RUH,IC5,semigov,M,True,1,32363.2774624513,0.537029057572136,16181.63873122565
SALES,JED,M5,private,M,True,1,31917.827709999994,0.6353292105119106,15958.913854999997
SUPPLY,MAK,D2,private,M,True,1,31654.997709999992,0.6334113392143577,15827.498854999996
FIN,EST,M1,semigov,M,True,1,31625.859112458995,0.5339203531064878,15812.929556229497
EDU,EST,VP,pif_backed,M,True,1,31364.850000000006,0.5075365451523597,15682.425000000003
DESIGN,RUH,IC3,mnc,F,True,1,31215.948538214565,0.6465099060826535,15607.974269107282
PM,RUH,M4,private,M,False,1,31084.597076901067,0.478474334016219,15542.298538450534
HR,EST,VP,public,F,True,1,30708.929999999957,0.5215876178835877,15354.464999999978
OPS,RUH,VP,private,M,False,1,30680.65222243637,1.0792261895484854,15340.326111218184
DATA,EST,D2,pif_backed,M,True,1,30374.33837226451,0.3078181885573102,15187.169186132254
DESIGN,RUH,D2,semigov,M,False,1,30356.650927540926,0.420122008359647,15178.325463770463
ENG_ELEC,MAK,M4,semigov,M,False,1,30228.32,0.6937010145396155,15114.16
DATA,JED,D1,semigov,M,True,1,30214.797709999995,0.6225334449910805,15107.398854999998
FIN,EST,M2,semigov,M,True,1,30121.259954035253,0.437904484321222,15060.629977017627
HEALTH,RUH,M4,public,F,False,1,29979.820649837686,0.49309929315714035,14989.910324918843
DATA,JAZ,M3,private,M,False,1,29937.439999999977,2.0869468229198964,14968.719999999988
HEALTH,MAD,IC4,semigov,F,False,1,29895.143150346586,0.6730646674902336,14947.571575173293
EDU,RUH,SVP,private,F,True,1,29867.577709999994,0.6198135990288037,14933.788854999997
DATA,RUH,IC3,public,M,False,1,29815.64255795652,0.7099052097075634,14907.82127897826
PM,ASR,D2,private,F,False,1,29717.337709999996,0.6186245509782303,14858.668854999998
PM,JED,M1,semigov,M,True,1,29660.839323134664,0.5283486725238438,14830.419661567332
PM,EST,IC6,private,F,True,1,29486.42009486208,0.5635004966794932,14743.21004743104
FIN,EST,IC6,public,M,False,1,29472.148952132782,0.5190521385190989,14736.074476066391
SWE,RUH,M3,pif_backed,F,True,1,28971.75187796304,0.3753342679800159,14485.87593898152
MARKETING,QAS,M4,semigov,F,True,1,28253.080000000038,1.6383925438939875,14126.540000000019
HEALTH,RUH,VP,public,F,True,1,28052.097062177367,0.34695196802513706,14026.048531088683
ENG_CIVIL,RUH,M5,private,M,True,1,27773.356523836046,0.4497354140083512,13886.678261918023
DESIGN,MAK,M1,startup,M,True,1,27753.41000000001,2.3822587733604355,13876.705000000005
MARKETING,RUH,IC5,private,M,False,1,27621.906609709866,0.5555932350574415,13810.953304854933
HEALTH,RUH,D2,semigov,F,False,1,27488.385818137758,0.40006703325580045,13744.192909068879
SWE,MAK,IC4,semigov,M,False,1,27438.7021722657,0.49904210252646014,13719.35108613285
DESIGN,MAK,M1,private,M,True,1,27372.41000000001,2.2751491142910347,13686.205000000005
ENG_ELEC,MAK,M4,private,F,True,1,27297.25,0.67161224829226,13648.625
CUSTOMER,JED,D1,mnc,M,True,1,27278.88,0.4975322082345326,13639.44
DATA,RUH,VP,mnc,M,False,1,27268.744772921564,0.26507479130520073,13634.372386460782
FIN,JED,IC4,private,F,False,1,27114.21934626175,0.6479109818102208,13557.109673130875
OPS,RUH,D1,startup,M,True,1,26830.898997810666,0.5601491746022441,13415.449498905333
SWE,EST,D1,private,F,True,1,26813.231521707003,1.3937161695100908,13406.615760853501
CUSTOMER,MAK,IC6,private,M,True,1,26789.339999999997,0.7476262491093986,13394.669999999998
SWE,RUH,IC4,semigov,M,True,1,26696.572330575895,0.47399093248252394,13348.286165287947
MARKETING,RUH,VP,public,F,True,1,26618.350000000046,1.2996733526034163,13309.175000000023
SALES,EST,IC4,mnc,M,False,1,26562.185698432022,0.5117483533969708,13281.092849216011
HEALTH,EST,D1,private,F,True,2,26549.33676468641,0.466181553989516,13274.668382343205
ENG_ELEC,JAZ,IC4,pif_backed,M,False,1,26427.449732517773,0.6624948542650879,13213.724866258886
ENG_MECH,JED,D1,private,M,True,1,26378.27555025994,0.3281715166603335,13189.13777512997
DATA,JAZ,M2,private,M,True,1,26354.459756747034,0.580326873676116,13177.229878373517
CUSTOMER,RUH,M3,private,M,True,1,26145.872907379966,0.5323684894674164,13072.936453689983
FIN,MAK,IC4,pif_backed,F,True,1,26067.96519396754,0.5863331030996104,13033.98259698377
HEALTH,JED,VP,mnc,F,True,1,26050.460000000006,0.4372525181859428,13025.230000000003
SWE,RUH,M3,private,M,True,2,25772.859055017416,0.3416563991970073,12886.429527508708
SUPPLY,RUH,VP,semigov,M,True,1,25178.27716077702,0.4006897995312184,12589.13858038851
ENG_MECH,RUH,M3,private,M,True,1,25148.591509325626,0.41035817560569776,12574.295754662813
DATA,JED,M3,private,M,True,1,24844.2142459928,0.43769936468588677,12422.1071229964
PM,EST,IC5,public,F,True,1,24762.13006257302,0.5177775216601627,12381.06503128651
SALES,EST,D2,private,F,False,1,24634.547709999995,0.5734970297965519,12317.273854999998
PM,QAS,M2,semigov,M,True,2,24582.967709999994,0.5618728779059596,12291.483854999997
EDU,MAK,D2,public,M,True,1,24498.697709999997,0.5721438859556197,12249.348854999998
ENG_CIVIL,RUH,D2,private,M,True,1,24422.6351760514,0.3886270149067635,12211.3175880257
EDU,RUH,IC4,mnc,F,False,1,24366.309878271317,0.6494727965963036,12183.154939135658
FIN,RUH,M2,mnc,M,False,1,24277.12531317275,0.41683629654396553,12138.562656586375
FIN,RUH,IC6,mnc,M,True,1,23809.666665762838,0.3733914290923958,11904.833332881419
HEALTH,JED,CXO,private,M,True,1,23793.907709999996,0.5649836459466409,11896.953854999998
SWE,MAD,IC6,private,F,True,1,23658.563521204953,0.46540981706877,11829.281760602476
ENG_CIVIL,NOR,CXO,mnc,F,False,1,23590.827709999994,0.5628757841868232,11795.413854999997
CUSTOMER,QAS,M3,private,F,False,1,23443.06,2.9270639412566006,11721.53
DATA,RUH,M1,pif_backed,M,False,1,23356.700396884775,0.4321679075711818,11678.350198442387
SUPPLY,MAD,IC5,semigov,M,False,1,23307.41000000001,3.8753192380851056,11653.705000000005
MARKETING,QAS,M4,private,M,False,1,23155.660000000036,1.0364272187436934,11577.830000000018
SWE,RUH,M3,private,F,False,1,23072.19594962906,0.38579093408417,11536.09797481453
SWE,TAB,M5,private,F,False,1,23023.299999999996,0.6336753184986854,11511.649999999998
OPS,NJR,SVP,startup,F,False,1,22956.297709999995,0.556156053824044,11478.148854999998
SUPPLY,RUH,D1,private,M,False,1,22945.05793783418,0.4224796915258683,11472.52896891709
DATA,NJR,M3,public,M,False,1,22808.337709999996,0.5545593329339371,11404.168854999998
SUPPLY,QAS,M4,public,M,True,1,22716.437709999995,0.553561790790036,11358.218854999997
FIN,RUH,IC5,semigov,F,False,1,22631.839188888156,0.4406911451817787,11315.919594444078
OPS,ASR,M1,pif_backed,F,True,1,22597.480000000007,0.7340223518490009,11298.740000000003
CUSTOMER,MAD,IC6,mnc,F,True,1,22554.927709999993,0.5517977879088496,11277.463854999996
SWE,QAS,D1,private,F,True,1,22495.487709999998,0.5511450733304732,11247.743854999999
DATA,QAS,M4,public,F,True,1,22483.17000000001,0.4140015544965961,11241.585000000005
HR,MAK,IC4,private,F,False,1,22323.47405583098,0.6706579643660543,11161.73702791549
MARKETING,MAK,IC4,private,F,True,1,22262.90787847326,0.7029629801760418,11131.45393923663
HEALTH,RUH,M4,private,F,True,1,22133.248567960844,0.44727621017564373,11066.624283980422
DESIGN,RUH,M2,public,F,True,1,22060.64221743637,0.417936379231106,11030.321108718184
SWE,RUH,M4,private,F,True,1,21657.623076828528,0.8225370676726265,10828.811538414264
CUSTOMER,RUH,D2,mnc,F,False,1,21642.543082599936,0.5072876072433268,10821.271541299968
FIN,JED,D1,semigov,M,False,1,21606.118868176927,0.7987188211061166,10803.059434088464
SWE,RUH,D1,private,M,False,2,21538.784114138514,0.830954367419375,10769.392057069257
SWE,JAZ,M3,private,M,True,1,21464.23,0.500017704499785,10732.115
HR,EST,D3,startup,F,False,1,21430.767709999996,0.5391226705414353,10715.383854999998
HR,RUH,IC4,private,M,True,2,21395.752216600275,0.5705082956149992,10697.876108300137
ENG_CIVIL,TAB,IC5,pif_backed,M,True,1,21328.19271870371,0.590364662551674,10664.096359351855
HEALTH,JED,IC4,semigov,F,True,1,21089.21996059583,0.5899868055325921,10544.609980297915
OPS,EST,M3,pif_backed,M,True,1,21046.399360618507,0.42114386555785505,10523.199680309253
SALES,TAB,IC5,semigov,F,True,2,21032.9774142136,0.40255239114069413,10516.4887071068
FIN,EST,IC4,public,M,True,2,21032.012561618794,0.41934229830120046,10516.006280809397
ENG_ELEC,EST,M2,pif_backed,M,True,1,21007.20984319455,0.40223053806666176,10503.604921597274
SALES,MAK,M4,private,M,False,1,20845.989999999998,0.4618858672074171,10422.994999999999
HEALTH,RUH,D2,pif_backed,F,True,1,20725.369608426823,0.28880722455879226,10362.684804213412
ENG_ELEC,EST,M3,pif_backed,M,True,1,20688.901807645576,0.31772207452729734,10344.450903822788
SWE,EST,M4,private,M,False,1,20659.033562378587,0.30132937632663453,10329.516781189293
PM,RUH,M4,public,M,True,3,20397.64878859598,0.47749502366615854,10198.82439429799
DATA,RUH,IC3,pif_backed,M,True,2,20269.730431670738,0.4939610770508319,10134.865215835369
HEALTH,RUH,D1,private,F,False,2,20267.6355320652,0.6184701089292801,10133.8177660326
ENG_MECH,EST,M3,pif_backed,M,True,2,20095.84204657605,0.3002978704111442,10047.921023288025
SWE,EST,IC6,private,M,True,1,19779.334812739497,0.7313203776350232,9889.667406369748
DESIGN,JED,M5,private,M,True,1,19625.397709999994,0.5171952460112864,9812.698854999997
OPS,QAS,M3,semigov,M,True,2,19608.371350930553,0.8717494545974465,9804.185675465276
LEGAL,MAK,M1,public,M,False,1,19587.640000000014,1.4984092305173777,9793.820000000007
HEALTH,MAD,IC3,private,M,False,1,19585.987273258244,0.725535382681017,9792.993636629122
OPS,RUH,M3,startup,F,True,1,19444.887785451057,0.4668005048400628,9722.443892725529
FIN,JED,M3,pif_backed,M,True,1,19437.00874324421,0.30268147516460775,9718.504371622104
SALES,ASR,IC6,private,F,False,1,19420.280000000017,3.333650328811287,9710.140000000009
PM,JED,IC5,public,F,True,1,19401.186451003214,0.5188658086738686,9700.593225501607
ENG_CIVIL,TAB,D1,private,M,True,1,19385.470000000016,0.3671247171115554,9692.735000000008
SALES,RUH,IC5,mnc,M,True,1,19103.84888415997,0.3639943221497169,9551.924442079984
DATA,EST,M3,startup,M,True,1,19021.06010259712,0.8417672100201499,9510.53005129856
MARKETING,RUH,IC6,private,M,True,1,18682.487887486455,0.4180869672363825,9341.243943743228
HR,QAS,IC5,semigov,M,True,1,18480.525968671085,0.5210721139522698,9240.262984335543
DATA,QAS,IC4,startup,M,True,1,18470.65301108035,0.5305076497555601,9235.326505540175
FIN,MAK,M3,private,F,True,1,18134.196119895114,0.9208171856880901,9067.098059947557
PM,RUH,IC4,private,M,True,3,18128.90719000936,0.30808729992380446,9064.45359500468
CUSTOMER,RUH,IC5,mnc,M,True,2,18011.587409884898,0.36250035604004405,9005.793704942449
SWE,MAK,M3,private,M,True,1,17956.675254674126,0.8185815610302236,8978.337627337063
FIN,EST,IC5,private,M,False,2,17909.798838999253,0.35045472514202924,8954.899419499627
OPS,MAD,IC4,semigov,M,False,1,17890.356690292483,0.6088008832130326,8945.178345146242
HEALTH,ASR,M2,private,M,True,1,17825.61357758831,0.5494870780990254,8912.806788794154
MARKETING,RUH,IC5,private,F,True,2,17767.589924483626,0.41750091086820507,8883.794962241813
FIN,NJR,M4,mnc,F,True,1,17733.557709999997,0.4918613065741978,8866.778854999999
CUSTOMER,JED,IC6,pif_backed,M,True,1,17674.589737770002,0.43702415465129363,8837.294868885001
OPS,HAI,IC5,public,M,False,2,17602.33499999998,2.5285752783863127,8801.16749999999
FIN,RUH,VP,mnc,F,True,1,17587.33151678936,0.18250679852031212,8793.66575839468
DATA,HAI,IC6,private,M,False,1,17547.357709999993,0.4892234119312652,8773.678854999996
FIN,RUH,M3,private,M,True,1,17497.863458504817,1.128300421101202,8748.931729252408
LEGAL,BAH,M1,private,M,True,1,17495.87999999999,0.47358979793525746,8747.939999999995
ENG_MECH,QAS,M1,public,M,True,1,17467.867775268463,0.5694164146662172,8733.933887634232
FIN,TAB,M1,public,M,True,1,17466.38694181981,0.49625436384531524,8733.193470909904
DATA,RUH,IC6,private,M,False,1,17449.004253635794,0.30021734315434073,8724.502126817897
SALES,RUH,M4,semigov,M,True,1,17393.14048983687,0.26117304973324873,8696.570244918435
ENG_CIVIL,RUH,VP,private,M,True,1,17388.272909539104,0.6055804227134057,8694.136454769552
HEALTH,JAZ,IC6,public,M,True,1,17364.154963596433,0.4978887789818613,8682.077481798216
EDU,EST,M3,private,F,True,1,17352.179154382644,0.43319767721320973,8676.089577191322
ENG_MECH,RUH,IC3,public,M,True,1,17337.7513369344,0.5212179243136228,8668.8756684672
FIN,QAS,M2,private,M,True,1,17327.021919381335,0.3791904832737168,8663.510959690668
DATA,EST,IC4,private,M,True,1,17273.444930776168,0.4750442478795352,8636.722465388084
HEALTH,MAK,IC4,private,F,True,1,17265.61317285566,0.6201713276171957,8632.80658642783
SWE,RUH,M2,startup,M,True,1,17251.8900677894,0.3533749048099891,8625.9450338947
ENG_MECH,RUH,IC6,public,M,False,1,17233.567250689994,0.41020192254405824,8616.783625344997
OPS,TAB,D1,startup,M,False,1,17211.669999999995,0.9611559780781648,8605.834999999997
ENG_ELEC,RUH,IC6,private,M,False,1,17103.087160634037,0.43796729616645586,8551.543580317018
FIN,RUH,M3,mnc,M,True,2,17042.59059315079,1.0668576484668493,8521.295296575396
HR,QAS,M1,private,F,True,1,17034.549999999992,0.6587688373805403,8517.274999999996
FIN,RUH,M3,startup,F,False,1,16978.24274375507,0.6995593615202969,8489.121371877534
CUSTOMER,EST,IC4,public,M,True,1,16956.97179033464,0.6038571063930772,8478.48589516732
ENG_ELEC,MAK,IC6,private,M,True,1,16949.879999999997,0.6095916965470611,8474.939999999999
ENG_CIVIL,MAK,IC4,pif_backed,M,False,1,16776.013171577244,0.5640596246994859,8388.006585788622
HEALTH,EST,IC4,private,M,True,1,16666.90807883854,0.5315662226932074,8333.45403941927
MARKETING,JAZ,D1,pif_backed,F,False,1,16660.08,0.5847714453192184,8330.04
SALES,RUH,M2,pif_backed,M,False,1,16621.507822399595,1.308395866599778,8310.753911199798
MARKETING,RUH,IC5,startup,M,False,1,16520.661702262474,0.4397062736615439,8260.330851131237
OPS,NJR,IC1,private,F,False,1,16520.422290000006,9.178012383333337,8260.211145000003
ENG_ELEC,BAH,M2,semigov,M,True,1,16516.759999999995,0.7755891313576034,8258.379999999997
SALES,QAS,IC6,pif_backed,F,True,1,16512.452479723626,0.3528734609698631,8256.226239861813
ENG_MECH,RUH,M2,private,M,True,3,16494.847746149742,0.539615769322291,8247.423873074871
MARKETING,EST,M2,semigov,F,False,1,16473.843164368183,0.5873304256873473,8236.921582184092
HR,EST,IC4,semigov,M,False,1,16377.281391336845,0.4830681687921216,8188.640695668422
MARKETING,JED,M1,mnc,M,True,1,16306.4780256079,0.37640569244655137,8153.23901280395
SWE,JED,M2,public,F,True,1,16221.72824141668,0.9652165312562174,8110.86412070834
MARKETING,RUH,D2,startup,F,False,1,16181.562907747575,0.27555017709366536,8090.7814538737875
DATA,EST,M2,private,F,False,1,16152.488050381635,1.2546820434403936,8076.244025190817
PM,MAK,M1,startup,M,True,1,16073.460000000006,0.4631898119024245,8036.730000000003
CUSTOMER,NOR,IC1,semigov,F,False,1,16059.132290000005,7.101757089979616,8029.5661450000025
SALES,RUH,M3,pif_backed,M,False,1,15963.348373079618,0.7548124983724634,7981.674186539809
SWE,EST,M4,semigov,F,False,1,15929.715517850716,0.7261845735151113,7964.857758925358
OPS,JED,M4,public,F,True,1,15817.307897260254,1.4659704343755595,7908.653948630127
FIN,EST,IC5,pif_backed,F,True,1,15802.693439545204,0.8861876670176345,7901.346719772602
SWE,RUH,IC6,mnc,M,True,2,15765.578303592589,0.5540978321525898,7882.789151796294
OPS,RUH,IC6,public,M,True,1,15660.100309319685,0.37248952491286474,7830.0501546598425
SALES,RUH,M3,private,F,True,2,15638.622722196977,0.4481235263284057,7819.311361098488
SALES,EST,M3,pif_backed,M,False,1,15556.561888156553,0.28411087317027234,7778.280944078277
PM,TAB,IC3,mnc,M,False,1,15528.37178089851,0.5464754018369731,7764.185890449255
MARKETING,JED,IC5,semigov,F,True,1,15500.672786932379,2.847300011008907,7750.336393466189
DATA,EST,IC6,semigov,F,True,1,15455.935329395797,0.2871575304088166,7727.967664697899
SWE,RUH,IC5,semigov,M,True,1,15445.137754725638,0.8402453393715291,7722.568877362819
ENG_ELEC,JED,IC4,startup,F,True,1,15388.042302463964,2.0642372420835975,7694.021151231982
ENG_CIVIL,RUH,D1,private,M,False,1,15369.683481997483,0.32207298324091055,7684.841740998741
ENG_ELEC,RUH,D3,public,M,True,1,15346.607709999993,0.4558349135638039,7673.3038549999965
ENG_ELEC,MAD,D1,private,M,False,1,15314.960000000014,0.34516140591831124,7657.480000000007
SWE,MAK,IC5,public,F,True,2,15288.034253307445,0.29816494180034364,7644.017126653723
SALES,RUH,SVP,public,F,True,1,15265.915838587433,0.46247864102714786,7632.957919293716
SWE,EST,IC6,private,F,True,1,15119.159577752558,0.274485276600183,7559.579788876279
OPS,EST,D2,private,M,True,1,15081.409999999967,0.5849053457212033,7540.704999999984
SALES,JED,VP,private,M,True,1,15070.240000000013,0.22116817201473238,7535.120000000006
LEGAL,MAK,M1,private,F,True,2,14944.860000000015,1.2183978405925333,7472.430000000008
FIN,BAH,IC2,private,M,False,1,14884.882290000005,4.332617955255944,7442.4411450000025
SWE,EST,IC3,mnc,F,False,1,14853.681997681437,0.45776019366257714,7426.840998840718
MARKETING,RUH,IC4,mnc,F,True,2,14840.048192221264,0.7763906178983249,7420.024096110632
DATA,RUH,IC4,private,F,False,1,14825.527599776146,0.36104469098782077,7412.763799888073
DATA,ASR,IC6,private,M,True,1,14798.897709999994,0.4468357958436343,7399.448854999997
FIN,RUH,M1,private,M,True,1,14758.840249610515,0.397562830492947,7379.420124805258
ENG_CIVIL,RUH,IC5,public,M,False,1,14694.948823920471,0.5120617648619683,7347.474411960236
FIN,RUH,IC4,pif_backed,M,False,2,14678.051564304835,0.39416911336144284,7339.025782152417
HEALTH,RUH,M3,private,M,False,1,14653.61684840576,0.36852865221483266,7326.80842420288
SUPPLY,ASR,IC5,semigov,M,True,1,14638.763810018514,0.41979548182821785,7319.381905009257
SWE,HAI,IC5,private,F,True,1,14609.210384148191,0.45130396777089793,7304.605192074096
SUPPLY,HAI,IC6,private,M,True,1,14568.917996917671,0.55474392675609,7284.458998458836
HEALTH,RUH,IC6,startup,M,True,1,14525.77746972441,0.3977921313869101,7262.888734862205
ENG_CIVIL,QAS,M4,private,M,False,1,14491.76000000001,0.828810032816663,7245.880000000005
SWE,RUH,M4,private,M,True,1,14427.695057528574,0.22477204594134512,7213.847528764287
ENG_MECH,EST,IC5,public,M,False,1,14417.402670046034,0.5335763110890631,7208.701335023017
OPS,MAD,IC1,private,M,False,1,14403.962290000007,3.6778014559066112,7201.981145000003
EDU,NJR,IC1,private,F,True,1,14320.422290000006,3.5801055725000013,7160.211145000003
SWE,MAD,IC1,mnc,M,True,1,14320.422290000006,3.5801055725000013,7160.211145000003
DESIGN,HAI,IC1,private,F,True,1,14320.422290000006,3.5801055725000013,7160.211145000003
ENG_MECH,HAI,IC1,private,M,True,1,14320.422290000006,3.5801055725000013,7160.211145000003
CUSTOMER,HAI,IC2,semigov,F,True,1,14320.422290000006,3.5801055725000013,7160.211145000003
SUPPLY,TAB,IC1,mnc,M,True,1,14320.422290000006,3.5801055725000013,7160.211145000003
DESIGN,EST,IC5,private,M,False,1,14297.769469521842,0.4361026553498727,7148.884734760921
ENG_ELEC,JED,M2,public,M,True,1,14262.496230722925,0.3991302451037564,7131.248115361463
MARKETING,HAI,M3,private,F,True,1,14240.919999999995,0.43567521165135614,7120.459999999997
SWE,RUH,M3,semigov,M,True,2,14239.329733702549,0.3783943095543144,7119.664866851274
LEGAL,RUH,IC5,pif_backed,F,False,1,14229.71020957901,1.576381295913623,7114.855104789505
ENG_CIVIL,ASR,IC4,pif_backed,M,True,1,14219.515831947796,0.5316722496128343,7109.757915973898
MARKETING,TAB,IC2,private,F,False,1,14175.672290000006,3.4201513456782693,7087.836145000003
FIN,QAS,M3,semigov,F,True,1,14164.69024491182,0.5729167355575239,7082.34512245591
DESIGN,EST,M3,public,M,False,1,14156.868584462798,0.40596093323025684,7078.434292231399
PM,RUH,M4,private,M,True,1,14141.649396189852,0.2088221250649887,7070.824698094926
FIN,ASR,IC5,private,F,True,1,14081.333539383602,0.3888266427994524,7040.666769691801
FIN,MAD,M1,pif_backed,M,True,1,14077.089272266126,0.3643937807347037,7038.544636133063
SWE,MAK,M3,private,F,False,1,14069.897645170342,0.3162387331022401,7034.948822585171
PM,EST,IC5,mnc,M,True,1,14045.066547621529,0.8209835592243176,7022.5332738107645
SWE,RUH,IC4,private,F,False,1,14013.545801910126,1.7977008851417562,7006.772900955063
MARKETING,QAS,IC5,private,M,False,1,14011.500000000002,0.6136746768698321,7005.750000000001
HEALTH,EST,M1,public,F,True,1,13935.979669954388,0.48310314038140756,6967.989834977194
ENG_ELEC,RUH,IC5,pif_backed,M,True,1,13823.191046950371,0.28727632734772096,6911.5955234751855
MARKETING,NJR,D1,private,M,False,1,13776.122290000007,3.0315169090949112,6888.061145000003
FIN,EST,D2,public,F,False,1,13749.555813923587,0.2933543975121802,6874.777906961794
SWE,RUH,M2,private,M,True,2,13716.4227207958,0.3661762620413307,6858.2113603979
SWE,JED,M2,private,F,False,1,13712.224402489488,1.045288040482103,6856.112201244744
SUPPLY,EST,IC4,startup,M,True,1,13700.709276129684,0.44067401222982966,6850.354638064842
SALES,JAZ,IC3,semigov,M,False,1,13603.559717418435,0.5515329299581769,6801.7798587092175
DESIGN,RUH,M2,private,M,False,1,13522.957935722854,1.2953508738087776,6761.478967861427
ENG_MECH,RUH,IC4,public,M,False,3,13522.417268284727,0.4397326567365623,6761.208634142364
SWE,TAB,IC4,semigov,M,False,1,13515.327037920744,0.4645024904471092,6757.663518960372
SUPPLY,JED,IC6,startup,F,True,1,13481.421494721784,0.6087874483215985,6740.710747360892
CUSTOMER,RUH,M3,mnc,F,True,1,13458.451544586584,0.2841114162511974,6729.225772293292
PM,MAK,M2,public,M,True,1,13453.700000000026,0.7131902856800573,6726.850000000013
ENG_CIVIL,EST,M3,public,M,True,1,13453.170089771698,0.3648141212375836,6726.585044885849
ENG_ELEC,RUH,M1,public,M,False,1,13400.017881533886,0.9837510879269592,6700.008940766943
LEGAL,MAK,IC1,public,M,True,1,13354.392290000007,2.6891485331341145,6677.1961450000035
SALES,RUH,M2,public,M,False,1,13347.226051794692,0.8566199065798034,6673.613025897346
SWE,HAI,IC1,pif_backed,M,False,1,13341.142290000007,2.6793316081843175,6670.5711450000035
LEGAL,ASR,IC3,semigov,F,False,1,13327.557709999994,0.4211187478632126,6663.778854999997
EDU,RUH,M4,private,M,True,2,13326.108564216833,0.2600115001555263,6663.054282108416
OPS,RUH,VP,pif_backed,F,True,1,13231.119210030192,0.17901796333256698,6615.559605015096
ENG_ELEC,EST,M3,pif_backed,M,False,1,13194.91940826,0.32096344128084536,6597.45970413
EDU,NOR,M1,public,M,True,1,13187.832290000006,2.5694303051675673,6593.916145000003
DATA,RUH,IC5,public,M,True,1,13169.3966459226,0.27554117229670844,6584.6983229613
MARKETING,JED,D1,private,F,True,1,13157.310000000001,0.6751032488033196,6578.655000000001
SWE,TAB,M2,private,M,True,1,13156.138962588419,0.35550944545296487,6578.069481294209
SALES,MAD,IC5,private,M,True,2,13105.830080520875,0.5825194619590863,6552.915040260437
CUSTOMER,HAI,IC2,public,F,True,1,13099.112290000005,2.5087788869076926,6549.556145000002
PM,RUH,IC4,public,M,True,2,13095.86657045415,0.886729146963942,6547.933285227075
HR,RUH,M2,mnc,M,False,1,13088.436525771976,0.4024199898959295,6544.218262885988
DATA,EST,M1,semigov,M,False,1,13083.20980800279,0.3024688116956151,6541.604904001395
PM,RUH,M3,semigov,M,False,1,13067.277167625816,0.28822640231127256,6533.638583812908
SWE,RUH,IC5,startup,F,True,1,13053.548793845279,0.3023633473535871,6526.774396922639
EDU,ASR,D2,private,F,True,1,12935.800000000005,0.5012498503318276,6467.900000000002
ENG_MECH,RUH,IC5,startup,M,False,1,12930.322340264196,0.4011291625501809,6465.161170132098
FIN,NOR,IC3,public,M,True,1,12900.96000000001,3.2252400000000025,6450.480000000005
FIN,EST,IC4,private,M,False,1,12841.401693341268,1.5803829540755976,6420.700846670634
ENG_MECH,RUH,IC4,private,F,True,1,12838.105879476265,0.35371788873865717,6419.052939738132
HR,MAD,IC5,mnc,F,False,1,12835.064799601654,0.5046868519260441,6417.532399800827
EDU,EST,IC6,mnc,F,False,1,12774.693537203832,0.42040729104775354,6387.346768601916
ENG_ELEC,RUH,IC4,mnc,M,False,1,12762.23249570871,0.48901096042458,6381.116247854355
SWE,EST,M3,private,M,True,1,12753.896339427425,0.24697822645626982,6376.948169713713
DATA,RUH,M3,private,F,True,2,12733.062657972421,0.4645771921719207,6366.531328986211
ENG_ELEC,TAB,IC4,public,M,True,1,12731.272497166323,0.3860410969010737,6365.636248583161
SALES,RUH,M1,pif_backed,F,False,1,12695.339171368123,1.008354077419836,6347.6695856840615
DATA,RUH,IC4,pif_backed,M,True,1,12630.645423202794,0.3321301027079656,6315.322711601397
DATA,JED,IC4,mnc,M,True,1,12578.872626037279,0.3329575347403315,6289.436313018639
LEGAL,RUH,IC5,public,F,True,1,12563.687120298633,0.7997152881757478,6281.8435601493165
SWE,RUH,M4,private,M,False,2,12560.878028101572,0.2916649677264782,6280.439014050786
EDU,MAK,IC4,startup,M,True,1,12510.073415255001,0.5190249282042549,6255.036707627501
MARKETING,BAH,IC3,private,M,False,1,12491.932290000006,2.1432536197196885,6245.966145000003
EDU,JED,VP,public,F,True,1,12450.337709999993,0.4046158661664513,6225.168854999996
SALES,RUH,IC6,public,M,False,2,12400.88744485455,0.3470854548761087,6200.443722427275
PM,NJR,IC5,private,F,False,1,12374.46000000001,2.3118035096109857,6187.230000000005
ENG_CIVIL,JED,M1,pif_backed,M,False,1,12340.035779431542,0.3078887347090034,6170.017889715771
PM,RUH,IC3,startup,F,False,1,12337.457121606867,0.4922619198264386,6168.7285608034335
ENG_CIVIL,RUH,IC5,private,F,True,1,12301.055242446164,0.40929870993612705,6150.527621223082
OPS,RUH,M3,private,M,True,2,12293.648387794608,0.31740640325438063,6146.824193897304
OPS,RUH,M2,pif_backed,M,True,1,12270.110809472008,0.3171214525290532,6135.055404736004
SWE,MAK,IC5,private,M,True,1,12255.818640752364,0.3408384717315514,6127.909320376182
SALES,RUH,IC6,private,F,False,1,12224.507455286082,0.26914477986231744,6112.253727643041
SALES,TAB,IC4,semigov,M,True,1,12130.334673079498,0.5517347176692374,6065.167336539749
DATA,MAD,M2,semigov,M,False,1,12128.900191179078,0.8075026791266648,6064.450095589539
ENG_MECH,QAS,IC6,mnc,M,True,1,12117.447709999993,0.3981043256311954,6058.723854999997
ENG_CIVIL,EST,M4,semigov,M,False,1,12097.577399802638,0.3556966493664285,6048.788699901319
SWE,EST,IC6,semigov,M,True,1,12094.701606668372,0.26171569869144057,6047.350803334186
OPS,QAS,M3,private,M,True,1,12084.488422819464,1.1210693350965184,6042.244211409732
PM,NJR,IC3,private,M,False,2,12072.595000000003,0.712949178566957,6036.2975000000015
PM,NJR,IC1,public,F,False,1,12021.312290000005,1.908414409337193,6010.656145000003
ENG_MECH,ASR,IC3,startup,M,True,1,11996.729361478298,0.49390069566262895,5998.364680739149
DATA,RUH,M1,semigov,M,False,1,11977.73636303284,0.5555544076839086,5988.86818151642
ENG_MECH,ASR,IC4,semigov,F,False,1,11918.305801864171,0.5728517074976458,5959.152900932086
SALES,RUH,M2,startup,F,True,1,11876.322272796784,0.7774268414976505,5938.161136398392
CUSTOMER,TAB,D1,public,F,False,1,11872.259732942257,1.27210460912915,5936.1298664711285
DATA,RUH,IC5,private,M,False,1,11867.877986108258,0.2543514953078709,5933.938993054129
ENG_CIVIL,EST,D1,semigov,M,True,1,11860.282707294169,0.6654974563169224,5930.1413536470845
PM,RUH,M2,private,M,False,1,11852.182313635327,0.6716616804904509,5926.091156817663
SWE,JED,IC6,semigov,F,True,1,11820.421612791746,0.40164736187210426,5910.210806395873
SWE,EST,IC5,public,M,True,2,11770.6280820063,0.8252753443779228,5885.31404100315
SWE,MAD,M3,public,M,False,1,11718.340646638764,0.2975247776915908,5859.170323319382
HEALTH,JED,M2,public,F,False,1,11717.695270543752,1.1556733092037847,5858.847635271876
ENG_ELEC,RUH,IC3,semigov,M,True,2,11706.635162186349,0.4046651890777948,5853.317581093174
MARKETING,EST,IC5,private,M,True,3,11701.23246115393,0.4287166402048981,5850.616230576965
DATA,RUH,IC5,public,F,True,1,11688.741332934183,0.31600869490398503,5844.370666467092
ENG_MECH,RUH,IC5,mnc,F,False,1,11650.648962655603,0.4829602847464601,5825.324481327802
ENG_ELEC,JED,IC5,pif_backed,M,True,1,11646.830363915189,0.5958433280084305,5823.4151819575945
SWE,NJR,IC4,public,F,True,1,11641.286975100498,2.162586006253065,5820.643487550249
ENG_MECH,MAK,M3,semigov,M,False,1,11593.075756731392,0.3752508806420426,5796.537878365696
DESIGN,TAB,VP,mnc,M,True,1,11536.96000000005,0.14172716841968253,5768.480000000025
SWE,RUH,M4,mnc,M,True,1,11513.983477025315,0.3585558058011546,5756.991738512657
HR,EST,M3,semigov,M,True,1,11505.76060549157,0.34680589243161836,5752.880302745785
SALES,RUH,IC5,semigov,M,True,2,11485.08406861043,0.8934447383543334,5742.542034305215
FIN,MAD,D1,private,M,False,1,11476.269999999982,0.5914304384707267,5738.134999999991
MARKETING,RUH,D1,private,M,True,1,11462.580981442192,0.38114561942308317,5731.290490721096
PM,QAS,IC3,private,M,True,1,11451.75542485696,0.4332196955313319,5725.87771242848
FIN,EST,IC6,public,M,True,1,11406.37764968018,0.2693657209268977,5703.18882484009
ENG_ELEC,EST,M1,private,F,False,1,11401.762414293351,0.4905832225084957,5700.8812071466755
HR,MAK,IC6,private,F,False,1,11383.452290000005,1.6409833529624611,5691.726145000002
CUSTOMER,JAZ,D2,mnc,M,True,1,11375.167709999994,0.3830591582790574,5687.583854999997
DATA,RUH,IC3,private,M,True,1,11334.054230759346,1.9884724293773457,5667.027115379673
OPS,RUH,IC4,public,M,True,2,11317.882641062793,0.3938699086012163,5658.941320531397
DESIGN,RUH,IC5,public,M,True,2,11316.804703568196,0.5743064464813765,5658.402351784098
PM,RUH,M5,private,M,True,1,11314.710000000028,0.2781813675908809,5657.355000000014
SALES,JED,IC5,startup,M,True,1,11308.647250817216,0.7339355169813285,5654.323625408608
SALES,EST,IC4,public,M,True,1,11295.892068434885,0.343654591843446,5647.9460342174425
SWE,EST,M3,public,M,True,1,11288.300480101581,0.5259153880247288,5644.150240050791
HEALTH,RUH,IC6,startup,F,True,1,11259.325244218371,1.181577746831101,5629.662622109186
DATA,JED,IC4,semigov,F,True,1,11257.857794574567,0.35109379963182924,5628.928897287284
FIN,RUH,M1,private,F,True,1,11242.800001371219,0.3190413436289695,5621.4000006856095
SWE,MAK,IC4,mnc,F,False,1,11222.072084515896,0.8770786391468973,5611.036042257948
PM,RUH,IC5,semigov,M,False,1,11211.200392225113,0.29033218090510526,5605.600196112557
DESIGN,JED,IC4,semigov,F,False,1,11191.029010991919,0.5635918404538093,5595.514505495959
EDU,RUH,M1,mnc,M,False,2,11162.45386679739,0.3624980929726962,5581.226933398695
ENG_CIVIL,EST,M4,private,M,False,1,11149.646314689995,0.33626064237440706,5574.8231573449975
ENG_CIVIL,JED,M3,semigov,M,False,1,11074.751052609063,1.2441443636026583,5537.375526304531
DATA,RUH,IC2,semigov,M,True,2,11002.191587554482,0.35740845684758826,5501.095793777241
ENG_MECH,EST,IC2,mnc,M,True,1,10999.078327830912,0.5898062392696359,5499.539163915456
HEALTH,MAK,IC4,private,F,False,1,10993.58956063914,0.49540914061011143,5496.79478031957
PM,EST,IC3,private,F,False,1,10976.819601615996,0.3799352538988739,5488.409800807998
DESIGN,ASR,IC4,semigov,M,True,1,10959.055073598713,0.34729207892191727,5479.527536799356
LEGAL,JED,IC5,private,M,True,1,10932.162895217585,0.598444510602502,5466.081447608793
ENG_MECH,JED,IC5,mnc,M,False,1,10913.36427051984,0.37664214256496853,5456.68213525992
HR,RUH,M4,public,F,False,1,10900.02093215424,0.7945154436124172,5450.01046607712
FIN,JED,D1,private,F,True,1,10837.315268022066,0.18456075525203836,5418.657634011033
FIN,EST,IC2,pif_backed,M,False,1,10833.266691315624,0.4683159280695002,5416.633345657812
PM,RUH,IC2,semigov,F,True,1,10815.059904951579,0.483941634901578,5407.529952475789
SWE,RUH,IC5,public,M,False,2,10807.114459507602,0.22089152236588694,5403.557229753801
ENG_MECH,EST,M3,mnc,F,False,1,10792.539101660896,0.3697782093124119,5396.269550830448
DATA,JED,M4,private,M,False,1,10791.67122309668,0.19570930231636924,5395.83561154834
SWE,EST,M3,private,F,True,1,10789.25459817574,0.33753317214178935,5394.62729908787
ENG_ELEC,JED,IC4,semigov,M,True,1,10752.046766695279,0.346695500868195,5376.0233833476395
LEGAL,RUH,M1,mnc,F,False,1,10751.539171210123,0.7739084896915839,5375.769585605061
DESIGN,EST,IC2,private,M,True,1,10744.649306680409,0.5099046362583883,5372.324653340204
EDU,EST,D1,public,M,True,1,10713.22124741109,0.3022111266973062,5356.610623705545
ENG_ELEC,ASR,IC4,public,F,False,1,10710.263315345817,0.4973100559260776,5355.131657672909
ENG_ELEC,RUH,M5,semigov,M,True,1,10669.60592319267,0.24229252903456758,5334.802961596335
PM,EST,IC4,public,F,True,1,10631.388140226285,0.3698095378306558,5315.6940701131425
SALES,NJR,M3,private,M,True,1,10630.531785222089,0.7042456525256238,5315.265892611044
SALES,RUH,M2,mnc,F,False,2,10584.439221231518,0.6499326333106217,5292.219610615759
SWE,RUH,M1,private,F,True,3,10563.02886654037,0.4900138436358703,5281.514433270185
ENG_MECH,RUH,M2,semigov,M,False,1,10552.57371761636,1.2271347771946237,5276.28685880818
SALES,QAS,M1,private,F,True,1,10491.06279855896,0.41191191390691895,5245.53139927948
SUPPLY,EST,IC6,private,F,False,1,10467.557067294338,0.7935901365107348,5233.778533647169
DATA,RUH,IC3,mnc,M,True,3,10416.959105301745,0.27741894962115005,5208.479552650872
FIN,RUH,IC6,private,M,True,1,10415.345691039805,0.26769492609757206,5207.672845519903
SWE,RUH,IC4,public,F,False,2,10406.878839748895,0.3716494525394063,5203.439419874448
EDU,RUH,M2,private,M,True,1,10396.819015087975,0.3542691768554639,5198.409507543987
SWE,JED,M2,semigov,M,True,1,10378.423888765457,0.5301234991607892,5189.211944382729
CUSTOMER,EST,M1,mnc,F,True,1,10307.479581368329,0.4091800853005045,5153.739790684164
CUSTOMER,MAK,IC4,private,F,True,1,10277.790097926274,1.734592493730374,5138.895048963137
EDU,EST,M3,public,F,True,1,10271.893514417145,0.9577728486873979,5135.946757208572
MARKETING,RUH,M1,private,F,True,1,10256.252041588754,1.2143856694632318,5128.126020794377
ENG_CIVIL,NOR,IC4,private,M,False,1,10251.842290000006,1.2705881691697927,5125.921145000003
CUSTOMER,RUH,M2,startup,F,True,1,10246.112019518832,0.6675430773958959,5123.056009759416
DATA,NJR,M2,mnc,M,True,1,10217.837709999993,0.35803996844937264,5108.918854999996
MARKETING,QAS,IC4,private,F,True,1,10214.928204372727,0.4728395710656591,5107.464102186364
HEALTH,TAB,M1,private,M,False,1,10213.415974820844,0.4402338267024732,5106.707987410422
HEALTH,RUH,IC6,private,F,True,1,10178.09510601688,0.7301071411111385,5089.04755300844
OPS,BAH,IC3,public,M,False,1,10169.010000000013,2.112918105543992,5084.5050000000065
SWE,JED,IC3,public,M,True,1,10149.19734235691,1.480681392323615,5074.598671178455
SALES,RUH,IC3,private,M,False,1,10130.001526189597,1.6473663326166446,5065.0007630947985
DATA,QAS,M1,private,F,True,1,10126.052532665337,0.3469215083937829,5063.0262663326685
SALES,EST,M4,public,M,True,1,10112.147330545973,0.18275032210442413,5056.073665272987
FIN,MAD,D1,public,M,True,1,10083.019999999982,0.4848186153053891,5041.509999999991
EDU,TAB,IC3,mnc,M,True,1,10071.480354688229,0.5632806388961226,5035.740177344114
HR,BAH,M3,semigov,F,True,1,10063.919999999984,1.2542851552227587,5031.959999999992
HEALTH,QAS,M2,pif_backed,F,False,1,10052.38436807119,0.30580562396993627,5026.192184035595
MARKETING,TAB,D1,public,M,False,1,10035.657709999996,0.35391555214966225,5017.828854999998
ENG_ELEC,JED,IC4,public,M,True,1,10025.659788000617,0.4285229982240704,5012.829894000309
SALES,NJR,M2,pif_backed,M,False,1,9997.600504252448,0.552156855940974,4998.800252126224
DATA,ASR,IC4,private,M,True,1,9973.871441022793,2.0659375738742303,4986.9357205113965
PM,EST,IC5,semigov,M,False,1,9910.818673976133,0.4644623635655454,4955.409336988067
LEGAL,RUH,M2,public,M,True,1,9902.620331575356,0.2682107636072915,4951.310165787678
HEALTH,RUH,IC5,private,F,False,3,9896.729572318613,0.34773948104093594,4948.364786159306
PM,JED,IC3,pif_backed,M,True,1,9839.597282745879,0.3383017342711922,4919.7986413729395
DESIGN,ASR,M1,mnc,F,False,1,9828.032290000006,1.1572751946154154,4914.016145000003
PM,EST,IC3,mnc,M,False,1,9810.374215507216,0.4271482742521366,4905.187107753608
SWE,EST,IC4,public,M,True,2,9794.721632846093,0.494958644027626,4897.360816423046
SUPPLY,EST,IC3,semigov,M,True,1,9788.248106600484,0.32318464530824537,4894.124053300242
SWE,RUH,M5,private,F,False,1,9786.524183278041,0.37384980047047855,4893.262091639021
DATA,RUH,IC2,startup,M,False,1,9745.51308210768,0.5184508834005864,4872.75654105384
HEALTH,RUH,IC4,public,M,True,1,9720.508821736883,0.37225457746671364,4860.2544108684415
SWE,EST,M1,private,M,False,1,9695.11466276594,0.35424847094962825,4847.55733138297
FIN,EST,IC4,private,F,True,1,9649.164453953017,1.0682776493590351,4824.5822269765085
HEALTH,MAD,M2,private,M,True,2,9635.790397584684,1.023783764140614,4817.895198792342
PM,RUH,IC5,mnc,M,False,1,9589.002163737201,0.4289335336008535,4794.5010818686005
SALES,RUH,IC4,private,M,False,3,9584.722838942043,0.48129213953247646,4792.361419471022
SWE,TAB,IC6,private,M,False,1,9562.730000000014,0.3390447482212329,4781.365000000007
OPS,MAK,M1,private,M,False,2,9556.282290000006,1.1289096166662465,4778.141145000003
CUSTOMER,ASR,IC6,pif_backed,F,False,1,9546.370000000008,0.918659536569336,4773.185000000004
LEGAL,NJR,IC3,private,F,True,1,9542.882290000005,1.0871932557413586,4771.4411450000025
ENG_ELEC,JED,M1,semigov,M,False,1,9535.939324303208,0.3896047800554752,4767.969662151604
HEALTH,EST,M4,private,M,False,1,9530.435318986318,0.5054225876447226,4765.217659493159
LEGAL,RUH,IC4,private,M,True,2,9522.69995459615,0.3278898957606541,4761.349977298075
HEALTH,RUH,M2,semigov,F,False,1,9519.39706317617,0.9232174870771593,4759.698531588085
SWE,RUH,IC4,private,M,False,3,9498.302931330376,0.22354172174116363,4749.151465665188
SUPPLY,EST,IC5,private,M,True,1,9489.230799994491,0.3764169657617048,4744.615399997246
ENG_MECH,RUH,D2,private,F,False,1,9464.388860302468,0.45223549015422243,4732.194430151234
HEALTH,HAI,IC6,public,M,True,1,9443.14000000002,0.9771289205384445,4721.57000000001
OPS,BAH,IC3,mnc,F,False,1,9434.240000000013,1.700613784463414,4717.120000000006
MARKETING,JED,IC4,pif_backed,F,True,1,9423.261582816096,0.35525922431816653,4711.630791408048
FIN,RUH,IC5,semigov,M,False,1,9416.023840616352,0.29097059710675194,4708.011920308176
SALES,JED,IC4,private,M,True,2,9400.861589487804,0.34839359104423934,4700.430794743902
LEGAL,RUH,D1,public,M,True,1,9399.59317657796,0.19588795008929877,4699.79658828898
HEALTH,MAK,IC4,public,F,False,1,9382.861775959518,0.44185126190395435,4691.430887979759
DATA,JED,IC4,semigov,M,True,1,9381.618300848251,0.31615468218618137,4690.809150424126
CUSTOMER,NJR,M3,semigov,F,True,1,9363.081494826476,0.7581688066679468,4681.540747413238
ENG_CIVIL,RUH,IC6,semigov,M,False,2,9333.895078014051,0.26563445352223514,4666.947539007026
ENG_ELEC,EST,M5,public,M,True,1,9329.516848863546,0.22988448134989703,4664.758424431773
SWE,MAK,M2,public,M,True,1,9327.308193103367,0.5037594755232598,4663.654096551683
SWE,RUH,M1,private,M,True,2,9320.948689414343,0.5968636148482707,4660.474344707171
DATA,JED,M1,private,M,True,1,9274.592191363987,0.24194659857335196,4637.296095681993
ENG_CIVIL,RUH,IC3,public,F,False,1,9272.373611385376,0.5643442538585834,4636.186805692688
EDU,RUH,IC6,mnc,F,True,1,9248.037369492367,0.7964104295494261,4624.018684746184
SWE,RUH,IC4,mnc,F,False,1,9207.186848683137,0.7211746949879992,4603.593424341569
EDU,EST,IC5,pif_backed,F,True,1,9205.483943954845,0.3429996882781071,4602.7419719774225
ENG_MECH,QAS,IC3,public,M,True,2,9173.853697546798,0.34876148568866655,4586.926848773399
DATA,RUH,M2,semigov,M,True,1,9167.393435796592,0.31586182046011074,4583.696717898296
MARKETING,RUH,IC5,startup,M,True,1,9162.072162225099,0.6304504886417346,4581.036081112549
ENG_ELEC,MAK,M1,private,M,True,1,9159.942290000006,0.9999413011108595,4579.971145000003
PM,RUH,IC4,semigov,M,True,1,9149.055716283026,0.2990138621538811,4574.527858141513
SWE,QAS,IC6,public,M,True,1,9130.499215519616,0.28638189636928435,4565.249607759808
DESIGN,NOR,IC5,pif_backed,M,False,1,9110.539999999994,0.23385873562052942,4555.269999999997
SALES,EST,IC4,private,F,True,1,9090.853581695752,0.6919321423446877,4545.426790847876
SALES,MAD,M4,public,M,True,1,9082.380000000026,0.2076878327736994,4541.190000000013
HEALTH,MAK,IC3,semigov,F,True,1,9080.111814725447,0.4612192910580661,4540.055907362724
SALES,RUH,IC5,pif_backed,M,True,1,9066.54834704939,0.37875113040095604,4533.274173524695
SWE,TAB,M5,private,M,True,1,9063.239999999996,0.40509902605384174,4531.619999999998
SWE,ASR,IC4,public,M,True,1,9055.14739360782,0.7220112484896473,4527.57369680391
DATA,RUH,M1,public,F,True,2,9053.695493931707,0.2343701246449343,4526.847746965854
FIN,JED,IC3,semigov,M,True,1,9052.886808118637,0.688245609984106,4526.443404059319
ENG_ELEC,RUH,M1,private,M,False,1,9040.121660207991,0.9746541221393361,4520.060830103996
HEALTH,RUH,VP,private,M,True,1,9009.821537035059,0.20244397037642423,4504.9107685175295
HR,RUH,M2,private,M,True,1,8989.861552208038,0.675269909479992,4494.930776104019
FIN,EST,IC4,public,F,True,2,8989.790250167232,0.24114118915300112,4494.895125083616
SWE,JED,IC5,private,M,True,2,8979.706844962293,0.6152390475932179,4489.8534224811465
DESIGN,RUH,IC5,mnc,M,True,1,8976.582850540075,0.43313075156720204,4488.2914252700375
SALES,EST,M3,public,F,True,1,8975.545751944785,0.42904876718455887,4487.772875972392
PM,JED,IC3,public,M,True,1,8970.812933886667,0.39796858923322653,4485.406466943334
SWE,HAI,IC4,mnc,M,True,1,8958.438561039304,0.26322173629809015,4479.219280519652
CUSTOMER,TAB,M4,private,M,True,1,8943.561097956568,0.25637790242990666,4471.780548978284
ENG_CIVIL,EST,IC4,private,M,False,2,8940.93668896443,0.4191495911277196,4470.468344482215
OPS,MAD,M1,public,M,False,1,8938.982290000005,0.9528369088327596,4469.491145000003
HR,EST,IC5,public,M,True,1,8937.563098089046,0.33556313754064443,4468.781549044523
OPS,JAZ,IC6,semigov,F,True,1,8932.39347686046,0.37571794116565266,4466.19673843023
MARKETING,NJR,IC5,public,M,False,1,8907.779999999992,0.7543461931590586,4453.889999999996
HEALTH,HAI,IC4,private,F,False,1,8899.327875583984,0.48948721382548216,4449.663937791992
DATA,JED,IC4,semigov,F,False,1,8893.514653781505,0.4732997162804246,4446.757326890753
HEALTH,EST,M2,semigov,M,False,1,8888.2837943032,0.31962609092306704,4444.1418971516
PM,JED,IC6,public,M,False,1,8873.960000000017,0.2894998259535127,4436.980000000009
SWE,EST,IC5,mnc,M,False,1,8871.165418521989,0.20307491996012264,4435.582709260994
PM,RUH,M3,private,M,False,2,8859.128383863957,0.23777724805999365,4429.564191931979
DATA,RUH,IC5,pif_backed,M,True,1,8857.822040130966,0.3084963596534855,4428.911020065483
HEALTH,RUH,M3,semigov,F,True,1,8857.371088555972,0.5783510463070187,4428.685544277986
FIN,RUH,IC2,public,F,False,1,8853.722113925936,0.5288402668251885,4426.861056962968
SALES,JED,IC4,private,F,False,1,8822.519416662435,0.7757049836385681,4411.259708331218
ENG_MECH,RUH,IC5,private,M,False,2,8819.747154296741,0.34261571799388985,4409.873577148371
HR,RUH,IC6,private,F,False,1,8788.464534760775,1.1435853089014556,4394.232267380387
HR,MAK,IC5,private,F,True,1,8748.866181410915,0.32015289488332715,4374.433090705457
OPS,MAK,IC1,mnc,M,True,1,8727.7,0.685724836380493,4363.85
SWE,JAZ,M1,pif_backed,M,True,1,8726.960194188048,0.7861071076214138,4363.480097094024
HR,RUH,M4,pif_backed,F,True,1,8716.166815781653,0.7326535500807916,4358.0834078908265
DATA,RUH,M2,private,M,False,2,8683.77613400022,0.2001062172044246,4341.88806700011
HEALTH,MAK,IC4,public,M,True,1,8674.960385330918,0.3527875174597442,4337.480192665459
SUPPLY,ASR,M1,private,M,True,1,8641.75,1.061418376997433,4320.875
HEALTH,TAB,IC3,pif_backed,F,False,1,8628.973220909906,0.4886990179497858,4314.486610454953
LEGAL,RUH,D1,semigov,F,True,1,8627.356294112768,0.2106072717198306,4313.678147056384
MARKETING,RUH,IC5,pif_backed,F,True,1,8612.238178973865,0.3751744447129121,4306.119089486932
SALES,EST,M2,semigov,F,True,1,8599.641851661356,0.2027531213294877,4299.820925830678
SUPPLY,RUH,IC4,mnc,M,True,1,8588.820851688977,0.3469585794837718,4294.410425844489
HEALTH,JED,M1,private,M,True,1,8585.162927585807,0.3234165295140069,4292.581463792903
CUSTOMER,JED,M3,public,M,True,1,8573.477146844252,1.6612979893937563,4286.738573422126
DESIGN,EST,IC4,mnc,F,False,1,8565.172998588798,0.4507207702348646,4282.586499294399
SUPPLY,JED,M4,public,M,True,1,8547.148382323678,0.6231030666405929,4273.574191161839
OPS,RUH,IC3,semigov,M,True,1,8546.301452513459,0.5277569916389011,4273.150726256729
HR,JAZ,IC2,private,M,False,1,8535.622290000007,0.8723348755212174,4267.811145000003
ENG_ELEC,EST,IC4,mnc,F,True,1,8528.74933481111,0.43502064150782566,4264.374667405555
ENG_CIVIL,RUH,IC3,pif_backed,M,True,1,8516.694845800024,0.42428757763814373,4258.347422900012
FIN,EST,M3,private,M,True,1,8516.131607819312,0.19491390614201196,4258.065803909656
HEALTH,TAB,M2,public,F,False,1,8502.94394482857,0.38289527769112897,4251.471972414285
SWE,JED,IC3,semigov,M,False,1,8488.700233884323,1.7958395796551043,4244.350116942162
DATA,RUH,IC4,private,F,True,1,8485.286468217502,0.708945145975734,4242.643234108751
SALES,JAZ,M1,public,M,False,1,8485.061122905594,1.4341667480069018,4242.530561452797
DATA,EST,IC4,private,M,False,1,8479.561642363733,0.2810550996691377,4239.7808211818665
HEALTH,JED,M2,mnc,F,False,1,8457.223968902992,0.4996761655347192,4228.611984451496
FIN,EST,IC5,semigov,M,True,1,8419.398279659956,0.2227927527286774,4209.699139829978
DATA,EST,IC4,startup,M,True,1,8399.17639845427,0.858779881155118,4199.588199227135
OPS,HAI,IC6,public,M,True,1,8390.652290000005,0.844999661623583,4195.326145000003
SALES,JED,M2,startup,M,True,1,8376.677686709525,0.3755709299833672,4188.3388433547625
SWE,RUH,IC5,mnc,F,False,1,8375.628827206321,0.22987752022101499,4187.814413603161
ENG_MECH,MAK,IC4,mnc,M,True,1,8374.878759564488,0.931152506594822,4187.439379782244
DESIGN,JAZ,IC4,pif_backed,M,False,1,8373.660243805187,0.3751339047542866,4186.830121902593
FIN,EST,M1,pif_backed,M,True,1,8370.116498492029,2.02659389233586,4185.058249246014
ENG_CIVIL,EST,IC6,private,M,True,1,8368.739979607075,0.8209637210468201,4184.3699898035375
MARKETING,RUH,M3,semigov,F,False,1,8354.842282628908,0.36799425832798877,4177.421141314454
CUSTOMER,RUH,IC6,public,F,True,1,8342.957345201972,0.6317713272340778,4171.478672600986
CUSTOMER,MAD,D1,pif_backed,F,False,1,8330.919635131939,0.3660033044355292,4165.459817565969
SALES,JED,M3,private,F,False,1,8317.709093046778,0.3149858725920055,4158.854546523389
ENG_CIVIL,RUH,M2,public,M,True,2,8314.978456590807,0.2929409003466238,4157.489228295403
HEALTH,MAK,M4,private,F,False,1,8297.279414597222,0.5552233140835559,4148.639707298611
SUPPLY,EST,IC4,private,M,True,1,8297.228993173752,0.6070586448540636,4148.614496586876
HEALTH,RUH,IC5,public,F,False,2,8287.161356726374,0.26347208356860025,4143.580678363187
ENG_MECH,RUH,IC5,private,M,True,2,8278.008739416764,0.34808349982589765,4139.004369708382
MARKETING,JED,M4,mnc,M,True,1,8262.617932224446,0.3764973299133258,4131.308966112223
PM,RUH,IC6,public,M,True,1,8240.745030549264,0.3503295108307187,4120.372515274632
DATA,JED,IC3,private,F,True,1,8236.603218155034,1.1701216374472638,4118.301609077517
OPS,RUH,IC5,private,F,False,1,8233.248378249731,0.36498406000265676,4116.624189124866
LEGAL,RUH,IC3,semigov,F,True,1,8223.78269772359,1.2853837962530934,4111.891348861795
OPS,JED,M3,private,M,False,1,8196.507413098994,0.5499129434286918,4098.253706549497
HEALTH,ASR,M3,private,F,True,1,8187.163435773613,0.799691678544781,4093.5817178868065
PM,RUH,IC2,pif_backed,F,False,1,8186.472794022884,0.4837380280288834,4093.236397011442
SWE,MAK,IC4,private,M,False,2,8183.644579171882,0.3741251721221116,4091.822289585941
MARKETING,RUH,D3,private,F,True,1,8164.909999999916,0.10473171965606975,4082.454999999958
SWE,RUH,IC5,semigov,F,True,2,8134.824021790437,0.16806245812846962,4067.4120108952184
ENG_ELEC,EST,M5,private,M,True,1,8128.617105649249,0.28356142244546356,4064.3085528246247
ENG_CIVIL,ASR,IC4,private,M,False,1,8120.795235732741,0.4984514064057465,4060.3976178663706
ENG_CIVIL,RUH,D1,pif_backed,M,False,1,8119.181253509065,0.48449670535924483,4059.5906267545324
SALES,NJR,IC4,semigov,F,True,1,8091.427482836905,0.6818858091509032,4045.7137414184526
HR,MAK,IC5,semigov,F,True,1,8074.90847314641,0.2689216759037922,4037.454236573205
SALES,RUH,IC4,private,F,True,2,8061.385003656125,0.24803656200501437,4030.6925018280626
SWE,RUH,IC2,pif_backed,M,False,1,8055.768872705212,0.4136683345009706,4027.884436352606
HR,RUH,M4,mnc,M,True,1,8053.139659827855,0.3757893590799342,4026.5698299139276
SWE,JED,M2,public,M,False,2,8017.571546485823,0.46587489299589274,4008.7857732429115
DESIGN,RUH,M1,private,F,True,1,8010.419133281361,0.2941198614617896,4005.2095666406804
PM,MAD,IC4,mnc,M,False,1,7998.299961703693,0.9528160461765721,3999.1499808518465
FIN,JAZ,M1,public,M,True,1,7992.793883848088,0.37073067245070696,3996.396941924044
PM,BAH,IC4,semigov,M,True,1,7976.77,0.6217391270459253,3988.385
OPS,RUH,M3,mnc,M,False,1,7956.29674449288,0.4574135335828172,3978.14837224644
SALES,RUH,IC5,pif_backed,F,False,1,7952.096871965099,0.2579101383514417,3976.0484359825496
EDU,EST,M1,pif_backed,F,True,1,7945.575841683263,0.38569464623191085,3972.7879208416316
DATA,ASR,IC4,public,M,False,1,7932.466174805486,0.32297775871027745,3966.233087402743
SWE,EST,IC2,startup,F,False,1,7931.310591600211,0.42684414591460934,3965.6552958001057
LEGAL,NOR,IC6,mnc,M,True,1,7886.247709999992,0.3009252114061036,3943.123854999996
HR,RUH,IC4,mnc,F,False,1,7882.81122000126,0.8470958327648203,3941.40561000063
SWE,ASR,IC3,semigov,M,False,1,7866.301929259752,1.2494840761637818,3933.150964629876
HEALTH,EST,IC4,private,F,False,2,7865.492367348848,0.40112236796182743,3932.746183674424
LEGAL,EST,IC5,private,F,False,1,7854.735347896363,0.6921868242928629,3927.3676739481816
SALES,RUH,D1,public,F,False,1,7846.8686964305525,0.3912067835120334,3923.4343482152763
FIN,EST,M2,public,M,True,1,7831.34669689315,0.22172053568699318,3915.673348446575
ENG_MECH,EST,M1,public,M,False,1,7818.610875780745,0.38759163564378385,3909.3054378903726
HR,EST,M1,private,F,True,1,7812.582089406278,0.32805148031675174,3906.291044703139
CUSTOMER,MAD,IC3,mnc,M,True,1,7799.381749204907,0.5788064176319083,3899.6908746024533
SWE,RUH,IC3,public,M,False,1,7758.835993039957,1.0982556903473413,3879.4179965199787
PM,RUH,M2,mnc,F,True,1,7758.525268525907,0.24877385904685811,3879.2626342629537
SUPPLY,JED,IC5,private,M,False,1,7745.212470060858,0.3828755498308304,3872.606235030429
SWE,MAD,IC3,private,M,False,2,7725.941243792646,0.6619530559357202,3862.970621896323
SWE,JAZ,IC3,private,F,True,1,7707.1799815546765,0.4418583174892964,3853.5899907773382
HR,RUH,M2,semigov,F,False,1,7702.343944306336,0.7262902055441829,3851.171972153168
MARKETING,TAB,IC2,private,F,True,1,7699.242290000006,0.7248951896117009,3849.621145000003
SWE,ASR,IC3,semigov,M,True,1,7679.199423254589,1.0550901623544413,3839.5997116272947
MARKETING,RUH,D2,pif_backed,F,False,1,7658.723963057604,0.2019680120889188,3829.361981528802
SWE,RUH,IC4,private,F,True,1,7657.8272065264355,0.9108837730478463,3828.9136032632177
SALES,EST,IC5,private,M,False,1,7653.342843619888,0.2524563447430008,3826.671421809944
DATA,NJR,M1,public,M,True,1,7633.539999999994,0.3619072723850574,3816.769999999997
HEALTH,RUH,IC3,private,M,True,1,7627.240073824201,0.3664238205854911,3813.6200369121007
SWE,EST,IC4,semigov,M,True,2,7626.357804206415,0.18170515324704922,3813.1789021032073
CUSTOMER,MAK,M4,pif_backed,F,False,1,7614.878921717471,0.414587783306654,3807.4394608587354
ENG_ELEC,RUH,IC5,private,M,True,4,7607.992555843048,0.2616487843273013,3803.996277921524
MARKETING,RUH,M3,startup,M,False,1,7599.551074779998,0.5447542851598732,3799.775537389999
SWE,MAD,IC4,private,M,True,2,7590.512738831229,0.28231907217555624,3795.2563694156147
SWE,JED,M2,public,M,True,1,7572.58369810064,0.2575916391253526,3786.29184905032
LEGAL,EST,IC5,public,F,True,1,7568.823844831508,0.5287736584270073,3784.411922415754
PM,RUH,M2,private,M,True,1,7568.792181841287,0.32239467924879367,3784.3960909206435
CUSTOMER,EST,M2,private,M,True,1,7554.007725596497,0.6169407581974059,3777.0038627982485
MARKETING,RUH,D2,mnc,F,False,1,7552.705891772865,0.1416162979231838,3776.3529458864323
OPS,RUH,M2,public,M,True,1,7536.476040616162,0.9303119904180167,3768.238020308081
SWE,EST,IC4,pif_backed,M,False,2,7532.077922387871,0.25854383174112205,3766.0389611939354
HR,JED,IC6,public,M,True,1,7517.827349067415,0.29775991116377426,3758.9136745337073
DATA,JED,IC6,private,M,True,1,7496.57992278476,0.21794480581662828,3748.28996139238
SALES,RUH,IC6,private,M,True,1,7495.4943218744575,0.3157493263914257,3747.7471609372287
MARKETING,RUH,M3,pif_backed,M,False,1,7493.302880716001,0.2732627884848441,3746.6514403580004
SALES,JAZ,IC4,semigov,M,False,1,7478.677823214226,0.8434415140437793,3739.338911607113
HEALTH,EST,M2,private,M,False,1,7473.929429625317,0.25515667599559727,3736.9647148126587
SUPPLY,EST,IC6,public,M,False,1,7459.291811001407,0.7737252611053504,3729.6459055007035
SALES,TAB,IC5,public,M,False,2,7457.652502248121,0.9326856545256063,3728.8262511240605
ENG_MECH,NJR,IC3,private,F,False,1,7452.4774993847195,1.1063013720085564,3726.2387496923598
LEGAL,RUH,IC4,public,M,True,1,7426.711198156516,0.31440339342620804,3713.355599078258
HR,RUH,IC1,mnc,M,True,1,7424.3702127869765,0.5199251673381549,3712.1851063934882
HEALTH,RUH,M1,private,M,False,1,7424.103206685406,0.8472044247883053,3712.051603342703
EDU,MAD,IC4,pif_backed,M,True,1,7412.551413614918,0.36488770464286135,3706.275706807459
FIN,RUH,IC3,semigov,M,True,2,7408.738656124079,0.337003479540667,3704.3693280620396
SWE,QAS,M3,private,M,False,1,7404.020442867684,0.3375682950599398,3702.010221433842
DESIGN,EST,IC4,private,M,False,1,7399.715788507177,0.8263610117400456,3699.8578942535887
SWE,RUH,M4,public,M,True,1,7394.399344359648,0.19387289201778293,3697.199672179824
SWE,JED,IC4,public,M,False,2,7393.325119460521,0.5970396277415045,3696.6625597302605
LEGAL,JED,IC4,private,F,True,1,7392.076527589816,0.2104684334098613,3696.038263794908
HEALTH,JED,M3,public,F,False,1,7380.2694063573035,0.41270996307875446,3690.1347031786518
DATA,JED,IC4,private,M,True,1,7375.186496198719,0.3176860503899242,3687.5932480993597
ENG_MECH,JED,VP,pif_backed,M,False,1,7360.973850352726,0.15853869599257564,3680.486925176363
DESIGN,MAD,IC2,private,M,True,1,7358.450000000001,0.6478392738445827,3679.2250000000004
HR,JED,IC5,private,F,True,1,7352.164450817854,0.6529679492289567,3676.082225408927
ENG_MECH,MAD,M2,private,M,True,1,7345.927709999993,0.2862085068582012,3672.9638549999963
ENG_MECH,RUH,IC5,startup,M,True,1,7335.590425849059,0.2459688473204315,3667.7952129245296
PM,RUH,IC3,private,M,True,1,7330.187792284743,0.3343686998903291,3665.0938961423717
SALES,RUH,M2,private,M,True,2,7327.841693425511,0.29661703245990256,3663.9208467127555
SWE,RUH,D1,private,M,True,1,7325.7158913448,0.19612232155468975,3662.8579456724
SALES,EST,IC4,mnc,M,True,3,7323.127699957066,0.45276001022601386,3661.563849978533
SWE,JAZ,IC3,semigov,M,True,1,7320.445075781424,1.4123626456229885,3660.222537890712
FIN,RUH,IC5,public,M,True,3,7295.298623795758,0.3436792531868104,3647.649311897879
HEALTH,RUH,M4,private,M,True,1,7283.829606411458,0.19003155282190565,3641.914803205729
SWE,TAB,D1,startup,M,False,1,7263.119999999999,0.24578861715984318,3631.5599999999995
HEALTH,RUH,IC4,semigov,F,True,1,7259.056023635014,0.3289773376578034,3629.528011817507
HEALTH,BAH,D2,private,M,False,1,7258.687709999995,0.28377405273287437,3629.3438549999973
OPS,EST,M1,private,M,True,1,7249.421622149981,0.302031422196122,3624.7108110749905
DESIGN,RUH,IC4,pif_backed,F,False,1,7248.440181277281,0.2824378651549137,3624.2200906386406
DATA,JED,IC4,mnc,M,False,1,7230.697299800926,0.2845324241163002,3615.348649900463
DATA,RUH,M1,private,M,False,2,7221.5295380960015,0.24691409523340135,3610.7647690480007
SALES,TAB,IC4,pif_backed,M,True,1,7221.445908138365,0.2494218477469961,3610.7229540691824
DATA,RUH,IC4,private,M,True,2,7208.4223420049875,0.21089814587514105,3604.2111710024938
PM,EST,M3,private,F,False,1,7201.940469447989,0.3685297205377441,3600.9702347239945
OPS,ASR,M2,private,M,True,1,7193.426410117214,0.34234082952252703,3596.713205058607
SALES,EST,M1,private,F,False,1,7185.026290569836,0.43548385143114177,3592.513145284918
SWE,RUH,IC4,startup,M,True,1,7172.838284972504,0.4446846056162151,3586.419142486252
OPS,EST,IC4,private,M,True,3,7154.7408398900525,0.4137451512707973,3577.3704199450262
DATA,RUH,IC3,semigov,M,True,1,7149.283503932724,0.32471385999173025,3574.641751966362
DATA,ASR,IC3,semigov,M,True,1,7133.704880455194,0.73497129438757,3566.852440227597
SALES,JAZ,IC5,startup,F,False,1,7119.594602381405,0.6099538312663179,3559.7973011907025
HR,QAS,M3,public,F,True,1,7110.590000000009,0.30499136358430806,3555.2950000000046
LEGAL,QAS,M3,semigov,M,False,1,7108.530000000021,0.20229330228015535,3554.2650000000103
OPS,MAK,M1,public,M,False,1,7108.142290000005,0.6339604692355172,3554.0711450000026
FIN,NJR,IC5,semigov,M,False,1,7097.549360548663,0.43480294546231607,3548.7746802743313
SWE,EST,IC2,mnc,M,True,1,7097.393066902579,1.2390700186631598,3548.6965334512897
CUSTOMER,JED,IC3,private,F,False,1,7096.06802506131,1.3693976570443043,3548.034012530655
ENG_MECH,MAK,IC5,private,M,False,1,7094.681052406464,0.18655691312937098,3547.340526203232
HEALTH,JED,IC5,private,M,False,1,7091.410232854547,0.7813201610868158,3545.7051164272734
SALES,EST,IC4,private,M,False,3,7090.324206104669,0.6956253577884443,3545.1621030523347
OPS,TAB,IC5,startup,M,True,1,7083.065233509795,0.24533562607321815,3541.5326167548974
FIN,EST,IC4,private,M,True,3,7074.022232538945,0.23039098371622982,3537.0111162694725
DATA,MAD,IC3,public,M,False,1,7066.766636612105,2.7119582760678584,3533.3833183060524
SALES,EST,M3,private,M,True,1,7061.603348426503,0.3075493338420175,3530.8016742132513
CUSTOMER,EST,M4,private,F,True,1,7051.460167532707,0.22824669256593286,3525.7300837663533
SWE,JED,IC3,private,M,True,1,7044.84043934599,0.2673577939065327,3522.420219672995
SWE,EST,IC2,semigov,F,True,2,7042.923250097515,0.6547536535589341,3521.4616250487575
SWE,JED,M2,semigov,M,False,1,7041.237462417292,0.31771684142160933,3520.618731208646
DESIGN,NJR,M2,pif_backed,M,True,1,7039.412290000006,0.6240055003940255,3519.706145000003
ENG_CIVIL,MAK,IC5,private,M,True,1,7014.022409318222,1.1420531831851723,3507.011204659111
OPS,JED,M2,private,M,False,1,7013.42644997605,0.31131185354345053,3506.713224988025
ENG_CIVIL,JAZ,IC5,public,M,True,1,7007.197225576978,0.3821931073861486,3503.598612788489
PM,RUH,M2,public,M,False,1,7000.811803976787,0.3567049079949082,3500.4059019883935
HR,RUH,IC3,startup,F,False,1,6998.3265482114,0.4213884425378588,3499.1632741057
OPS,RUH,M1,public,M,False,1,6996.151813317536,0.5095384766264518,3498.075906658768
SALES,RUH,M3,private,F,False,2,6988.99308956847,0.37917388076485486,3494.496544784235
SWE,JED,IC4,private,M,False,1,6985.216583509273,0.3280938541734627,3492.6082917546364
EDU,RUH,D1,public,M,True,1,6979.288192832173,0.3887689024921722,3489.6440964160865
ENG_ELEC,RUH,IC3,semigov,M,False,1,6974.981347017596,0.9877268551992234,3487.490673508798
ENG_ELEC,RUH,IC4,semigov,M,True,1,6974.912791782322,0.9693598936793222,3487.456395891161
ENG_MECH,EST,IC4,pif_backed,M,True,1,6971.486907174494,0.6747294551124288,3485.743453587247
PM,RUH,IC5,private,M,True,1,6966.938072738241,0.21877816233308844,3483.4690363691207
SUPPLY,QAS,D1,private,F,False,1,6959.797709999995,0.2753060578586735,3479.8988549999976
PM,RUH,IC3,private,F,False,1,6948.386510065055,0.27912038224932706,3474.1932550325273
SWE,RUH,IC5,private,M,False,2,6943.53245006581,0.34079377912213693,3471.766225032905
HEALTH,EST,M1,semigov,M,False,1,6941.164773037985,0.6906487300303163,3470.5823865189923
PM,MAK,M1,private,M,True,1,6911.340000000007,0.2706132253700636,3455.6700000000037
FIN,EST,IC3,semigov,M,False,1,6907.74342484652,0.7433180056694113,3453.87171242326
HEALTH,JED,IC4,private,F,False,1,6903.558576600915,0.7953060322936226,3451.7792883004577
OPS,JED,IC4,private,M,False,1,6888.450502147403,0.6919811085989106,3444.2252510737017
HEALTH,ASR,IC5,startup,M,True,1,6883.2647572763435,0.38369644146952614,3441.6323786381718
HEALTH,QAS,IC5,semigov,M,False,1,6874.561212944576,0.44333216262168723,3437.280606472288
PM,RUH,M1,private,M,False,1,6872.797027233912,0.541092690524411,3436.398513616956
HEALTH,RUH,IC5,public,F,True,1,6860.421633538843,0.6105647584758572,3430.2108167694214
HEALTH,TAB,IC5,private,F,True,1,6860.09724484441,0.33927890134762095,3430.048622422205
MARKETING,TAB,IC5,private,F,False,1,6859.5373265572025,0.4916786961577092,3429.7686632786013
HEALTH,HAI,IC5,public,F,False,1,6856.303136091099,0.33320793890604633,3428.1515680455495
HEALTH,RUH,D2,public,M,False,1,6842.256278536217,0.17369139222921878,3421.1281392681085
SALES,EST,M2,private,F,True,1,6837.797188782071,0.33061937554611215,3418.8985943910357
SWE,RUH,IC5,private,M,True,5,6829.261436780839,0.2243775514167848,3414.6307183904196
ENG_MECH,JAZ,IC4,pif_backed,M,False,1,6814.872246653134,0.34106762657790574,3407.436123326567
MARKETING,RUH,IC4,private,M,True,1,6797.931271272577,0.7301132633506476,3398.9656356362884
DATA,RUH,IC2,private,M,False,2,6797.778887112211,0.7836835895812241,3398.8894435561056
DATA,EST,M2,private,M,True,1,6791.917032702793,0.19072171959135836,3395.9585163513966
SWE,MAD,IC3,private,F,True,1,6789.946382210157,1.2770210347544595,3394.9731911050785
DESIGN,RUH,IC3,public,M,False,1,6788.63719772156,0.3534820650059339,3394.31859886078
HEALTH,RUH,IC3,mnc,M,False,2,6782.966409530942,0.4075138021047886,3391.483204765471
EDU,NOR,M2,private,F,False,1,6780.712290000007,0.5875981536797725,3390.3561450000034
HEALTH,JED,IC2,private,F,True,1,6774.385791608909,0.45772629550711275,3387.1928958044546
OPS,EST,IC5,semigov,F,False,1,6770.7407240247285,0.7294531880215481,3385.3703620123642
SUPPLY,EST,M2,public,M,False,1,6767.590458729566,0.2921806491452537,3383.795229364783
HEALTH,RUH,IC6,mnc,F,True,1,6762.157971625715,0.31166542477943643,3381.0789858128574
EDU,EST,M3,private,F,False,2,6756.887838415287,0.32123850315569435,3378.4439192076434
DESIGN,JED,M3,semigov,M,False,1,6756.254879860011,0.30262623978059133,3378.1274399300055
PM,RUH,M1,semigov,M,True,1,6747.59822220615,0.35602061656260037,3373.799111103075
FIN,MAD,M2,private,M,False,1,6733.79014200695,0.8320254708562012,3366.895071003475
OPS,RUH,M1,private,M,True,2,6723.239438199447,0.47050990003707993,3361.6197190997236
ENG_MECH,ASR,IC4,public,M,False,1,6722.908663270766,0.42811284956311046,3361.454331635383
HEALTH,JED,M1,public,F,True,1,6719.013155967303,0.3108039744329563,3359.5065779836514
EDU,MAK,IC3,private,M,True,1,6709.8322012571925,0.5051869314628045,3354.9161006285963
PM,EST,IC3,semigov,F,True,1,6708.047768257509,0.644450613439746,3354.0238841287546
SALES,EST,M3,private,F,False,1,6703.910115601675,0.3215528233666934,3351.9550578008375
PM,JAZ,IC5,public,M,True,1,6700.4522900000065,0.5766324947482658,3350.2261450000033
HEALTH,JED,IC6,public,F,True,1,6681.087567084389,0.23480409585913725,3340.5437835421944
SALES,RUH,IC5,private,F,True,1,6661.483699470613,0.826008218497547,3330.7418497353065
HEALTH,NJR,IC5,pif_backed,F,True,1,6660.973455304735,0.2953136431059766,3330.4867276523673
DESIGN,TAB,M4,public,F,True,1,6634.250246093587,0.3926546779183332,3317.1251230467933
PM,TAB,IC5,public,M,True,1,6630.9900000000125,0.2035253429488541,3315.4950000000063
FIN,HAI,M2,startup,F,True,1,6622.01289970709,0.36144918350453775,3311.006449853545
HEALTH,JED,IC5,semigov,F,False,1,6612.683420775309,0.26980963579362877,3306.3417103876545
FIN,RUH,M4,public,M,True,1,6597.104415264657,0.10735695835658508,3298.5522076323286
OPS,JED,IC3,private,M,True,1,6586.1290054704805,0.4141091769015407,3293.0645027352402
SWE,QAS,IC3,semigov,M,False,1,6576.200791743173,0.7814957523797903,3288.1003958715864
HEALTH,EST,IC5,private,F,False,1,6574.290934157365,0.26591671820374474,3287.1454670786825
SALES,JED,IC2,startup,M,True,1,6557.446679199739,0.4617016301878744,3278.7233395998696
FIN,RUH,M3,pif_backed,F,False,1,6541.001061826348,0.17798874820205401,3270.500530913174
HEALTH,JED,M2,semigov,M,True,1,6532.628917906197,0.3401266510281539,3266.3144589530984
CUSTOMER,RUH,IC5,semigov,M,True,1,6530.334887744644,0.4540169672488153,3265.167443872322
ENG_ELEC,RUH,IC3,private,M,False,1,6528.361673099214,0.27835554510402855,3264.180836549607
ENG_ELEC,RUH,IC4,private,M,False,1,6515.999142177709,0.3460664750542499,3257.9995710888543
MARKETING,JED,D3,private,M,False,1,6500.260000000038,0.09533199873873534,3250.130000000019
HEALTH,RUH,M3,public,M,False,1,6487.0597220170475,0.49572215071412123,3243.5298610085238
CUSTOMER,EST,IC4,startup,M,True,1,6475.877360255772,0.33606808259334536,3237.938680127886
MARKETING,NJR,M2,mnc,F,True,1,6465.119999999981,0.3540248289185539,3232.5599999999904
OPS,MAD,IC3,public,M,False,1,6449.511380722788,0.4770369824661047,3224.755690361394
SALES,MAK,IC2,semigov,M,False,1,6435.842107620916,0.4292810837959702,3217.921053810458
ENG_MECH,JED,IC5,semigov,M,True,1,6434.569218262652,0.23252399993577252,3217.284609131326
DATA,EST,IC3,private,M,True,1,6431.137094284812,0.6365817441517401,3215.568547142406
FIN,RUH,D1,pif_backed,F,True,1,6430.556833199531,0.1308004484093771,3215.2784165997655
EDU,RUH,IC5,mnc,F,True,1,6427.379768398856,0.2851507131629121,3213.689884199428
FIN,QAS,IC5,semigov,M,False,1,6420.089311019889,0.28630463062399664,3210.0446555099443
SALES,RUH,IC4,semigov,M,True,2,6406.839453699291,0.21920196303865297,3203.4197268496455
PM,JED,IC5,pif_backed,M,True,1,6400.612565376719,0.2687265622698134,3200.3062826883597
HEALTH,NOR,IC5,private,M,False,1,6396.652290000005,0.536462233840472,3198.3261450000027
MARKETING,ASR,M4,public,F,False,1,6380.579999999991,0.46192204362377415,3190.2899999999954
SUPPLY,RUH,M1,private,F,False,1,6379.01551452707,1.1243785465300289,3189.507757263535
PM,TAB,M2,private,M,False,1,6378.320000000007,0.5951479864143626,3189.1600000000035
FIN,EST,M1,private,M,True,1,6378.218336652706,0.20382181050885342,3189.109168326353
SALES,RUH,M1,semigov,M,False,3,6365.397417501234,0.415766244754138,3182.698708750617
SALES,TAB,M4,public,F,True,1,6339.962290000007,0.5291918916302051,3169.9811450000034
OPS,JED,D1,pif_backed,M,False,1,6339.20212323243,0.248664910229394,3169.601061616215
HEALTH,JED,IC4,pif_backed,F,False,1,6334.583542584811,0.3123198455497689,3167.2917712924054
LEGAL,RUH,IC1,public,M,False,1,6328.122141494607,0.5405551296217816,3164.0610707473033
LEGAL,RUH,M4,public,M,True,1,6326.404748100729,0.22851653092129073,3163.2023740503646
ENG_MECH,EST,IC3,semigov,F,False,1,6323.706745740732,0.4283669241056804,3161.853372870366
MARKETING,EST,IC3,private,F,True,2,6322.837272005968,0.3735931573584876,3161.418636002984
SALES,RUH,IC6,private,M,False,1,6318.291257896974,0.7236071099764505,3159.145628948487
ENG_ELEC,RUH,IC6,private,M,True,1,6315.600825277823,0.37052925936269293,3157.8004126389114
OPS,RUH,IC5,private,M,True,2,6310.902294469809,0.554068400731695,3155.4511472349045
ENG_CIVIL,RUH,IC6,public,M,True,1,6292.990246500216,0.22787536927057014,3146.495123250108
DESIGN,RUH,IC4,mnc,F,True,1,6289.588201558347,0.5556089883419018,3144.7941007791733
HR,RUH,VP,private,M,True,1,6271.012387594499,0.12889311814866397,3135.5061937972496
MARKETING,MAK,IC4,public,M,False,1,6263.834154757918,0.5981769782436889,3131.917077378959
OPS,RUH,M1,pif_backed,M,False,1,6263.276681535244,0.7298775917242137,3131.638340767622
OPS,RUH,IC6,public,M,False,1,6260.657922446095,0.510097643486232,3130.3289612230474
OPS,RUH,M1,semigov,M,False,1,6257.508679199684,0.6199426254620147,3128.754339599842
DATA,JED,IC1,private,M,True,1,6252.959999999992,1.563239999999998,3126.479999999996
SUPPLY,EST,IC5,public,M,False,1,6241.647379754222,1.0191426406387263,3120.823689877111
EDU,EST,IC4,public,F,True,3,6235.081587678326,0.35146824750303374,3117.540793839163
DESIGN,QAS,IC3,public,F,False,1,6227.45300463863,0.4094961075145736,3113.726502319315
EDU,RUH,IC6,mnc,M,True,1,6208.4754577383355,0.26523932545757906,3104.2377288691678
CUSTOMER,ASR,IC5,public,F,False,1,6200.624650014581,1.1413039833045115,3100.3123250072904
OPS,MAD,IC4,private,M,False,1,6199.357313696522,0.3529009078859626,3099.678656848261
ENG_MECH,RUH,IC6,private,M,False,1,6178.653468187411,0.1870251188363961,3089.3267340937055
SUPPLY,MAD,IC5,private,F,False,1,6174.910000000011,0.26677141827689554,3087.4550000000054
OPS,EST,IC3,pif_backed,M,False,2,6167.720770333773,0.5245887084487204,3083.8603851668863
DESIGN,RUH,IC4,private,M,False,1,6156.369711877875,0.4248491249487862,3078.1848559389373
HR,JED,IC3,private,M,False,1,6148.79640548907,1.0246098480929478,3074.398202744535
SALES,RUH,IC4,public,M,False,1,6146.954283368867,0.8478312053538956,3073.4771416844337
ENG_CIVIL,JED,IC4,startup,F,False,1,6143.738902710878,0.3769070166155869,3071.869451355439
OPS,JED,IC5,semigov,M,True,1,6135.273747768293,0.46121451101552824,3067.6368738841466
ENG_ELEC,ASR,IC4,mnc,M,False,1,6134.598916767671,0.48585033063485983,3067.2994583838354
OPS,RUH,IC2,mnc,M,True,1,6131.140881008284,0.4828917138448579,3065.570440504142
PM,JED,IC3,private,F,False,1,6130.693290900166,0.2561766178105839,3065.346645450083
PM,JED,M2,pif_backed,F,False,1,6113.650936905327,0.29796539217074025,3056.8254684526637
SWE,RUH,IC3,semigov,M,False,2,6105.285747858097,0.2772040532648705,3052.6428739290486
SUPPLY,QAS,IC4,private,M,False,1,6086.515575985991,0.5125568809931267,3043.2577879929954
HR,QAS,IC3,mnc,F,False,1,6076.485112358053,1.1501698073028916,3038.2425561790265
DESIGN,RUH,M3,private,M,True,1,6076.157126976959,0.15720499863204554,3038.0785634884796
DESIGN,MAK,IC1,mnc,F,True,1,6071.059999999995,0.48420622786259837,3035.5299999999975
CUSTOMER,RUH,IC5,semigov,F,True,1,6048.825139524988,0.38283194587445285,3024.412569762494
PM,EST,M1,private,M,True,2,6046.237377122283,0.1994939264171261,3023.1186885611414
SALES,EST,IC2,private,M,False,1,6042.653976231993,0.5428851714801403,3021.3269881159963
SALES,ASR,M1,private,M,False,1,6035.617202876085,0.3358797035254071,3017.8086014380424
ENG_MECH,RUH,D1,public,M,False,1,6033.983141909579,0.15085598992731136,3016.9915709547895
HEALTH,RUH,IC5,public,M,True,1,6029.924778812892,0.23023750187334305,3014.962389406446
CUSTOMER,RUH,IC4,private,F,True,2,6026.7148331875,0.9197872035427748,3013.35741659375
ENG_CIVIL,MAK,M3,mnc,F,False,1,6016.296099538682,0.32279972590944894,3008.148049769341
SWE,QAS,IC4,mnc,M,True,1,6004.22869487682,0.20667712042947617,3002.11434743841
SALES,MAK,IC3,public,F,True,1,6000.245078395443,0.574844590252705,3000.1225391977214
ENG_CIVIL,MAD,M3,pif_backed,M,False,1,5990.610000000015,0.4820632782436992,2995.3050000000076
ENG_CIVIL,RUH,M2,semigov,M,True,1,5972.599988156375,0.2750433793668363,2986.2999940781874
ENG_ELEC,NJR,IC5,private,M,False,1,5971.092290000006,0.4835154854554867,2985.546145000003
SWE,RUH,IC4,public,M,True,3,5944.372484181761,0.4133131748540597,2972.1862420908806
MARKETING,RUH,IC4,private,M,False,3,5942.569281379935,0.8774550045286443,2971.2846406899675
HEALTH,EST,IC4,semigov,M,True,2,5940.5177817466665,0.34818764495498217,2970.2588908733333
DATA,ASR,IC3,private,F,True,1,5923.681314894076,0.6099499384656809,2961.840657447038
ENG_MECH,RUH,IC6,public,M,True,1,5919.411494763946,0.1560332893944528,2959.705747381973
SALES,EST,IC5,private,M,True,1,5913.944138648163,0.19749881909178282,2956.9720693240815
OPS,RUH,M3,private,F,True,1,5911.027467915246,0.26817171202707774,2955.513733957623
PM,RUH,IC4,pif_backed,F,True,1,5904.05405946312,0.17454034462720192,2952.02702973156
SWE,RUH,IC5,private,F,False,1,5892.499936240089,0.20741892485151864,2946.2499681200443
EDU,RUH,IC6,semigov,F,True,2,5881.220120351147,0.5510377618888995,2940.6100601755734
SWE,EST,IC4,private,F,False,1,5873.085933930115,0.5719734141852897,2936.5429669650575
SWE,RUH,IC2,semigov,M,True,2,5870.896506809153,0.2978375477864541,2935.4482534045765
HEALTH,HAI,IC5,public,M,False,1,5862.798505364345,0.8994615787012735,2931.3992526821726
SWE,MAK,IC4,private,M,True,2,5862.657450012385,0.49113425131558586,2931.3287250061926
MARKETING,RUH,IC3,private,M,False,3,5851.592902532865,0.5014563277494665,2925.7964512664325
ENG_ELEC,ASR,M2,private,M,True,1,5832.039999999997,0.23510545407049716,2916.0199999999986
MARKETING,NJR,IC3,pif_backed,F,False,1,5828.772440100629,0.8918046001258625,2914.3862200503145
SWE,RUH,IC4,pif_backed,F,True,1,5817.98614891,0.19624754601978808,2908.993074455
ENG_MECH,NOR,IC3,private,M,True,1,5816.523147240003,0.6227974267202753,2908.2615736200014
SALES,RUH,IC5,private,M,True,3,5814.338247866394,0.1364057020938233,2907.169123933197
DATA,JED,IC3,private,M,True,4,5810.171754952649,0.39165266520327646,2905.0858774763246
CUSTOMER,TAB,IC6,public,F,True,1,5800.048987256005,0.4884844130366971,2900.0244936280023
MARKETING,JED,IC5,public,F,False,1,5797.3238898208365,0.30976437368100146,2898.6619449104182
SALES,RUH,IC4,private,M,True,7,5779.16514737142,0.23126640362479206,2889.58257368571
EDU,RUH,IC6,private,M,True,1,5772.924352423877,0.4227811463666473,2886.4621762119386
EDU,ASR,IC4,private,F,False,1,5771.215310631189,0.4160648917796682,2885.6076553155945
HEALTH,JED,IC5,startup,F,False,1,5771.168817571284,0.4785344734219466,2885.584408785642
SALES,EST,M1,private,F,True,1,5765.36328390675,0.5526036182863131,2882.681641953375
EDU,RUH,IC3,semigov,F,True,1,5757.516349342132,0.4289141592555526,2878.758174671066
CUSTOMER,BAH,M2,private,F,False,1,5749.162290000006,0.4573258599376678,2874.581145000003
HEALTH,RUH,IC3,pif_backed,M,False,1,5743.380931394573,0.3107473094192215,2871.6904656972865
HEALTH,EST,IC4,pif_backed,M,True,2,5741.011096187325,0.22222600174137133,2870.5055480936626
SWE,EST,M2,private,M,True,1,5737.051569718849,0.22308427352518004,2868.5257848594247
FIN,EST,M2,startup,F,False,1,5709.13933019758,0.28561834087247195,2854.56966509879
HEALTH,RUH,D1,startup,F,True,1,5700.986470697913,0.20076900489326444,2850.4932353489567
SWE,RUH,D2,private,F,True,1,5684.539467668772,0.08387502844263357,2842.269733834386
OPS,RUH,IC6,private,M,False,2,5680.529172882533,0.5971171984582634,2840.2645864412666
HEALTH,MAK,IC4,private,M,True,1,5673.310031726145,0.5901257921458316,2836.6550158630725
EDU,EST,M2,private,M,True,1,5669.563983202144,0.5206603236609317,2834.781991601072
SUPPLY,EST,IC5,mnc,M,False,1,5666.165252773156,0.8132115397427473,2833.082626386578
ENG_MECH,RUH,IC3,semigov,M,True,1,5665.053776246368,0.319927045819238,2832.526888123184
DESIGN,BAH,IC4,semigov,F,False,1,5659.719999999992,0.27658337153239615,2829.859999999996
CUSTOMER,RUH,IC3,pif_backed,F,False,1,5654.769378382816,0.2836262189845625,2827.384689191408
ENG_CIVIL,HAI,M1,mnc,F,False,1,5654.592290000006,0.44644466963475793,2827.296145000003
ENG_MECH,ASR,IC4,private,F,False,1,5640.892394294711,0.41318408279182633,2820.4461971473556
PM,EST,IC4,private,M,True,1,5631.147522142392,0.3532466678716672,2815.573761071196
CUSTOMER,EST,IC5,private,F,False,1,5626.902627750347,0.3747161529463939,2813.4513138751736
ENG_CIVIL,EST,IC3,public,M,False,1,5618.231186113389,1.978083255680291,2809.1155930566947
PM,JED,IC4,mnc,F,True,1,5614.43354616794,0.20029165786404907,2807.21677308397
SWE,EST,IC4,private,M,True,4,5613.026174509867,0.2692959878626661,2806.5130872549335
FIN,ASR,VP,private,M,False,1,5603.164682060829,0.1344721656332757,2801.5823410304147
PM,MAD,M1,public,F,False,1,5595.635478707026,0.8816356191872268,2797.817739353513
ENG_ELEC,EST,M3,public,M,False,1,5593.9379480974385,0.18051471298673,2796.9689740487192
SUPPLY,BAH,IC3,public,M,False,1,5593.892290000005,0.4395457591346585,2796.9461450000026
PM,EST,M1,pif_backed,M,True,1,5593.364017346255,0.15732077672946682,2796.6820086731277
SUPPLY,JED,M3,private,M,False,2,5593.215731930478,0.2734416412412437,2796.607865965239
FIN,RUH,M1,private,M,False,1,5578.582596254162,0.4307047437623946,2789.291298127081
HR,EST,IC5,public,F,False,1,5573.180505963337,0.23016945614215514,2786.5902529816685
HEALTH,RUH,IC2,private,F,True,1,5571.887017792455,0.42981480390207977,2785.9435088962273
PM,EST,M1,private,F,False,1,5561.482755607263,0.18997126103554088,2780.7413778036316
OPS,TAB,M2,private,M,True,1,5561.218844132767,0.25002624898652615,2780.6094220663836
DESIGN,EST,IC2,public,F,False,1,5555.947070827349,0.48672505824175905,2777.9735354136747
SWE,RUH,IC2,semigov,M,False,1,5555.049713912618,0.40986846062107746,2777.524856956309
ENG_CIVIL,RUH,M4,semigov,M,False,1,5553.039894759368,0.21318136619978123,2776.519947379684
ENG_ELEC,EST,IC4,semigov,M,True,1,5547.795207288236,0.43114853936343683,2773.897603644118
HEALTH,MAD,IC5,semigov,M,True,1,5537.936536075793,0.3816847484991094,2768.9682680378965
OPS,MAK,IC4,public,M,True,1,5536.946181791125,0.26284141028063707,2768.4730908955626
SWE,EST,M1,pif_backed,M,False,2,5533.756015483003,0.1572403382983998,2766.8780077415013
SWE,EST,IC4,public,F,True,2,5529.504626957727,0.37665285026466105,2764.7523134788635
PM,JED,IC4,private,M,False,1,5522.767598106451,0.2951669047541055,2761.3837990532256
ENG_MECH,TAB,M3,private,M,False,1,5514.240000000009,0.40438512156326173,2757.1200000000044
DESIGN,RUH,IC4,public,M,True,1,5507.418454243962,0.2194501871278939,2753.709227121981
ENG_MECH,QAS,IC4,private,M,True,1,5494.534891481928,0.28051703699319136,2747.267445740964
FIN,JED,IC4,mnc,F,True,1,5490.683915783218,0.33761337174615486,2745.341957891609
DESIGN,RUH,M3,private,M,False,1,5485.476029091371,0.6623859073285248,2742.7380145456855
HEALTH,RUH,M4,mnc,M,False,1,5482.454132928371,0.20136004590013087,2741.2270664641856
FIN,RUH,IC4,private,F,True,2,5479.106873526152,0.23021282839659002,2739.553436763076
ENG_MECH,EST,IC4,private,F,False,1,5469.960323337884,0.24567837921778865,2734.980161668942
SWE,RUH,IC4,semigov,M,False,3,5450.8710527498815,0.17825340458642472,2725.4355263749408
SALES,EST,IC3,pif_backed,M,False,1,5444.317377245673,0.4271711273981407,2722.1586886228365
PM,MAK,IC5,public,M,False,1,5434.945782553215,0.23207351028683953,2717.4728912766077
SALES,JED,IC4,private,M,False,1,5431.668345739947,0.7584349406479969,2715.8341728699734
FIN,RUH,IC4,public,F,True,6,5420.097840828326,0.27323646285965264,2710.048920414163
FIN,EST,M2,mnc,F,False,1,5416.431891090553,0.3451350348542375,2708.2159455452766
HR,EST,IC3,private,F,False,1,5398.475142498492,0.37455466695102646,2699.237571249246
PM,RUH,M2,semigov,M,False,1,5388.130550460213,0.2658139194940883,2694.0652752301066
DATA,TAB,IC1,mnc,M,False,1,5387.323995182346,1.2070568349504158,2693.661997591173
ENG_CIVIL,JED,IC5,pif_backed,M,False,1,5386.870335527459,0.2370507977511298,2693.4351677637296
LEGAL,QAS,IC3,private,M,True,1,5385.11103583132,0.8401201005052036,2692.55551791566
FIN,MAK,IC4,semigov,F,True,1,5379.5951087725225,0.22701347661743546,2689.7975543862613
MARKETING,HAI,IC2,semigov,F,True,1,5376.24,0.7491722684860038,2688.12
MARKETING,QAS,IC3,mnc,F,True,1,5373.540000000002,1.2773947853869125,2686.770000000001
SWE,RUH,IC4,pif_backed,M,True,1,5369.294087893188,0.16167741710588848,2684.647043946594
CUSTOMER,EST,IC4,semigov,M,False,1,5357.448058323735,0.26475465213267235,2678.7240291618673
SWE,QAS,IC4,semigov,F,True,1,5356.572894004672,0.18582809527162736,2678.286447002336
FIN,RUH,M1,public,M,True,1,5348.573412586447,0.22040013139295617,2674.2867062932237
SUPPLY,RUH,IC5,startup,M,True,1,5337.440495732724,0.1717253025932571,2668.720247866362
SALES,EST,IC2,public,M,True,2,5334.567169245713,0.36623356907538485,2667.2835846228563
SUPPLY,RUH,D2,semigov,M,False,1,5329.972576690045,0.20595728032553182,2664.9862883450223
CUSTOMER,RUH,M4,startup,F,False,1,5326.071630020018,0.21170017799190485,2663.035815010009
HR,RUH,IC3,mnc,F,False,1,5314.356251224281,0.9500779911370638,2657.1781256121403
DESIGN,EST,D1,private,F,True,1,5312.150000000023,0.13334680486280437,2656.0750000000116
CUSTOMER,EST,IC3,semigov,M,True,1,5305.52245592247,0.9170013906494894,2652.761227961235
HR,JED,M2,startup,F,False,1,5299.941526465227,0.24686416296126737,2649.9707632326135
FIN,QAS,IC3,private,M,True,1,5299.6837513259015,0.3394247976347662,2649.8418756629508
HEALTH,JED,M2,mnc,M,False,1,5298.289178906543,0.1966276443418471,2649.1445894532717
MARKETING,EST,IC2,semigov,F,True,2,5294.152400226589,0.37881914482462054,2647.0762001132944
FIN,QAS,M3,private,M,False,1,5261.656654357526,0.35200772931217716,2630.828327178763
DATA,RUH,IC3,private,M,False,1,5252.185931922582,0.6223566399053205,2626.092965961291
PM,NJR,M4,public,M,True,1,5250.60000000002,0.1696697473017521,2625.30000000001
OPS,RUH,IC3,private,M,True,4,5235.882878277587,0.5590414145261142,2617.9414391387936
EDU,ASR,M2,private,M,True,1,5217.8832787682295,0.7470318889775585,2608.9416393841148
ENG_MECH,JED,IC3,pif_backed,M,False,1,5215.354434666835,0.6357459279268941,2607.6772173334175
CUSTOMER,EST,M2,private,F,False,1,5215.043935295791,0.30435269922069974,2607.5219676478955
SWE,EST,IC3,private,M,True,3,5207.694675358992,0.4283987836651357,2603.847337679496
SALES,TAB,IC5,private,M,False,1,5206.080366352407,0.40651478425629917,2603.0401831762033
ENG_MECH,MAD,IC2,private,M,False,1,5194.479999999999,0.6248487341787377,2597.2399999999993
OPS,RUH,IC3,public,F,False,1,5186.003397570637,0.918013190911682,2593.0016987853187
SWE,JED,M3,private,M,True,1,5178.855006174519,0.1193014623459512,2589.4275030872595
SALES,MAK,M2,public,F,False,1,5178.761151032082,0.629754525592887,2589.380575516041
LEGAL,HAI,IC5,private,F,True,1,5169.657709999996,0.22007833562082357,2584.828854999998
ENG_MECH,RUH,M1,private,M,False,2,5166.296855648366,0.2327637853683979,2583.148427824183
LEGAL,HAI,IC6,public,M,True,1,5164.447709999993,0.21990531393190565,2582.2238549999965
ENG_CIVIL,QAS,D1,pif_backed,M,True,1,5149.370000000017,0.1156017470346773,2574.6850000000086
SWE,ASR,IC2,semigov,M,True,1,5137.645851930485,0.3538925596799514,2568.8229259652426
SWE,RUH,IC4,public,M,False,3,5137.405073270559,0.3189278932713617,2568.7025366352796
CUSTOMER,RUH,IC5,semigov,F,False,1,5136.90843656598,0.347774793126568,2568.45421828299
HEALTH,EST,IC4,pif_backed,F,False,1,5136.192899829635,0.5144527033624107,2568.0964499148176
ENG_ELEC,RUH,M3,pif_backed,M,True,1,5135.676672421359,0.10330391532450674,2567.8383362106797
FIN,EST,D1,public,M,True,1,5132.709303823562,0.1528767294567092,2566.354651911781
OPS,EST,IC3,private,M,True,2,5129.859779797497,0.2583709599175504,2564.9298898987486
MARKETING,RUH,IC6,startup,M,False,1,5125.697194728393,0.30323988867897045,2562.8485973641964
ENG_CIVIL,RUH,M2,semigov,M,False,1,5121.863262336705,0.16011356619933967,2560.9316311683524
SALES,RUH,IC4,startup,M,True,2,5121.770619869347,0.31515232555508094,2560.8853099346734
HEALTH,RUH,IC5,startup,F,False,1,5120.866298685802,0.5049188025476142,2560.433149342901
SWE,RUH,IC4,mnc,M,True,3,5118.725704286786,0.16637797027132417,2559.362852143393
EDU,JED,M2,public,F,True,3,5112.423902959511,0.21715360695031002,2556.2119514797555
SALES,QAS,IC3,private,F,False,1,5110.5690542477605,0.9621723949866724,2555.2845271238803
HEALTH,RUH,IC3,mnc,F,True,3,5108.920776072824,0.42451255583859604,2554.460388036412
SALES,ASR,IC3,mnc,F,True,1,5108.026718002763,0.772263184647156,2554.0133590013816
EDU,NOR,M3,public,M,True,1,5104.099999999991,0.25113918220961695,2552.0499999999956
SALES,EST,IC4,semigov,M,False,1,5100.841511060384,0.34613797572957805,2550.420755530192
SALES,TAB,IC4,private,M,False,2,5095.542490689802,0.3853441226549986,2547.771245344901
ENG_MECH,TAB,IC4,private,M,False,1,5078.834165897828,1.2737335394591478,2539.417082948914
CUSTOMER,RUH,IC4,semigov,M,True,2,5076.255279303008,0.33053953859825336,2538.127639651504
DESIGN,RUH,IC2,private,F,False,1,5075.914195592196,1.1664853165586253,2537.957097796098
HEALTH,RUH,IC4,mnc,M,True,2,5074.937766564462,0.29098030326707686,2537.468883282231
CUSTOMER,NOR,M3,public,F,False,2,5068.730000000003,1.0255357578607027,2534.3650000000016
SUPPLY,RUH,IC4,startup,F,True,1,5067.550605045755,0.2889516707167444,2533.7753025228776
HEALTH,EST,M3,private,F,False,1,5064.179037374986,0.27126532106763485,2532.089518687493
SUPPLY,RUH,IC5,private,F,True,1,5052.989850887103,0.6475842548007714,2526.4949254435514
HR,TAB,IC3,mnc,M,False,1,5045.545791995162,0.7397694561772736,2522.772895997581
PM,RUH,IC4,public,M,False,1,5037.950604942547,0.32250974996239357,2518.9753024712736
HEALTH,QAS,IC3,pif_backed,F,False,1,5037.761910373791,0.3347883988392694,2518.8809551868953
ENG_MECH,EST,IC6,semigov,F,False,1,5036.6913823582545,0.2679996372369526,2518.3456911791272
SALES,RUH,M1,mnc,M,False,1,5034.646601013852,0.5947765386435605,2517.323300506926
SALES,RUH,M4,semigov,F,False,1,5032.551375906049,0.29294326102948776,2516.2756879530243
HEALTH,RUH,M1,semigov,F,True,1,5031.943975350194,0.2380741130008362,2515.971987675097
HR,TAB,IC4,private,F,False,1,5029.108183373646,0.2731853950468977,2514.554091686823
OPS,RUH,IC4,public,M,False,1,5028.834855245132,0.3365236782359351,2514.417427622566
HEALTH,RUH,IC4,private,F,True,2,5027.313601793155,0.5124823832085753,2513.6568008965774
ENG_ELEC,RUH,IC6,semigov,M,True,1,5026.679468569331,0.1559921297175525,2513.3397342846656
DESIGN,JED,M2,private,M,False,1,5018.3868894321,0.6120588606230738,2509.19344471605
DATA,EST,IC2,public,M,True,1,5011.962168033986,1.2080626905470515,2505.981084016993
DATA,MAK,IC3,private,F,False,1,5006.449585070573,0.2775633822807038,2503.2247925352867
EDU,TAB,D1,private,F,True,1,4986.283494390176,0.1591267703088172,2493.141747195088
HEALTH,EST,M4,public,F,True,1,4980.904706517511,0.15847708613311728,2490.4523532587555
ENG_MECH,RUH,IC3,pif_backed,M,False,1,4977.64192879467,0.2908977704684603,2488.820964397335
PM,QAS,IC4,public,M,True,1,4973.622775158257,0.44189280000908526,2486.8113875791287
SWE,RUH,M3,startup,M,False,1,4973.503406607204,0.12389830372930784,2486.751703303602
SALES,EST,M1,pif_backed,M,True,1,4967.330184766226,0.1671524157341725,2483.665092383113
FIN,JAZ,IC2,private,F,True,2,4961.703096048108,0.5386120596153314,2480.851548024054
HEALTH,RUH,IC4,public,M,False,2,4960.402683132912,0.6191619984329311,2480.201341566456
MARKETING,EST,M1,public,F,True,1,4953.339300073978,0.20152311010569285,2476.669650036989
OPS,JAZ,IC4,mnc,M,True,1,4946.814053340866,0.6449360193867293,2473.407026670433
SALES,RUH,IC4,semigov,F,True,1,4940.386493676751,0.35976290229318175,2470.1932468383757
DATA,EST,IC1,mnc,M,False,1,4937.870660854929,0.3892626488728138,2468.9353304274646
EDU,EST,IC3,private,M,True,1,4926.380688347006,0.34227353840462593,2463.190344173503
SALES,EST,IC3,public,M,True,2,4924.659951258674,0.22900182457307777,2462.329975629337
HEALTH,HAI,IC4,startup,M,False,1,4918.629976379787,0.32833703547760557,2459.3149881898935
OPS,EST,M1,private,M,False,2,4918.510310747077,0.4526472092292914,2459.2551553735384
SALES,EST,M2,private,F,False,3,4910.031759670211,0.20316157941871119,2455.0158798351054
FIN,RUH,IC4,private,M,True,5,4909.62926027598,0.21647979714632287,2454.81463013799
ENG_CIVIL,EST,M1,public,M,False,1,4906.960709966463,0.3072192217947996,2453.4803549832313
EDU,RUH,M3,semigov,M,True,1,4903.948046369405,0.16844460663678112,2451.9740231847027
HEALTH,RUH,M2,semigov,M,True,1,4894.930371994167,0.15868668358249174,2447.4651859970836
HEALTH,RUH,M2,mnc,F,True,1,4880.636568138525,0.21900876316297715,2440.3182840692625
SWE,QAS,IC5,private,F,False,1,4880.280980541906,0.2958943972797415,2440.140490270953
HEALTH,EST,IC4,public,M,True,1,4878.328693069743,0.22154161745681836,2439.1643465348716
CUSTOMER,RUH,IC4,public,F,True,2,4865.493297877336,0.8459549319725999,2432.746648938668
CUSTOMER,JAZ,IC1,semigov,F,False,1,4860.0700000000015,1.6213744787322775,2430.0350000000008
ENG_CIVIL,RUH,IC5,public,M,True,1,4858.707016275344,0.2098114699078071,2429.353508137672
FIN,MAD,IC4,private,F,False,1,4854.663854668984,1.1310458890843564,2427.331927334492
PM,RUH,IC2,private,M,True,3,4848.246544498202,0.3047627666613612,2424.123272249101
SWE,EST,IC3,semigov,F,False,1,4842.240998707577,0.46112233215226156,2421.1204993537885
HEALTH,MAD,IC5,public,F,False,1,4841.546780852461,0.23488105333067777,2420.7733904262304
FIN,TAB,IC4,private,M,True,1,4839.580396980029,0.34234425678187097,2419.7901984900145
FIN,RUH,M2,private,M,False,1,4816.434056318238,0.16077782134701504,2408.217028159119
PM,RUH,IC4,public,F,False,1,4815.804646866305,0.2301326731819238,2407.9023234331526
OPS,RUH,M1,private,M,False,3,4808.351732479485,0.386119804686573,2404.1758662397424
CUSTOMER,RUH,IC3,mnc,M,True,1,4807.052274770538,0.673076568420848,2403.526137385269
CUSTOMER,RUH,IC3,startup,F,False,1,4803.889972838156,0.7401451624979632,2401.944986419078
SALES,RUH,M3,semigov,M,True,1,4798.1017840727145,0.10977989995260928,2399.0508920363573
LEGAL,JED,IC4,private,M,False,1,4779.1880883271315,0.37776440003723993,2389.5940441635657
DATA,MAD,IC6,private,F,False,1,4776.692290000006,0.3526866151348267,2388.346145000003
HEALTH,RUH,IC5,semigov,F,False,2,4774.0497641817055,0.20679270507250053,2387.0248820908528
HEALTH,EST,D2,private,F,False,1,4770.475391090236,0.10468756927377627,2385.237695545118
SWE,RUH,M1,pif_backed,M,True,2,4766.526999159363,0.137640273382532,2383.2634995796816
SALES,HAI,M1,startup,F,True,1,4748.800483150759,0.5015012385616436,2374.4002415753794
SWE,EST,IC4,mnc,M,True,1,4745.534104037346,0.17531962597901374,2372.767052018673
HR,MAD,IC6,public,F,True,1,4744.647709999994,0.2057070587689521,2372.323854999997
EDU,JED,IC5,private,F,True,1,4741.420560059529,0.5706875519133403,2370.7102800297644
FIN,MAD,IC4,semigov,F,True,2,4739.125390024279,0.21028910524300404,2369.5626950121396
MARKETING,RUH,IC6,private,F,True,2,4737.1883993773645,0.14250072335184472,2368.5941996886822
EDU,MAD,IC6,public,F,True,1,4732.632290000005,0.34830037040607814,2366.3161450000025
MARKETING,RUH,IC3,public,F,True,1,4731.4176586085505,0.322590866569115,2365.7088293042752
OPS,RUH,M1,private,F,False,1,4721.386788029571,0.5425135344980433,2360.6933940147856
DESIGN,TAB,IC5,semigov,M,False,1,4716.290000000001,0.46973502836562986,2358.1450000000004
PM,RUH,IC3,mnc,M,False,1,4710.350994377019,0.2061460645831135,2355.1754971885093
DESIGN,EST,IC5,startup,M,False,1,4706.473674432898,0.5726932948858134,2353.236837216449
MARKETING,RUH,M2,private,M,False,1,4703.408344874479,0.18885587467750042,2351.7041724372393
SWE,RUH,M1,semigov,M,False,1,4681.863666846646,0.24498868774684146,2340.931833423323
CUSTOMER,RUH,IC3,private,M,True,2,4673.92372485357,0.41500327204380333,2336.961862426785
SALES,EST,IC4,public,M,False,3,4670.417786506937,0.2693605122184272,2335.2088932534684
EDU,RUH,IC6,public,M,True,1,4670.007086756223,0.31683339993990506,2335.0035433781113
HEALTH,RUH,M1,public,M,True,1,4669.934668610829,0.20518743359263306,2334.9673343054146
CUSTOMER,EST,IC4,private,F,True,1,4665.729364149563,0.413227717457498,2332.8646820747813
CUSTOMER,RUH,IC4,mnc,M,False,2,4665.171996735977,0.3083260420106501,2332.5859983679884
EDU,EST,IC5,semigov,F,True,1,4662.569850272463,0.2432030575720151,2331.2849251362313
LEGAL,EST,IC2,public,M,True,1,4658.378480153535,0.91234671845355,2329.1892400767674
SALES,RUH,IC3,private,M,True,4,4652.143331018777,0.2812301779493352,2326.0716655093884
DATA,EST,M2,semigov,M,False,1,4645.867346212373,0.15358609798558356,2322.9336731061867
ENG_MECH,EST,IC4,mnc,M,False,1,4643.85557540855,0.17118475683593803,2321.927787704275
HEALTH,EST,IC3,semigov,F,False,1,4639.024184387078,0.6894793906911223,2319.512092193539
DATA,JED,M2,public,F,False,1,4620.923043312505,0.2003415984461672,2310.4615216562524
LEGAL,RUH,IC2,private,F,True,1,4614.324166363394,1.1535810415908485,2307.162083181697
ENG_CIVIL,RUH,IC6,public,M,False,1,4611.083460572259,0.39431730386017416,2305.5417302861297
FIN,RUH,IC4,public,M,True,3,4607.128509962459,0.2064019456283295,2303.5642549812296
PM,RUH,IC4,private,F,False,2,4607.022227697307,0.28950775931413764,2303.5111138486536
DESIGN,RUH,IC1,mnc,M,False,1,4600.530796407429,0.41946941385068875,2300.2653982037145
HEALTH,RUH,IC3,private,F,False,2,4591.81727327955,0.27393228098765793,2295.908636639775
PM,RUH,IC3,private,F,True,1,4587.131873413404,0.2682139565135997,2293.565936706702
OPS,RUH,IC3,mnc,M,True,1,4584.6723853648655,0.21552362281210805,2292.3361926824327
SALES,QAS,IC3,public,M,False,1,4581.119424739938,0.474825811021967,2290.559712369969
SALES,MAK,IC4,private,M,True,2,4558.150123592336,0.2811455783241782,2279.075061796168
SWE,HAI,IC3,private,M,True,1,4547.95195343966,0.20242962418105537,2273.97597671983
SALES,RUH,M4,mnc,M,True,1,4545.674992944074,0.13671906112898058,2272.837496472037
SALES,RUH,IC4,public,M,True,2,4542.978338750319,0.31008205992202315,2271.4891693751597
SALES,RUH,M1,public,M,True,1,4534.3707022710805,0.2708760758003351,2267.1853511355403
SUPPLY,MAD,IC3,private,M,False,1,4520.618482393758,0.4384786564207731,2260.309241196879
SALES,HAI,IC1,mnc,F,False,1,4508.84,0.7146860595608702,2254.42
HEALTH,RUH,IC4,public,F,False,4,4496.317126629905,0.2323010631927023,2248.1585633149525
SALES,RUH,M1,public,M,False,1,4494.64627056614,0.2871787606808327,2247.32313528307
HR,RUH,IC5,public,F,True,3,4482.20993210695,0.490892882063656,2241.104966053475
FIN,EST,IC5,public,M,True,3,4480.761664341153,0.22527487662881573,2240.3808321705765
MARKETING,QAS,IC2,private,M,True,1,4471.355427731454,1.1178388569328637,2235.677713865727
FIN,QAS,IC4,mnc,M,True,1,4468.102757256762,0.2045075183737523,2234.051378628381
HEALTH,EST,IC3,pif_backed,M,True,1,4466.970338078068,0.2805840066731365,2233.485169039034
ENG_CIVIL,MAD,IC4,private,M,False,2,4455.167313105824,0.3660935220933835,2227.583656552912
MARKETING,RUH,M1,pif_backed,F,False,1,4450.885604095255,0.645744678975727,2225.4428020476275
SWE,RUH,IC3,semigov,M,True,3,4450.221305439777,0.23954999248735728,2225.1106527198885
ENG_ELEC,JED,IC6,startup,M,False,1,4450.113401379829,0.2107103172212624,2225.0567006899146
HR,JED,IC4,mnc,F,False,1,4447.900646603059,0.5207771844155654,2223.9503233015294
CUSTOMER,RUH,IC2,private,F,True,2,4447.693899779022,0.27946164595729767,2223.846949889511
PM,MAD,IC4,private,M,True,1,4440.883342574998,0.4792525301523696,2220.441671287499
MARKETING,EST,IC3,public,F,True,1,4436.142803327826,0.5122661392505896,2218.071401663913
HEALTH,RUH,IC4,private,M,True,3,4429.884093407553,0.4288513541881404,2214.9420467037767
ENG_MECH,RUH,M3,mnc,M,True,1,4422.928655789903,0.09773905253663569,2211.4643278949516
FIN,JAZ,M2,public,M,True,1,4422.325482268556,0.23138066759912643,2211.162741134278
FIN,MAK,M1,private,M,False,1,4416.471206658086,0.7999839162892542,2208.235603329043
SWE,EST,D2,mnc,M,False,1,4414.220000000008,0.0807059351375289,2207.110000000004
DATA,HAI,IC3,private,F,True,1,4413.690000000006,0.16289449976545847,2206.845000000003
SALES,QAS,IC5,semigov,M,False,1,4403.279494170516,0.6075307359817375,2201.639747085258
ENG_ELEC,BAH,M5,private,F,False,1,4401.557709999994,0.19371365127510867,2200.778854999997
FIN,RUH,IC3,public,F,True,1,4390.959250824086,0.3036740160119566,2195.479625412043
SALES,QAS,IC3,private,M,False,1,4385.94438566209,0.721141144807519,2192.972192831045
FIN,TAB,IC2,mnc,M,False,1,4379.84044382376,0.8372534875026305,2189.92022191188
HEALTH,EST,IC3,startup,F,False,1,4379.505733966835,0.31300293269440427,2189.7528669834173
HR,RUH,IC4,public,F,True,2,4375.28875974113,0.5133720463504333,2187.644379870565
DATA,JED,IC6,pif_backed,M,True,1,4373.6551075372845,0.09090511570816875,2186.8275537686422
HEALTH,RUH,IC4,private,M,False,3,4364.197800772637,0.27314528935061805,2182.0989003863183
SUPPLY,EST,IC5,public,F,True,1,4363.2980677672085,0.5464977396061939,2181.6490338836043
EDU,RUH,IC3,public,F,True,3,4351.213538259349,0.3741962191672991,2175.6067691296744
EDU,QAS,IC5,private,M,True,1,4347.963141726719,0.30570631848053387,2173.9815708633596
DATA,RUH,IC1,public,M,True,1,4347.876160814018,0.4250879590322049,2173.938080407009
CUSTOMER,JED,IC4,startup,F,False,1,4341.170196013286,0.4248701457492421,2170.585098006643
ENG_ELEC,JED,IC4,private,F,False,1,4339.930043995344,0.3358182253187302,2169.965021997672
EDU,JAZ,M3,semigov,F,False,1,4321.410000000013,0.28508690334353326,2160.7050000000063
EDU,EST,IC4,mnc,F,True,1,4312.277649327099,0.5219607186092796,2156.1388246635497
HEALTH,TAB,IC4,private,M,False,1,4301.550025069234,0.5709986785571993,2150.775012534617
HR,ASR,IC2,private,M,False,1,4299.784830791951,0.4518213336323158,2149.8924153959756
HEALTH,QAS,IC3,semigov,M,True,1,4286.43307040918,0.8338504143364945,2143.21653520459
SWE,JED,M1,private,F,False,1,4280.068231889778,0.17338228328227595,2140.034115944889
SALES,EST,M1,pif_backed,M,False,1,4268.639232447002,0.44073199623833564,2134.319616223501
DATA,RUH,IC5,public,M,False,1,4267.29872109427,0.1451028322176557,2133.649360547135
ENG_ELEC,RUH,IC4,private,M,True,2,4263.131691649404,0.3195090156630052,2131.565845824702
SALES,ASR,IC4,private,M,True,1,4255.871210058063,0.2510570381604125,2127.9356050290316
ENG_MECH,JED,M4,private,M,False,1,4253.713026686106,0.14282079101619133,2126.856513343053
SWE,BAH,IC1,private,M,False,1,4252.860386138186,0.5603101353376116,2126.430193069093
HEALTH,RUH,M1,mnc,M,True,1,4252.245549510852,0.25006133849839257,2126.122774755426
EDU,RUH,M2,private,M,False,1,4227.735150627512,0.22464711511906627,2113.867575313756
HEALTH,EST,IC2,pif_backed,F,True,1,4217.169208053383,0.3231049629944647,2108.5846040266915
SWE,RUH,IC1,private,F,False,1,4215.612406809101,0.3770443664257542,2107.8062034045506
HEALTH,RUH,IC4,pif_backed,F,True,1,4204.762479907382,0.20848983250489928,2102.381239953691
SUPPLY,EST,IC3,private,M,True,1,4202.782288375654,0.4217234751870314,2101.391144187827
DESIGN,RUH,M2,private,F,False,1,4202.478313944841,0.15762891557291103,2101.2391569724205
PM,EST,IC3,public,M,True,1,4199.343993741975,0.20318007100520538,2099.6719968709876
MARKETING,MAD,IC5,private,M,True,1,4193.09388116256,0.16956893658686606,2096.54694058128
OPS,ASR,IC4,private,M,True,1,4163.062235118203,0.4213276059191649,2081.5311175591014
OPS,JED,IC4,pif_backed,M,True,1,4155.655686853886,0.27971875616168534,2077.827843426943
SUPPLY,MAK,M1,public,M,False,1,4151.432584327811,0.5200830072132308,2075.7162921639056
HEALTH,RUH,IC4,pif_backed,M,True,1,4149.0649438955825,0.28248221961886827,2074.5324719477912
MARKETING,RUH,M3,pif_backed,F,False,1,4148.315341254769,0.10538002746213146,2074.1576706273845
HEALTH,BAH,IC3,private,M,False,1,4147.629999999994,0.4880443185655764,2073.814999999997
CUSTOMER,EST,IC3,pif_backed,M,False,1,4147.466309226514,0.38703456876454145,2073.733154613257
OPS,BAH,IC4,public,M,False,1,4140.198703534061,0.29956591823647066,2070.0993517670304
HEALTH,JED,IC4,private,M,False,3,4130.192436298528,0.1847218413672285,2065.096218149264
OPS,JED,IC5,public,M,True,1,4129.419469956547,0.4854046022304182,2064.7097349782734
MARKETING,RUH,IC5,pif_backed,M,False,1,4126.019287954459,0.18020533913492492,2063.0096439772296
SUPPLY,EST,IC6,private,M,False,1,4122.990216189184,0.37226188375877806,2061.495108094592
ENG_ELEC,QAS,IC3,mnc,M,True,1,4116.884937362492,0.6220381630191212,2058.442468681246
HEALTH,RUH,IC4,pif_backed,M,False,1,4114.839656734464,0.34245098405310187,2057.419828367232
OPS,JED,IC5,public,F,False,1,4106.146800611665,0.5743649899722849,2053.0734003058324
SWE,EST,IC3,semigov,M,False,2,4104.878401862381,0.3358291815101253,2052.4392009311905
CUSTOMER,RUH,IC4,private,M,True,2,4099.9564401572825,0.4746355330572371,2049.9782200786412
MARKETING,RUH,M3,mnc,M,True,1,4098.634686718677,0.15779880828830117,2049.3173433593383
MARKETING,ASR,IC3,private,M,True,1,4090.006838527116,0.7051991259213034,2045.003419263558
SALES,EST,IC3,private,F,True,2,4084.815680387973,0.30120723900456264,2042.4078401939864
ENG_MECH,RUH,IC4,private,M,False,2,4079.3646651403283,0.48699586723416055,2039.6823325701641
HR,RUH,IC3,semigov,F,False,1,4073.6326845971635,0.29617243563791606,2036.8163422985817
DATA,MAK,IC3,private,M,False,1,4057.5553282498877,0.3530706791525277,2028.7776641249438
HEALTH,EST,M2,public,M,True,1,4054.255196099195,0.3404122302314049,2027.1275980495975
HR,EST,IC4,private,F,True,1,4053.22548545706,0.1842702719191029,2026.61274272853
OPS,JED,M2,private,F,True,1,4036.1848191521476,0.34823365953454327,2018.0924095760738
ENG_MECH,EST,IC4,public,M,False,1,4030.0397594436054,0.3141109041740177,2015.0198797218027
EDU,RUH,IC5,private,F,True,6,4013.469969653294,0.25056432898362674,2006.734984826647
HEALTH,RUH,IC2,mnc,F,False,1,4010.4045390031624,0.8830436476820048,2005.2022695015812
ENG_MECH,MAK,IC4,private,M,True,1,4009.857601148293,0.25690908818690655,2004.9288005741464
DESIGN,RUH,IC3,private,F,True,1,4008.42832819427,0.3307355049030978,2004.214164097135
ENG_MECH,RUH,IC4,public,M,True,2,4006.944497368024,0.2134382073796827,2003.472248684012
EDU,JED,M2,public,M,True,1,4005.9315468811856,0.4173823601241109,2002.9657734405928
HR,JED,IC4,public,F,False,1,4005.772666331145,0.6773533134587469,2002.8863331655725
PM,RUH,IC5,mnc,F,False,1,4002.340458191531,0.18185818804279763,2001.1702290957655
ENG_CIVIL,EST,M1,private,M,True,1,3993.7694124701065,0.2306372175755306,1996.8847062350533
HEALTH,MAK,IC3,private,F,True,1,3991.6129517296777,0.6858323657204648,1995.8064758648388
FIN,HAI,IC4,public,F,False,1,3984.6899999999996,1.1724987200084742,1992.3449999999998
SALES,MAK,IC5,private,F,True,1,3983.185069008924,0.5267467354604455,1991.592534504462
FIN,MAD,IC4,semigov,M,True,1,3979.569129210242,0.28087976615358745,1989.784564605121
ENG_CIVIL,JED,IC3,private,M,True,1,3976.3806656318648,0.30611231965904884,1988.1903328159324
EDU,RUH,M1,mnc,F,True,3,3971.7747178043987,0.35027207403254484,1985.8873589021994
SALES,EST,IC3,mnc,M,True,1,3970.2826372979234,0.24842307237406244,1985.1413186489617
HR,RUH,IC5,public,M,True,1,3960.0819154216188,0.37844313201291446,1980.0409577108094
HEALTH,JED,IC3,private,F,True,1,3944.5021895956197,0.24859613310776943,1972.2510947978099
HEALTH,RUH,IC5,semigov,F,True,1,3942.5774265858454,0.2527134466287275,1971.2887132929227
HEALTH,MAK,IC2,private,F,True,1,3940.526772844277,0.9851316932110692,1970.2633864221384
SWE,EST,IC2,startup,M,True,2,3940.1001145353403,0.7748719784166209,1970.0500572676701
MARKETING,MAD,M3,public,F,False,1,3927.680000000003,0.620736631660464,1963.8400000000015
DATA,QAS,IC3,private,M,False,1,3925.868562076197,0.6136816130200207,1962.9342810380986
SALES,NJR,IC4,private,F,True,1,3924.1394325768015,0.2720609711466714,1962.0697162884007
CUSTOMER,NJR,M1,pif_backed,F,False,1,3914.104501857393,0.8628331434278279,1957.0522509286966
CUSTOMER,RUH,IC4,semigov,M,False,1,3913.129986366893,0.9254179937015237,1956.5649931834464
HEALTH,MAD,M1,private,M,True,1,3911.892886905309,0.20152232270651627,1955.9464434526544
ENG_MECH,EST,IC3,semigov,F,True,1,3909.47666730299,0.30779572754644435,1954.738333651495
LEGAL,EST,IC3,private,M,True,1,3908.076273959925,0.23693926724626682,1954.0381369799625
HR,RUH,M1,private,M,True,1,3907.852177891831,0.19500902614017385,1953.9260889459156
ENG_MECH,EST,IC3,public,M,False,3,3901.4289378877693,0.4321235839041395,1950.7144689438846
EDU,RUH,M2,pif_backed,M,True,1,3898.321077081466,0.23552006661934896,1949.160538540733
CUSTOMER,RUH,M1,private,F,True,3,3894.5815090501105,0.3125217288368516,1947.2907545250553
ENG_CIVIL,NJR,IC3,private,M,True,1,3886.3232939929767,0.7697244382019689,1943.1616469964883
ENG_CIVIL,JED,IC4,mnc,M,False,1,3885.3058073905413,0.25484567520527346,1942.6529036952707
SWE,MAK,IC4,mnc,M,True,1,3882.0146860072746,0.18920597570877765,1941.0073430036373
EDU,NJR,IC4,private,F,True,2,3871.406170175887,0.2535584807470117,1935.7030850879435
DATA,MAD,IC3,public,M,True,1,3864.0637706230427,0.3598843406907582,1932.0318853115214
FIN,RUH,IC2,public,M,True,1,3859.2275854514237,0.3849430784105874,1929.6137927257118
SWE,EST,IC5,private,M,True,2,3857.196812433911,0.10571348475216662,1928.5984062169555
PM,JAZ,IC4,semigov,M,False,1,3852.1002722523754,0.266344112354766,1926.0501361261877
HEALTH,EST,IC3,startup,M,False,1,3850.3153591877226,0.6223606970495605,1925.1576795938613
ENG_ELEC,EST,IC4,mnc,M,False,1,3843.0487730811656,0.4103510921821971,1921.5243865405828
FIN,JED,IC3,public,M,True,2,3835.0586468711817,0.2298688389306247,1917.5293234355909
SWE,QAS,M3,private,F,True,1,3824.9120071735597,0.12417194906312333,1912.4560035867798
SALES,EST,M3,public,F,False,1,3819.7519747328806,0.1386769783712631,1909.8759873664403
ENG_MECH,RUH,IC4,private,M,True,2,3819.008998925293,0.28085548692007856,1909.5044994626464
EDU,TAB,IC3,public,F,False,1,3805.823950602966,0.39290426573810944,1902.911975301483
SUPPLY,JED,M1,public,M,False,1,3802.416968583624,0.2495261667667609,1901.208484291812
SALES,EST,IC5,mnc,F,False,1,3800.5201517163277,0.19992425757852939,1900.2600758581639
ENG_MECH,NJR,IC6,mnc,M,False,1,3794.1499999999905,0.26249209579960003,1897.0749999999953
HEALTH,MAD,IC2,mnc,F,False,1,3792.0641993003974,0.5360239905265014,1896.0320996501987
ENG_MECH,JED,IC4,private,M,True,2,3791.953344443962,0.18093164648530724,1895.976672221981
SALES,EST,M2,private,M,False,1,3790.0144567369316,0.12253589679403125,1895.0072283684658
SWE,EST,IC3,private,M,False,1,3784.7926995419675,0.28628233140692727,1892.3963497709838
CUSTOMER,JED,IC4,semigov,M,False,1,3776.5339992986997,2.0380427622468726,1888.2669996493498
CUSTOMER,JAZ,IC4,mnc,M,False,1,3772.855501542741,0.8522047948334356,1886.4277507713705
ENG_CIVIL,JED,IC4,semigov,M,False,2,3770.034348764283,0.2671636883848839,1885.0171743821415
DESIGN,RUH,IC2,public,F,True,1,3769.217078444105,0.38128050659581386,1884.6085392220525
SUPPLY,JED,IC3,private,F,True,1,3768.686468293312,0.3767699331068572,1884.343234146656
CUSTOMER,EST,IC6,mnc,F,False,1,3763.4752636947333,0.4824931171932951,1881.7376318473666
FIN,EST,IC2,public,F,False,1,3760.612184113482,0.9260310721776611,1880.306092056741
HEALTH,EST,IC3,public,M,False,1,3758.626703825257,0.28538483352987976,1879.3133519126286
MARKETING,JED,IC5,semigov,M,False,1,3756.7477025461376,0.2491253304959391,1878.3738512730688
CUSTOMER,JED,IC2,semigov,F,True,1,3752.2786449314262,0.6773653032990992,1876.1393224657131
SUPPLY,JED,IC4,semigov,F,True,1,3749.388673828089,0.3293918762960907,1874.6943369140445
SWE,RUH,M1,private,F,False,1,3748.9507813048695,0.1823463098733807,1874.4753906524347
DATA,RUH,IC3,pif_backed,M,False,1,3746.2840831067297,0.23261317816450267,1873.1420415533648
CUSTOMER,RUH,M3,private,F,False,1,3717.5381407026052,0.37366999379845905,1858.7690703513026
EDU,RUH,M2,mnc,F,True,1,3715.4422183340757,0.17500468515548487,1857.7211091670379
HEALTH,JED,IC5,private,F,True,1,3709.9784405608043,0.16794946278769682,1854.9892202804022
ENG_MECH,EST,IC4,private,M,False,1,3695.7231125106537,0.23455883720363174,1847.8615562553268
OPS,TAB,IC2,private,M,False,1,3691.1892758006798,2.0506607087781554,1845.5946379003399
OPS,EST,IC4,semigov,M,False,1,3679.5778239560186,0.5333950611743893,1839.7889119780093
ENG_CIVIL,RUH,M3,startup,M,False,1,3674.857004380632,0.23436483410983702,1837.428502190316
DESIGN,RUH,IC3,semigov,F,False,1,3667.698828295255,0.2324932016965065,1833.8494141476276
CUSTOMER,EST,IC3,private,F,True,1,3665.9576772136497,0.5969302640646844,1832.9788386068249
SUPPLY,NOR,IC4,mnc,M,False,1,3659.0499999999984,0.43496531261441584,1829.5249999999992
HEALTH,JED,IC4,pif_backed,F,True,1,3658.2643672409413,0.31405535381392935,1829.1321836204706
EDU,RUH,IC5,public,F,True,2,3657.906073952933,0.2400650751367681,1828.9530369764666
EDU,RUH,M3,private,F,True,4,3655.010261598598,0.16195220814804573,1827.505130799299
SWE,EST,IC3,semigov,M,True,1,3654.2149295262498,0.14541494062676957,1827.1074647631249
FIN,BAH,IC4,mnc,M,True,1,3647.644701018655,0.2707192944150287,1823.8223505093274
SWE,JED,IC4,semigov,M,True,1,3645.766706323364,0.2454881565139908,1822.883353161682
SALES,QAS,M2,public,M,True,1,3643.697709999993,0.1658931798769991,1821.8488549999965
OPS,JED,IC3,private,M,False,2,3643.2677286203702,0.8400758546308755,1821.6338643101851
FIN,QAS,IC3,public,F,False,1,3636.5166644160527,0.55180253623399,1818.2583322080263
ENG_ELEC,RUH,M2,private,M,True,2,3631.4471529640796,0.15941672917007052,1815.7235764820398
SALES,RUH,IC2,private,F,False,1,3629.9125486551657,0.6175515699721782,1814.9562743275828
SUPPLY,QAS,IC3,private,F,False,1,3628.6136587486367,0.9208767809147411,1814.3068293743183
HEALTH,MAK,IC2,semigov,F,True,2,3621.043698983517,0.8326476217927234,1810.5218494917585
HR,EST,M1,public,M,False,1,3612.450790913357,0.22483443190416708,1806.2253954566786
HEALTH,EST,IC5,semigov,M,True,1,3600.4285846241037,0.13836674369282642,1800.2142923120518
SWE,EST,M1,private,M,True,2,3600.2859538528446,0.10578718972998703,1800.1429769264223
ENG_MECH,JED,IC6,private,M,False,1,3597.167894975011,0.24322756741017745,1798.5839474875056
FIN,EST,IC4,mnc,M,False,1,3597.1446744312925,0.21087641652492295,1798.5723372156463
SALES,EST,M1,startup,M,False,1,3596.499598663664,0.1987600553678575,1798.249799331832
ENG_MECH,RUH,IC2,private,M,False,2,3591.200091147433,0.40031825496893747,1795.6000455737164
PM,MAD,M2,semigov,F,True,1,3577.932290000006,0.24269524958131267,1788.966145000003
FIN,RUH,IC4,semigov,F,True,2,3574.5332042600294,0.28097979522526506,1787.2666021300147
ENG_CIVIL,EST,IC4,public,M,True,3,3573.4699562797377,0.20918074409469556,1786.7349781398689
HEALTH,EST,IC2,pif_backed,F,False,1,3572.2923984487397,0.6212920143812006,1786.1461992243699
ENG_CIVIL,RUH,IC3,semigov,F,False,1,3545.709965420794,0.2954332388264687,1772.854982710397
SWE,QAS,IC2,private,M,True,1,3544.000588065479,0.2670998185971593,1772.0002940327395
FIN,JAZ,IC3,semigov,F,True,1,3543.0490508331513,0.37988075692397894,1771.5245254165757
SALES,JED,IC4,mnc,M,False,1,3541.2643555368013,0.5403342705248834,1770.6321777684007
OPS,ASR,M3,private,M,False,1,3540.2400000000107,0.23864668192374008,1770.1200000000053
SALES,EST,M3,semigov,M,False,2,3536.047096645556,0.1142043455754129,1768.023548322778
EDU,EST,M2,private,F,True,3,3531.518981600642,0.1607710681966818,1765.759490800321
CUSTOMER,EST,M1,private,F,True,2,3525.321518688698,0.4152748654921311,1762.660759344349
SALES,RUH,IC4,private,F,False,1,3523.950131421765,0.34931302432852596,1761.9750657108825
FIN,MAK,IC4,public,F,True,1,3520.982352057452,0.2562218227030302,1760.491176028726
HEALTH,EST,M1,private,F,False,2,3517.7091553353966,0.17362878378099528,1758.8545776676983
EDU,RUH,IC3,public,F,False,1,3515.8703508975923,0.6731502238934239,1757.9351754487961
OPS,JED,IC4,semigov,F,True,1,3515.1715943940962,0.35828626178328116,1757.5857971970481
MARKETING,RUH,IC4,public,F,False,1,3510.52896646905,0.24989350634385077,1755.264483234525
CUSTOMER,NJR,M3,semigov,F,False,1,3506.5386258284534,0.6019488449247256,1753.2693129142267
ENG_ELEC,RUH,IC3,public,M,True,2,3505.6555289547205,0.5052406758232049,1752.8277644773602
PM,JAZ,IC2,public,M,True,1,3490.3400000000047,0.38858235807549174,1745.1700000000023
SALES,RUH,M3,startup,M,True,1,3489.004771491065,0.1565499986310785,1744.5023857455326
MARKETING,RUH,IC4,private,F,True,1,3485.975724602501,0.46297265103525453,1742.9878623012505
SUPPLY,QAS,M2,semigov,M,False,1,3480.0099999999893,0.18548528514283066,1740.0049999999947
SALES,RUH,IC2,pif_backed,M,True,1,3477.596130363365,0.4071821468137476,1738.7980651816824
CUSTOMER,EST,IC3,pif_backed,F,False,1,3477.4165605747085,0.40756770422529315,1738.7082802873542
FIN,RUH,IC3,private,F,True,1,3473.6397518873546,0.2855930536210406,1736.8198759436773
EDU,JED,IC5,semigov,M,True,1,3473.4474296438675,0.3657245983806023,1736.7237148219338
CUSTOMER,RUH,IC4,private,F,False,1,3465.2282360961917,0.4623207689223755,1732.6141180480959
SWE,RUH,IC3,private,M,True,5,3464.8388948777383,0.3355420659042838,1732.4194474388692
SALES,EST,IC4,pif_backed,M,True,1,3461.628930509203,0.23024079639857367,1730.8144652546016
EDU,JED,IC6,public,F,True,2,3458.864034875439,0.1699863952869873,1729.4320174377194
CUSTOMER,TAB,M2,public,M,False,1,3455.0187788131725,0.3031845860928251,1727.5093894065863
CUSTOMER,TAB,M1,startup,F,True,1,3452.0473394031633,0.22604536949943052,1726.0236697015816
DATA,RUH,IC1,startup,M,True,1,3449.767846992351,0.8624419617480878,1724.8839234961756
FIN,RUH,IC4,private,M,False,1,3445.5898555049043,0.2843163346638961,1722.7949277524522
MARKETING,MAK,IC3,private,M,True,1,3443.537798508344,0.860884449627086,1721.768899254172
MARKETING,MAK,IC4,private,F,False,2,3438.1198011415863,0.2988018764817643,1719.0599005707932
MARKETING,EST,M2,semigov,F,True,1,3436.14761942521,0.14790822247545415,1718.073809712605
MARKETING,EST,IC3,private,M,False,1,3433.990314802133,1.9077723971122962,1716.9951574010665
DATA,RUH,IC1,private,M,True,1,3427.4663861833405,0.6522879089439666,1713.7331930916703
HEALTH,RUH,IC2,startup,F,True,1,3425.9240396536425,0.6860753337138891,1712.9620198268212
ENG_MECH,TAB,IC3,semigov,M,True,1,3424.6990007023724,0.2856520028010847,1712.3495003511862
HEALTH,RUH,IC3,pif_backed,F,True,1,3417.76341588387,0.2290693908385921,1708.881707941935
HR,RUH,IC5,semigov,M,True,1,3412.210149298142,0.21809935113035506,1706.105074649071
ENG_ELEC,TAB,IC2,semigov,M,True,1,3403.4100000000008,0.47163334820723324,1701.7050000000004
EDU,JAZ,M1,private,M,True,1,3403.182290000006,0.22813753013292043,1701.591145000003
CUSTOMER,JED,IC4,semigov,F,False,1,3402.460814622902,0.28808022604909417,1701.230407311451
SALES,RUH,M1,private,M,False,3,3395.5287881429117,0.5600927571627944,1697.7643940714559
LEGAL,ASR,IC4,private,F,True,1,3393.016574077823,0.28682089158999463,1696.5082870389115
PM,EST,IC2,private,M,True,2,3391.1196616782327,0.23415695762647643,1695.5598308391163
CUSTOMER,EST,IC3,mnc,M,False,1,3382.4537232006705,0.3618495416189547,1691.2268616003353
MARKETING,TAB,IC1,mnc,F,False,1,3380.461613102545,1.8780342295014139,1690.2308065512725
ENG_ELEC,RUH,M1,private,F,True,1,3374.43668126806,0.22600644452059282,1687.21834063403
SWE,ASR,IC4,private,M,False,1,3374.369803251746,0.3903921082394188,1687.184901625873
SUPPLY,EST,M3,public,M,True,1,3369.127937719759,0.2507522981196717,1684.5639688598794
HEALTH,JED,M2,private,F,True,1,3356.856067605153,0.19296235305779133,1678.4280338025765
EDU,RUH,IC5,public,M,True,2,3352.38707146217,0.20030833952061675,1676.193535731085
FIN,HAI,D1,mnc,F,False,1,3350.3777099999934,0.15460332382745415,1675.1888549999967
SWE,QAS,IC5,public,M,False,1,3341.8612445350627,0.2628679473845097,1670.9306222675314
FIN,HAI,IC3,public,F,True,1,3341.2235674458716,0.22646390663383498,1670.6117837229358
EDU,EST,M1,private,F,True,3,3339.431411733663,0.36069133519784047,1669.7157058668315
CUSTOMER,JED,IC3,public,M,True,1,3335.5713764820193,0.46958317399081817,1667.7856882410097
ENG_CIVIL,RUH,IC4,pif_backed,M,True,1,3334.4131854324623,0.12860452780843856,1667.2065927162312
EDU,RUH,IC4,public,M,True,3,3318.891883793696,0.4836861552158223,1659.445941896848
ENG_MECH,HAI,IC3,mnc,M,False,1,3318.4400000000023,0.33611399215635457,1659.2200000000012
SWE,RUH,IC1,public,F,False,1,3317.7067247005216,1.2067723169677882,1658.8533623502608
HEALTH,RUH,M1,pif_backed,M,True,1,3305.0215608325307,0.18520278933376355,1652.5107804162653
HEALTH,EST,IC2,private,F,False,1,3302.5290506500874,0.8813936307093487,1651.2645253250437
DATA,RUH,IC4,semigov,M,True,3,3300.5514247656406,0.16359001072132517,1650.2757123828203
SUPPLY,RUH,IC4,private,M,False,3,3300.4374562049456,0.25477547025915853,1650.2187281024728
CUSTOMER,RUH,M2,public,F,True,2,3299.6770808991996,0.3128744768596937,1649.8385404495998
SWE,EST,IC2,private,M,True,1,3299.6665772565866,0.22709742756970094,1649.8332886282933
ENG_ELEC,MAK,IC4,private,M,True,1,3291.081590838574,0.13481044633557235,1645.540795419287
SWE,EST,IC5,private,F,True,1,3285.089588790015,0.10988575500627236,1642.5447943950076
PM,EST,M1,public,M,False,1,3281.106705261638,0.15204549007063736,1640.553352630819
HR,RUH,IC4,private,F,True,1,3275.5327933930275,0.2345993761311242,1637.7663966965138
SALES,TAB,IC3,pif_backed,F,False,1,3265.3673349314013,0.2760028243730328,1632.6836674657006
SALES,JED,IC5,public,M,True,1,3260.2754946768237,0.2016976742187705,1630.1377473384118
SALES,MAD,IC3,semigov,M,True,1,3257.8680463666387,0.19753741547576362,1628.9340231833194
ENG_CIVIL,JED,IC3,mnc,M,False,2,3256.07171248029,0.2928965749103038,1628.035856240145
DESIGN,JED,IC3,semigov,F,True,2,3254.988246526639,0.215432778543793,1627.4941232633196
HEALTH,QAS,IC3,public,M,False,1,3251.468018712811,0.8979847325110986,1625.7340093564055
DESIGN,BAH,M2,private,F,True,1,3243.237709999994,0.15040293299003946,1621.618854999997
ENG_CIVIL,NOR,IC6,private,M,False,1,3241.4022900000055,0.21496107107756376,1620.7011450000027
DATA,EST,IC2,semigov,M,False,1,3236.832365077733,0.3273240620499549,1618.4161825388665
OPS,NJR,IC3,pif_backed,F,True,1,3236.0955127248235,0.15524974334774116,1618.0477563624117
SALES,RUH,IC3,pif_backed,F,False,1,3224.965642589257,0.15648328777506815,1612.4828212946286
FIN,HAI,M4,public,M,True,1,3223.697709999993,0.1496323688319594,1611.8488549999965
SALES,RUH,IC5,pif_backed,M,False,1,3220.4043205053404,0.3342395055231167,1610.2021602526702
SWE,EST,IC3,private,F,True,2,3219.7907622934335,0.20132124381285801,1609.8953811467168
CUSTOMER,JAZ,IC4,private,F,False,1,3216.981577765886,1.4655151325512437,1608.490788882943
CUSTOMER,EST,IC5,public,F,True,1,3212.641726434207,0.28053522680953236,1606.3208632171036
SWE,MAD,IC2,semigov,M,False,1,3208.8574029083875,0.5134557963412268,1604.4287014541937
ENG_MECH,EST,IC4,startup,M,True,1,3206.4128507788773,0.18961749334880024,1603.2064253894387
DESIGN,EST,IC3,private,M,False,1,3192.623985317122,0.42750894624872915,1596.311992658561
EDU,JED,IC3,semigov,M,True,1,3185.3910516727074,0.6509685778486765,1592.6955258363537
ENG_MECH,RUH,IC6,private,M,True,1,3180.959963965128,0.16566412641488779,1590.479981982564
CUSTOMER,RUH,M2,private,M,False,1,3179.259289392933,0.6045437463429766,1589.6296446964666
MARKETING,RUH,IC3,mnc,M,True,1,3177.965883682864,0.14425654352903336,1588.982941841432
PM,EST,M4,private,M,True,1,3176.699999999968,0.07587714814471494,1588.349999999984
ENG_MECH,JED,M2,public,M,True,1,3176.6887603413197,0.1981859412284814,1588.3443801706599
EDU,EST,IC4,private,M,True,1,3172.4711815233086,0.4391151982331849,1586.2355907616543
OPS,JAZ,IC4,private,M,True,3,3171.087627554602,0.24040877564810292,1585.543813777301
SALES,MAK,IC6,semigov,M,False,1,3154.502202848318,0.28604507284177066,1577.251101424159
SWE,JED,IC2,private,M,False,1,3151.9541106599227,0.2266984550663687,1575.9770553299613
FIN,RUH,IC4,mnc,M,True,1,3145.357617606457,0.3927219991218083,1572.6788088032285
ENG_CIVIL,JED,IC4,private,M,False,3,3141.975760863603,0.24185328321741317,1570.9878804318016
OPS,RUH,IC4,private,M,False,2,3139.360181907782,0.21303742029616102,1569.680090953891
MARKETING,HAI,IC4,public,F,True,1,3139.291665840681,0.26819082972025665,1569.6458329203406
ENG_MECH,RUH,M1,semigov,M,True,1,3137.1322312084594,0.37184219848311606,1568.5661156042297
SWE,EST,IC3,pif_backed,M,False,1,3134.424196553113,0.21180545433710707,1567.2120982765564
HEALTH,TAB,IC3,pif_backed,M,True,1,3134.2138251840324,0.4698062631341213,1567.1069125920162
ENG_MECH,RUH,IC2,pif_backed,F,False,1,3133.4824901907687,0.2995134244311764,1566.7412450953843
EDU,EST,IC5,private,F,True,1,3124.072203633841,0.2839170010581972,1562.0361018169206
HR,QAS,IC4,private,F,False,1,3121.474295859298,0.4826847942382437,1560.737147929649
ENG_MECH,MAD,IC4,private,M,False,1,3116.937052673122,0.22122128058785734,1558.468526336561
LEGAL,EST,IC2,semigov,F,True,1,3111.8411909417227,0.2889406045352362,1555.9205954708614
DATA,EST,IC4,semigov,M,True,1,3100.2428842822483,0.16833520212119663,1550.1214421411241
LEGAL,EST,IC4,private,F,True,1,3099.795308038407,0.10729974841872673,1549.8976540192034
SALES,RUH,IC1,mnc,M,True,1,3098.3258929557314,0.30674064360800446,1549.1629464778657
HEALTH,RUH,IC4,private,F,False,7,3095.773372176894,0.330812922270964,1547.886686088447
CUSTOMER,EST,IC3,semigov,F,True,1,3092.8212789462705,0.48035095430364816,1546.4106394731352
HEALTH,JED,IC1,mnc,M,False,1,3083.8828269126625,0.6602896535515818,1541.9414134563312
ENG_MECH,TAB,IC3,public,M,False,1,3080.3528334881685,0.2741805640252367,1540.1764167440842
SUPPLY,RUH,IC5,private,M,False,1,3078.0129583382422,0.29859993872210266,1539.0064791691211
DESIGN,JED,IC3,private,M,True,1,3076.408526501087,0.3310140884496252,1538.2042632505436
FIN,QAS,IC4,private,F,True,1,3075.639500149029,0.3438743280638175,1537.8197500745146
DATA,BAH,IC6,startup,M,True,1,3069.9122900000057,0.20129899196813783,1534.9561450000028
SUPPLY,EST,IC2,semigov,M,False,1,3062.5215377535287,0.3360935653491374,1531.2607688767644
ENG_MECH,EST,IC2,semigov,M,False,1,3060.7580308678025,0.2912926986312446,1530.3790154339013
DATA,RUH,IC5,semigov,F,True,1,3059.8520614796544,0.10443640902550502,1529.9260307398272
CUSTOMER,JED,M1,private,F,False,1,3058.9363078611314,0.2809789466111554,1529.4681539305657
SUPPLY,NJR,IC4,public,M,False,1,3051.4357134770316,1.07216894824986,1525.7178567385158
HR,JED,IC2,private,F,False,1,3050.7800415522197,0.8021318213865233,1525.3900207761098
SALES,JED,IC4,pif_backed,M,True,1,3049.183101817611,0.3706235682279096,1524.5915509088054
CUSTOMER,RUH,IC4,semigov,F,True,2,3048.290024061154,0.29160332358943575,1524.145012030577
SUPPLY,EST,M4,public,M,False,1,3047.8762817517636,0.1176821650131457,1523.9381408758818
SWE,JAZ,IC3,private,M,False,1,3046.298524542264,0.21909653648090818,1523.149262271132
HEALTH,QAS,IC4,public,F,True,1,3027.2383042401607,0.39111454403150386,1513.6191521200803
SALES,EST,VP,public,M,False,1,3025.683773300065,0.08208476322880398,1512.8418866500324
ENG_MECH,RUH,IC5,private,F,True,1,3023.962659964647,0.21213183623028142,1511.9813299823236
HEALTH,JED,IC5,private,F,False,1,3021.6929749129886,0.3182622269995301,1510.8464874564943
FIN,MAK,M2,semigov,M,True,1,3021.2272919402276,0.10421784174361606,1510.6136459701138
CUSTOMER,ASR,IC3,private,M,True,1,3014.9231790477943,0.4169810602857665,1507.4615895238971
OPS,RUH,IC2,semigov,M,True,1,3012.0629834844185,0.3854419351908574,1506.0314917422093
OPS,RUH,IC3,public,M,False,2,3011.434917223348,0.42164977975073237,1505.717458611674
MARKETING,RUH,M2,semigov,M,False,1,3006.772075855206,0.13588001864843616,1503.386037927603
OPS,RUH,IC5,pif_backed,M,True,1,3004.5268812155555,0.18438777492775557,1502.2634406077777
EDU,QAS,IC4,semigov,F,True,1,2991.781892034208,0.466946442712827,1495.890946017104
FIN,EST,M1,private,F,False,1,2990.378367031395,0.20630669211700423,1495.1891835156976
HEALTH,MAK,IC3,mnc,F,False,1,2977.6933110755863,0.5243516354791913,1488.8466555377931
PM,RUH,IC3,semigov,M,False,1,2973.3989442916627,0.22131688163641336,1486.6994721458314
HEALTH,JAZ,IC2,private,M,False,1,2970.6016942219762,1.1493067618252,1485.3008471109881
SWE,MAD,M2,mnc,M,False,1,2965.552568836214,0.15450317955895942,1482.776284418107
OPS,MAK,IC3,private,F,True,1,2961.3700277243443,0.24515464317728602,1480.6850138621721
ENG_CIVIL,RUH,IC4,mnc,M,True,1,2947.849203219461,0.17674249574725856,1473.9246016097304
DATA,HAI,IC4,private,F,True,1,2944.7577099999944,0.1384779113085332,1472.3788549999972
SWE,MAK,IC3,private,M,False,2,2929.1068656647703,0.2456571924619878,1464.5534328323852
FIN,RUH,IC3,semigov,F,True,1,2924.4719983700306,0.20809326526826682,1462.2359991850153
CUSTOMER,QAS,IC5,public,M,False,1,2924.350000000004,0.3751330896029766,1462.175000000002
ENG_MECH,JAZ,IC3,startup,M,False,1,2921.698780735588,0.6921160706721913,1460.849390367794
SUPPLY,RUH,IC3,public,M,False,1,2915.5255153539956,0.7995956161409655,1457.7627576769978
EDU,MAK,IC3,semigov,F,True,2,2911.222274309709,0.2712348921579918,1455.6111371548545
ENG_CIVIL,RUH,IC4,pif_backed,M,False,1,2910.680406361482,0.30398750980276573,1455.340203180741
EDU,MAK,IC4,private,M,False,1,2910.301920623382,0.46536982999347304,1455.150960311691
SALES,EST,IC3,semigov,M,True,3,2907.281510333744,0.2692163949500515,1453.640755166872
HEALTH,RUH,IC3,private,F,True,2,2906.984114095837,0.20826482780049593,1453.4920570479185
MARKETING,MAK,IC3,private,F,False,1,2901.5486220187827,1.277011373427158,1450.7743110093913
PM,TAB,IC5,mnc,M,False,1,2901.079999999987,0.1258680032054016,1450.5399999999936
EDU,EST,M2,public,F,True,1,2894.993916693462,0.15155766620039485,1447.496958346731
ENG_CIVIL,JAZ,IC4,public,F,True,1,2888.2174396965984,0.2255582842067669,1444.1087198482992
HR,RUH,IC1,public,F,True,2,2887.905066517709,0.32138615185188407,1443.9525332588546
SALES,RUH,IC5,private,F,False,1,2886.9937929047774,0.23711695656034112,1443.4968964523887
FIN,QAS,IC4,private,M,True,1,2886.3582583911884,0.15533237639753203,1443.1791291955942
SALES,RUH,IC3,mnc,F,False,1,2877.2100530219104,0.2643158378597134,1438.6050265109552
MARKETING,JED,IC3,pif_backed,M,True,1,2875.688804442838,0.19615096012117098,1437.844402221419
DESIGN,RUH,IC5,private,F,True,1,2873.91904975328,0.3351618536527467,1436.95952487664
HEALTH,RUH,IC6,mnc,M,False,1,2869.9452578007003,0.09421898873193925,1434.9726289003502
EDU,RUH,M2,private,F,True,2,2869.686228421667,0.2244675206047188,1434.8431142108334
ENG_ELEC,BAH,IC4,semigov,M,True,1,2864.619999999999,0.396739243339367,1432.3099999999995
MARKETING,RUH,IC4,pif_backed,F,True,1,2862.2343362278225,0.12943555596783018,1431.1171681139112
EDU,JED,IC5,public,F,True,1,2861.0418299747653,0.2840990121695836,1430.5209149873826
ENG_CIVIL,RUH,M3,pif_backed,M,False,1,2857.6096783003522,0.1361574380942384,1428.8048391501761
HR,EST,IC4,public,F,True,1,2853.219554140838,0.1820437837527635,1426.609777070419
DESIGN,RUH,IC2,public,F,False,1,2849.2214052126137,0.35646859594473274,1424.6107026063069
LEGAL,EST,IC2,private,F,False,1,2848.7586734037686,0.3035800408150753,1424.3793367018843
ENG_MECH,JED,IC4,semigov,M,False,2,2848.510500993155,0.1998937702447683,1424.2552504965774
MARKETING,HAI,IC4,private,F,False,1,2837.1511692397944,0.34813422138289096,1418.5755846198972
OPS,EST,IC3,private,F,True,1,2833.488520329929,0.1945896857317439,1416.7442601649645
HR,MAK,IC4,semigov,F,False,1,2832.518766851036,0.6012665820797288,1416.259383425518
HEALTH,EST,IC2,mnc,M,False,1,2832.1640405427643,0.2896086460907924,1416.0820202713821
CUSTOMER,MAD,IC3,private,F,True,1,2828.978845770891,0.39646095282666455,1414.4894228854455
DATA,EST,M1,private,M,True,3,2828.435228471609,0.10679563238320182,1414.2176142358046
OPS,MAD,IC4,semigov,M,True,1,2827.2061222103785,0.29612438644927797,1413.6030611051892
EDU,RUH,IC6,semigov,M,True,1,2822.0427885519384,0.10205911775360288,1411.0213942759692
SALES,NJR,M1,public,M,False,1,2819.0082186425234,0.34339496135965536,1409.5041093212617
PM,RUH,IC4,pif_backed,F,False,1,2806.711894412143,0.15650664367870984,1403.3559472060715
DESIGN,EST,IC2,private,M,False,1,2805.7363898062167,0.6398690926976498,1402.8681949031084
HR,EST,IC3,public,F,True,1,2800.4286491161292,0.2820880029328763,1400.2143245580646
FIN,RUH,M3,public,M,True,1,2799.5633961387794,0.1214132361126604,1399.7816980693897
FIN,RUH,IC3,public,M,False,1,2798.0068959754735,0.23668697387190968,1399.0034479877368
DATA,RUH,IC4,public,M,True,1,2793.540960984832,0.14165950194927066,1396.770480492416
SUPPLY,EST,M1,semigov,M,False,1,2781.9943654899307,0.22967734193675113,1390.9971827449654
SALES,ASR,IC1,private,M,False,1,2776.891107434427,1.4823842432093928,1388.4455537172134
LEGAL,JED,IC3,public,M,True,1,2773.7343047696813,0.3002624359710405,1386.8671523848407
SWE,EST,IC1,mnc,M,True,1,2771.13237163982,0.24961828257491975,1385.56618581991
MARKETING,RUH,IC3,semigov,M,True,1,2769.6267439401436,0.19020985955127387,1384.8133719700718
ENG_MECH,ASR,IC3,private,M,False,1,2768.9630043294355,0.2962027988628223,1384.4815021647178
EDU,ASR,IC3,semigov,F,True,1,2767.325259610827,0.2663804489538386,1383.6626298054134
DESIGN,ASR,M2,public,F,False,1,2761.262290000006,0.17746859663375184,1380.631145000003
EDU,MAK,IC3,public,F,True,2,2759.480451474933,0.2427707152367759,1379.7402257374665
SUPPLY,EST,M2,private,F,False,1,2756.615944576897,0.12681827838842885,1378.3079722884486
CUSTOMER,QAS,IC2,private,F,True,1,2751.883088595052,0.26667833646458383,1375.941544297526
ENG_ELEC,RUH,IC3,mnc,M,True,1,2747.6397882215842,0.23602577624448057,1373.8198941107921
PM,EST,IC3,private,M,True,1,2746.9593769842722,0.21828602622842516,1373.4796884921361
HEALTH,QAS,IC4,startup,M,False,1,2745.159836750432,0.34422066918500716,1372.579918375216
MARKETING,EST,IC4,public,F,True,1,2744.227506627947,0.12644333452031298,1372.1137533139736
ENG_CIVIL,RUH,IC3,semigov,M,False,1,2738.510643494925,0.25493964172624,1369.2553217474624
CUSTOMER,NJR,IC5,private,F,False,1,2727.4524224348206,0.1953145476561359,1363.7262112174103
OPS,EST,IC4,public,M,False,1,2727.1424017781574,0.24438336539437644,1363.5712008890787
ENG_MECH,RUH,M1,public,M,False,2,2723.0975423720147,0.27376317064487776,1361.5487711860073
HEALTH,RUH,IC4,semigov,F,False,1,2715.4048819143045,0.29500071505705805,1357.7024409571522
OPS,JED,M1,pif_backed,M,False,1,2713.874732485954,0.1604198970336882,1356.937366242977
OPS,ASR,IC2,private,M,False,1,2709.5855309581048,0.32175421235441415,1354.7927654790524
SWE,RUH,IC6,pif_backed,M,False,1,2705.523744174232,0.08488807122610595,1352.761872087116
ENG_ELEC,MAK,IC4,private,M,False,1,2702.5486761371703,0.32753798598213213,1351.2743380685852
MARKETING,QAS,IC4,private,M,False,1,2700.27735224171,0.22186486631481775,1350.138676120855
HEALTH,JED,IC1,public,F,False,1,2697.794319325905,0.7702525979665565,1348.8971596629524
OPS,NOR,M3,private,M,False,1,2695.197709999993,0.12824735649007707,1347.5988549999965
ENG_ELEC,ASR,IC3,private,M,True,1,2694.9994662699883,0.32838214993115405,1347.4997331349941
OPS,MAD,IC5,private,M,True,1,2694.867014567608,0.32361328940232553,1347.433507283804
HEALTH,RUH,M1,public,F,True,1,2691.621021876248,0.20193205529127833,1345.810510938124
ENG_MECH,JED,IC4,private,M,False,1,2687.9736144089256,0.09784917589686587,1343.9868072044628
EDU,RUH,IC4,semigov,F,True,3,2686.617849006015,0.16107353943567054,1343.3089245030076
HEALTH,RUH,M2,startup,F,False,1,2681.9023211315507,0.12707293840725425,1340.9511605657754
HR,EST,M2,private,M,False,1,2677.480229365312,0.18342988880163816,1338.740114682656
ENG_ELEC,HAI,IC2,startup,M,True,1,2667.6136897876786,0.23718235721098582,1333.8068448938393
ENG_ELEC,RUH,M3,public,M,False,1,2663.5379907983624,0.12884967643148149,1331.7689953991812
HEALTH,EST,IC3,public,M,True,1,2661.051815153465,0.31690996944736133,1330.5259075767326
DESIGN,JED,IC3,private,M,False,1,2657.815909302368,0.1692630566581648,1328.907954651184
LEGAL,EST,IC4,public,F,True,3,2653.4506421817573,0.11496974538927747,1326.7253210908787
HEALTH,JED,IC4,mnc,M,False,2,2650.6989268554753,0.13481980299930782,1325.3494634277376
DATA,QAS,IC4,private,M,False,1,2645.7922811977187,0.14771505400440382,1322.8961405988593
ENG_ELEC,RUH,IC4,public,M,True,2,2643.970017467067,0.2011859000978745,1321.9850087335335
HR,ASR,M1,semigov,F,False,1,2641.638387429113,0.2987585896290016,1320.8191937145566
SALES,RUH,IC6,public,M,True,1,2639.5198531135975,0.12750730779310868,1319.7599265567987
HR,EST,IC5,private,M,False,1,2633.2641880201736,0.1839677140773351,1316.6320940100868
DATA,QAS,IC2,semigov,M,False,1,2631.3156930563637,0.22894663190880507,1315.6578465281818
FIN,JED,IC3,public,F,False,2,2629.738828861651,0.2548430540706854,1314.8694144308256
EDU,JED,IC2,pif_backed,F,True,1,2628.0155509447413,0.2871297736894036,1314.0077754723707
ENG_ELEC,JED,IC3,private,M,True,3,2621.7130266406148,0.22595850656077476,1310.8565133203074
OPS,EST,IC3,public,M,False,2,2619.5640582803057,0.3261605405535976,1309.7820291401529
SWE,JED,IC4,semigov,F,True,1,2618.4392871224118,0.08933981809951741,1309.2196435612059
ENG_CIVIL,JED,IC4,public,M,True,1,2607.683685298587,0.16517583005212963,1303.8418426492935
EDU,QAS,IC4,semigov,M,True,1,2605.5859602020755,0.22062334391483868,1302.7929801010378
SWE,QAS,IC4,private,M,False,1,2604.498462245423,0.1955847504815783,1302.2492311227115
HEALTH,JED,IC2,public,M,False,1,2603.8460363469076,0.2789626813227413,1301.9230181734538
MARKETING,ASR,M3,private,M,True,1,2582.7291149715966,0.10666219743750942,1291.3645574857983
EDU,MAK,IC5,private,M,True,1,2582.327543634334,0.25149421827886936,1291.163771817167
SWE,JED,IC2,semigov,M,True,2,2581.4921432715646,0.2636766997545982,1290.7460716357823
EDU,RUH,M3,semigov,F,True,1,2578.688277065412,0.14913376163042233,1289.344138532706
SUPPLY,RUH,D1,mnc,M,True,1,2571.9854137193033,0.09401624215531276,1285.9927068596517
HEALTH,NJR,IC3,private,M,False,1,2562.474557537709,0.2554321164381005,1281.2372787688546
HR,ASR,M1,public,M,True,1,2561.189487092208,0.20341494906601307,1280.594743546104
SUPPLY,EST,IC4,private,F,False,2,2551.104384528713,0.3468990368381081,1275.5521922643566
MARKETING,HAI,IC5,semigov,F,False,1,2545.117113653836,0.13741264244250861,1272.558556826918
HR,MAK,IC4,semigov,F,True,1,2536.559224514257,0.5012923266445042,1268.2796122571285
EDU,RUH,M2,public,F,True,1,2534.4218659150883,0.20445530812958473,1267.2109329575442
DATA,JED,IC4,semigov,M,False,1,2530.987393114163,0.12608361677534002,1265.4936965570814
HEALTH,HAI,IC4,public,F,False,1,2530.299143885739,0.25226429226156005,1265.1495719428694
ENG_CIVIL,RUH,IC4,public,M,False,1,2525.2568969805716,0.34822195919123805,1262.6284484902858
SWE,EST,IC1,public,M,True,1,2521.009678098513,0.4479907448947756,1260.5048390492566
ENG_MECH,JED,IC4,mnc,M,True,1,2519.2643344970493,0.11758290659730279,1259.6321672485246
ENG_ELEC,RUH,M2,mnc,M,False,1,2516.2691587486224,0.12992198073418834,1258.1345793743112
SWE,RUH,IC3,private,F,False,2,2515.3802728801074,0.26545597246034913,1257.6901364400537
HEALTH,QAS,M2,private,M,False,1,2510.056457636869,0.15133138220544964,1255.0282288184344
ENG_MECH,QAS,IC4,semigov,M,True,1,2508.6129529992995,0.15908822819139062,1254.3064764996498
PM,JED,IC4,semigov,F,False,1,2508.443842487124,0.15379517117642447,1254.221921243562
CUSTOMER,JED,IC3,semigov,F,True,1,2506.061399274814,0.3563562962711219,1253.030699637407
HEALTH,JAZ,IC6,semigov,F,False,1,2502.846253908854,0.15331633583356127,1251.423126954427
OPS,JED,IC2,private,M,False,2,2499.2297948829514,0.3291133322697224,1249.6148974414757
CUSTOMER,JAZ,IC5,public,M,False,1,2498.507061415916,0.37080015455516957,1249.253530707958
ENG_ELEC,JED,M2,startup,F,False,1,2496.012723288013,0.1800120384808398,1248.0063616440066
HEALTH,NJR,IC3,public,F,False,1,2494.7689184372475,0.2990200246234633,1247.3844592186238
SWE,RUH,IC1,startup,M,True,1,2490.711600265374,0.25107600190172263,1245.355800132687
SALES,RUH,IC4,public,F,False,1,2489.940576391752,0.23434977457571346,1244.970288195876
DATA,JED,IC5,private,M,True,1,2487.175317891484,0.11023115523111163,1243.587658945742
HEALTH,RUH,IC3,mnc,F,False,3,2486.955602653319,0.18892589598668355,1243.4778013266596
CUSTOMER,ASR,M2,mnc,F,False,1,2486.9000000000005,0.360425513413238,1243.4500000000003
SUPPLY,JED,IC5,pif_backed,M,False,1,2484.658917527462,0.13815180978846592,1242.329458763731
PM,RUH,IC1,private,M,True,1,2484.422413857119,0.39867234734714846,1242.2112069285595
ENG_CIVIL,JAZ,IC5,public,M,False,1,2466.216331021332,0.36220693787525843,1233.108165510666
EDU,MAK,IC4,private,F,True,2,2465.586430791684,0.3467330306760504,1232.793215395842
HEALTH,TAB,IC3,mnc,M,True,1,2465.5647581730345,0.3130092863338358,1232.7823790865173
SALES,QAS,M5,private,M,True,1,2465.407709999996,0.11861001990298177,1232.703854999998
DESIGN,NJR,IC4,private,F,False,1,2465.270000000004,0.2354037041705343,1232.635000000002
SALES,EST,IC2,private,F,True,1,2460.3773635732596,0.1913393616912785,1230.1886817866298
ENG_ELEC,EST,IC1,private,M,False,1,2460.284014393983,1.061931981350994,1230.1420071969915
EDU,RUH,IC5,semigov,F,True,1,2458.3561740844507,0.15791866466188595,1229.1780870422253
CUSTOMER,EST,IC4,private,M,False,2,2457.9642677632314,0.23825790676002198,1228.9821338816157
HEALTH,JED,IC2,private,F,False,1,2456.710490286271,0.5371608437034731,1228.3552451431356
DESIGN,RUH,IC5,private,F,False,1,2443.6044526238584,0.09545266506526552,1221.8022263119292
ENG_MECH,RUH,M2,private,M,False,3,2441.380654590185,0.10009745898031248,1220.6903272950924
ENG_ELEC,MAK,M1,mnc,M,True,1,2433.9622900000068,0.15320985858397698,1216.9811450000034
HEALTH,RUH,M3,private,F,False,2,2431.1964320203515,0.09907776028480175,1215.5982160101757
SUPPLY,RUH,D1,public,M,True,1,2424.94103110761,0.08935154372298836,1212.470515553805
SWE,EST,IC3,mnc,M,True,1,2423.146557852164,0.18354459438584175,1211.573278926082
HEALTH,RUH,IC4,mnc,M,False,2,2421.9954017119126,0.20312407783239173,1210.9977008559563
CUSTOMER,JED,IC4,public,M,False,1,2421.5258071300714,0.2766338883617452,1210.7629035650357
HEALTH,QAS,IC3,private,F,True,1,2420.912628125714,0.4321754020886044,1210.456314062857
ENG_MECH,JED,IC3,public,M,False,2,2420.0361371158815,0.33225243049480097,1210.0180685579408
SALES,MAD,M1,semigov,F,False,1,2417.447858017108,0.42079235264414877,1208.723929008554
EDU,JED,IC3,public,M,True,1,2396.069764051779,0.2249376664853367,1198.0348820258896
SALES,RUH,IC5,mnc,F,False,1,2395.4857195033746,0.1935375382252752,1197.7428597516873
SALES,EST,M4,mnc,M,True,1,2386.5246072863156,0.05925106843946276,1193.2623036431578
EDU,RUH,IC4,mnc,F,True,4,2381.8456635445336,0.12990271913204268,1190.9228317722668
PM,RUH,IC4,private,F,True,1,2381.4276668451166,0.11636115744365688,1190.7138334225583
SWE,TAB,IC3,semigov,M,False,1,2379.390434112638,0.18644192053914624,1189.695217056319
DATA,ASR,IC5,pif_backed,M,False,1,2377.356596215617,0.1033079033342814,1188.6782981078086
SALES,RUH,IC3,mnc,F,True,1,2376.9205605181014,0.14882644581666632,1188.4602802590507
CUSTOMER,MAK,IC2,public,M,False,1,2375.4431795206074,1.3196906552892262,1187.7215897603037
EDU,JED,IC4,private,F,True,2,2374.8678543271767,0.4459258090014955,1187.4339271635884
SUPPLY,MAK,IC2,public,F,False,1,2374.8033889995954,1.02988580938362,1187.4016944997977
ENG_MECH,RUH,IC3,semigov,M,False,2,2366.1809824195707,0.21972829307918706,1183.0904912097853
ENG_ELEC,MAK,IC2,private,M,True,1,2363.332754722155,0.3866690370829586,1181.6663773610776
SWE,RUH,IC4,private,M,True,2,2361.770165113837,0.11784993039160334,1180.8850825569184
DESIGN,RUH,IC5,private,M,True,1,2361.752035661739,0.09844825736883535,1180.8760178308694
SWE,EST,IC6,pif_backed,M,False,1,2356.507217453349,0.061782152509644146,1178.2536087266744
MARKETING,RUH,IC3,private,F,True,1,2353.7415511605213,0.5884353877901304,1176.8707755802607
SWE,EST,M2,public,F,True,1,2352.6100644721882,0.07733364312915537,1176.3050322360941
FIN,RUH,IC4,semigov,M,True,1,2346.3881903214024,0.11986865622807254,1173.1940951607012
SALES,RUH,IC4,pif_backed,M,False,1,2346.308591711044,0.17516393080897352,1173.154295855522
MARKETING,ASR,IC3,semigov,F,False,1,2341.447097615199,0.33641529623105765,1170.7235488075994
FIN,JED,IC3,private,F,False,1,2339.221071370992,0.14289255064271086,1169.610535685496
ENG_CIVIL,RUH,IC3,private,F,False,1,2338.319080646823,0.44733511898233147,1169.1595403234114
HEALTH,RUH,IC3,public,M,True,3,2334.2825005966715,0.22380644187536536,1167.1412502983358
HEALTH,JED,IC1,semigov,F,False,1,2330.505907724083,0.6023613403440424,1165.2529538620415
HEALTH,MAK,IC2,semigov,F,False,1,2330.144832461283,0.22764568735553534,1165.0724162306415
OPS,MAK,IC4,private,M,True,1,2327.4079054682334,0.09138704940154264,1163.7039527341167
MARKETING,EST,IC3,semigov,F,False,2,2316.909545654187,0.19676076252794433,1158.4547728270934
CUSTOMER,EST,IC5,pif_backed,F,True,1,2315.2639466504825,0.2000698174128592,1157.6319733252412
FIN,RUH,M1,public,F,True,1,2313.8547558718183,0.19022528855155135,1156.9273779359091
DATA,JED,IC2,private,M,True,1,2313.568658265338,0.2090564013786685,1156.784329132669
OPS,TAB,IC2,semigov,M,True,1,2311.351618643218,0.4811576875975998,1155.675809321609
LEGAL,NJR,M1,public,M,True,1,2309.8177099999957,0.11196271638138944,1154.9088549999979
EDU,RUH,M1,pif_backed,F,True,1,2303.515887740992,0.16057601238458732,1151.757943870496
ENG_ELEC,RUH,IC4,private,F,False,1,2300.824095052498,0.23760449252975682,1150.412047526249
HEALTH,RUH,IC6,semigov,F,True,1,2297.275371288215,0.08083700685178533,1148.6376856441075
HR,RUH,IC4,semigov,M,False,1,2296.909698357,0.126617632700551,1148.4548491785
CUSTOMER,EST,IC5,public,M,True,1,2296.3604268280715,0.41407721378936074,1148.1802134140357
HEALTH,MAD,IC4,private,M,False,1,2295.803313736036,0.21721596425621156,1147.901656868018
SALES,RUH,IC3,semigov,M,False,1,2292.657742896283,0.43762614751258055,1146.3288714481414
FIN,RUH,IC5,startup,F,True,1,2291.0088195880708,0.09656334525111518,1145.5044097940354
LEGAL,RUH,IC4,mnc,M,False,1,2287.7100217877014,0.11199847753762567,1143.8550108938507
ENG_ELEC,ASR,M2,semigov,M,True,1,2287.6600000000035,0.13709760546937758,1143.8300000000017
DESIGN,MAD,IC4,private,F,False,1,2282.182866856525,0.23929651903434762,1141.0914334282625
ENG_CIVIL,RUH,IC3,public,M,True,4,2278.9472084705912,0.2501564716765211,1139.4736042352956
LEGAL,RUH,IC6,public,M,True,1,2276.888717705602,0.10332487835728568,1138.444358852801
FIN,JED,IC4,public,M,True,1,2274.5733169591185,0.1835280561708558,1137.2866584795593
SWE,QAS,IC3,pif_backed,M,True,1,2273.8714179525487,0.14778728463221363,1136.9357089762743
SALES,RUH,M3,private,M,False,1,2271.6402516798153,0.1226348563633015,1135.8201258399076
FIN,EST,IC2,private,M,False,1,2268.414831776106,1.0524382277806366,1134.207415888053
ENG_CIVIL,RUH,IC2,private,M,True,2,2268.2055578731615,0.31344588035809573,1134.1027789365808
EDU,JAZ,IC4,private,F,True,1,2266.789102773004,0.4235279032713902,1133.394551386502
EDU,MAK,M1,public,M,True,1,2265.047624967503,0.16751154991646808,1132.5238124837515
EDU,ASR,IC2,mnc,F,True,1,2263.872053731937,0.4640679688359798,1131.9360268659684
FIN,BAH,IC3,semigov,M,True,1,2257.8222900000055,0.14056393672257328,1128.9111450000028
ENG_MECH,RUH,IC3,public,M,False,1,2253.4769857279725,0.22498008112024676,1126.7384928639863
ENG_ELEC,EST,IC3,semigov,F,False,1,2247.623412710922,0.2921358883966905,1123.811706355461
HEALTH,ASR,IC4,public,F,True,1,2240.0382183094625,0.3237835512536949,1120.0191091547313
ENG_MECH,MAK,VP,private,M,True,1,2237.4499999999607,0.05198121989813453,1118.7249999999804
HEALTH,RUH,IC5,private,F,True,3,2236.8759969620223,0.10226750836049643,1118.4379984810112
LEGAL,RUH,IC3,private,M,False,1,2234.2225456646665,0.23440949648574655,1117.1112728323333
HR,RUH,M1,private,F,False,3,2232.47293603918,0.2155249866506399,1116.23646801959
ENG_ELEC,RUH,IC2,public,M,False,1,2230.2957632453317,0.39513985090238185,1115.1478816226659
HEALTH,RUH,IC3,private,M,False,1,2223.5503593432204,0.22423343945665042,1111.7751796716102
SUPPLY,EST,IC4,semigov,M,True,1,2222.82408417459,0.09487785842380125,1111.412042087295
EDU,JED,M3,semigov,F,False,1,2218.822486213674,0.1039922089221896,1109.411243106837
DATA,EST,IC3,private,M,False,1,2217.040344931469,0.12904391923938632,1108.5201724657345
OPS,EST,IC6,public,M,True,1,2208.992138732323,0.08888646227934523,1104.4960693661615
ENG_ELEC,JED,IC3,pif_backed,M,True,1,2208.9274240562827,0.13706722496804552,1104.4637120281413
HR,RUH,IC4,mnc,M,False,2,2207.1470202320506,0.1392591665904734,1103.5735101160253
HEALTH,JED,IC4,semigov,F,False,1,2207.0839284819394,0.1305662424548324,1103.5419642409697
OPS,NJR,IC3,startup,F,True,1,2202.1436879857665,0.5505359219964416,1101.0718439928833
MARKETING,NJR,IC1,public,M,False,1,2199.9999999999995,1.2222222222222219,1099.9999999999998
HEALTH,NJR,IC1,semigov,M,True,1,2199.9999999999995,0.5499999999999999,1099.9999999999998
DESIGN,RUH,IC2,public,M,False,1,2198.4094481953935,0.2677353114851907,1099.2047240976967
OPS,EST,IC4,mnc,M,False,1,2186.2743089987525,0.1265554385671712,1093.1371544993763
ENG_MECH,QAS,IC4,mnc,M,True,1,2180.7375436338225,0.11210404382062339,1090.3687718169112
ENG_CIVIL,TAB,IC5,private,M,False,1,2179.0216266621683,0.21992947254412862,1089.5108133310841
OPS,MAD,IC4,startup,M,False,1,2177.4881637381986,0.17278086773667328,1088.7440818690993
HEALTH,RUH,M5,semigov,M,False,1,2176.3760183201666,0.056747363458826076,1088.1880091600833
EDU,EST,M1,public,M,True,1,2175.5903851045405,0.16541205964657352,1087.7951925522702
EDU,JED,D1,semigov,F,False,1,2173.6559042198605,0.07864978495321914,1086.8279521099303
FIN,RUH,IC3,public,M,True,4,2170.1519261669955,0.28741319418810407,1085.0759630834978
HEALTH,RUH,IC1,public,M,True,1,2162.5495629042944,0.27191107459362573,1081.2747814521472
HEALTH,RUH,IC1,semigov,F,False,1,2161.434739498718,0.35425051823895676,1080.717369749359
ENG_MECH,RUH,IC3,private,M,False,3,2161.3832484407453,0.19036401801794248,1080.6916242203727
SALES,QAS,IC2,mnc,M,True,1,2160.8328984191585,0.27380492816267354,1080.4164492095792
SWE,RUH,IC2,mnc,M,False,2,2147.9508802237397,0.1747997896355037,1073.9754401118698
SUPPLY,HAI,IC4,private,F,True,1,2147.810000000005,0.22194539742900887,1073.9050000000025
EDU,JED,IC6,pif_backed,F,False,1,2147.1731847186056,0.09201789574654504,1073.5865923593028
SALES,RUH,IC5,semigov,F,True,1,2144.500228685094,0.11948953700164004,1072.250114342547
SALES,MAD,M2,public,M,False,1,2142.2089023152603,0.22970212430318798,1071.1044511576301
EDU,HAI,M3,private,F,True,1,2142.200000000006,0.19318156199133438,1071.100000000003
SUPPLY,EST,IC2,public,M,False,1,2139.5711168792004,0.3827983727591877,1069.7855584396002
OPS,QAS,IC3,mnc,M,True,1,2133.513045539901,0.15857810866491212,1066.7565227699506
FIN,EST,IC3,pif_backed,M,False,2,2131.7487531722622,0.18076105160708114,1065.8743765861311
FIN,RUH,M1,mnc,F,True,1,2130.161020501928,0.08334390457812697,1065.080510250964
SWE,MAD,IC4,private,M,False,1,2128.3665790053565,0.18946956581779303,1064.1832895026782
FIN,EST,M1,semigov,F,True,1,2127.0817147248963,0.2293779873232171,1063.5408573624482
EDU,MAD,IC4,public,F,True,1,2118.500154028501,0.20219905453012715,1059.2500770142506
DATA,RUH,IC6,public,F,True,1,2104.785324890381,0.063049408065647,1052.3926624451906
ENG_ELEC,JED,IC5,private,M,True,3,2104.7290324329406,0.06983776740412904,1052.3645162164703
DESIGN,RUH,IC3,private,M,False,1,2103.7572685173236,0.1851845209177307,1051.8786342586618
ENG_MECH,RUH,IC2,semigov,M,False,1,2098.456778353353,0.3814280221960515,1049.2283891766765
ENG_ELEC,RUH,D2,private,M,True,1,2095.279999999999,0.07759118059850167,1047.6399999999994
FIN,EST,IC2,semigov,F,True,1,2094.78046663627,0.20419749933092915,1047.390233318135
FIN,JED,IC3,private,M,True,1,2092.32216777551,0.1435876681697251,1046.161083887755
SALES,MAD,IC4,private,F,False,1,2083.140407826925,0.32335051251822705,1041.5702039134626
CUSTOMER,NOR,IC4,semigov,F,False,1,2079.329999999998,0.12157314893475196,1039.664999999999
HEALTH,MAK,IC3,public,M,False,1,2078.2827570580675,0.3391807821081294,1039.1413785290338
LEGAL,JAZ,IC3,public,F,True,1,2076.6599999999953,0.2782958057158473,1038.3299999999977
ENG_MECH,RUH,M3,semigov,M,False,1,2071.7849497080206,0.0966425338322705,1035.8924748540103
HEALTH,EST,IC2,public,M,True,1,2068.0680459378473,0.38230794112094013,1034.0340229689236
FIN,HAI,IC3,mnc,M,False,1,2067.3002877091876,0.45167442384572926,1033.6501438545938
HR,MAD,IC3,semigov,F,False,1,2063.9803563708774,0.20666152908667326,1031.9901781854387
SWE,RUH,IC2,private,M,True,1,2061.1609147423987,0.17982653152454112,1030.5804573711994
EDU,JED,IC3,public,F,False,1,2059.0759730946547,0.4451603778847673,1029.5379865473274
SUPPLY,RUH,M1,semigov,M,False,1,2057.839289977148,0.18024390797007858,1028.919644988574
HR,RUH,IC4,mnc,M,True,1,2056.3454682278843,0.1469381804469203,1028.1727341139422
HR,QAS,M3,private,F,False,1,2055.1399999999903,0.14525661667729148,1027.5699999999952
HR,EST,IC2,mnc,F,True,1,2054.8764924573534,0.15914779115591252,1027.4382462286767
ENG_CIVIL,JED,M2,public,M,True,1,2050.3934676363733,0.15890815148065243,1025.1967338181867
EDU,NJR,IC3,public,M,True,1,2050.2774385835855,0.39199921966070567,1025.1387192917928
EDU,EST,IC2,public,M,True,1,2041.572845287984,0.29281868196679695,1020.786422643992
SALES,EST,IC4,private,F,False,2,2023.23271481984,0.17060492789275603,1011.61635740992
OPS,TAB,IC2,private,F,True,1,2018.022681924148,0.2631330582842493,1009.011340962074
FIN,QAS,IC4,private,F,False,1,2013.6705717772893,0.23176994298922673,1006.8352858886446
ENG_ELEC,RUH,IC5,public,M,True,1,2010.8749213632582,0.09897786672759894,1005.4374606816291
CUSTOMER,RUH,M4,private,M,True,1,2009.1964617033627,0.0768699086490416,1004.5982308516814
EDU,JED,IC4,semigov,F,True,1,2003.528130035591,0.1584114742564681,1001.7640650177955
OPS,TAB,M2,semigov,M,False,1,2003.2191904518222,0.1473017023839839,1001.6095952259111
CUSTOMER,QAS,D1,private,M,False,1,2002.2522900000058,0.12270078630140548,1001.1261450000029
SALES,QAS,IC2,private,F,True,2,1999.3602227330016,0.4987333225013495,999.6801113665008
MARKETING,RUH,IC4,private,F,False,2,1996.618942251076,0.33122357777651257,998.309471125538
LEGAL,JED,IC2,public,M,True,1,1996.0974046702468,0.3984870617146179,998.0487023351234
DATA,JED,M3,private,M,False,1,1985.8902238687988,0.06533597489949182,992.9451119343994
HEALTH,JED,IC3,private,M,False,1,1984.917537266153,0.2507494419192355,992.4587686330765
SUPPLY,EST,IC4,private,M,False,1,1977.1878704997507,0.21663277828966768,988.5939352498754
FIN,RUH,IC2,private,M,False,1,1970.501837012941,0.32940904307020324,985.2509185064705
HEALTH,RUH,IC3,semigov,F,False,3,1968.4489288307402,0.2092094234565692,984.2244644153701
OPS,RUH,IC3,private,M,False,2,1967.901926424906,0.177647477820249,983.950963212453
HR,ASR,IC2,public,F,True,1,1966.8493781002508,0.4917123445250627,983.4246890501254
MARKETING,JED,IC4,private,F,True,2,1966.8104034802836,0.08500831167649656,983.4052017401418
EDU,MAK,IC4,public,M,False,1,1966.3268773833615,0.37494196180334294,983.1634386916808
PM,EST,IC6,public,F,False,1,1961.504442992038,0.0899130915269669,980.752221496019
SUPPLY,EST,IC4,semigov,F,False,1,1958.3516307945401,0.26293234142233746,979.1758153972701
ENG_MECH,RUH,IC2,public,M,False,2,1957.7664959225463,0.267008249749664,978.8832479612731
EDU,RUH,IC4,private,F,False,2,1956.483821877181,0.28060512703952484,978.2419109385905
CUSTOMER,JED,IC4,private,F,False,2,1952.7732779128905,0.40134570503828787,976.3866389564453
SWE,RUH,M1,startup,M,False,1,1951.9573767134207,0.14819923945355049,975.9786883567103
MARKETING,RUH,IC2,private,F,True,1,1947.4419900980347,0.23353479563424243,973.7209950490173
SUPPLY,MAK,IC2,mnc,M,True,1,1945.8016029200226,0.14721381945478595,972.9008014600113
EDU,MAK,IC2,startup,F,True,1,1938.208503194931,0.48455212579873275,969.1042515974655
SALES,JED,IC3,public,M,False,2,1936.7198690848968,0.840086505865977,968.3599345424484
OPS,EST,M1,private,F,False,1,1935.8604081002177,0.12811833853080937,967.9302040501088
SUPPLY,JAZ,IC3,private,F,False,1,1930.9987769570525,0.3764386999029276,965.4993884785263
OPS,EST,M2,public,M,False,1,1930.606787878627,0.1792719748428267,965.3033939393135
SWE,RUH,IC1,pif_backed,M,False,1,1928.9627733132666,0.42101096380703984,964.4813866566333
DATA,TAB,IC2,mnc,M,True,1,1928.2550578601604,0.22283104266744327,964.1275289300802
CUSTOMER,JAZ,IC3,private,F,False,1,1926.275180530246,0.2197707432381372,963.137590265123
ENG_CIVIL,RUH,IC2,pif_backed,M,False,1,1923.6754582921103,0.313220060911082,961.8377291460552
HR,RUH,IC5,private,F,True,1,1923.4669814230037,0.09134459950739099,961.7334907115019
FIN,EST,M1,mnc,F,False,1,1922.339218102943,0.13461401013859178,961.1696090514715
CUSTOMER,ASR,IC3,private,M,False,1,1921.836326407847,0.30339243197287347,960.9181632039235
SUPPLY,RUH,IC3,mnc,M,False,2,1917.0679458418645,0.3108301705488256,958.5339729209322
DATA,RUH,IC4,pif_backed,F,True,1,1913.5082487145628,0.0804469293753655,956.7541243572814
ENG_MECH,JED,IC4,semigov,M,True,1,1910.3715084060768,0.12379591438916178,955.1857542030384
CUSTOMER,RUH,IC2,private,F,False,1,1909.8829841892764,1.0177846023678405,954.9414920946382
DESIGN,JED,IC5,pif_backed,M,False,1,1901.5220298245804,0.06032795405498395,950.7610149122902
EDU,ASR,M2,private,F,True,1,1898.3087006627047,0.18271345032241124,949.1543503313524
SWE,ASR,IC3,private,M,False,1,1885.2396404181436,0.18954809238497036,942.6198202090718
ENG_ELEC,EST,IC4,pif_backed,M,True,1,1883.4282078297365,0.09296702261352857,941.7141039148682
SWE,HAI,IC4,private,M,False,1,1877.6039135407736,0.16378233059090735,938.8019567703868
ENG_CIVIL,EST,IC5,private,M,False,1,1876.9504651136722,0.13006234184318324,938.4752325568361
HR,BAH,IC4,public,F,False,1,1875.7181790982268,0.2931336379346643,937.8590895491134
ENG_MECH,JAZ,IC3,public,M,True,1,1872.8378017464202,0.2057199946556962,936.4189008732101
HEALTH,NJR,M4,semigov,M,False,1,1868.1677099999943,0.09253581899478835,934.0838549999971
ENG_ELEC,JED,IC6,mnc,M,False,1,1862.010412984324,0.08257076625350432,931.005206492162
DESIGN,EST,IC3,semigov,F,False,1,1859.2192760800099,0.19797399021001616,929.6096380400049
SUPPLY,EST,M2,semigov,M,False,1,1855.795587213759,0.11126286392022719,927.8977936068795
ENG_ELEC,RUH,IC3,public,M,False,3,1852.7701420585047,0.24934379859210176,926.3850710292523
EDU,RUH,IC4,mnc,M,False,1,1851.529465873491,0.14584599301096415,925.7647329367455
FIN,RUH,M1,semigov,F,False,1,1851.3624225378626,0.07226140246085096,925.6812112689313
SUPPLY,MAK,IC4,private,M,False,1,1849.7859353029653,0.17362915048001956,924.8929676514826
SALES,RUH,IC4,semigov,F,False,1,1848.1276729027613,0.12014919268328711,924.0638364513807
ENG_ELEC,EST,IC4,private,M,True,1,1846.6649691400871,0.1663621667887436,923.3324845700436
CUSTOMER,EST,IC2,semigov,M,True,1,1843.4050287898845,0.22562599952386414,921.7025143949422
OPS,JED,IC4,public,M,True,1,1841.4948628961647,0.12254517100779891,920.7474314480824
CUSTOMER,RUH,IC4,startup,F,False,1,1838.1717987677116,0.48080662257532153,919.0858993838558
ENG_ELEC,MAD,IC1,public,M,True,1,1837.5499999999993,0.25722124624677156,918.7749999999996
MARKETING,RUH,IC3,private,M,True,1,1835.3838641548664,0.17950069772095154,917.6919320774332
SALES,EST,IC1,pif_backed,M,False,1,1834.5902713236856,0.26263285194559,917.2951356618428
SALES,JED,M3,mnc,F,False,1,1831.8309943396016,0.11137192805752974,915.9154971698008
HEALTH,QAS,IC1,private,F,False,1,1828.5408404834916,0.4645588607151002,914.2704202417458
CUSTOMER,RUH,IC3,mnc,M,False,1,1817.253853175558,0.14993484918063496,908.626926587779
SALES,JED,IC3,private,F,False,1,1815.260138130992,0.4993110050339268,907.630069065496
HR,RUH,IC3,semigov,M,False,1,1811.4051006431946,0.1564032956192863,905.7025503215973
EDU,RUH,IC5,startup,M,True,1,1808.9546025814616,0.12978245665784652,904.4773012907308
CUSTOMER,RUH,IC3,private,M,False,2,1808.6085839147524,0.29487484596558367,904.3042919573762
CUSTOMER,RUH,IC5,private,M,False,1,1802.4470284732379,0.2870284836923598,901.2235142366189
SWE,RUH,IC2,private,M,False,1,1798.398019929442,0.1927105545073833,899.199009964721
HR,JED,M1,public,F,True,2,1797.7700304132277,0.17666922346755962,898.8850152066138
HR,JED,M2,public,F,True,2,1795.1131546396891,0.15335343165809748,897.5565773198446
HR,ASR,IC5,mnc,F,False,1,1794.3299999999945,0.21297457950004028,897.1649999999972
ENG_CIVIL,QAS,IC2,private,F,False,1,1792.247548679231,0.6161551825104962,896.1237743396155
EDU,RUH,IC2,semigov,M,False,1,1787.6746745476667,0.42496699833777873,893.8373372738333
EDU,RUH,IC4,private,F,True,5,1785.3120978714546,0.1426255041180443,892.6560489357273
HEALTH,EST,IC4,semigov,F,True,1,1784.6581267690326,0.12026581658739727,892.3290633845163
ENG_ELEC,RUH,IC2,public,M,True,1,1780.230880584275,0.17054666342710986,890.1154402921375
HR,JED,IC2,public,F,False,1,1778.4990263803975,0.21617122403669714,889.2495131901987
OPS,NJR,M1,public,M,False,1,1775.3700000000117,0.1310125937743992,887.6850000000059
HEALTH,JED,IC3,private,F,False,1,1773.040506504296,0.18011474118664722,886.520253252148
EDU,RUH,IC4,private,M,True,2,1772.2251295753495,0.19600709325105062,886.1125647876747
SUPPLY,RUH,IC3,semigov,M,True,1,1771.252644445878,0.08807163286904895,885.626322222939
OPS,EST,IC4,private,M,False,1,1769.07466827381,0.12481283579682895,884.537334136905
OPS,RUH,M2,semigov,M,False,1,1766.678885908772,0.10937298670438803,883.339442954386
FIN,NOR,D2,private,F,True,1,1758.4122900000075,0.10617143027929628,879.2061450000037
MARKETING,JED,IC3,private,F,True,1,1756.4034808220094,0.1894932522909293,878.2017404110047
PM,EST,IC5,public,M,True,1,1755.0523014546416,0.100041628700697,877.5261507273208
FIN,RUH,IC3,private,F,False,1,1751.8443676526167,0.16770672912694928,875.9221838263084
HEALTH,RUH,M3,public,F,True,1,1751.5085534525388,0.06493307101165115,875.7542767262694
DATA,EST,M1,semigov,F,True,1,1751.2211163330285,0.07812047039148663,875.6105581665142
OPS,ASR,IC2,semigov,F,True,1,1750.6122140425214,0.3753738410992509,875.3061070212607
ENG_ELEC,EST,M3,private,M,False,1,1742.6273793196196,0.07282829281309884,871.3136896598098
HEALTH,RUH,IC2,public,F,True,2,1741.5135763754074,0.14690373366662718,870.7567881877037
EDU,TAB,IC4,pif_backed,M,True,1,1736.527183236347,0.15457492633984474,868.2635916181735
PM,ASR,IC3,public,F,True,1,1730.8116663386245,0.3204109085477428,865.4058331693122
ENG_ELEC,EST,IC2,pif_backed,M,False,2,1729.7615976188617,0.3929984479096571,864.8807988094309
HR,RUH,IC3,mnc,M,False,1,1728.270032920047,0.11389297136580008,864.1350164600235
FIN,EST,IC5,public,F,True,1,1720.8936434194457,0.12281947300833851,860.4468217097228
OPS,EST,IC2,private,F,False,1,1719.909489921556,0.2600879339949123,859.954744960778
SWE,BAH,IC5,public,M,True,1,1714.0800000000072,0.1216968894903245,857.0400000000036
OPS,HAI,IC4,private,M,False,1,1713.4167483509764,0.27902174771218347,856.7083741754882
LEGAL,ASR,IC2,public,F,True,1,1708.4700000000012,0.2630195824866065,854.2350000000006
ENG_ELEC,JED,M5,private,M,True,1,1704.6577099999959,0.08512613732379574,852.3288549999979
SUPPLY,QAS,IC2,semigov,M,False,1,1703.313547497863,0.4374829321879528,851.6567737489315
EDU,RUH,M2,private,F,False,1,1697.836707992954,0.12578385085200855,848.918353996477
SWE,EST,IC4,startup,M,True,1,1696.9976336744803,0.07397735573412408,848.4988168372402
FIN,NJR,IC2,startup,F,True,1,1696.4746009654446,0.16577220330000034,848.2373004827223
SALES,MAK,IC2,private,M,False,1,1694.5363772317633,0.19815222221944004,847.2681886158816
ENG_CIVIL,ASR,IC6,public,M,True,1,1686.5322900000065,0.10139133359665156,843.2661450000032
SALES,NJR,IC5,startup,M,True,1,1685.28857246595,0.09920488230876162,842.644286232975
SALES,EST,IC3,public,F,False,1,1678.5179323449056,0.20862816883287622,839.2589661724528
HR,HAI,M3,private,F,False,1,1677.3177099999957,0.0838753634160658,838.6588549999979
ENG_CIVIL,RUH,IC3,private,M,False,3,1675.2749588364259,0.17312893215790673,837.6374794182129
HEALTH,BAH,M1,semigov,M,True,1,1674.8222900000073,0.10061651667708028,837.4111450000037
CUSTOMER,TAB,IC2,semigov,F,False,1,1663.3647279365923,0.15710513232346476,831.6823639682962
OPS,ASR,M4,pif_backed,M,True,1,1662.0577099999937,0.08317574745477006,831.0288549999968
SUPPLY,RUH,IC4,public,M,False,1,1660.8239625453461,0.16393614425396175,830.4119812726731
EDU,QAS,IC4,private,M,True,1,1660.4789682901574,0.13682135118173427,830.2394841450787
OPS,NJR,IC4,private,M,True,1,1658.0590042082713,0.2869726337210738,829.0295021041356
EDU,MAD,M2,private,F,True,1,1650.8836648068373,0.15284587076964729,825.4418324034186
SUPPLY,RUH,IC1,startup,F,False,1,1650.1004084058873,0.3692648068204402,825.0502042029436
HR,HAI,IC1,semigov,F,False,1,1649.8199999999997,0.7019972938243028,824.9099999999999
HEALTH,JED,M4,private,F,False,1,1644.4649143858587,0.06733745874539013,822.2324571929294
FIN,EST,IC5,private,F,False,1,1644.0164869263099,0.0524803411994418,822.0082434631549
EDU,JAZ,IC4,mnc,M,True,1,1642.2403629977034,0.19244696038044354,821.1201814988517
MARKETING,JAZ,IC3,private,M,False,1,1641.8406014586337,0.9016395845347943,820.9203007293169
SALES,JAZ,IC3,semigov,F,False,1,1640.2154228569198,0.16844525148006137,820.1077114284599
SALES,TAB,M1,private,M,False,1,1639.0824697661537,0.09853452861903225,819.5412348830769
FIN,RUH,IC4,mnc,F,False,1,1637.8406709003357,0.06781241340035474,818.9203354501678
ENG_MECH,EST,M1,public,M,True,1,1637.1743674560257,0.10356638881880632,818.5871837280129
EDU,NJR,IC4,semigov,F,True,1,1632.597877791206,0.17586585205437844,816.298938895603
PM,MAK,IC4,private,M,True,1,1631.0724404728026,0.07751563861888583,815.5362202364013
ENG_MECH,RUH,IC3,startup,M,False,2,1630.7137213133583,0.25047866625397236,815.3568606566791
HEALTH,RUH,IC3,public,M,False,1,1617.6082568597012,0.20861866375110605,808.8041284298506
DESIGN,JAZ,IC3,pif_backed,M,False,1,1609.5044465878564,0.1645139820233944,804.7522232939282
CUSTOMER,QAS,IC4,private,F,True,1,1604.1086347608725,0.16906460431242296,802.0543173804363
SWE,RUH,IC2,private,F,True,1,1600.3517973535618,0.13618809887070094,800.1758986767809
CUSTOMER,JED,IC6,public,F,True,1,1597.7434224360113,0.0690638923033702,798.8717112180057
PM,JED,IC1,public,M,False,1,1597.1109725474894,0.41331923070189236,798.5554862737447
HEALTH,JAZ,IC3,pif_backed,M,True,1,1594.5460946899893,0.13272587465362748,797.2730473449947
HEALTH,JED,IC6,private,M,False,1,1594.453281572347,0.08604253100197813,797.2266407861734
OPS,RUH,M2,private,M,True,1,1580.973226678112,0.1459178514435232,790.486613339056
HEALTH,RUH,IC2,private,M,False,3,1580.5900843432028,0.2566638499975438,790.2950421716014
OPS,RUH,IC3,private,F,True,2,1576.490475283037,0.12235874407777338,788.2452376415185
ENG_MECH,MAD,IC5,semigov,F,True,1,1575.0545599207762,0.0921130325145271,787.5272799603881
FIN,ASR,IC2,private,F,False,1,1574.4271011351902,0.1889478795496232,787.2135505675951
HR,MAD,IC4,semigov,M,True,1,1570.8740328876738,0.10979159819955812,785.4370164438369
HEALTH,TAB,IC4,mnc,M,False,1,1566.9101600366575,0.1315566011311542,783.4550800183288
LEGAL,RUH,IC4,private,F,False,2,1566.1152090909309,0.07606782755149147,783.0576045454654
EDU,EST,IC2,private,F,True,1,1564.5889831396262,0.2332544159488981,782.2944915698131
OPS,MAD,IC6,public,F,False,1,1561.6300000000065,0.15250605725312788,780.8150000000032
HEALTH,JAZ,IC2,private,F,True,1,1559.4355469864713,0.3175600012597993,779.7177734932357
SUPPLY,RUH,IC3,mnc,M,True,1,1558.61007548013,0.08075733347496415,779.305037740065
EDU,MAK,IC3,private,F,True,3,1549.4416087650377,0.1725559638440812,774.7208043825188
FIN,MAD,M1,public,M,True,1,1548.2392001425924,0.11098719615981927,774.1196000712962
DATA,MAK,IC3,public,F,True,1,1546.8163741519165,0.08975267065632347,773.4081870759583
CUSTOMER,RUH,IC4,semigov,F,False,1,1540.8398534541757,0.3129759065675255,770.4199267270878
SALES,EST,IC4,semigov,F,True,1,1537.168986976787,0.08756273045929702,768.5844934883935
SWE,RUH,IC2,startup,F,True,1,1536.1520804935326,0.19323178102736457,768.0760402467663
HR,ASR,IC4,semigov,F,False,1,1533.243228157131,0.12640738670543186,766.6216140785655
CUSTOMER,RUH,IC2,pif_backed,F,False,1,1532.3277759869825,0.7217237481981877,766.1638879934912
SUPPLY,TAB,IC4,private,M,False,1,1531.813820660659,0.3593226041061254,765.9069103303295
SALES,RUH,IC1,semigov,M,True,1,1530.8795339731505,0.18112437680776594,765.4397669865753
ENG_ELEC,RUH,IC5,private,M,False,1,1527.293805198362,0.11725486051109,763.646902599181
OPS,RUH,IC4,pif_backed,M,False,1,1524.209065941297,0.09081684421037403,762.1045329706485
SALES,ASR,IC1,mnc,M,False,1,1521.0559069994074,0.4811016877475107,760.5279534997037
SUPPLY,RUH,IC1,startup,M,False,1,1521.053275249329,0.3289702737320336,760.5266376246645
EDU,JED,IC2,private,F,True,3,1518.9184928126363,0.2885229606897709,759.4592464063181
HEALTH,RUH,IC3,startup,M,True,2,1518.872721527032,0.1368439970571693,759.436360763516
MARKETING,JED,M3,startup,F,False,1,1515.8823845846928,0.053025332914905327,757.9411922923464
PM,HAI,M3,pif_backed,M,True,1,1515.6365633039059,0.04996894533662141,757.8182816519529
EDU,RUH,M1,private,F,True,3,1512.9091462932877,0.1459917832630659,756.4545731466438
DESIGN,EST,IC1,private,M,True,1,1511.2712807723801,0.377817820193095,755.6356403861901
SUPPLY,EST,M2,pif_backed,F,False,1,1498.7737917903833,0.07467382154450082,749.3868958951916
FIN,RUH,IC5,mnc,M,True,1,1495.654080012173,0.03981800030169039,747.8270400060865
OPS,TAB,IC4,semigov,F,False,1,1490.872410521637,0.1646625025012549,745.4362052608185
PM,JED,IC4,mnc,M,True,1,1490.2019652435338,0.06746023397124563,745.1009826217669
HR,EST,IC5,public,F,True,1,1486.917815464305,0.09576645190250893,743.4589077321525
CUSTOMER,RUH,M2,semigov,M,False,1,1484.930566236988,0.229023061655118,742.465283118494
CUSTOMER,RUH,IC4,pif_backed,F,False,1,1482.560173656977,0.18540855429179645,741.2800868284885
SWE,JED,IC5,pif_backed,M,True,1,1480.166284310213,0.04939228566857672,740.0831421551065
DESIGN,EST,IC2,private,F,False,1,1479.9751126920582,0.16682881415318956,739.9875563460291
HEALTH,MAK,M1,public,F,False,1,1479.466577190893,0.11039485443077225,739.7332885954465
EDU,ASR,IC2,private,F,True,1,1470.2470795604795,0.30570598512490865,735.1235397802398
SALES,MAK,IC1,private,M,False,1,1469.0409181580962,0.8161338434211646,734.5204590790481
SALES,EST,IC1,private,M,False,1,1464.9906226308212,0.29774295627740094,732.4953113154106
EDU,MAK,IC2,private,F,True,1,1450.7860449455275,0.36269651123638186,725.3930224727637
EDU,MAD,IC3,private,F,True,2,1449.4805868104686,0.2664523667358729,724.7402934052343
CUSTOMER,JED,IC3,mnc,F,True,1,1448.9141948420565,0.09602625236464941,724.4570974210283
OPS,QAS,M4,private,M,True,1,1448.6800000000185,0.05584510104452321,724.3400000000092
HEALTH,RUH,IC1,semigov,M,False,1,1441.0902591791141,0.46302171316271706,720.5451295895571
ENG_ELEC,JAZ,IC2,startup,M,True,1,1440.544005860951,0.2954622660496335,720.2720029304755
ENG_CIVIL,RUH,M2,private,M,True,1,1430.3309302186117,0.10735431563712518,715.1654651093058
SALES,JED,M1,private,M,False,2,1427.9650863408929,0.11983419024083754,713.9825431704464
ENG_CIVIL,JED,M1,public,M,True,1,1426.230176526131,0.10595780324791691,713.1150882630654
SUPPLY,RUH,M3,private,M,True,1,1425.2511097554816,0.042527886955891325,712.6255548777408
EDU,JAZ,IC3,private,M,True,1,1423.6052597066528,0.25649204991210417,711.8026298533264
OPS,MAD,IC2,mnc,F,True,1,1423.1400144659947,0.26901898343626024,711.5700072329973
FIN,EST,IC3,private,F,True,1,1421.2800194624397,0.07677444586968632,710.6400097312198
HEALTH,NJR,IC3,pif_backed,F,True,1,1419.678938327259,0.20106602381716118,709.8394691636295
PM,EST,IC3,public,M,False,1,1415.2083657898547,0.10265003853632114,707.6041828949274
PM,TAB,IC1,pif_backed,M,False,1,1415.1634845186472,0.1314828891786425,707.5817422593236
SALES,EST,IC3,private,F,False,1,1414.9246550165499,0.28465471556481314,707.4623275082749
SALES,MAK,IC3,semigov,M,True,1,1411.3006423201277,0.12879604023495275,705.6503211600639
OPS,RUH,IC3,semigov,M,False,2,1411.229207527902,0.16430851176847294,705.614603763951
HR,EST,IC2,public,F,True,1,1410.6059640808298,0.3526514910202075,705.3029820404149
EDU,EST,IC3,semigov,F,False,1,1406.138708745767,0.18802139819375085,703.0693543728835
SALES,MAD,IC4,pif_backed,M,False,1,1404.6366931599896,0.0822684491906316,702.3183465799948
MARKETING,JED,IC3,pif_backed,F,False,1,1400.5965610465846,0.15292375532647703,700.2982805232923
MARKETING,ASR,IC2,private,F,True,1,1392.6238936120335,0.28802201670110905,696.3119468060167
PM,EST,M4,public,M,True,1,1374.300000000032,0.02960745720997558,687.150000000016
SALES,QAS,IC5,public,M,False,1,1373.8606273260993,0.1755568652798013,686.9303136630497
CUSTOMER,MAD,IC2,public,M,False,1,1373.3294776530724,0.7221854291597589,686.6647388265362
PM,QAS,IC6,private,M,False,1,1372.3377099999925,0.06968742370292395,686.1688549999963
ENG_MECH,JAZ,IC5,mnc,F,False,1,1367.5395246174849,0.14717497060540544,683.7697623087424
DESIGN,EST,IC5,public,M,False,1,1366.8505766629169,0.10301361531120876,683.4252883314584
ENG_ELEC,TAB,M2,private,M,True,1,1365.6669287507066,0.07598685589471343,682.8334643753533
EDU,EST,M3,public,M,True,1,1364.5674726193865,0.07684816311951434,682.2837363096933
ENG_MECH,TAB,M2,public,M,True,1,1358.4072521029757,0.0792876784957237,679.2036260514878
CUSTOMER,MAK,IC3,private,M,True,1,1357.505019512755,0.3393762548781888,678.7525097563775
ENG_MECH,EST,M1,semigov,M,True,1,1354.806518507874,0.08506105295557949,677.403259253937
FIN,HAI,M1,mnc,F,True,1,1353.623317573205,0.07483373704892829,676.8116587866025
EDU,RUH,IC3,mnc,F,True,2,1344.6189181770715,0.15514447695746747,672.3094590885357
MARKETING,MAD,IC1,private,F,False,1,1336.6315336003418,0.22921633965615645,668.3157668001709
ENG_CIVIL,MAK,IC3,private,M,False,1,1335.8652360921315,0.25074616449033543,667.9326180460657
CUSTOMER,JED,M3,private,F,True,1,1332.5241159672878,0.0468778877212161,666.2620579836439
CUSTOMER,HAI,IC4,mnc,F,False,1,1332.3420217801922,0.16419375580355935,666.1710108900961
CUSTOMER,BAH,IC3,startup,M,False,1,1331.655212433303,0.1429044602063962,665.8276062166515
SUPPLY,RUH,IC6,private,F,False,1,1328.820471324936,0.06881222399281522,664.410235662468
OPS,TAB,IC3,private,M,True,2,1327.2879079674485,0.11126876393349919,663.6439539837243
LEGAL,EST,M1,private,M,False,1,1322.3399913041503,0.05942836661668313,661.1699956520752
SUPPLY,RUH,IC5,public,F,False,1,1322.066567631693,0.12307452686945569,661.0332838158465
HR,RUH,IC2,mnc,F,True,1,1321.3237175723916,0.18973904242915487,660.6618587861958
FIN,EST,IC2,public,M,True,1,1320.8120012132913,0.20461970348589167,660.4060006066456
OPS,RUH,IC2,private,M,False,3,1315.5330046956567,0.16466517050902227,657.7665023478284
ENG_ELEC,EST,IC4,private,M,False,2,1314.9066057101918,0.09787613548215965,657.4533028550959
PM,HAI,IC2,pif_backed,M,False,1,1310.974759384355,0.11405423721687992,655.4873796921775
ENG_CIVIL,QAS,IC2,private,M,False,1,1305.8318093017879,0.19407703581253666,652.9159046508939
HR,MAD,IC4,startup,F,False,1,1304.886331453752,0.11451775763068466,652.443165726876
LEGAL,EST,IC4,public,M,True,1,1303.3835207666853,0.08900837926535303,651.6917603833426
FIN,MAD,IC2,public,F,True,1,1303.0364953689214,0.16028672380516193,651.5182476844607
HR,MAK,IC3,public,F,False,1,1302.9122948311915,0.22980957766008675,651.4561474155958
ENG_ELEC,EST,M2,public,F,True,1,1302.8763962820558,0.04023328242034199,651.4381981410279
HR,JED,IC2,public,F,True,1,1297.3435198858579,0.1761075097886669,648.6717599429289
ENG_ELEC,RUH,IC2,private,M,True,2,1297.027888951086,0.1732163249683127,648.513944475543
FIN,RUH,IC1,private,F,False,1,1296.6303262942474,0.20420918845743416,648.3151631471237
SWE,ASR,IC6,pif_backed,M,True,1,1293.4400000000096,0.03614738981940585,646.7200000000048
FIN,NJR,IC4,public,F,False,1,1292.2474940696266,0.11350608608733082,646.1237470348133
FIN,RUH,IC3,private,M,True,2,1289.1439415145978,0.0713125069289404,644.5719707572989
SALES,RUH,IC2,private,M,False,1,1287.9962740899273,0.34840183022122156,643.9981370449636
ENG_CIVIL,MAD,IC3,public,M,False,1,1287.0365504578294,0.14983469179493017,643.5182752289147
CUSTOMER,JED,IC5,private,F,False,1,1284.8918853482874,0.1982603903123963,642.4459426741437
FIN,TAB,IC4,private,F,False,1,1284.3204314469713,0.14550172331740138,642.1602157234856
ENG_MECH,RUH,IC4,startup,M,True,1,1282.3413987410568,0.08915562474647865,641.1706993705284
SALES,EST,IC1,private,F,True,1,1281.2767508714005,0.20885659832419418,640.6383754357003
SALES,RUH,IC5,private,M,False,2,1278.7754725171271,0.10259244053862568,639.3877362585636
CUSTOMER,JAZ,M1,private,M,False,1,1278.774645958294,0.2517228328549876,639.387322979147
SALES,RUH,IC3,public,F,False,1,1277.4511380608546,0.256817460246726,638.7255690304273
ENG_MECH,HAI,M1,private,M,True,1,1274.3099999999995,0.11430952404446039,637.1549999999997
OPS,MAK,IC2,semigov,M,False,1,1271.3736635387663,0.3812958038414583,635.6868317693832
OPS,JED,IC2,mnc,M,False,1,1270.9431164136604,0.1397503861080866,635.4715582068302
ENG_ELEC,ASR,IC3,semigov,M,True,1,1269.2056445004491,0.15972565924930396,634.6028222502246
CUSTOMER,EST,IC2,private,M,True,1,1266.866819963362,0.1476066817935762,633.433409981681
ENG_CIVIL,QAS,IC4,public,M,False,1,1258.5484182415466,0.2320093091866523,629.2742091207733
CUSTOMER,RUH,IC4,pif_backed,M,False,1,1255.1479905816223,0.19382429553277983,627.5739952908111
CUSTOMER,JED,M1,private,M,False,2,1254.7224286256865,0.21951307068654663,627.3612143128432
ENG_CIVIL,TAB,IC3,public,M,False,1,1254.449175554675,0.3384302286296528,627.2245877773375
PM,RUH,M2,mnc,M,False,1,1248.1676146831232,0.041339060453672465,624.0838073415616
ENG_ELEC,RUH,M2,semigov,M,False,1,1243.5988603870537,0.06415991809166136,621.7994301935269
HEALTH,JED,IC3,public,F,True,2,1236.442975077709,0.13765859281451565,618.2214875388545
OPS,EST,M1,pif_backed,M,True,1,1229.198654195192,0.06455203997668267,614.599327097596
CUSTOMER,JAZ,IC3,private,M,True,1,1225.3288501390307,0.12188530837053045,612.6644250695153
ENG_MECH,QAS,D1,public,M,True,1,1223.1199999999808,0.04831271653171562,611.5599999999904
DESIGN,RUH,IC1,public,F,True,1,1221.9370075638071,0.3054842518909518,610.9685037819036
SWE,BAH,IC3,mnc,M,False,1,1221.871641452999,0.09606890967260796,610.9358207264995
OPS,EST,IC4,public,M,True,1,1220.4363225019042,0.061090512406296094,610.2181612509521
SWE,RUH,IC2,mnc,M,True,1,1219.301021799737,0.162433992918046,609.6505108998686
ENG_ELEC,ASR,D1,private,M,False,1,1218.1610285293718,0.062055741334581,609.0805142646859
ENG_ELEC,JED,IC3,private,F,True,1,1217.9491657492563,0.09553913744084494,608.9745828746281
ENG_MECH,JED,IC3,mnc,M,True,1,1217.7269631247018,0.10292653835927233,608.8634815623509
EDU,RUH,IC3,private,F,True,2,1217.3339672672837,0.1365541084734557,608.6669836336418
SWE,EST,M2,mnc,F,False,1,1216.1549704003992,0.03623728974846001,608.0774852001996
PM,RUH,IC3,public,M,False,2,1215.812531496782,0.08832651731000048,607.906265748391
OPS,RUH,IC2,startup,F,True,1,1214.7224319637562,0.13208917479921187,607.3612159818781
HEALTH,EST,M4,mnc,M,False,1,1214.197157982122,0.037074563894448145,607.098578991061
MARKETING,ASR,IC5,mnc,M,False,2,1207.4473683177466,0.10340087083972806,603.7236841588733
HEALTH,EST,IC4,semigov,F,False,1,1201.9884552841304,0.08161102908857736,600.9942276420652
FIN,JED,IC3,public,M,False,1,1201.4636460947795,0.1880277763841203,600.7318230473898
SUPPLY,RUH,IC2,mnc,M,False,1,1193.7550508881045,0.24223630615051447,596.8775254440523
CUSTOMER,EST,IC4,mnc,M,False,1,1191.8969129591305,0.14462907841456446,595.9484564795653
SUPPLY,RUH,IC2,private,M,False,2,1188.7194117624813,0.3180533608185847,594.3597058812406
PM,RUH,IC3,private,M,False,2,1186.8192589615182,0.0833471754782562,593.4096294807591
EDU,MAK,IC4,startup,F,True,1,1185.09455640536,0.1161708208460835,592.54727820268
HEALTH,QAS,M2,private,F,True,1,1183.9945203186253,0.07024460068184003,591.9972601593126
EDU,TAB,IC3,private,F,True,1,1183.3789402821694,0.20141248941045198,591.6894701410847
EDU,EST,M3,semigov,F,True,1,1180.7755576234304,0.05569422809557598,590.3877788117152
SALES,RUH,D1,public,M,False,1,1179.4602735200133,0.052248570415017494,589.7301367600066
OPS,MAK,IC3,private,M,True,1,1178.2623562536037,0.16944906173067104,589.1311781268018
CUSTOMER,RUH,IC4,private,M,False,2,1177.9417813284908,0.33920174646184875,588.9708906642454
HR,EST,IC4,mnc,M,False,1,1170.2485953673186,0.09357968579636736,585.1242976836593
SALES,RUH,D1,pif_backed,F,True,1,1170.1208820954853,0.021725508219386496,585.0604410477426
EDU,RUH,IC4,pif_backed,M,True,1,1164.868986679685,0.07811935744998356,582.4344933398424
EDU,EST,IC1,startup,F,False,1,1160.8838098451015,0.6449354499139452,580.4419049225507
HR,EST,IC3,public,F,False,1,1160.129088920332,0.11991221427585547,580.064544460166
HR,JAZ,M2,mnc,M,False,1,1158.6799999999957,0.1435456016333281,579.3399999999979
SUPPLY,RUH,M1,public,M,False,1,1155.2029906098232,0.12171408544089878,577.6014953049116
LEGAL,ASR,IC4,private,M,False,1,1152.3741522110486,0.09798191768033818,576.1870761055243
CUSTOMER,TAB,IC2,private,F,False,1,1151.4068629227636,0.44816122767683214,575.7034314613818
HEALTH,ASR,D1,startup,F,False,1,1150.7492623926519,0.04739656513763246,575.3746311963259
HEALTH,TAB,IC2,startup,M,False,1,1146.5577613647083,0.14648040102367693,573.2788806823542
CUSTOMER,RUH,IC1,private,F,True,2,1144.137578357866,0.2687549268002412,572.068789178933
CUSTOMER,MAD,IC1,private,M,False,1,1142.9308558719786,0.6349615865955437,571.4654279359893
CUSTOMER,RUH,IC2,public,F,False,2,1140.8355761235553,0.5221324840385535,570.4177880617776
CUSTOMER,EST,IC3,public,F,False,1,1138.543299663591,0.4721914488960185,569.2716498317955
MARKETING,RUH,M3,mnc,F,False,2,1133.4834212259448,0.034252972521767996,566.7417106129724
ENG_MECH,TAB,IC4,private,M,True,1,1130.8487595587594,0.0934371850046526,565.4243797793797
CUSTOMER,RUH,D2,public,M,False,1,1130.3819412737084,0.07267005258593599,565.1909706368542
EDU,RUH,IC5,private,F,False,1,1126.604303519378,0.07082911134005689,563.302151759689
DATA,RUH,IC3,semigov,F,True,1,1124.1464035894005,0.08675468627211806,562.0732017947003
SWE,JED,M1,private,M,True,1,1116.173888441921,0.04366189088504125,558.0869442209605
HEALTH,QAS,IC4,private,F,False,1,1115.6971106183591,0.09361830706400574,557.8485553091796
EDU,ASR,IC4,mnc,F,True,1,1110.4256283497634,0.11909186274612411,555.2128141748817
CUSTOMER,JED,M4,public,F,False,1,1109.7486277414464,0.04446149254345879,554.8743138707232
OPS,MAK,IC5,private,M,True,1,1108.195497924622,0.06872739065711901,554.097748962311
HEALTH,ASR,IC1,public,F,True,1,1107.8900000000008,0.21689777970943006,553.9450000000004
SALES,EST,IC3,startup,M,True,1,1105.4667069956395,0.07600112111015438,552.7333534978197
ENG_CIVIL,RUH,M1,private,M,True,1,1102.0488696639204,0.08726176256699106,551.0244348319602
SALES,MAK,M3,public,M,True,1,1100.0049950163357,0.0711652608367273,550.0024975081678
SWE,RUH,IC3,mnc,M,True,1,1097.7902613246988,0.058321593010946624,548.8951306623494
SWE,EST,IC5,private,M,False,1,1096.7081716048997,0.07554725519688497,548.3540858024498
EDU,ASR,IC4,private,F,True,1,1096.1157487215023,0.17266450996205285,548.0578743607512
HR,RUH,M2,public,M,True,1,1089.1894420346143,0.062170334327730475,544.5947210173072
HEALTH,JED,IC2,private,M,False,1,1082.2134620662364,0.16167014174961256,541.1067310331182
ENG_CIVIL,RUH,IC2,mnc,M,False,1,1076.6440013004349,0.26949247607067567,538.3220006502174
HEALTH,JED,IC3,semigov,F,True,2,1072.7180133883412,0.09833721752963598,536.3590066941706
SALES,ASR,IC4,private,M,False,2,1069.691811830302,0.23014959720320616,534.845905915151
HR,JED,IC3,public,M,True,2,1068.799658700872,0.11072019090147964,534.399829350436
MARKETING,EST,IC2,public,F,False,2,1065.5678225712331,0.3107084121296734,532.7839112856166
DATA,EST,IC1,private,F,True,1,1062.860673870844,0.13822323753595434,531.430336935422
ENG_MECH,EST,IC4,mnc,M,True,2,1061.8451243985737,0.05676310035649265,530.9225621992869
OPS,ASR,IC5,mnc,M,False,1,1060.1781317050409,0.09277363463699584,530.0890658525204
FIN,ASR,IC4,private,M,True,1,1058.3310994857984,0.09815120753930834,529.1655497428992
PM,EST,IC3,private,M,False,1,1058.2162366632729,0.07865579857699802,529.1081183316364
PM,MAD,IC4,private,F,True,1,1050.1941636166357,0.077141996096355,525.0970818083179
SALES,EST,IC3,semigov,M,False,1,1050.0009742917737,0.0655794831524449,525.0004871458868
OPS,EST,IC4,semigov,M,True,1,1048.4049163464078,0.05261822187713311,524.2024581732039
CUSTOMER,RUH,M1,private,M,False,1,1047.224981730672,0.18574141937160735,523.612490865336
HEALTH,MAD,IC6,mnc,F,True,1,1046.6099999999824,0.04023114428181914,523.3049999999912
HR,JED,M1,private,M,False,1,1045.9910230960695,0.12120462007889603,522.9955115480348
CUSTOMER,EST,IC4,private,F,False,3,1042.692836173733,0.19117791207682897,521.3464180868665
SALES,NOR,IC3,mnc,M,True,1,1035.8926012744578,0.09171606519195594,517.9463006372289
EDU,JED,IC2,public,F,True,1,1032.2833017948742,0.25807082544871857,516.1416508974371
DATA,NJR,IC3,semigov,M,True,1,1030.4789972010258,0.09445105879925333,515.2394986005129
CUSTOMER,NJR,IC5,pif_backed,M,True,1,1029.8468764461722,0.05921471206711762,514.9234382230861
CUSTOMER,JED,IC3,pif_backed,F,True,1,1029.752506486955,0.059307018483296454,514.8762532434775
SUPPLY,EST,IC3,private,M,False,1,1018.5059889597933,0.13391351078267527,509.25299447989664
ENG_MECH,TAB,IC5,public,M,False,2,1018.4814053750961,0.09713493415409233,509.24070268754804
SUPPLY,EST,IC3,semigov,M,False,2,1016.5415592500381,0.09428006311333148,508.27077962501903
FIN,RUH,IC3,mnc,F,False,1,1016.0100631528485,0.16127630248417785,508.00503157642424
EDU,EST,IC3,private,F,True,2,1006.7175530238555,0.13520935714221777,503.3587765119278
FIN,RUH,M2,private,M,True,1,999.5141880273841,0.038787359731157704,499.75709401369204
LEGAL,JED,M3,public,M,False,1,998.6928341798412,0.029586384127454363,499.3464170899206
CUSTOMER,JED,IC4,private,F,True,1,995.0830690505145,0.21929045495125646,497.54153452525725
HEALTH,TAB,IC4,semigov,F,False,1,987.4460529067455,0.07765449786894552,493.72302645337277
ENG_MECH,ASR,IC3,public,F,True,1,985.9578911231729,0.11945242066532423,492.97894556158644
SALES,HAI,IC4,semigov,F,False,1,981.8901112008025,0.04737633182201694,490.94505560040125
HR,QAS,IC3,private,F,True,1,979.1715375210006,0.10815905958100408,489.5857687605003
ENG_MECH,EST,IC3,private,M,True,1,973.6573181194744,0.07363601161646144,486.8286590597372
ENG_CIVIL,MAK,IC3,private,M,True,1,967.038317168378,0.17167742205912037,483.519158584189
ENG_ELEC,JAZ,IC3,private,M,False,2,964.3985384736393,0.10384418242751661,482.19926923681965
EDU,ASR,IC4,public,M,False,1,962.4113940397083,0.11553044991275396,481.20569701985414
SWE,RUH,M1,public,M,True,1,961.9619035550277,0.036216372540239704,480.98095177751384
SALES,EST,IC4,startup,M,False,1,959.8086178941503,0.11271219870122028,479.90430894707515
DATA,RUH,IC2,mnc,F,True,1,955.2175607913414,0.06881385882117669,477.6087803956707
OPS,RUH,IC4,public,F,False,1,950.5943838382373,0.08853898484491962,475.29719191911863
HEALTH,EST,IC5,semigov,M,False,1,950.3748288589268,0.04702760861240271,475.1874144294634
HEALTH,RUH,M1,public,F,False,1,947.8919160188707,0.06263484321787323,473.94595800943534
SWE,TAB,IC5,public,M,False,1,946.7904994811106,0.046677106812722774,473.3952497405553
CUSTOMER,RUH,IC3,pif_backed,M,True,1,946.084071882553,0.08186540238397112,473.0420359412765
CUSTOMER,EST,IC2,private,F,True,2,942.4154689213135,0.2356038672303284,471.20773446065675
SUPPLY,RUH,IC4,semigov,M,False,1,942.0403812991917,0.06319691443888253,471.02019064959586
HEALTH,QAS,IC4,private,F,True,1,941.7434865275081,0.09980251169475303,470.87174326375407
EDU,QAS,IC2,public,F,True,2,939.3393590219134,0.22589252413491515,469.6696795109567
HEALTH,RUH,M1,private,F,False,1,938.920996263274,0.06525232997962858,469.460498131637
EDU,EST,IC4,private,F,False,1,937.0054819871366,0.10649713777684111,468.5027409935683
SALES,JED,M2,semigov,M,True,1,934.3984854048285,0.030751176550505816,467.19924270241427
OPS,MAD,IC3,private,F,True,1,931.6510531217236,0.14087110503087982,465.8255265608618
FIN,JAZ,IC6,private,M,False,1,928.2766864992936,0.07353845766574642,464.1383432496468
OPS,JAZ,M1,mnc,M,False,1,927.1447146243263,0.06698209427066124,463.57235731216315
HEALTH,RUH,M2,private,F,True,2,926.094539683465,0.042660269687363535,463.0472698417325
ENG_CIVIL,QAS,IC4,startup,M,False,1,924.3125491346909,0.13102768783636304,462.15627456734546
ENG_CIVIL,RUH,IC6,private,M,False,1,923.6865163890398,0.04751209893632657,461.8432581945199
OPS,QAS,IC2,semigov,M,False,1,916.2026881584397,0.14232849608814332,458.10134407921987
HR,EST,IC3,semigov,F,True,2,913.6723978515629,0.07135047704617606,456.83619892578145
HEALTH,EST,IC4,startup,F,True,1,911.5924895272528,0.06779085868339585,455.7962447636264
ENG_ELEC,ASR,IC1,semigov,M,True,1,909.4539284692282,0.15515428840697834,454.7269642346141
HEALTH,JAZ,M2,semigov,F,False,1,902.523804373357,0.06823396293714756,451.2619021866785
PM,HAI,IC3,private,M,True,1,902.0900000000147,0.049568353269509806,451.04500000000735
MARKETING,EST,M1,semigov,M,False,1,900.004208721597,0.07675071473526646,450.0021043607985
HEALTH,MAK,IC1,public,F,True,1,899.0100000000007,0.18350850477953723,449.50500000000034
SUPPLY,QAS,IC5,startup,M,True,1,897.3568666138854,0.040718191370808156,448.6784333069427
OPS,JED,M2,mnc,M,False,1,886.7425636510416,0.0434888562960691,443.3712818255208
DESIGN,EST,IC3,mnc,F,False,1,886.3818538284922,0.15146855285589897,443.1909269142461
HR,RUH,IC3,pif_backed,F,False,1,883.9689133513803,0.05418518089545878,441.9844566756901
HEALTH,TAB,IC3,private,F,False,1,879.0881719890094,0.1184542625094167,439.5440859945047
DATA,RUH,IC1,private,F,False,1,877.3438392570934,0.48741324403171854,438.6719196285467
LEGAL,QAS,M1,semigov,F,False,1,877.2677099999928,0.04569652442559458,438.6338549999964
FIN,JAZ,IC2,private,F,False,1,874.9159186007287,0.23338497245812104,437.45795930036434
HR,JAZ,IC4,private,F,True,1,872.6404414380231,0.05912931220049797,436.32022071901156
EDU,RUH,IC2,mnc,F,True,1,872.5064767477161,0.15503894633785908,436.25323837385804
EDU,RUH,IC3,private,M,True,3,869.6221815298422,0.09522547074213461,434.8110907649211
DESIGN,NJR,M2,private,M,False,1,869.3122900000053,0.049814154515099913,434.65614500000265
EDU,RUH,M3,private,M,True,1,864.3123223386538,0.041613296148726,432.1561611693269
SUPPLY,TAB,IC2,private,F,False,1,857.750240730973,0.17417238761411266,428.8751203654865
MARKETING,EST,IC4,mnc,M,True,1,857.4235297934028,0.054747565977077584,428.7117648967014
EDU,RUH,IC5,private,M,False,1,855.0093181477605,0.06861179533426906,427.50465907388025
ENG_MECH,JED,M1,public,M,False,1,854.3424379455864,0.10119231601343476,427.1712189727932
ENG_CIVIL,JAZ,D1,private,M,False,1,853.6622900000075,0.048873534072719126,426.83114500000374
ENG_CIVIL,MAD,IC3,public,F,True,1,853.2013959748047,0.12989367309457692,426.6006979874023
CUSTOMER,EST,IC4,pif_backed,F,False,1,847.9753283784248,0.05158951609563227,423.9876641892124
ENG_MECH,JED,M3,semigov,M,True,1,846.868077786261,0.03210484710049438,423.4340388931305
OPS,QAS,IC3,pif_backed,F,True,1,843.8299031526676,0.05306852648254974,421.9149515763338
SWE,JAZ,M3,public,M,True,1,842.0600000000013,0.04083576414904483,421.03000000000065
EDU,TAB,IC2,private,M,False,1,835.0909417254875,0.27746834936786885,417.54547086274374
EDU,MAK,IC1,private,M,False,1,831.4000000000001,0.17208262615390987,415.70000000000005
DATA,RUH,IC3,public,M,True,1,827.1644195144036,0.06648013221968992,413.5822097572018
SALES,MAD,IC4,private,M,False,1,826.9846024008339,0.0970520737375759,413.49230120041693
SALES,EST,M3,private,M,False,1,825.901367886323,0.07320477251836968,412.9506839431615
PM,RUH,IC4,pif_backed,M,True,1,825.8834588310638,0.04557981505179855,412.9417294155319
HEALTH,MAK,IC5,private,F,True,1,825.5326539500238,0.06272458227308723,412.7663269750119
MARKETING,EST,IC3,startup,M,True,1,824.9238870865083,0.08427988069838284,412.46194354325416
SWE,JAZ,IC3,mnc,M,False,1,823.0373309003553,0.08005459912754709,411.51866545017765
SALES,MAD,IC4,public,M,True,2,820.5634567221837,0.12612792383527544,410.28172836109184
FIN,EST,IC2,pif_backed,F,True,1,814.9811862026927,0.06590142586506252,407.49059310134635
HR,RUH,M1,public,F,True,1,814.3132407921512,0.06812945647852248,407.1566203960756
DESIGN,RUH,IC1,private,M,False,1,809.1234828333468,0.22951383477337103,404.5617414166734
CUSTOMER,JED,IC1,private,F,False,1,806.7485518634207,0.44819363992412264,403.3742759317104
SUPPLY,RUH,IC3,private,M,False,1,806.1654070554441,0.09119146811390533,403.08270352772206
FIN,RUH,IC5,startup,F,False,1,805.8851676582635,0.04126368680895946,402.94258382913176
OPS,JAZ,IC4,public,M,False,1,805.8271178715095,0.15718211443040653,402.91355893575474
HEALTH,NOR,IC6,private,F,True,1,802.8830581000948,0.050245321629418055,401.4415290500474
HR,QAS,IC3,public,F,True,1,802.628197876883,0.1181515362953424,401.3140989384415
ENG_CIVIL,ASR,IC3,public,F,True,1,799.0127921724252,0.10195312938428762,399.5063960862126
FIN,JED,M2,private,F,False,1,793.3930257192769,0.0716107806780318,396.69651285963846
DATA,RUH,IC4,private,M,False,1,786.2120254510228,0.02840660002373887,393.1060127255114
SUPPLY,JAZ,IC3,private,M,True,1,781.0957497552208,0.06900334194563988,390.5478748776104
MARKETING,RUH,IC4,public,F,True,1,780.7538481710344,0.06593514261775239,390.3769240855172
HEALTH,JAZ,M2,private,F,False,1,780.1517733560322,0.04745763395237471,390.0758866780161
SWE,RUH,IC2,public,F,True,1,777.8898483241301,0.08633646781947686,388.94492416206504
SALES,EST,IC6,private,F,True,1,777.4006106336237,0.029498246029507468,388.70030531681186
ENG_MECH,EST,IC2,private,M,True,2,771.6901998754843,0.10108832375762501,385.84509993774213
HEALTH,RUH,IC1,private,M,False,1,767.6023948209604,0.14431166311734786,383.8011974104802
PM,JED,IC4,public,F,False,1,767.1844189671774,0.06344923907890687,383.5922094835887
ENG_CIVIL,TAB,IC3,startup,M,False,1,758.0091864070564,0.1393102181165517,379.0045932035282
EDU,RUH,IC2,public,F,True,1,757.6708825646037,0.16942664699553076,378.8354412823019
EDU,TAB,IC3,private,F,False,2,754.2146101245289,0.15609205667704268,377.10730506226446
EDU,EST,IC2,pif_backed,F,True,1,744.6500555724169,0.09013191534662227,372.32502778620847
HEALTH,EST,IC3,public,F,False,1,733.1066223496518,0.09203395877398615,366.5533111748259
ENG_ELEC,QAS,IC3,startup,M,False,1,729.0044095173234,0.06369120258723837,364.5022047586617
FIN,NJR,IC2,private,M,True,1,724.0936962466903,0.18102342406167257,362.04684812334517
EDU,JED,M1,public,F,True,1,723.4162415026267,0.09608218754102416,361.70812075131334
MARKETING,JED,IC5,private,M,True,1,720.8135903964449,0.07194250999535345,360.4067951982224
ENG_MECH,MAK,IC2,pif_backed,M,False,1,715.3955001068553,0.10487056013997322,357.6977500534276
HEALTH,EST,IC1,private,F,False,1,715.2208530770276,0.13558791973342502,357.6104265385138
SALES,RUH,IC4,mnc,M,False,2,712.3282302822099,0.06650339574251803,356.16411514110496
EDU,JAZ,IC2,private,F,True,1,708.1897428558341,0.17704743571395853,354.09487142791704
OPS,EST,IC2,public,M,True,1,707.4520826424196,0.17686302066060489,353.7260413212098
OPS,QAS,D2,public,F,True,1,707.012290000006,0.04014056846459635,353.506145000003
MARKETING,TAB,M2,public,F,False,1,705.6900000000041,0.11555958026567521,352.8450000000021
EDU,MAK,IC3,public,M,True,1,702.3310821485984,0.11110337268344746,351.1655410742992
EDU,JED,IC6,private,F,True,1,701.3878531202645,0.04413742704173837,350.69392656013224
MARKETING,JED,M1,mnc,F,False,1,687.694142119617,0.058328645072609646,343.8470710598085
SUPPLY,ASR,IC3,private,M,True,1,687.623163986842,0.08616108221325301,343.811581993421
ENG_CIVIL,JED,IC6,private,M,True,1,686.8076223866374,0.022402443704589724,343.4038111933187
SALES,MAD,IC4,private,M,True,1,685.9227691500073,0.08305728439303926,342.96138457500365
EDU,JED,M1,startup,M,True,1,669.4976935146587,0.050023363757007305,334.7488467573294
CUSTOMER,NJR,IC5,public,F,True,1,668.7757069678592,0.11143234537414988,334.3878534839296
ENG_ELEC,JED,IC4,mnc,M,False,1,662.3378137714608,0.034169111389249274,331.1689068857304
SALES,TAB,M2,public,M,False,1,659.920953117391,0.0666080868993846,329.9604765586955
SALES,MAD,IC5,private,F,False,1,658.8882615788661,0.07267764497500151,329.4441307894331
ENG_CIVIL,EST,IC3,semigov,M,True,1,647.6620524409227,0.07010983678410304,323.83102622046135
OPS,ASR,IC3,private,M,False,1,647.0093125564326,0.10251585052175105,323.5046562782163
OPS,JED,IC5,private,M,False,1,644.3888710526244,0.07049967353980603,322.1944355263122
SALES,BAH,IC4,startup,F,False,1,641.0212979394882,0.0973934516003276,320.5106489697441
ENG_CIVIL,MAK,IC6,public,M,False,1,640.3174296979796,0.06373023522693931,320.1587148489898
DATA,EST,IC2,pif_backed,M,False,1,639.3459739933642,0.04341748920537815,319.6729869966821
EDU,EST,IC2,public,F,False,1,639.2669905446,0.15192608651764009,319.6334952723
SUPPLY,ASR,IC4,semigov,M,False,1,639.1455507483852,0.08164540631993178,319.5727753741926
ENG_ELEC,TAB,IC1,private,M,True,1,636.2025552148443,0.10913164276853006,318.10127760742216
OPS,JED,IC2,private,F,True,1,635.2482272808738,0.15881205682021846,317.6241136404369
MARKETING,RUH,IC2,public,M,True,1,635.0554076573935,0.06672165813096828,317.52770382869676
OPS,RUH,IC2,semigov,M,False,2,633.1407130457628,0.13637905201472614,316.5703565228814
OPS,JED,IC3,private,F,True,1,632.6185990565473,0.12484209676784655,316.30929952827364
SWE,RUH,IC6,semigov,M,True,1,630.443350325666,0.017133372675934264,315.221675162833
HEALTH,JED,IC3,public,M,True,1,629.0250610105049,0.06493121704644977,314.51253050525247
DATA,JED,IC3,private,F,False,1,628.8916188337862,0.053766171644851805,314.4458094168931
CUSTOMER,RUH,IC5,public,M,False,1,620.6805025028025,0.07001195694505039,310.34025125140124
HEALTH,MAK,IC4,pif_backed,F,True,1,614.5792020044846,0.04365764894286697,307.2896010022423
ENG_CIVIL,EST,IC2,startup,M,False,1,612.4345098358554,0.10542366077594179,306.2172549179277
DESIGN,JED,IC3,public,M,False,1,609.1036523562834,0.06455706470678522,304.5518261781417
SALES,RUH,M2,private,F,False,1,607.8824576755578,0.03961181114255632,303.9412288377789
HEALTH,ASR,IC1,semigov,F,False,1,601.5000000000005,0.13071824405085308,300.7500000000002
EDU,RUH,IC2,public,F,False,1,598.0496769960837,0.11886890663525257,299.02483849804185
ENG_ELEC,ASR,IC4,public,M,True,1,597.2473829234495,0.06871183389477864,298.6236914617248
SALES,RUH,IC2,private,M,True,1,597.1779451936436,0.05039540122395166,298.5889725968218
PM,RUH,IC1,private,M,False,1,591.3538247665929,0.08964551703558403,295.67691238329644
ENG_ELEC,EST,IC3,private,M,True,2,591.0886723709318,0.03899543043821436,295.5443361854659
SALES,RUH,IC4,public,F,True,1,590.9927226754662,0.028524673310059593,295.4963613377331
FIN,RUH,M4,public,F,False,1,589.1597490143031,0.022419813780082187,294.57987450715154
SALES,ASR,IC4,private,F,False,1,589.0164075028397,0.08996201654443063,294.50820375141984
HR,QAS,IC2,private,M,False,1,584.6833621655387,0.07839501676222702,292.34168108276936
OPS,RUH,IC4,semigov,M,True,1,583.0548526195143,0.03549418739164877,291.5274263097572
SALES,RUH,IC3,semigov,M,True,1,577.1533581042049,0.07618411832780099,288.57667905210246
CUSTOMER,RUH,IC6,pif_backed,F,True,1,576.7139629112935,0.01918699810135139,288.35698145564675
HEALTH,ASR,IC4,private,F,True,1,574.1422771145917,0.051398082191002344,287.07113855729585
MARKETING,EST,IC1,public,F,True,1,573.4108526066007,0.14335271315165016,286.7054263033003
CUSTOMER,JED,IC2,private,F,False,1,571.5577976303966,0.09856484059294968,285.7788988151983
HEALTH,JAZ,IC4,pif_backed,F,False,1,569.4566562869113,0.04417025779607466,284.72832814345566
SWE,RUH,IC3,semigov,F,True,1,566.2165894734426,0.034940749301819035,283.1082947367213
CUSTOMER,EST,M2,startup,M,False,1,562.8865070907977,0.07647415754010578,281.4432535453989
ENG_CIVIL,JED,M2,public,M,False,1,558.953423456067,0.04143394319118851,279.4767117280335
SUPPLY,QAS,IC3,public,F,False,1,558.654789393212,0.08106867660212651,279.327394696606
ENG_MECH,JED,M3,private,M,False,2,558.1840202225885,0.026505300938954666,279.09201011129426
OPS,ASR,M2,semigov,M,True,1,558.0292062849148,0.04902381011778407,279.0146031424574
CUSTOMER,EST,IC6,private,M,True,1,556.8114335434566,0.053058867980989216,278.4057167717283
ENG_CIVIL,EST,M3,semigov,M,True,1,551.7909769932667,0.01908618556770455,275.89548849663333
DATA,ASR,IC3,mnc,F,False,1,551.5783043330885,0.04290701850870375,275.7891521665442
HEALTH,HAI,IC2,private,F,False,1,551.1027584342864,0.10179103268790637,275.5513792171432
SUPPLY,RUH,IC4,public,M,True,1,545.889370494584,0.07538180064993165,272.944685247292
EDU,RUH,IC5,private,M,True,1,540.4788004299171,0.03565953934578621,270.23940021495855
ENG_MECH,NJR,IC4,semigov,M,True,1,539.4472236988349,0.05176823064871938,269.72361184941747
CUSTOMER,JED,IC2,private,M,False,3,532.0981119483371,0.12655480212016434,266.04905597416854
CUSTOMER,JAZ,IC2,private,M,True,1,529.809355061735,0.07990030811321197,264.9046775308675
FIN,EST,IC2,public,F,True,1,529.10950141999,0.08071599667744539,264.554750709995
SWE,RUH,M2,private,F,False,1,523.1676792620528,0.016958032411617256,261.5838396310264
ENG_CIVIL,RUH,IC4,semigov,M,False,1,518.9871985102745,0.04310664535730597,259.49359925513727
HEALTH,JED,IC3,pif_backed,M,False,1,518.9091007260959,0.04371770942480465,259.45455036304793
HR,MAK,IC5,public,F,True,1,516.5222227610138,0.037158027605896815,258.2611113805069
CUSTOMER,EST,IC1,private,F,True,2,514.3735000167853,0.12859337500419632,257.18675000839266
SUPPLY,ASR,IC3,startup,M,True,1,509.0814912797932,0.06779048918252872,254.5407456398966
CUSTOMER,RUH,IC2,public,F,True,1,508.0919154037574,0.0663618988874321,254.0459577018787
EDU,RUH,M4,private,F,True,1,504.2206967985949,0.02138926511667721,252.11034839929744
FIN,RUH,IC4,public,F,False,1,494.7881360412284,0.05894404899111629,247.3940680206142
ENG_ELEC,EST,IC2,private,M,False,1,494.03598559360216,0.060392496423606876,247.01799279680108
HR,NJR,IC3,mnc,F,True,1,491.5829317348216,0.05044225021033606,245.7914658674108
EDU,JED,IC3,private,F,True,1,488.4187294909516,0.07066079626208763,244.2093647454758
SUPPLY,RUH,IC3,public,M,True,1,488.04347269261234,0.060847762322458476,244.02173634630617
PM,MAK,IC5,semigov,F,False,1,486.9050803013779,0.023432228930891183,243.45254015068895
CUSTOMER,NJR,IC2,semigov,M,False,1,481.0566114519297,0.19653333583305607,240.52830572596486
ENG_ELEC,TAB,IC4,public,M,False,1,479.5256578669223,0.05851220489120269,239.76282893346115
HEALTH,EST,IC1,public,M,False,1,475.9552351969555,0.2644195751094197,237.97761759847776
SALES,NJR,M2,semigov,M,False,1,475.91710397287716,0.04400336776606816,237.95855198643858
DATA,JED,IC3,public,M,False,1,471.20520127521377,0.0391568409682414,235.60260063760688
MARKETING,ASR,M1,private,F,True,1,465.84999999999854,0.030331264153179136,232.92499999999927
ENG_ELEC,ASR,IC4,semigov,M,True,1,465.83388054259376,0.03220289532211225,232.91694027129688
DATA,RUH,IC4,mnc,F,True,1,464.2651784807349,0.01971965570121461,232.13258924036745
SALES,EST,M3,mnc,F,False,1,463.2659776168948,0.011700104220577554,231.6329888084474
SWE,MAK,IC3,semigov,M,False,1,460.41312796488637,0.033043158557775176,230.20656398244319
OPS,EST,IC3,semigov,M,False,1,458.7836910647893,0.05617977322362981,229.39184553239465
EDU,EST,IC4,pif_backed,F,True,1,458.31232683701455,0.03440876231167018,229.15616341850728
FIN,RUH,IC5,private,F,True,1,454.43141376755375,0.018534754903276548,227.21570688377687
ENG_CIVIL,RUH,IC3,public,M,False,3,452.4810737319128,0.052677110844129044,226.2405368659564
ENG_CIVIL,ASR,M1,public,M,True,1,452.4599999999991,0.04546765481723393,226.22999999999956
EDU,RUH,IC2,private,F,False,2,450.75510536156435,0.09287628449423976,225.37755268078217
SUPPLY,MAD,IC1,semigov,M,False,1,450.4500000000007,0.19190133344693933,225.22500000000036
SALES,JED,IC2,startup,F,False,1,448.1977007169289,0.09022637246993022,224.09885035846446
SUPPLY,RUH,IC2,private,F,False,1,446.0980751295215,0.12577941424759603,223.04903756476074
FIN,MAK,IC2,pif_backed,F,False,1,444.0755847587643,0.0666525956705347,222.03779237938215
CUSTOMER,EST,IC3,private,F,False,1,442.0822532843522,0.085694950421388,221.0411266421761
ENG_ELEC,MAD,IC1,private,M,False,1,441.4599999999991,0.07680557295363744,220.72999999999956
SUPPLY,RUH,IC1,public,M,False,2,440.4758657144653,0.10515004532435007,220.23793285723264
CUSTOMER,EST,IC4,public,F,False,1,439.47322013629946,0.08093563615903385,219.73661006814973
FIN,JED,IC4,private,F,True,1,438.80621427635924,0.026124253613398627,219.40310713817962
HR,JED,IC4,private,F,True,1,437.9550631248494,0.054745546233463636,218.9775315624247
HEALTH,NJR,IC3,private,F,False,1,435.1504088870188,0.06535723162662511,217.5752044435094
SUPPLY,JED,M1,private,M,False,1,434.0189541671407,0.03475641177078913,217.00947708357035
SWE,JED,IC4,private,M,True,1,432.7495189316942,0.020309603598884257,216.3747594658471
OPS,RUH,IC5,public,M,False,1,429.33472785729646,0.026671607184245112,214.66736392864823
OPS,EST,IC6,private,F,True,1,429.17028951887187,0.02505853660854139,214.58514475943593
SUPPLY,TAB,IC3,public,M,True,1,428.68861531083076,0.05936931621832628,214.34430765541538
SALES,MAK,IC4,private,M,False,1,427.1433312368463,0.04821787292101653,213.57166561842314
DESIGN,JAZ,IC2,semigov,M,False,1,423.00827246777317,0.05034925661523603,211.50413623388658
SWE,NOR,IC4,private,M,True,1,419.5704337194984,0.0353397762823994,209.7852168597492
FIN,RUH,M4,semigov,F,True,1,416.73077531503804,0.008195924079035325,208.36538765751902
ENG_ELEC,RUH,M1,semigov,M,True,1,413.0643144063615,0.02049618420503123,206.53215720318076
HEALTH,EST,IC6,mnc,F,False,1,402.09223572504925,0.01436766187157861,201.04611786252462
DATA,BAH,IC4,public,M,False,1,391.9042274686235,0.03138233971425671,195.95211373431175
CUSTOMER,MAD,M2,semigov,M,False,1,384.94426431412285,0.02196376904429637,192.47213215706142
CUSTOMER,RUH,IC2,public,M,True,1,384.5100359774942,0.09612750899437356,192.2550179887471
SALES,MAD,IC3,public,M,True,2,374.7588900359651,0.030799738547147425,187.37944501798256
SALES,MAK,IC2,public,M,False,1,371.34482439982366,0.06573812800832446,185.67241219991183
SWE,TAB,IC3,public,F,False,1,368.2673137355323,0.0432550859758549,184.13365686776615
EDU,RUH,IC2,semigov,F,False,1,366.7799618420386,0.06097227867948881,183.3899809210193
EDU,EST,IC1,public,F,False,1,363.5126060284765,0.20195144779359805,181.75630301423826
SALES,JED,IC3,semigov,M,True,1,363.25931479883,0.021949136999515412,181.629657399415
SALES,RUH,IC1,startup,F,True,1,361.2255523024796,0.07161759707492542,180.6127761512398
ENG_ELEC,EST,IC1,private,F,False,1,359.30730200980906,0.04820787893800041,179.65365100490453
SALES,RUH,IC3,private,F,True,1,356.64512964717323,0.028019305391986774,178.32256482358662
SALES,RUH,IC3,public,M,False,1,356.2304970755313,0.06627729091519415,178.11524853776564
SALES,RUH,M1,private,M,True,1,354.7154833110362,0.014830935274428738,177.3577416555181
SALES,RUH,IC1,private,M,False,1,352.4624194275866,0.19581245523754812,176.2312097137933
SALES,EST,IC3,mnc,F,False,1,351.6720077641885,0.057219190824055854,175.83600388209425
HEALTH,QAS,IC5,private,F,True,1,349.3343832524188,0.022838671633567176,174.6671916262094
ENG_CIVIL,JAZ,IC2,private,M,False,1,346.5279034745872,0.0738254713530357,173.2639517372936
EDU,MAK,IC4,pif_backed,F,True,1,332.3884054149312,0.0311459860114535,166.1942027074656
ENG_CIVIL,RUH,IC1,private,M,False,1,332.20300383051836,0.10759785707639585,166.10150191525918
HEALTH,ASR,IC3,private,F,False,1,330.53734659428846,0.049892806224090515,165.26867329714423
EDU,JED,IC1,public,F,True,1,330.2852166965249,0.08257130417413122,165.14260834826246
ENG_CIVIL,EST,IC3,semigov,M,False,1,328.87341414968887,0.04271704639501965,164.43670707484443
DESIGN,RUH,M2,public,M,False,1,327.83339702943704,0.015319081389372827,163.91669851471852
HR,EST,IC4,private,F,False,1,325.1614164729326,0.04243243105515991,162.5807082364663
SWE,TAB,IC1,public,F,False,1,320.19000000000005,0.07411479587703321,160.09500000000003
ENG_ELEC,JED,IC4,pif_backed,M,True,1,319.7147344914374,0.01766176784609489,159.8573672457187
OPS,EST,IC1,private,M,False,2,318.2529738397641,0.09661168126586775,159.12648691988204
CUSTOMER,BAH,M1,startup,M,True,1,316.4427183995522,0.023261655235852823,158.2213591997761
FIN,EST,IC1,mnc,M,True,1,315.8764994276976,0.0789691248569244,157.9382497138488
EDU,TAB,IC4,mnc,F,True,1,313.7880222717413,0.029426666592119514,156.89401113587064
OPS,JED,M1,private,F,False,1,311.33357756047553,0.031222591923765676,155.66678878023777
CUSTOMER,RUH,IC3,private,F,False,1,311.2324666128925,0.04695049240270216,155.61623330644625
DATA,EST,IC2,private,M,True,1,309.8506777301882,0.030703516526471075,154.9253388650941
SALES,RUH,IC4,pif_backed,F,False,1,308.5197930534978,0.020903359706700826,154.2598965267489
SWE,RUH,IC3,public,M,True,1,307.0777932934561,0.02795336641616261,153.53889664672806
DESIGN,JED,IC4,private,F,True,2,305.6340149896914,0.016149306238266364,152.8170074948457
DATA,MAK,M4,semigov,M,True,1,303.05999999996857,0.004120306533620736,151.52999999998428
HEALTH,RUH,IC3,public,F,False,1,296.1269788963473,0.02866173033872613,148.06348944817364
ENG_ELEC,JED,IC3,mnc,M,False,1,295.16975669472777,0.040999785631204114,147.58487834736388
EDU,RUH,IC2,public,M,True,1,294.7675078483762,0.044184815393896223,147.3837539241881
DATA,RUH,M3,semigov,M,True,1,289.07572387577966,0.008499697262925848,144.53786193788983
HR,RUH,IC1,private,M,True,1,287.48243673226807,0.07187060918306702,143.74121836613404
ENG_ELEC,EST,IC5,private,M,False,1,286.1671983762899,0.022814274218532694,143.08359918814494
ENG_MECH,RUH,IC1,private,M,False,1,285.96253509235794,0.07846499483938853,142.98126754617897
ENG_ELEC,RUH,M1,private,M,True,1,283.40581879086494,0.018627546038202443,141.70290939543247
FIN,TAB,IC3,private,F,False,1,275.34492500984743,0.042935900596115566,137.67246250492371
SWE,MAD,IC3,private,M,True,1,269.7179485941615,0.01846462507695899,134.85897429708075
ENG_CIVIL,TAB,IC3,mnc,M,True,1,264.42065605491916,0.019317938347781873,132.21032802745958
CUSTOMER,RUH,M4,mnc,F,True,1,264.0085089329805,0.009114078309261106,132.00425446649024
FIN,JED,IC3,public,F,True,1,263.77237907818744,0.030338680816790323,131.88618953909372
HR,RUH,IC2,private,F,True,1,262.8935530139843,0.06572338825349607,131.44677650699214
HEALTH,EST,M1,pif_backed,F,True,1,262.7698127855656,0.013514462999936515,131.3849063927828
OPS,RUH,IC1,public,F,True,1,259.273720233482,0.054470184421898264,129.636860116741
CUSTOMER,RUH,IC4,public,M,False,1,253.07716162306406,0.0483885894386463,126.53858081153203
SALES,TAB,IC3,mnc,M,True,1,252.51048128137427,0.03529842796153739,126.25524064068713
SALES,EST,IC4,mnc,F,True,1,251.1426957796375,0.022568315354506516,125.57134788981875
ENG_CIVIL,EST,IC2,public,M,True,1,249.636917722034,0.03974388689346743,124.818458861017
DESIGN,RUH,IC4,public,M,False,1,248.55093638498147,0.016936062016551113,124.27546819249073
OPS,MAK,IC2,private,F,False,1,245.54122821862438,0.060805375783124546,122.77061410931219
MARKETING,EST,IC5,pif_backed,F,True,1,244.18450509339164,0.008766734596777919,122.09225254669582
PM,JED,M1,pif_backed,M,True,1,242.89553426027123,0.009864102504905593,121.44776713013562
PM,RUH,IC5,private,M,False,1,239.15737413234456,0.009768945886338339,119.57868706617228
OPS,RUH,IC1,private,M,False,1,237.91679176561843,0.13217599542534358,118.95839588280921
CUSTOMER,MAK,IC3,public,F,False,1,237.5502323910714,0.06943923448575304,118.7751161955357
CUSTOMER,RUH,IC1,private,M,False,1,237.36000658489638,0.05507691103948998,118.68000329244819
HR,EST,IC2,private,M,False,1,236.83288596857483,0.06676370283243308,118.41644298428741
FIN,BAH,M4,private,F,True,1,234.36229000000458,0.01295817275846727,117.18114500000229
HEALTH,JED,IC3,public,M,False,1,233.773151565616,0.02645593998017455,116.886575782808
HEALTH,JED,IC3,mnc,M,False,1,233.55590269725326,0.021119175210779797,116.77795134862663
SWE,RUH,IC1,private,M,True,1,231.78328170444638,0.033395280192554874,115.89164085222319
CUSTOMER,MAD,IC3,pif_backed,F,True,1,223.7968985243424,0.03861529941495499,111.8984492621712
FIN,RUH,IC3,public,F,False,1,223.4952679035032,0.017239405093214567,111.7476339517516
ENG_ELEC,RUH,M1,public,M,True,1,223.21222180523546,0.016622844570409044,111.60611090261773
HEALTH,MAK,IC2,public,M,False,1,222.39885005645738,0.04372051947017246,111.19942502822869
SUPPLY,RUH,IC2,public,M,True,1,220.80738564933154,0.05520184641233288,110.40369282466577
ENG_CIVIL,TAB,IC4,public,M,False,1,217.11537153945937,0.030107743915013616,108.55768576972969
CUSTOMER,EST,M4,public,F,True,1,214.92849929272597,0.013479721591457786,107.46424964636299
SALES,ASR,IC3,private,M,False,1,213.32216681067985,0.0220009124129471,106.66108340533992
SALES,QAS,IC4,private,M,False,1,209.86951519824743,0.02655591219943077,104.93475759912371
HEALTH,EST,IC2,mnc,F,False,1,203.63723599036803,0.024899367479787396,101.81861799518401
FIN,MAK,IC5,public,F,False,1,203.15343298770858,0.013450119734015125,101.57671649385429
CUSTOMER,RUH,IC5,pif_backed,F,False,1,201.91727465981603,0.007814816485948508,100.95863732990802
CUSTOMER,RUH,IC1,pif_backed,M,True,1,201.49424023718984,0.05037356005929746,100.74712011859492
HEALTH,MAK,IC2,public,F,False,1,197.68704531971616,0.04297348280181039,98.84352265985808
ENG_CIVIL,ASR,M1,private,M,False,1,195.86999999999898,0.019188192604899665,97.93499999999949
CUSTOMER,RUH,IC2,private,M,True,1,195.71589797084425,0.048928974492711066,97.85794898542213
HEALTH,RUH,M1,mnc,F,False,1,191.1695871091979,0.010652501959168455,95.58479355459895
EDU,RUH,IC4,startup,M,True,1,187.78132880920384,0.01601244701929989,93.89066440460192
SWE,RUH,IC4,public,F,True,1,183.85395566753323,0.011646218222536689,91.92697783376661
OPS,RUH,IC3,startup,F,False,1,182.50780175923774,0.03139227864818375,91.25390087961887
EDU,RUH,IC2,pif_backed,M,True,1,181.22859451567092,0.023583777456798644,90.61429725783546
SUPPLY,ASR,IC3,private,M,False,1,180.44794224354428,0.03594458798079433,90.22397112177214
ENG_MECH,RUH,IC1,semigov,M,False,1,178.052344892154,0.020917140186125907,89.026172446077
ENG_MECH,EST,IC1,private,F,True,1,173.34475329042834,0.043336188322607085,86.67237664521417
FIN,JED,M2,private,F,True,1,172.83720000886387,0.005544672485893125,86.41860000443194
FIN,JAZ,IC5,public,F,True,1,171.00998634841562,0.01071024079401562,85.50499317420781
HR,TAB,IC3,private,M,False,1,167.24201431741494,0.028463189138611705,83.62100715870747
ENG_CIVIL,JED,M4,private,M,False,1,163.94413865942624,0.008728743785808096,81.97206932971312
CUSTOMER,RUH,IC5,public,F,True,1,162.74148295049963,0.008201749039576562,81.37074147524982
MARKETING,RUH,IC2,public,F,True,1,160.5930837979222,0.04014827094948055,80.2965418989611
HEALTH,EST,IC2,private,M,False,1,159.45436956955382,0.02009732277086577,79.72718478477691
ENG_CIVIL,RUH,M3,private,M,False,1,148.8530508253898,0.007172711143730756,74.4265254126949
FIN,RUH,IC3,private,M,False,1,139.58055994545248,0.017529982824937295,69.79027997272624
OPS,RUH,IC1,private,M,True,1,139.14848017077702,0.034787120042694256,69.57424008538851
ENG_MECH,JED,IC2,mnc,M,False,1,138.8484311739403,0.01704916885731094,69.42421558697015
ENG_CIVIL,RUH,IC2,semigov,M,True,1,134.9551623653224,0.023041097182985307,67.4775811826612
CUSTOMER,RUH,IC1,pif_backed,F,True,1,132.4198509657681,0.022443243709252398,66.20992548288405
ENG_CIVIL,JED,IC3,public,M,False,1,129.3788257615288,0.017575062930317027,64.6894128807644
CUSTOMER,EST,IC1,pif_backed,F,True,1,124.95598395393517,0.031238995988483793,62.47799197696759
CUSTOMER,RUH,IC2,semigov,M,True,1,121.94058059387135,0.01659055518283964,60.97029029693567
ENG_MECH,JAZ,M2,mnc,M,True,1,119.17468854406616,0.007783462021378119,59.58734427203308
DATA,EST,IC1,public,M,True,1,115.70387872761694,0.028925969681904234,57.85193936380847
SWE,EST,IC2,public,M,False,1,108.27465109539116,0.012505879150301016,54.13732554769558
SUPPLY,JED,IC3,semigov,M,True,1,107.32513054693482,0.011929401874126463,53.66256527346741
OPS,JAZ,IC1,semigov,F,False,1,102.9249488530345,0.02514350772029669,51.46247442651725
HR,NJR,IC4,private,F,True,1,100.46607590945132,0.011248082803705766,50.23303795472566
EDU,QAS,D1,mnc,F,True,1,98.69335229085118,0.004431378260037105,49.34667614542559
CUSTOMER,RUH,IC3,mnc,F,True,1,92.42636219668748,0.00887241688049628,46.21318109834374
HEALTH,MAK,M1,private,M,True,1,88.41746288721697,0.0053500448605370505,44.208731443608485
CUSTOMER,EST,IC1,mnc,F,False,1,83.19045595666194,0.032235366857567636,41.59522797833097
DATA,RUH,IC1,semigov,F,True,1,82.98023411195663,0.02074505852798916,41.49011705597832
SUPPLY,EST,IC3,startup,F,True,1,77.77650628072843,0.005541555430207923,38.88825314036421
CUSTOMER,JED,IC2,mnc,M,True,1,74.83364368773573,0.018708410921933934,37.416821843867865
DATA,RUH,M3,private,M,True,1,74.35649463745358,0.001670778902286365,37.17824731872679
CUSTOMER,JED,IC4,public,F,False,1,72.16239828070866,0.015898093059071406,36.08119914035433
PM,RUH,IC5,semigov,F,True,1,71.72679585455626,0.00318553003292511,35.86339792727813
HR,RUH,IC3,private,M,False,1,66.5479866932983,0.006274998132370003,33.27399334664915
FIN,RUH,IC1,public,F,True,1,65.54685725332365,0.016386714313330913,32.773428626661826
EDU,TAB,M1,public,M,True,1,65.25209779549004,0.005363537321662161,32.62604889774502
HR,RUH,IC4,public,M,True,1,64.39557014638558,0.004904105959308776,32.19778507319279
MARKETING,JAZ,IC3,private,F,False,1,63.73866915125109,0.006501882479259244,31.869334575625544
ENG_CIVIL,RUH,M3,private,M,True,1,61.769517703982274,0.003260209025734174,30.884758851991137
EDU,RUH,IC4,startup,M,False,1,61.563957634640246,0.006129206602973235,30.781978817320123
EDU,NJR,IC4,private,M,False,1,58.793329710769285,0.007980872200713104,29.396664855384643
SWE,MAD,IC4,mnc,M,False,1,57.94715339274444,0.004312564534818836,28.97357669637222
SWE,MAK,IC3,pif_backed,M,False,1,57.23778093537112,0.00353173787709712,28.61889046768556
OPS,JAZ,IC3,public,F,True,1,55.59717021323195,0.0112828778106109,27.798585106615974
DATA,EST,IC3,private,F,True,1,55.43592936546338,0.003190582794075082,27.71796468273169
PM,EST,IC6,private,M,True,1,53.71384607457003,0.0015114966846978047,26.856923037285014
DATA,EST,IC5,public,F,True,1,51.61219365712168,0.0017319057319959315,25.80609682856084
DATA,EST,IC3,semigov,M,True,1,49.71818151752268,0.003792059228878265,24.85909075876134
ENG_CIVIL,RUH,IC4,public,M,True,1,45.03173727392277,0.0028899992602915924,22.515868636961386
ENG_MECH,JED,IC3,private,M,True,1,44.81492759916182,0.004364493775282192,22.40746379958091
SALES,NJR,M4,public,M,False,1,41.51229000000603,0.002271048437790111,20.756145000003016
SWE,JED,IC1,public,M,True,1,40.618264282148175,0.010154566070537044,20.309132141074087
HR,RUH,IC4,private,F,False,1,39.735720345475784,0.002996699078757102,19.867860172737892
ENG_ELEC,JED,IC4,semigov,M,False,1,36.15017304521098,0.002916823174812564,18.07508652260549
CUSTOMER,RUH,IC1,public,M,False,1,34.93258103567132,0.019406989464261844,17.46629051783566
EDU,QAS,IC3,semigov,M,True,1,34.7552530808216,0.0055788445400310445,17.3776265404108
SWE,JED,IC1,semigov,M,True,1,34.545289396233784,0.008636322349058445,17.272644698116892
LEGAL,MAK,IC4,public,F,True,1,31.07310521440195,0.0023150703104880717,15.536552607200974
EDU,JED,IC2,mnc,F,True,1,27.027524505594556,0.004698428933985557,13.513762252797278
ENG_ELEC,RUH,IC6,pif_backed,M,False,1,25.280415339035244,0.0007750641713475392,12.640207669517622
CUSTOMER,EST,IC1,private,M,True,1,24.121428431584263,0.006030357107896065,12.060714215792132
OPS,JAZ,IC3,public,M,False,1,23.3547228596899,0.003379937054664296,11.67736142984495
EDU,HAI,M1,pif_backed,F,True,1,21.929999999998472,0.002826096481619222,10.964999999999236
EDU,NJR,M2,private,F,False,1,19.51726096199127,0.0019004130436086498,9.758630480995635
CUSTOMER,NJR,IC4,private,M,True,1,18.24000000000069,0.002966992211645557,9.120000000000346
SALES,JED,IC1,private,M,False,1,18.06234892551811,0.005126528442151871,9.031174462759054
SUPPLY,ASR,IC5,pif_backed,M,False,1,8.947818493124942,0.0007433910129219516,4.473909246562471
ENG_MECH,QAS,IC2,pif_backed,M,True,1,8.086760860012873,0.000733465106999359,4.043380430006437
OPS,JED,IC3,public,F,True,1,3.257177650948506,0.00040355406189001013,1.628588825474253
OPS,ASR,IC1,private,F,True,1,4.547473508864641e-13,1.1368683772161603e-16,2.2737367544323206e-13
SUPPLY,MAK,IC1,private,M,False,1,4.547473508864641e-13,2.5263741715914673e-16,2.2737367544323206e-13
OPS,ASR,IC1,semigov,F,True,1,4.547473508864641e-13,1.1368683772161603e-16,2.2737367544323206e-13
