family,region,level,ownership,gender,is_saudi,n,mae,mape,pinball_p50
FIN,EST,CXO,private,M,True,1,107449.64812696626,0.747065290277749,53724.82406348313
OPS,EST,SVP,semigov,M,True,1,88219.17642061882,0.688446646156458,44109.58821030941
FIN,RUH,D1,mnc,M,True,1,47912.697745734564,0.6566601014050637,23956.348872867282
PM,RUH,D2,private,F,True,1,46892.14782444504,0.5888819528077053,23446.07391222252
SUPPLY,MAK,M4,pif_backed,F,True,1,44644.1402255805,0.6963692491846569,22322.07011279025
PM,TAB,SVP,private,M,True,1,37976.10408794377,0.5028255553241958,18988.052043971886
MARKETING,RUH,D2,private,F,True,1,35902.50534133149,0.6205005861942728,17951.252670665745
PM,EST,VP,private,M,True,1,35496.917264094576,0.441273740023917,17748.458632047288
SWE,JED,D1,pif_backed,M,True,1,35403.813732271956,0.5519789877218666,17701.906866135978
DATA,RUH,M1,private,M,True,1,34874.662596085385,0.681196548388929,17437.331298042693
SWE,MAK,M5,semigov,M,True,1,33208.964745217585,0.5759441198260818,16604.482372608793
SWE,RUH,VP,private,M,True,1,32710.097643357323,0.46986923983676454,16355.048821678662
SALES,JED,M5,pif_backed,M,True,1,31528.081607454573,0.5567097924530217,15764.040803727286
ENG_MECH,EST,M3,public,M,True,1,29237.705898395125,0.5732694782363462,14618.852949197562
ENG_ELEC,RUH,SVP,mnc,M,True,1,27794.80743108457,0.410584116512427,13897.403715542285
SWE,QAS,M2,public,M,True,1,27632.72551390381,0.69965854018994,13816.362756951905
PM,HAI,M3,private,M,True,1,27122.489789116462,0.577320824525855,13561.244894558231
HEALTH,RUH,M5,mnc,F,True,1,27080.504927724607,0.5178011338298445,13540.252463862304
SALES,JED,IC5,private,M,True,2,26583.64057516643,0.5535132809868346,13291.820287583216
FIN,RUH,M2,pif_backed,F,True,1,25547.615297681605,0.5862771263496269,12773.807648840802
DATA,EST,M1,mnc,M,True,1,24869.031121765613,0.6186188717765613,12434.515560882806
EDU,JED,D2,private,M,True,1,24679.25395842768,0.6413617037858205,12339.62697921384
SWE,ASR,M4,semigov,M,True,1,24356.819542951365,0.6119538669904881,12178.409771475683
EDU,JED,VP,private,F,True,1,23691.790580290402,0.589216802683044,11845.895290145201
HEALTH,EST,SVP,mnc,F,True,1,22856.049929696645,0.45784743137751094,11428.024964848322
SALES,RUH,M3,private,M,True,1,22830.783479618636,0.5550606195989365,11415.391739809318
MARKETING,NJR,M4,private,F,True,1,22253.035130906406,0.5567334270098935,11126.517565453203
LEGAL,RUH,IC5,mnc,F,True,1,22241.284318791353,0.5509602522911127,11120.642159395677
SALES,RUH,M2,private,F,True,1,21841.406896792432,0.556242232671947,10920.703448396216
SWE,RUH,IC6,public,M,True,1,20652.344557246513,0.49052749754420083,10326.172278623257
PM,RUH,M4,semigov,M,True,1,20621.38377807436,0.43268221235100013,10310.69188903718
ENG_CIVIL,RUH,M2,pif_backed,M,True,1,20575.6211492852,0.6448983307304235,10287.8105746426
ENG_MECH,RUH,IC4,semigov,M,True,2,20513.189598019795,0.45782491381147566,10256.594799009898
OPS,RUH,IC5,private,F,True,1,20404.853154974502,0.5449519124727381,10202.426577487251
SWE,QAS,M1,semigov,M,True,1,19651.863606360937,0.6559785137616337,9825.931803180469
SWE,RUH,D1,mnc,M,True,2,19255.190200739366,0.3327304309179269,9627.595100369683
HEALTH,RUH,VP,public,F,True,1,19002.17962155787,0.40422422035472155,9501.089810778934
EDU,JED,VP,private,M,True,1,18572.17181498197,0.5266234870151012,9286.085907490986
LEGAL,EST,SVP,private,M,True,1,18448.2242416624,0.29006655722636093,9224.1121208312
SWE,RUH,M3,pif_backed,F,True,1,18340.324922849424,0.40866305407279924,9170.162461424712
CUSTOMER,JED,D1,mnc,M,True,1,18186.848029616962,0.6508986399198062,9093.424014808481
DESIGN,RUH,IC3,mnc,F,True,1,18165.486310434557,0.6470838595479698,9082.743155217278
DATA,EST,D2,pif_backed,M,True,1,17997.10500194257,0.3578914827864563,8998.552500971286
DATA,RUH,D2,semigov,M,False,1,17908.157775369807,0.6786393397187623,8954.078887684904
ENG_ELEC,RUH,IC5,semigov,M,True,1,17443.586208930305,0.5679921395913232,8721.793104465152
HEALTH,RUH,D2,pif_backed,F,True,1,16969.589206255696,0.40671668443850784,8484.794603127848
FIN,EST,IC6,private,F,True,1,16874.235277141066,0.5522343032937139,8437.117638570533
DESIGN,TAB,M4,mnc,M,True,1,16840.37487413753,0.4424821917811623,8420.187437068766
DATA,MAK,M4,semigov,M,True,1,16594.96424635445,0.4427295298892693,8297.482123177226
ENG_MECH,JED,D1,private,M,True,1,16515.690332151124,0.4031925287638982,8257.845166075562
HEALTH,EST,D1,private,F,True,2,16488.493679634492,0.458043706926396,8244.246839817246
ENG_ELEC,RUH,M1,mnc,M,True,1,16361.275638356528,0.6554422922440413,8180.637819178264
SALES,RUH,M2,semigov,M,True,1,16349.008555694247,0.5171006490972734,8174.504277847123
SALES,JED,IC3,mnc,F,True,1,16341.10434723634,0.6253635904492809,8170.55217361817
FIN,JED,D3,startup,M,True,1,16038.821473425663,1.367571082360414,8019.410736712832
PM,EST,IC6,private,F,True,1,16017.315232084668,0.5264739269186439,8008.657616042334
ENG_MECH,JED,IC5,private,M,True,1,16004.685099072269,0.5260606406080501,8002.342549536134
FIN,EST,M1,semigov,M,True,1,15994.10644506223,0.5298529879903201,7997.053222531115
SWE,RUH,M3,public,M,True,1,15626.952260350809,0.44521084772022346,7813.476130175404
LEGAL,MAD,VP,pif_backed,M,True,1,15615.285982264366,0.27620679312554697,7807.642991132183
FIN,EST,M2,semigov,M,True,1,15614.848901737216,0.4454565052959078,7807.424450868608
HR,RUH,VP,pif_backed,M,True,1,15579.189316619879,0.31096465313329963,7789.594658309939
PM,EST,IC5,public,F,True,1,15523.383632031178,0.558285660405271,7761.691816015589
SALES,TAB,M3,mnc,F,True,1,15388.547588960006,0.4311292930357014,7694.273794480003
ENG_ELEC,RUH,M3,semigov,M,True,1,15204.320791753351,0.4733492965153108,7602.1603958766755
FIN,MAK,VP,semigov,M,True,1,15201.204927323597,0.7028629542422323,7600.6024636617985
ENG_CIVIL,RUH,VP,startup,M,True,1,15038.486087897712,0.3912509076106965,7519.243043948856
MARKETING,RUH,IC5,private,M,True,1,15024.19817530013,0.49574425869926564,7512.099087650065
ENG_CIVIL,TAB,D1,private,M,True,1,14994.703414115382,0.557232490923424,7497.351707057691
OPS,RUH,D1,startup,M,True,1,14793.562340335156,0.6060416937109828,7396.781170167578
FIN,MAK,IC4,pif_backed,F,True,1,14720.355921417828,0.569469518973046,7360.177960708914
ENG_CIVIL,RUH,D2,private,M,True,1,14518.776748426575,0.4533480510902188,7259.3883742132875
ENG_CIVIL,RUH,M5,private,M,True,1,14382.362540909944,0.45700422057255,7191.181270454972
FIN,JED,D1,private,F,True,1,14365.293971795065,0.4207722202804742,7182.646985897532
ENG_MECH,RUH,M3,private,M,True,2,14020.266142188875,0.4199858802142159,7010.133071094438
DATA,JED,M3,private,M,True,1,13998.813712747935,0.4839529548561336,6999.4068563739675
PM,RUH,D1,public,M,True,1,13948.857990939934,0.37964798024952073,6974.428995469967
PM,JED,M1,semigov,M,True,1,13752.119826544718,0.48069332702773465,6876.059913272359
ENG_MECH,RUH,D3,public,M,True,1,13595.955732578732,0.3269901786979604,6797.977866289366
SWE,RUH,IC4,semigov,M,True,1,13495.978194619835,0.470197329647019,6747.989097309917
DESIGN,RUH,M2,public,F,True,1,13492.27935111204,0.4396349796034054,6746.13967555602
SWE,TAB,M5,private,M,True,1,13459.330128855203,1.1804903064133236,6729.6650644276015
CUSTOMER,MAD,IC6,mnc,F,True,1,13420.962396610874,0.5647250672749932,6710.481198305437
HEALTH,EST,SVP,private,M,True,1,13184.913926223158,0.2997805892941885,6592.456963111579
SWE,RUH,D1,startup,M,True,1,13175.070149362966,0.9576721750199074,6587.535074681483
DATA,JAZ,M2,private,M,True,1,13163.35666240071,0.5687828252147552,6581.678331200355
OPS,RUH,VP,pif_backed,F,True,1,13132.831430209953,0.3056140315694552,6566.415715104977
DATA,ASR,IC5,public,M,True,1,12898.402938775165,0.5454562717873365,6449.201469387583
OPS,RUH,M3,startup,F,True,1,12892.822643419251,0.5323396012565201,6446.411321709626
DATA,HAI,IC6,private,M,True,1,12885.716348079375,0.4431601152636422,6442.858174039688
SWE,RUH,M3,private,M,True,2,12816.101387738989,0.30101361588371917,6408.050693869494
ENG_CIVIL,RUH,IC3,private,M,True,1,12713.384975630066,0.6132094627343799,6356.692487815033
CUSTOMER,RUH,M3,private,M,True,1,12682.252575003226,0.506718610915571,6341.126287501613
FIN,RUH,IC6,mnc,M,True,1,12679.351656537958,0.39018389306994405,6339.675828268979
HEALTH,RUH,M4,private,F,True,1,12663.764407207293,0.44015774810483116,6331.882203603646
OPS,RUH,D1,private,M,True,1,12630.131596227318,0.3665951560337422,6315.065798113659
MARKETING,RUH,D3,private,F,True,1,12520.53557180665,0.2762260478163917,6260.267785903325
ENG_CIVIL,RUH,VP,private,M,True,1,12456.839956467955,0.8513037075362025,6228.419978233977
SWE,MAD,IC6,private,F,True,1,12455.838881160267,0.4214393081838656,6227.919440580134
OPS,EST,M3,pif_backed,M,True,1,12455.641832570025,0.4890801588868836,6227.820916285013
MARKETING,MAK,IC4,private,F,True,1,12275.768957221262,0.6666749882678142,6137.884478610631
ENG_MECH,MAK,IC6,public,M,True,1,12268.112112018354,0.45866963458959903,6134.056056009177
SWE,JAZ,M3,private,M,True,1,12228.45815785383,0.5589887037711925,6114.229078926915
ENG_CIVIL,QAS,M3,mnc,M,True,1,12212.386243140882,0.48917093777152343,6106.193121570441
SALES,QAS,IC6,pif_backed,F,True,1,12157.649065342806,0.4468604412917451,6078.824532671403
DESIGN,MAD,M2,private,F,True,1,12101.457193117258,0.5801443617299801,6050.728596558629
SALES,TAB,IC5,semigov,F,True,2,12084.5220327993,0.38367757844867995,6042.26101639965
HEALTH,JED,IC4,semigov,F,True,1,11902.75261181595,0.5727222829757029,5951.376305907975
ENG_ELEC,EST,M2,pif_backed,M,True,1,11800.117929094007,0.443357719943353,5900.058964547004
OPS,EST,IC6,semigov,M,True,1,11549.899451788518,0.5594137820133045,5774.949725894259
PM,QAS,M2,semigov,M,True,2,11541.573833150547,0.5161383951389602,5770.786916575274
SWE,EST,IC6,private,M,True,1,11534.36432863638,0.8368563561063006,5767.18216431819
ENG_ELEC,RUH,D2,private,M,True,1,11399.108228358491,0.8283281688639319,5699.5541141792455
FIN,EST,IC4,public,M,True,2,11259.12688427094,0.44558575256964406,5629.56344213547
FIN,RUH,VP,mnc,F,True,1,11232.320824553572,0.20047650715023713,5616.160412276786
OPS,ASR,M1,pif_backed,F,True,1,11216.635816269252,0.6266525109987817,5608.317908134626
HR,BAH,M3,semigov,F,True,1,11080.84689760548,2.3752917016710877,5540.42344880274
LEGAL,EST,M2,private,F,True,1,11034.330296442819,0.3999584350713038,5517.165148221409
SWE,EST,D1,private,F,True,1,10995.200300481827,0.9829766837926349,5497.6001502409135
FIN,JED,D2,private,F,True,1,10842.260348516094,0.6242660179351798,5421.130174258047
EDU,EST,M3,private,F,True,1,10826.817503063789,0.46488742983208386,5413.408751531894
MARKETING,RUH,VP,public,F,True,1,10821.025764811242,0.9087332212183525,5410.512882405621
CUSTOMER,JED,IC6,pif_backed,M,True,1,10715.052103629423,0.5198902203373909,5357.5260518147115
DATA,EST,IC6,semigov,F,True,1,10608.729797641296,0.33900273078228005,5304.364898820648
PM,RUH,IC4,public,M,True,1,10542.747976697485,0.5290039548413606,5271.373988348742
ENG_ELEC,EST,M3,pif_backed,M,True,1,10525.136134524542,0.31717498945106304,5262.568067262271
FIN,ASR,IC5,private,F,True,1,10363.720478955252,0.49220136267588255,5181.860239477626
PM,JED,IC5,public,F,True,1,10349.69314202253,0.47606815101707706,5174.846571011265
PM,RUH,M4,public,M,True,3,10342.379249800186,0.491493352040854,5171.189624900093
HR,RUH,IC4,private,M,True,2,10323.28756844595,0.537396819851894,5161.643784222975
FIN,RUH,M3,private,M,True,1,10309.169946355838,1.304441740078363,5154.584973177919
ENG_ELEC,RUH,D3,public,M,True,1,10281.06102538377,0.5992311649213135,5140.530512691885
HEALTH,JAZ,IC6,public,M,True,1,10163.09865284264,0.5718288833918976,5081.54932642132
FIN,MAD,IC6,mnc,M,True,1,10126.844776970942,0.3408292935674606,5063.422388485471
SWE,MAK,IC6,mnc,M,True,1,10072.272688781519,0.47222081378754105,5036.136344390759
ENG_ELEC,EST,IC2,mnc,F,True,1,10059.357874232726,0.6312335265669684,5029.678937116363
MARKETING,QAS,M4,semigov,F,True,1,10045.120894648793,1.0018950300455194,5022.560447324397
MARKETING,RUH,IC5,private,F,True,2,10020.089207101295,0.3625013774665874,5010.0446035506475
SALES,MAK,IC6,public,M,True,1,9989.317142864045,0.44027789799310113,4994.658571432023
LEGAL,BAH,M1,private,M,True,1,9985.952664962602,0.5304168488956942,4992.976332481301
SALES,JED,VP,private,M,True,1,9972.058799881459,0.2871762707681608,4986.0293999407295
ENG_CIVIL,RUH,D3,private,M,False,1,9931.891297666012,0.5125700016892002,4965.945648833006
SWE,RUH,IC5,startup,F,True,1,9868.441174774205,0.3931551736413787,4934.220587387103
DATA,QAS,M4,public,F,True,1,9843.43235836942,0.31174958173884076,4921.71617918471
SWE,RUH,IC4,pif_backed,F,True,2,9760.750865088183,0.4038088138452644,4880.375432544091
MARKETING,QAS,M4,pif_backed,M,True,1,9756.415322621186,0.36365104623536604,4878.207661310593
SWE,JED,M2,public,F,True,1,9735.241703518679,0.9962980014763224,4867.6208517593395
CUSTOMER,RUH,M3,mnc,F,True,1,9710.827816657253,0.3525857322615367,4855.413908328626
FIN,JED,M3,pif_backed,M,True,1,9708.076919274776,0.29665445975265603,4854.038459637388
ENG_CIVIL,TAB,IC5,pif_backed,M,True,1,9689.2486688686,0.5262809631221935,4844.6243344343
SALES,RUH,IC5,mnc,M,True,1,9648.784526207495,0.3607510503623812,4824.392263103748
DATA,EST,M3,startup,M,True,1,9646.202236822117,0.8376737581089825,4823.101118411058
HEALTH,MAK,IC4,private,F,True,1,9542.994602010549,0.5895616775368817,4771.4973010052745
PM,RUH,M3,private,M,True,1,9519.830871965678,1.0924421471316084,4759.915435982839
DESIGN,RUH,IC2,mnc,M,True,1,9510.477220237439,0.5945633406483565,4755.238610118719
SWE,RUH,M3,semigov,M,True,2,9480.942780953308,0.4983653934786355,4740.471390476654
MARKETING,RUH,IC6,private,M,True,1,9461.48482910136,0.4154822538652078,4730.74241455068
DATA,EST,M4,public,M,False,1,9458.642545191355,0.6127176357186706,4729.321272595677
FIN,NJR,D1,semigov,M,True,1,9441.30840336709,0.8659514365626424,4720.654201683545
SWE,RUH,M4,private,M,True,1,9433.350927362528,0.2883849526776596,4716.675463681264
MARKETING,JED,M1,mnc,M,True,1,9358.084198414312,0.4238812659130731,4679.042099207156
EDU,TAB,D1,private,F,True,1,9350.184089214932,0.5132173546672395,4675.092044607466
OPS,EST,VP,public,F,True,1,9306.996744939406,0.3189132473778346,4653.498372469703
SUPPLY,ASR,IC5,semigov,M,True,1,9260.012384765334,0.5210821363409177,4630.006192382667
LEGAL,JED,IC4,private,F,True,2,9254.587968941589,0.4272568632489496,4627.293984470794
HR,QAS,IC5,semigov,M,True,1,9232.439384656771,0.5108121638999998,4616.2196923283855
SALES,RUH,SVP,public,F,True,1,9220.715839687993,0.48045016340210134,4610.357919843997
PM,RUH,M4,private,M,True,1,9166.1132592322,0.26559685336630373,4583.0566296161
ENG_MECH,QAS,M1,public,M,True,1,9130.471933838207,0.5840426644720227,4565.235966919104
SWE,EST,IC6,private,F,True,1,9121.968376526303,0.28483598535221727,4560.984188263152
ENG_MECH,EST,M3,pif_backed,M,True,2,9094.929154548974,0.2499461893480111,4547.464577274487
SWE,MAK,IC5,public,F,True,2,9091.618109586994,0.30221339452213974,4545.809054793497
EDU,JED,D1,public,F,True,1,9015.052001266104,0.38589916865985746,4507.526000633052
SWE,RUH,M2,startup,M,True,1,8991.692144428995,0.3614112879546532,4495.846072214497
SALES,RUH,M4,semigov,M,True,1,8918.085445399032,0.2627745164898085,4459.042722699516
SWE,RUH,M4,private,F,True,1,8892.424184568063,0.580871072788639,4446.212092284031
ENG_MECH,JAZ,IC4,private,M,True,1,8794.951598514908,0.4917564748035564,4397.475799257454
ENG_MECH,RUH,M2,private,M,True,3,8773.034098861472,0.5771547392138864,4386.517049430736
MARKETING,MAD,IC5,private,F,True,1,8746.530307192757,0.4476447395115566,4373.265153596379
FIN,RUH,M1,private,F,True,1,8740.058733219803,0.42658121057896137,4370.029366609901
FIN,RUH,M3,mnc,M,True,1,8709.165064756384,0.29838688931987895,4354.582532378192
LEGAL,ASR,IC4,public,M,True,1,8605.267420981509,0.5737975461949592,4302.633710490754
HEALTH,JED,VP,mnc,F,True,1,8586.435386325662,0.24788184481786316,4293.217693162831
FIN,MAD,IC6,private,M,True,1,8578.05952873842,0.42788374334678553,4289.02976436921
OPS,JED,M4,public,F,True,1,8574.193550210046,1.3667869278205511,4287.096775105023
ENG_ELEC,MAK,M4,private,F,True,1,8556.21247533038,0.3620730180603769,4278.10623766519
DATA,EST,IC4,private,M,True,1,8542.27112192723,0.46098810194948625,4271.135560963615
SUPPLY,JED,M2,private,M,True,1,8444.568592383843,0.41902316580643223,4222.284296191921
DATA,QAS,IC4,startup,M,True,1,8431.365492174375,0.47519140638554846,4215.682746087187
CUSTOMER,MAK,IC6,private,M,True,1,8417.842058219867,0.4609826295639114,4208.921029109933
OPS,QAS,M3,semigov,M,True,2,8416.666668058106,0.6336998850114148,4208.333334029053
SWE,HAI,IC5,mnc,F,True,1,8381.093492751756,1.4005822721613463,4190.546746375878
PM,MAK,M1,startup,M,True,1,8380.696969936027,0.47390470809850055,4190.3484849680135
PM,TAB,IC5,public,M,True,1,8367.394331549274,0.5039548392689609,4183.697165774637
SWE,NJR,M2,private,M,True,1,8358.400212346733,0.4215374265030762,4179.200106173366
CUSTOMER,RUH,IC4,startup,M,True,1,8344.038331971718,0.5172239580414,4172.019165985859
ENG_MECH,RUH,IC4,private,F,True,1,8326.370026995593,0.39457236859974276,4163.185013497797
FIN,RUH,M1,private,M,True,1,8280.610364717932,0.43770061112336844,4140.305182358966
ENG_MECH,RUH,IC3,public,M,True,1,8192.576566724634,0.48329059371081307,4096.288283362317
PM,TAB,M1,private,M,True,1,8182.063894664881,0.4941945401272973,4091.0319473324407
DATA,RUH,IC5,public,F,True,1,8108.957463284829,0.377060637319607,4054.4787316424145
PM,RUH,M3,public,M,True,1,8044.058965493055,0.25320646740082414,4022.0294827465277
ENG_ELEC,JED,IC4,startup,F,True,1,7999.804443700095,1.8457398931822244,3999.9022218500477
SWE,RUH,IC5,semigov,M,True,1,7954.763057497454,0.8491860191523163,3977.381528748727
DATA,RUH,M3,private,F,True,2,7948.206844853746,0.4815411353002902,3974.103422426873
CUSTOMER,RUH,IC5,mnc,M,True,2,7874.649994793257,0.2870117457273995,3937.3249973966285
FIN,RUH,IC5,public,F,True,1,7833.30836464158,0.3915724879135234,3916.65418232079
DATA,HAI,M5,private,F,True,1,7826.17700174882,0.20464931845192622,3913.08850087441
DATA,JED,IC4,mnc,M,True,1,7755.144946784969,0.40280820499180725,3877.5724733924844
HEALTH,EST,IC4,private,M,True,1,7732.497313090113,0.4839309243452053,3866.2486565450563
PM,RUH,IC4,semigov,M,True,2,7705.625315555347,0.41326354367382134,3852.8126577776734
OPS,RUH,IC6,public,M,True,1,7697.799075586645,0.3592918424001702,3848.8995377933225
SALES,MAD,M4,public,M,True,1,7662.183988793873,0.3438153191909012,3831.0919943969366
DATA,RUH,IC3,pif_backed,M,True,3,7610.4895037333845,0.37916301302698613,3805.2447518666922
MARKETING,RUH,D1,private,M,True,1,7593.2034064414,0.49544427092750815,3796.6017032207
DATA,RUH,IC4,pif_backed,M,True,1,7564.916375303939,0.3903445220408944,3782.4581876519696
SWE,HAI,IC5,private,F,True,1,7551.244193262723,0.4012137551610386,3775.6220966313613
HEALTH,EST,M1,public,F,True,1,7520.7152213391655,0.4484111377747091,3760.3576106695828
ENG_MECH,QAS,IC3,public,M,True,1,7489.863007245638,0.4996648885577822,3744.931503622819
FIN,MAK,D3,private,M,True,1,7442.474862372823,0.1536532918166543,3721.2374311864114
SALES,RUH,M3,private,F,True,2,7426.022562544497,0.3507318670858036,3713.0112812722487
ENG_CIVIL,RUH,IC5,private,F,True,1,7404.356340683993,0.4237407285656893,3702.1781703419965
SWE,RUH,M3,mnc,M,True,1,7388.225664330985,0.2412913651587186,3694.1128321654924
DESIGN,TAB,VP,mnc,M,True,1,7336.291626491402,0.17684776328900823,3668.145813245701
FIN,TAB,M1,public,M,True,1,7334.020191996633,0.40888824388256534,3667.0100959983165
CUSTOMER,EST,IC4,public,M,True,1,7331.057803245544,0.5122875351222936,3665.528901622772
HR,EST,VP,public,F,True,1,7327.201356000147,0.21405018405046256,3663.6006780000735
DATA,RUH,IC3,private,M,True,1,7308.260927966252,0.40891773694715255,3654.130463983126
ENG_ELEC,TAB,IC4,public,M,True,1,7301.455091988395,0.43444260255854916,3650.7275459941975
SALES,RUH,M2,startup,F,True,1,7298.086775783897,0.8216776433832597,3649.0433878919484
DATA,RUH,IC5,public,M,True,1,7286.69382345827,0.2991661180433845,3643.346911729135
HEALTH,JED,IC5,pif_backed,M,True,1,7280.364963818622,0.3531732759614569,3640.182481909311
FIN,QAS,M2,private,M,True,1,7182.077871203777,0.30842166336596133,3591.0389356018886
HEALTH,RUH,IC6,startup,M,True,1,7134.208287325482,0.3833750515422522,3567.104143662741
FIN,EST,D2,public,F,False,1,7102.585335333054,0.931341215787598,3551.292667666527
SWE,MAK,M2,public,M,True,1,7078.717195227053,0.7502097848704258,3539.3585976135264
MARKETING,JED,D3,semigov,M,False,1,7075.67153986413,0.4716229134718109,3537.835769932065
SALES,JED,IC5,startup,M,True,1,7073.533001391064,0.9008342557363636,3536.766500695532
PM,EST,IC4,public,F,True,1,7066.928655736745,0.4227987858466435,3533.4643278683725
SWE,EST,IC6,semigov,M,True,1,7064.690042767532,0.2999777126561806,3532.345021383766
PM,RUH,IC6,private,F,True,1,7035.184888392647,0.7998141480593681,3517.5924441963234
MARKETING,RUH,IC4,mnc,F,True,2,7033.150402746634,0.6136291845700319,3516.575201373317
FIN,RUH,IC6,private,M,True,1,7022.692895042346,0.35418599836781994,3511.346447521173
SWE,RUH,IC6,mnc,M,True,2,6986.157405832471,0.4745388493913701,3493.0787029162357
ENG_ELEC,RUH,IC5,pif_backed,M,True,1,6951.771325639744,0.28349687014048613,3475.885662819872
SWE,MAK,M3,private,M,True,1,6918.588095980456,0.6188918527702426,3459.294047990228
ENG_CIVIL,EST,D1,semigov,M,True,1,6918.1447905672085,0.7617321165437241,3459.0723952836042
HEALTH,EST,M4,pif_backed,F,True,1,6893.226880849852,0.27557684825328416,3446.613440424926
LEGAL,RUH,IC5,public,F,True,1,6884.41461705049,0.7537029147584227,3442.207308525245
DESIGN,EST,D1,private,F,True,1,6859.35448787102,0.2961491035912567,3429.67724393551
ENG_ELEC,EST,M5,public,M,True,1,6830.667721203701,0.3302744073570083,3415.3338606018506
SWE,RUH,IC5,semigov,F,True,2,6791.545860499067,0.2693941480970843,3395.7729302495336
FIN,EST,IC5,pif_backed,F,True,1,6770.7980685694765,0.6530543683224185,3385.3990342847383
PM,EST,IC5,mnc,M,True,1,6756.871770616857,0.7750283644804727,3378.4358853084286
OPS,RUH,M3,private,M,True,2,6752.572259196829,0.3413277555253289,3376.2861295984144
HEALTH,ASR,M2,private,M,True,1,6747.729427431324,0.40816138703229676,3373.864713715662
HR,JED,IC5,private,M,True,1,6743.326095034312,0.42471475794912555,3371.663047517156
DATA,HAI,IC3,private,F,True,1,6734.924802201294,0.42751586434792466,3367.462401100647
DATA,JED,IC4,semigov,F,True,1,6726.844465275692,0.36082255567575167,3363.422232637846
EDU,EST,IC5,pif_backed,F,True,1,6726.800326339659,0.43109256008879504,3363.4001631698293
PM,RUH,IC4,private,M,True,5,6678.614604043415,0.30663946975912,3339.3073020217075
DESIGN,ASR,IC4,semigov,M,True,1,6661.171159612675,0.41422244013518383,3330.5855798063376
EDU,RUH,IC6,mnc,F,True,1,6659.4488945839685,0.9863715648468776,3329.7244472919842
HEALTH,RUH,VP,private,M,True,1,6586.296518058847,0.2903963795122281,3293.1482590294236
PM,RUH,IC2,semigov,F,True,1,6582.6212837058765,0.5066147362987259,3291.3106418529383
SUPPLY,RUH,VP,semigov,M,True,1,6528.124965974228,0.20385998936406247,3264.062482987114
EDU,EST,D1,public,M,True,1,6526.305242934648,0.3612592862347579,3263.152621467324
SWE,TAB,M2,private,M,True,1,6502.576852271506,0.34480173829646826,3251.288426135753
ENG_ELEC,EST,M1,private,M,True,1,6476.361749673651,0.8575290580085744,3238.1808748368253
EDU,MAK,IC4,startup,M,True,1,6426.307694471845,0.5231800026569715,3213.1538472359225
DATA,QAS,M1,private,F,True,1,6404.284437472252,0.37737797768192227,3202.142218736126
ENG_CIVIL,ASR,IC4,pif_backed,M,True,1,6322.18745229052,0.46386095052776083,3161.09372614526
HEALTH,RUH,M3,public,F,True,2,6291.684494735222,0.23322937853293435,3145.842247367611
OPS,RUH,M1,public,F,True,1,6267.172743905299,0.42795663930105543,3133.5863719526496
ENG_ELEC,JED,M2,public,M,True,1,6238.300979200583,0.3425679127805788,3119.1504896002916
LEGAL,RUH,D2,startup,F,True,1,6233.054762810763,0.19635010810271325,3116.5273814053817
OPS,RUH,M2,pif_backed,M,True,1,6229.3543939032315,0.3159231400778226,3114.6771969516158
ENG_MECH,EST,IC5,mnc,M,True,1,6182.27297028706,0.2676335663613531,3091.13648514353
HR,RUH,VP,private,M,True,1,6179.517732292985,0.24923436027931128,3089.7588661464924
MARKETING,EST,IC5,private,M,True,3,6156.795781480814,0.428922494288482,3078.397890740407
HEALTH,TAB,VP,semigov,M,False,1,6150.064335260798,0.46123234324244783,3075.032167630399
SUPPLY,EST,IC4,startup,M,True,1,6145.620006476702,0.3878835427481093,3072.810003238351
SWE,RUH,M2,private,M,True,3,6135.604479112247,0.3505616230920651,3067.8022395561234
DATA,RUH,D3,private,M,False,2,6114.473855460721,0.27256491984768805,3057.2369277303605
PM,RUH,M3,private,F,True,1,6111.599085291582,0.2283452479079446,3055.799542645791
SWE,MAK,IC5,private,M,True,1,6108.4291241938445,0.33334740901150495,3054.2145620969222
HEALTH,MAD,M1,pif_backed,F,False,1,6088.260514832351,0.681576877190988,3044.1302574161755
FIN,EST,M3,private,M,True,1,6059.691158458654,0.2721524272140336,3029.845579229327
ENG_ELEC,RUH,IC3,semigov,M,True,2,6058.029238612126,0.4098882424614289,3029.014619306063
SALES,EST,M2,semigov,F,True,1,6057.617437972938,0.24564273111443966,3028.808718986469
PM,EST,IC5,private,M,True,1,6043.90094658862,0.9021505635907959,3021.95047329431
HR,RUH,VP,startup,M,False,1,6031.140606827058,0.51243194287597,3015.570303413529
SWE,MAK,M1,pif_backed,M,True,1,5981.929299100431,0.529412439020546,2990.9646495502157
ENG_ELEC,JAZ,IC5,private,M,True,1,5949.042518773929,0.4872466828565493,2974.5212593869646
OPS,JAZ,IC6,semigov,F,True,1,5937.765517658113,0.4295680992042774,2968.8827588290565
EDU,EST,VP,pif_backed,M,True,1,5932.043786468686,0.1883604474067493,2966.021893234343
LEGAL,JED,IC5,private,M,True,1,5913.283913525178,0.6351960455194099,2956.641956762589
EDU,MAK,D2,public,M,True,1,5911.202580884674,0.2708939879411403,2955.601290442337
SALES,RUH,IC5,semigov,M,True,2,5906.231709952621,0.963076213952156,2953.1158549763104
ENG_CIVIL,EST,M3,public,M,True,1,5885.273917304206,0.31316624840146706,2942.636958652103
HR,QAS,M1,private,F,True,1,5879.204684330218,0.3910532077606289,2939.602342165109
FIN,RUH,D1,semigov,M,True,1,5873.752387403318,0.27876311410214033,2936.876193701659
SUPPLY,QAS,M4,public,M,True,1,5859.704230035539,0.2801965824631682,2929.8521150177694
DATA,RUH,M2,public,M,False,1,5858.300963639365,0.5339202178660633,2929.1504818196827
SALES,EST,IC4,public,M,True,1,5858.044255970211,0.3497160195492823,2929.0221279851057
OPS,RUH,IC4,public,M,True,2,5857.4869721092855,0.40032053432630454,2928.7434860546427
SWE,EST,IC5,public,M,True,3,5854.545158344681,0.7763111485297135,2927.2725791723406
ENG_ELEC,JED,IC5,pif_backed,M,True,1,5826.061236146299,0.5848717391004965,2913.0306180731495
MARKETING,HAI,M3,private,F,True,1,5799.935424504112,0.30518476739500566,2899.967712252056
SWE,RUH,M5,private,M,False,1,5792.962384150742,0.38570945541701873,2896.481192075371
ENG_MECH,MAD,IC4,public,M,True,1,5792.101190881122,1.4473384502058912,2896.050595440561
SUPPLY,HAI,IC6,private,M,True,1,5787.350470851864,0.4324205271148365,2893.675235425932
SALES,MAD,IC5,private,M,True,2,5786.224938727316,0.5566448514736821,2893.112469363658
SWE,EST,IC2,semigov,F,True,1,5784.978821488984,0.4376813100497109,2892.489410744492
SWE,RUH,IC5,mnc,M,False,2,5782.74493781047,0.5274722007642034,2891.372468905235
SALES,QAS,M1,private,F,True,1,5731.5410242544185,0.3870536458839766,2865.7705121272093
SWE,EST,M3,private,M,True,1,5723.833958726209,0.21750240971078974,2861.9169793631045
HEALTH,RUH,M4,private,M,True,2,5714.448085053214,0.23724279239146734,2857.224042526607
DESIGN,RUH,IC5,public,M,True,2,5705.431634840085,0.55525545077348,2852.7158174200426
CUSTOMER,TAB,D2,pif_backed,F,True,1,5685.8169529940615,0.8975540268435688,2842.9084764970307
SWE,QAS,M3,private,F,True,1,5679.952189775475,0.3171477395025237,2839.9760948877374
HEALTH,QAS,M3,public,M,True,1,5677.661382800152,0.8855719889274029,2838.830691400076
HEALTH,QAS,VP,private,F,True,1,5667.593213826545,0.16631084685838782,2833.7966069132726
HR,RUH,M4,mnc,M,True,1,5659.228207016409,0.5182003664788081,2829.6141035082046
ENG_MECH,EST,D2,semigov,M,True,1,5651.648071093157,0.2166215696583962,2825.8240355465787
SALES,RUH,IC4,semigov,M,False,1,5647.6405109465695,0.6799984446154659,2823.8202554732848
MARKETING,RUH,M1,private,F,True,1,5589.927654953148,1.1383846385575174,2794.963827476574
SWE,RUH,M1,private,F,True,3,5564.3021291002215,0.42975471585492464,2782.1510645501107
SWE,QAS,D1,private,F,True,1,5553.656039143902,0.23402614870270355,2776.828019571951
CUSTOMER,RUH,M2,startup,F,True,1,5544.961618348889,0.6213461788765318,2772.4808091744444
SALES,NJR,M3,private,M,True,1,5528.611524122115,0.7186981386911131,2764.3057620610575
CUSTOMER,TAB,M4,private,M,True,1,5513.295710681456,0.31012920067062627,2756.647855340728
SWE,EST,M4,public,M,True,1,5508.970501853724,0.502968903707687,2754.485250926862
FIN,QAS,M3,semigov,F,True,1,5508.716030871334,0.38322135582619665,2754.358015435667
PM,RUH,IC4,pif_backed,F,True,1,5503.6684146833395,0.27984184474079316,2751.8342073416698
DATA,RUH,M1,public,F,True,2,5460.51740783926,0.24765955823389052,2730.25870391963
FIN,MAK,M3,private,F,True,1,5459.845297322754,0.47683742698346154,2729.922648661377
SWE,ASR,IC6,pif_backed,M,True,1,5449.405291122279,0.29884158099221586,2724.7026455611394
SWE,EST,M3,public,M,True,1,5441.319719447065,0.4974538803550938,2720.6598597235325
DESIGN,RUH,M1,private,F,True,1,5440.792924889402,0.3435944973443973,2720.396462444701
FIN,MAD,M1,pif_backed,M,True,1,5423.44340891586,0.27548278527379466,2711.72170445793
PM,EST,IC6,mnc,F,False,1,5420.9061642666975,0.4886060024291905,2710.4530821333487
DATA,JED,IC6,private,M,True,1,5394.408781364937,0.3077431978955894,2697.2043906824683
LEGAL,RUH,M4,public,M,True,1,5382.975218286589,0.38154370309673996,2691.4876091432943
PM,QAS,IC3,private,M,True,1,5365.475153503043,0.3982956632941579,2682.7375767515214
LEGAL,RUH,D1,public,M,True,1,5346.256248559657,0.21862997048282615,2673.1281242798286
CUSTOMER,EST,M1,mnc,F,True,1,5333.682041959721,0.36416987618324437,2666.8410209798603
ENG_MECH,ASR,IC3,startup,M,True,1,5333.27951160281,0.4308562355413867,2666.639755801405
FIN,RUH,IC4,private,F,True,3,5325.037971629575,0.29764465063136764,2662.5189858147874
SWE,HAI,IC4,mnc,M,True,1,5317.378297269284,0.3065831272067524,2658.689148634642
MARKETING,JED,IC4,pif_backed,F,True,1,5296.270737031853,0.3434228470974207,2648.1353685159265
OPS,RUH,M5,mnc,M,False,1,5273.14191821149,0.5049418635376841,2636.570959105745
SWE,RUH,M3,semigov,M,False,1,5267.2971830333845,0.4649373418236833,2633.6485915166922
SWE,JED,M2,semigov,M,True,1,5248.577704611564,0.5260760656521737,2624.288852305782
CUSTOMER,NJR,M3,semigov,F,True,1,5234.629511645328,0.7290342783303704,2617.314755822664
OPS,QAS,M4,private,M,True,1,5226.125502851464,0.3953244839131211,2613.062751425732
LEGAL,RUH,M2,public,M,True,1,5217.583622300552,0.2773043954843601,2608.791811150276
SUPPLY,JED,IC6,startup,F,True,1,5213.544606040643,0.40492816650267144,2606.7723030203215
SWE,JED,IC6,semigov,F,True,1,5194.403102527907,0.3035725448705632,2597.2015512639537
MARKETING,NJR,M3,private,F,False,1,5174.471865718812,0.594436162306617,2587.235932859406
EDU,RUH,M2,private,M,True,1,5166.210399129432,0.3454349171503927,2583.105199564716
ENG_MECH,RUH,IC5,private,M,True,2,5164.553652410298,0.451453335288208,2582.276826205149
DATA,RUH,IC3,mnc,M,True,3,5156.991126037233,0.28071726826757737,2578.4955630186164
SWE,QAS,IC4,semigov,F,True,1,5147.394419249227,0.30713315012298026,2573.6972096246136
ENG_MECH,QAS,IC6,mnc,M,True,1,5147.3831117727495,0.33184363853574256,2573.6915558863748
HEALTH,RUH,IC6,private,F,True,1,5112.241936324609,0.6307342009354898,2556.1209681623045
HR,MAD,IC6,public,F,True,1,5053.446393036966,0.3768320012472026,2526.723196518483
HEALTH,RUH,IC6,startup,F,True,1,5038.235919695405,0.909375666590197,2519.1179598477024
EDU,EST,M1,pif_backed,F,True,1,5036.548113375923,0.4205001071917145,2518.2740566879615
SWE,MAK,M2,semigov,F,False,1,5033.016715016375,0.5135596407713242,2516.5083575081876
SUPPLY,EST,IC3,semigov,M,True,1,5004.383937816561,0.3242333119947774,2502.1919689082806
MARKETING,QAS,IC4,private,F,True,1,4979.7640895925015,0.39646253713804014,2489.8820447962507
HEALTH,RUH,IC4,public,M,True,1,4965.674559595149,0.37315611468560156,2482.8372797975744
SWE,QAS,IC6,public,M,True,1,4929.015956518226,0.3033699236653413,2464.507978259113
SALES,JED,M2,startup,M,True,1,4907.760777864145,0.4317822756863408,2453.8803889320725
FIN,EST,IC6,public,M,True,1,4873.291837792945,0.22582824627761267,2436.6459188964727
DESIGN,JED,M3,semigov,M,False,1,4871.934249619138,1.5301597485623475,2435.967124809569
HEALTH,JED,M4,private,F,True,1,4866.256639756699,0.38838245493386014,2433.1283198783494
DATA,JED,IC3,private,F,True,1,4857.844181799883,1.186974355408299,2428.9220908999414
DATA,ASR,IC6,private,M,True,1,4855.779604568754,0.28769930741957733,2427.889802284377
FIN,RUH,M4,public,M,True,1,4855.252057459416,0.1550421858876488,2427.626028729708
HR,RUH,M2,private,M,True,1,4851.911470636971,0.7151522730354211,2425.9557353184855
CUSTOMER,JED,IC4,mnc,M,True,1,4841.422799323944,0.3760196149182773,2420.711399661972
EDU,EST,M3,public,F,True,1,4839.30839356006,0.7760866316508369,2419.65419678003
FIN,HAI,M2,startup,F,True,1,4822.0063956769045,0.4526889549204189,2411.0031978384523
SALES,EST,IC4,private,F,True,1,4801.745655309883,0.6285978410855586,2400.8728276549414
DATA,JED,IC4,semigov,M,True,1,4778.509375866874,0.3159916177112922,2389.254687933437
FIN,BAH,M4,private,F,True,1,4775.6128479818435,0.45415074957269064,2387.8064239909218
EDU,ASR,D2,private,F,True,1,4771.624716262511,0.3180109936212837,2385.8123581312557
SWE,EST,IC4,mnc,M,True,2,4766.676032653336,0.22105476949979735,2383.338016326668
PM,RUH,M1,semigov,M,True,1,4755.044308943936,0.49231351946881574,2377.522154471968
EDU,TAB,IC3,mnc,M,True,1,4754.194821238765,0.5217587604597779,2377.0974106193826
HR,RUH,M4,pif_backed,F,True,1,4750.300089570395,0.6867664354546988,2375.1500447851977
SWE,JED,IC5,private,M,True,2,4749.5470678503425,0.619189737282046,2374.7735339251713
HEALTH,MAD,IC4,semigov,F,False,1,4747.447875677875,0.6569083594632805,2373.7239378389377
MARKETING,JED,M4,mnc,M,True,1,4746.401713343455,0.4243947302345414,2373.2008566717277
ENG_ELEC,JED,IC4,public,M,True,1,4744.23322395635,0.3979133073381785,2372.116611978175
EDU,RUH,M4,private,M,True,3,4740.05417342865,0.1867457791419592,2370.027086714325
HR,EST,IC5,public,M,True,1,4733.695366318625,0.3487519884231431,2366.8476831593125
SWE,EST,IC4,semigov,M,True,2,4698.960454223546,0.23679435112016778,2349.480227111773
FIN,JED,IC3,semigov,M,True,1,4698.847325639946,0.7009853714822328,2349.423662819973
HR,JED,M2,private,M,True,1,4694.405826174265,0.31192670811029466,2347.2029130871324
OPS,RUH,IC5,private,M,True,3,4666.769074068198,0.522160205303172,2333.384537034099
FIN,JED,D1,semigov,M,False,1,4650.868838733298,1.2055522765046935,2325.434419366649
ENG_MECH,MAK,IC4,mnc,M,True,1,4643.645777446993,1.0131240688925527,2321.8228887234964
HR,EST,M1,private,F,True,1,4642.741166168813,0.3353024842926291,2321.3705830844065
DATA,HAI,IC4,private,F,True,1,4622.69286860873,0.37388743247178025,2311.346434304365
CUSTOMER,RUH,D2,mnc,F,False,1,4599.590419664955,0.6626032332202111,2299.7952098324777
HEALTH,MAK,IC4,public,M,True,1,4590.560927182829,0.36633020330455374,2295.2804635914144
SWE,EST,IC4,semigov,F,True,1,4586.561145320133,0.2396489320273262,2293.2805726600664
PM,JED,IC3,pif_backed,M,True,1,4584.788683563973,0.3093196320475405,2292.3943417819864
DATA,EST,IC4,startup,M,True,1,4579.467807443265,0.9188009397189212,2289.7339037216325
DATA,JED,IC6,pif_backed,M,True,1,4562.5603582960175,0.18608598896635925,2281.2801791480088
SWE,JED,M2,public,M,True,1,4562.1216311102235,0.304519986191458,2281.0608155551117
ENG_MECH,JED,VP,pif_backed,M,False,1,4540.285603698021,0.6856744673602717,2270.1428018490105
DATA,RUH,VP,mnc,M,False,1,4540.215865770395,0.30946716852989603,2270.1079328851974
PM,RUH,IC6,public,M,True,1,4532.393114330816,0.3780933836922767,2266.196557165408
HEALTH,RUH,D2,semigov,F,False,1,4529.827042751751,0.4051852019877002,2264.9135213758755
SALES,MAK,IC4,private,M,True,3,4518.037026585326,0.9668520209080241,2259.018513292663
SWE,EST,M3,private,F,True,1,4512.907277582479,0.24282663451625974,2256.4536387912394
LEGAL,EST,IC5,public,F,True,1,4510.3901197075575,0.5419639660163698,2255.1950598537787
SWE,RUH,M4,public,M,True,1,4500.831064914913,0.23156246323445215,2250.4155324574567
ENG_ELEC,ASR,M2,private,M,True,1,4495.644236074311,0.35562755769054233,2247.8221180371556
ENG_MECH,RUH,CXO,public,M,False,1,4495.140486317012,0.30422008199710476,2247.570243158506
MARKETING,RUH,IC5,startup,M,True,1,4492.661659301989,0.6066277205529529,2246.3308296509945
SALES,TAB,IC4,semigov,M,True,1,4489.257529952621,0.40067598236547153,2244.6287649763103
SWE,JED,IC6,pif_backed,M,True,1,4483.459756028231,0.20529827482243995,2241.7298780141155
PM,EST,M4,startup,F,False,1,4481.118017018064,0.4254910915626163,2240.559008509032
DESIGN,RUH,IC5,mnc,M,True,1,4478.636779717041,0.4240480582018085,2239.3183898585203
LEGAL,RUH,IC4,private,M,True,2,4466.444019100905,0.31513622791861834,2233.2220095504526
OPS,RUH,M2,public,M,True,1,4459.069130612619,1.0801044669560882,2229.5345653063096
SALES,MAK,IC4,semigov,M,True,1,4458.336512294014,0.6629673321734377,2229.168256147007
PM,MAD,M2,semigov,F,True,1,4440.017915699031,0.5179988210732044,2220.0089578495154
SALES,EST,IC4,mnc,M,True,4,4429.2431934885735,0.39075166825782076,2214.6215967442868
SWE,RUH,IC4,mnc,M,False,1,4413.0822938699275,0.5489973409913781,2206.5411469349638
HR,EST,M3,semigov,M,True,1,4410.796291530622,0.2608851721979975,2205.398145765311
FIN,EST,IC4,public,F,True,3,4407.0745693657955,0.24045227799471844,2203.5372846828977
SALES,RUH,M2,private,M,True,4,4406.021584689113,0.25610295566235064,2203.0107923445566
MARKETING,EST,M1,public,F,True,1,4400.69579939755,0.30793781124064407,2200.347899698775
SWE,QAS,M3,pif_backed,M,True,1,4397.389733598186,0.1942184406614285,2198.694866799093
EDU,ASR,D2,public,F,True,1,4393.35461671594,0.3399598000772015,2196.67730835797
DATA,EST,M2,private,M,True,1,4386.181518202939,0.2416883091493001,2193.0907591014693
CUSTOMER,EST,IC5,mnc,M,True,1,4385.590247546791,0.37072691161880567,2192.7951237733955
SALES,EST,M4,public,M,True,1,4366.166137678261,0.15483754641838748,2183.0830688391306
SUPPLY,EST,IC5,private,M,True,1,4364.411779941651,0.3397231639955031,2182.2058899708254
HEALTH,HAI,IC6,public,M,True,1,4361.378548144672,0.885565080862955,2180.689274072336
MARKETING,RUH,M1,semigov,M,True,1,4354.871011061694,0.5045299969898357,2177.435505530847
ENG_CIVIL,QAS,D1,pif_backed,M,True,1,4354.65609315594,0.19183392933358648,2177.32804657797
SWE,ASR,IC4,public,M,True,1,4353.590464690916,0.6811727629690054,2176.795232345458
ENG_MECH,HAI,IC5,semigov,M,True,1,4353.293144559768,0.25721516336922584,2176.646572279884
DESIGN,RUH,IC4,mnc,F,True,1,4344.573296343851,0.6600989930906971,2172.2866481719257
EDU,EST,D1,private,F,True,1,4327.2671686252925,0.2582231319730672,2163.6335843126462
HEALTH,RUH,IC5,public,F,True,1,4320.154311221683,0.6612947516204214,2160.0771556108416
SWE,EST,D1,public,F,False,1,4306.746193199892,0.368679261392807,2153.373096599946
HEALTH,NJR,IC5,pif_backed,F,True,1,4302.1960017770125,0.32805819520168966,2151.0980008885062
ENG_ELEC,RUH,IC5,private,M,True,4,4298.886117705949,0.28605949147233994,2149.4430588529744
CUSTOMER,EST,M4,private,F,True,1,4291.446885710473,0.2389153582285152,2145.7234428552365
SWE,RUH,IC4,startup,M,True,1,4275.557576845957,0.5201337990836283,2137.7787884229783
DATA,RUH,IC4,private,F,True,1,4268.8861781694295,0.6134449425835915,2134.4430890847148
DATA,RUH,M2,semigov,M,True,1,4262.403309774367,0.2881821421491337,2131.2016548871834
ENG_CIVIL,RUH,M2,public,M,True,2,4259.44017384346,0.2932944291566786,2129.72008692173
EDU,QAS,VP,private,F,True,1,4248.611525473934,0.22796826658398325,2124.305762736967
DATA,JED,M1,private,M,True,1,4242.210298071561,0.2171591601495894,2121.1051490357804
FIN,RUH,D1,public,M,True,1,4241.458545209602,0.33327319087697793,2120.729272604801
SWE,RUH,D1,private,M,True,1,4234.571189043811,0.22245780784715855,2117.2855945219053
SWE,MAD,IC4,mnc,M,True,1,4226.666731555748,0.2860849568989444,2113.333365777874
DATA,BAH,IC6,startup,M,True,1,4225.200169931305,0.5436559960932549,2112.6000849656525
EDU,MAD,IC4,pif_backed,M,True,1,4212.446089107943,0.4068994733797453,2106.2230445539717
SWE,RUH,D2,private,F,True,1,4212.0106514586005,0.10689114907954747,2106.0053257293002
FIN,EST,IC5,semigov,M,True,1,4209.176355846281,0.21856387833533147,2104.5881779231404
CUSTOMER,RUH,IC2,private,F,True,1,4204.652633423688,0.42836392098017007,2102.326316711844
SWE,RUH,IC4,private,F,True,1,4199.07975864238,0.8590657753111551,2099.53987932119
SALES,RUH,M1,public,M,True,1,4196.602352025653,0.49194064644158164,2098.3011760128265
PM,JED,IC4,mnc,F,True,1,4189.831908180759,0.2570800679782483,2094.9159540903793
MARKETING,EST,VP,mnc,M,False,1,4188.986397512959,0.3446424659486121,2094.4931987564796
SWE,EST,IC4,public,M,True,3,4175.73037038945,0.43268333916014745,2087.865185194725
PM,MAK,IC4,public,M,True,1,4167.633258908747,0.8477731094014208,2083.8166294543735
SALES,EST,IC2,private,M,True,1,4163.919837464601,0.4483528289970973,2081.9599187323006
SUPPLY,RUH,IC4,mnc,M,True,1,4151.480853442785,0.32908522739747215,2075.7404267213924
HEALTH,RUH,M3,semigov,F,True,1,4143.378955170834,0.4653248348502641,2071.689477585417
SALES,RUH,D1,pif_backed,F,True,1,4138.331232244462,0.1321537082645812,2069.165616122231
SALES,JED,IC4,private,M,True,2,4119.6922388099965,0.2970782572852162,2059.8461194049983
SALES,EST,M1,private,F,True,1,4117.773778940566,0.6788353043130858,2058.886889470283
ENG_CIVIL,EST,IC6,private,M,True,2,4084.814334142466,0.5216651523992597,2042.407167071233
PM,RUH,M4,private,M,False,1,4083.660122347568,0.44075555210170164,2041.830061173784
SUPPLY,EST,D1,public,M,False,1,4081.089020077825,1.0058078245259254,2040.5445100389124
HR,JED,IC5,private,F,True,1,4079.834262783741,0.6232094978582485,2039.9171313918705
SALES,NJR,M1,pif_backed,M,True,1,4079.322525680609,0.4561800421968521,2039.6612628403045
FIN,EST,IC4,private,M,True,3,4078.3711694210906,0.25938761961775536,2039.1855847105453
PM,ASR,IC6,private,M,False,1,4072.5184229293427,0.49191011906816556,2036.2592114646714
EDU,RUH,IC6,semigov,F,True,2,4055.769910578946,0.6295789593707242,2027.884955289473
SALES,JED,IC5,mnc,M,True,1,4039.865176480379,0.9560044977953333,2019.9325882401895
HEALTH,NJR,M5,public,F,True,1,4039.3990256442357,0.3094176512743583,2019.6995128221179
MARKETING,RUH,IC4,private,M,True,1,4030.777329931144,0.8495003007595286,2015.388664965572
ENG_ELEC,RUH,M3,pif_backed,M,True,1,4030.505800961044,0.15908891493069574,2015.252900480522
ENG_ELEC,MAK,IC6,private,M,True,1,4029.0747986179795,0.2843406854082296,2014.5373993089897
SWE,TAB,D1,startup,M,False,1,4026.434481048688,0.9554192371969704,2013.217240524344
DATA,RUH,IC3,public,M,False,1,4024.3382400398805,0.6718703312451252,2012.1691200199402
SWE,RUH,M1,private,M,True,3,3997.147381876615,0.47483570599960445,1998.5736909383074
CUSTOMER,EST,M2,private,M,True,1,3991.4786124831726,0.6396775452794379,1995.7393062415863
SWE,BAH,IC5,public,M,True,1,3983.9438745308853,0.5550381859361153,1991.9719372654426
SWE,RUH,M4,mnc,M,True,1,3977.945652118211,0.24308113957178729,1988.9728260591055
ENG_MECH,MAD,M2,private,M,True,1,3976.323398721248,0.30400368480050793,1988.161699360624
FIN,EST,IC6,public,M,False,1,3971.526040168258,0.4904462226232202,1985.763020084129
HEALTH,RUH,M4,public,F,False,1,3957.9360516221013,0.4000944715892994,1978.9680258110507
SWE,RUH,IC3,startup,M,True,1,3955.5407570060925,0.31893109992846974,1977.7703785030462
OPS,RUH,IC6,public,F,True,1,3955.259843639038,0.3326302722613959,1977.629921819519
HEALTH,RUH,IC6,mnc,F,True,1,3941.924468404408,0.31248307712580514,1970.962234202204
CUSTOMER,RUH,IC6,public,F,True,1,3941.0592620627185,0.5132958400776976,1970.5296310313593
ENG_ELEC,RUH,M5,semigov,M,True,1,3919.7399045916027,0.17466671611088072,1959.8699522958013
ENG_CIVIL,RUH,IC3,pif_backed,M,True,1,3918.231759956876,0.3830368979520029,1959.115879978438
HEALTH,EST,M2,private,M,True,2,3881.1854283640564,0.5211278791448075,1940.5927141820282
SUPPLY,MAK,D2,private,M,True,1,3877.862722378115,0.152264001647326,1938.9313611890575
SALES,RUH,IC6,private,M,True,1,3872.3112009894594,0.32009114998472016,1936.1556004947297
OPS,JED,IC5,semigov,M,True,1,3870.1523827831097,0.5708977666593861,1935.0761913915549
FIN,RUH,M2,mnc,M,False,1,3859.0528223921447,0.4646049045897223,1929.5264111960723
SALES,EST,M3,public,F,True,1,3848.210161955114,0.3163876087815212,1924.105080977557
FIN,JAZ,IC2,private,F,True,1,3831.37017337571,0.4182014626763378,1915.685086687855
SWE,JED,IC4,semigov,F,True,1,3830.905586143139,0.22481169230019687,1915.4527930715694
OPS,RUH,VP,private,M,False,1,3818.500408335855,0.941836522918735,1909.2502041679274
SALES,TAB,IC4,pif_backed,M,True,1,3817.5441806538674,0.258735286810147,1908.7720903269337
SALES,NJR,IC4,semigov,F,True,1,3816.0646762899305,0.5531171487749166,1908.0323381449653
EDU,RUH,IC4,mnc,F,False,1,3812.7984597402215,0.6246021568222346,1906.3992298701107
FIN,TAB,IC4,private,M,True,1,3812.226294124105,0.5291700684991182,1906.1131470620526
CUSTOMER,TAB,D1,semigov,M,True,1,3807.4900299993915,0.8702976894393765,1903.7450149996957
ENG_MECH,EST,IC3,public,M,True,1,3784.1642285479074,0.692225658926232,1892.0821142739537
PM,JED,IC3,public,M,True,1,3779.772040868964,0.32903633895729056,1889.886020434482
EDU,NJR,IC4,private,F,True,1,3777.6011662501523,0.42309280462339777,1888.8005831250762
OPS,QAS,D2,public,F,True,1,3769.1668301990903,0.36805846166198564,1884.5834150995452
DATA,RUH,IC4,private,M,True,3,3764.7765082748497,0.2345320595756483,1882.3882541374248
DATA,MAD,M2,semigov,M,False,1,3757.947136952347,1.7543167683412275,1878.9735684761736
HEALTH,EST,M5,mnc,M,True,1,3755.5445578782856,0.16018034578988627,1877.7722789391428
SALES,EST,M3,private,M,True,1,3751.583100518903,0.32061755886397575,1875.7915502594515
FIN,RUH,IC5,semigov,F,False,1,3743.0281109770285,0.4479463398647369,1871.5140554885143
MARKETING,JED,M3,mnc,M,True,1,3729.405895897349,0.5127551030295899,1864.7029479486746
SWE,RUH,IC5,private,M,True,5,3729.1070522306522,0.19287265754917055,1864.5535261153261
DESIGN,JED,M5,private,M,True,1,3727.337139860898,0.19275071404998334,1863.668569930449
EDU,EST,IC4,semigov,F,True,1,3713.4240946509353,0.37500631637235393,1856.7120473254677
SWE,RUH,IC3,private,M,True,6,3712.478904403328,0.3649688651976677,1856.239452201664
MARKETING,RUH,IC5,pif_backed,F,True,1,3707.5390945803792,0.2777907921277615,1853.7695472901896
SALES,JED,IC4,pif_backed,M,True,1,3706.872494713316,0.884134703683281,1853.436247356658
DATA,JED,M3,private,M,False,1,3704.70123321739,0.8546437600030643,1852.350616608695
DATA,RUH,IC4,startup,M,True,1,3700.9020528607653,0.3218754049391998,1850.4510264303826
ENG_MECH,NOR,IC3,private,M,True,1,3694.896738038895,0.7763309766681104,1847.4483690194475
OPS,RUH,M1,private,M,True,2,3687.4558347856646,0.5301325041956104,1843.7279173928323
HEALTH,JED,M2,semigov,M,True,1,3680.284799068051,0.37600650888363524,1840.1423995340256
PM,RUH,M2,private,M,True,1,3667.6829059506017,0.3065591809457155,1833.8414529753009
SALES,ASR,M5,private,M,False,1,3660.442273557421,2.2051746479105527,1830.2211367787104
HEALTH,RUH,M4,pif_backed,M,False,1,3660.306344603523,0.41270769863686446,1830.1531723017615
OPS,EST,CXO,private,M,False,1,3659.072917800928,0.5732420024851823,1829.536458900464
SWE,JAZ,IC3,private,F,True,1,3655.0335603218136,0.3604074777978449,1827.5167801609068
FIN,ASR,IC4,private,F,True,1,3652.292621505434,0.8402910805440715,1826.146310752717
HR,MAK,IC4,private,F,False,1,3651.039367249018,0.6741309214128991,1825.519683624509
SWE,EST,M2,private,M,True,1,3649.281046232765,0.27845099515072735,1824.6405231163826
CUSTOMER,RUH,IC5,semigov,M,True,1,3636.5746411574464,0.4961241834665748,1818.2873205787232
SWE,EST,IC5,private,F,True,1,3636.4525730563983,0.20921219555078827,1818.2262865281991
SWE,RUH,D1,private,M,False,2,3636.3342341934945,0.9673987131957493,1818.1671170967472
SALES,MAK,IC5,private,F,True,1,3635.154350222858,0.8268164603039176,1817.577175111429
DESIGN,RUH,D2,semigov,M,False,1,3631.442590049346,0.3523997221062054,1815.721295024673
ENG_MECH,JED,M3,semigov,M,True,1,3630.68367180327,0.2700875195816715,1815.341835901635
SWE,JAZ,M1,pif_backed,M,True,1,3620.2514880904655,0.6399097535738119,1810.1257440452328
HR,RUH,IC4,semigov,M,True,1,3617.9857896710437,0.7290674570517212,1808.9928948355218
HEALTH,JED,IC4,pif_backed,F,True,1,3617.4487396202776,0.5341317459593163,1808.7243698101388
OPS,TAB,M2,private,M,True,1,3617.247556686494,0.3191208005846702,1808.623778343247
ENG_ELEC,MAK,M1,private,M,True,1,3611.6301844534855,0.7736531609098278,1805.8150922267428
HEALTH,EST,M4,public,F,True,1,3609.427235465353,0.1975201588035724,1804.7136177326765
SWE,JAZ,IC4,pif_backed,M,True,1,3597.722175304356,0.4696457359425068,1798.861087652178
ENG_MECH,JED,IC5,semigov,M,True,1,3582.775084226636,0.2540558002593144,1791.387542113318
EDU,EST,M2,private,M,True,1,3571.822028422398,0.6436590733197203,1785.911014211199
LEGAL,RUH,IC4,public,M,True,1,3557.2819398496595,0.29550867698931416,1778.6409699248297
OPS,EST,IC6,public,M,True,1,3554.48265348108,0.28065908911080795,1777.24132674054
PM,JED,IC6,public,M,False,1,3545.1405855310686,0.8109593785107576,1772.5702927655343
OPS,TAB,IC5,startup,M,True,1,3543.8361016296167,0.24086531526236593,1771.9180508148083
EDU,RUH,IC5,mnc,F,True,1,3541.791954966824,0.2702579253020279,1770.895977483412
HEALTH,RUH,M1,mnc,M,True,1,3538.0986267837015,0.40828122797138344,1769.0493133918508
HR,EST,IC4,private,F,True,1,3524.522065733414,0.2755939227748651,1762.261032866707
FIN,JED,M1,semigov,F,True,1,3522.7509755469173,0.47280967796309514,1761.3754877734586
SWE,MAK,IC4,semigov,M,False,1,3511.8804973248407,0.44786605668591445,1755.9402486624203
SALES,RUH,D2,semigov,M,False,1,3511.597225280684,0.29982151261064727,1755.798612640342
SUPPLY,EST,IC4,private,M,True,1,3508.1703939018926,0.5036623785507308,1754.0851969509463
HR,MAK,IC5,semigov,F,True,1,3490.6384530909017,0.19994380836056116,1745.3192265454509
OPS,RUH,IC5,semigov,M,True,2,3482.79988716275,0.42577389570912916,1741.399943581375
PM,EST,IC3,mnc,F,True,1,3482.2317475422988,0.8087517675256274,1741.1158737711494
SALES,RUH,IC5,pif_backed,M,True,1,3481.3563898405973,0.28537879626517143,1740.6781949202987
PM,RUH,IC5,startup,F,True,1,3469.438031138012,0.19742687854306643,1734.719015569006
FIN,RUH,M3,startup,F,False,1,3468.0238899533847,0.8782180168410346,1734.0119449766923
ENG_ELEC,JED,IC6,public,M,False,1,3459.5171840125295,0.4548398538181964,1729.7585920062647
DATA,JED,IC4,private,M,True,1,3458.619475786216,0.2923406325876318,1729.309737893108
ENG_MECH,RUH,IC5,startup,M,True,1,3448.196491609051,0.2268810887874428,1724.0982458045255
SUPPLY,RUH,M1,private,M,True,1,3437.7189889834617,0.754030064294666,1718.8594944917309
SWE,QAS,M3,private,M,False,1,3435.1075993701274,1.0981690116994796,1717.5537996850637
FIN,RUH,IC5,public,M,True,3,3433.212125261262,0.3218459760702718,1716.606062630631
ENG_MECH,EST,IC2,mnc,M,True,1,3432.349333557526,0.36116512846075677,1716.174666778763
MARKETING,EST,IC3,public,F,True,1,3417.681008686647,0.6787917382725869,1708.8405043433236
PM,RUH,IC3,private,M,True,2,3386.691928052091,0.30456666964725554,1693.3459640260455
EDU,ASR,M2,mnc,F,True,1,3385.360798691776,0.3373078706446376,1692.680399345888
DATA,EST,IC3,private,M,True,3,3376.153552531796,0.6581169029777275,1688.076776265898
DATA,RUH,M1,pif_backed,M,False,1,3369.990991362235,0.43722457236470635,1684.9954956811175
EDU,RUH,IC6,mnc,M,True,1,3336.0115220342996,0.27966733834235297,1668.0057610171498
SALES,MAK,IC3,public,F,True,1,3333.477445336165,0.549280107310831,1666.7387226680826
DESIGN,RUH,IC4,public,M,True,1,3331.725256372669,0.26050635494184987,1665.8626281863344
OPS,JED,M3,private,M,False,1,3329.142628472055,1.5661462176068914,1664.5713142360275
MARKETING,MAD,IC5,private,M,True,1,3320.9329540064136,0.263531830911117,1660.4664770032068
HEALTH,JED,IC6,public,F,True,2,3320.4740052273455,0.20982720495768342,1660.2370026136728
SWE,ASR,IC2,semigov,M,True,1,3311.5979027226635,0.44761654200810036,1655.7989513613318
ENG_ELEC,EST,IC4,mnc,F,True,1,3299.8284261872977,0.2894881321985133,1649.9142130936489
HEALTH,ASR,IC5,startup,M,True,1,3299.6680172251217,0.36093151569560533,1649.8340086125609
MARKETING,MAD,M3,public,F,False,1,3295.014377890464,3.2004940181300743,1647.507188945232
MARKETING,RUH,IC5,private,M,False,1,3293.3318126836616,0.46448702206390863,1646.6659063418308
SWE,JED,IC3,private,M,True,1,3287.3501868028598,0.24480986760555618,1643.6750934014299
ENG_CIVIL,JED,IC4,pif_backed,M,True,1,3285.27673079586,0.29801143639309274,1642.63836539793
FIN,EST,M1,private,M,True,1,3278.4130380813313,0.2055777945489192,1639.2065190406656
SWE,RUH,M4,semigov,M,True,1,3270.452083424687,0.16459139586510882,1635.2260417123434
HEALTH,JED,IC2,private,F,True,1,3251.7275341753066,0.37788963169790596,1625.8637670876533
HEALTH,MAD,IC5,semigov,M,True,1,3247.3643317705137,0.439186628830511,1623.6821658852568
SUPPLY,RUH,IC5,private,F,True,1,3241.173667808659,0.7144388249858097,1620.5868339043295
MARKETING,QAS,M4,private,M,False,1,3223.509339270199,1.0116851539279341,1611.7546696350994
ENG_MECH,TAB,IC3,semigov,M,True,1,3222.5587611152205,0.527444748477535,1611.2793805576102
ENG_CIVIL,JAZ,IC5,public,M,True,1,3221.7580275887276,0.34482019221865345,1610.8790137943638
SWE,JAZ,M3,public,M,True,1,3215.0676341987073,0.30594898987446106,1607.5338170993537
HEALTH,JED,M1,private,M,True,1,3215.053112851552,0.23766382584461904,1607.526556425776
FIN,MAD,IC4,semigov,M,True,1,3211.7054367814926,0.44481699273639375,1605.8527183907463
SUPPLY,RUH,D1,private,M,False,1,3198.177819745255,0.41290874795988575,1599.0889098726275
SWE,RUH,IC2,semigov,M,True,2,3195.4627572391555,0.40127762131191996,1597.7313786195778
PM,EST,IC3,semigov,F,True,1,3190.8047393583856,0.5272403188059943,1595.4023696791928
SALES,RUH,IC4,private,M,True,8,3183.5271240391107,0.2476821991378527,1591.7635620195554
HEALTH,JED,M1,public,F,True,1,3176.2497805229777,0.25270312409704454,1588.1248902614889
SALES,EST,M4,mnc,M,True,1,3174.3302659361943,0.15464776236970812,1587.1651329680972
DATA,ASR,IC3,semigov,M,True,1,3169.459410180959,0.6407692970165406,1584.7297050904795
HEALTH,TAB,IC3,mnc,M,True,1,3166.3814880809146,0.7887971040703129,1583.1907440404573
SALES,HAI,M1,startup,F,True,1,3162.8047125280054,0.5744805828966387,1581.4023562640027
SWE,JAZ,IC4,public,M,True,1,3160.245374127995,0.27681168327621536,1580.1226870639975
HEALTH,TAB,IC5,private,F,True,1,3157.9092557379754,0.26862171523802586,1578.9546278689877
OPS,ASR,IC4,private,M,True,1,3155.1869172887446,0.6266042927739154,1577.5934586443723
ENG_ELEC,RUH,IC6,semigov,M,True,1,3132.35179499735,0.1907450548424152,1566.175897498675
SWE,RUH,M3,private,F,False,1,3125.025472617175,0.32114789207630545,1562.5127363085876
DATA,JED,D1,semigov,M,True,1,3121.398046506867,0.12619827332523875,1560.6990232534336
FIN,HAI,M4,public,M,True,1,3119.276252858155,0.2841098825804931,1559.6381264290776
ENG_ELEC,JAZ,IC4,pif_backed,M,False,1,3112.8654437648993,0.5471701543570999,1556.4327218824496
DESIGN,RUH,D2,pif_backed,M,False,1,3104.8622430503674,0.2647284603503145,1552.4311215251837
SWE,MAK,IC4,private,M,True,2,3090.1478378834904,0.5689697649008146,1545.0739189417452
SALES,RUH,IC5,private,M,True,3,3089.4673277356674,0.16500972108802367,1544.7336638678337
SWE,RUH,IC3,semigov,M,True,5,3088.869485564047,0.2633779788779761,1544.4347427820235
FIN,RUH,IC4,public,F,True,6,3083.8258253989857,0.26542956349388375,1541.9129126994928
FIN,JED,IC2,private,F,True,1,3080.987819202651,0.3429640196004549,1540.4939096013254
ENG_CIVIL,RUH,IC5,public,M,True,1,3076.465510126818,0.26068847204000867,1538.232755063409
SWE,EST,IC3,private,M,True,3,3073.3242629178217,0.5011263225291508,1536.6621314589108
PM,EST,M1,private,M,True,2,3065.2435679489254,0.1996107384396945,1532.6217839744627
DATA,EST,M2,private,F,False,1,3061.211055498487,1.4614230574381923,1530.6055277492435
HEALTH,MAD,M2,private,M,True,1,3056.4437006636526,0.25359840433175596,1528.2218503318263
SUPPLY,RUH,M3,private,M,True,1,3055.3348677032645,0.17889676795123924,1527.6674338516323
SWE,EST,IC4,private,M,True,5,3055.088428641794,0.2871496916757492,1527.544214320897
LEGAL,HAI,IC6,public,M,True,1,3051.4982521962575,0.2549683222214449,1525.7491260981287
PM,MAK,M2,public,M,True,1,3045.4427501473237,0.3167928570797508,1522.7213750736619
HEALTH,ASR,IC4,public,F,True,3,3043.3690145442633,0.3364399164545055,1521.6845072721317
HEALTH,RUH,IC3,mnc,F,True,2,3038.8766572175077,0.2508646743452194,1519.4383286087539
HEALTH,RUH,D1,private,F,False,2,3026.926298203927,0.6048544586496134,1513.4631491019636
SALES,RUH,IC5,private,F,True,1,3025.3588842284234,0.6452160913778834,1512.6794421142117
HEALTH,RUH,IC4,pif_backed,M,True,1,3020.5233006662384,0.40353790566774617,1510.2616503331192
OPS,RUH,IC3,mnc,M,True,1,3013.984512653781,0.27802820071112316,1506.9922563268906
SWE,RUH,IC4,mnc,M,True,3,3012.882981684163,0.19288831461010061,1506.4414908420815
HEALTH,EST,IC4,semigov,M,True,2,3010.4104720153205,0.35715814351832464,1505.2052360076602
OPS,EST,M1,private,M,True,1,3007.762979069261,0.245897231699943,1503.8814895346304
HEALTH,MAK,IC3,semigov,F,True,2,3006.616949360126,0.4526924518123796,1503.308474680063
ENG_MECH,EST,IC4,pif_backed,M,True,2,3004.9034107362245,0.5407039804046222,1502.4517053681122
EDU,RUH,SVP,private,F,True,1,3004.3700874774513,0.10723323757129587,1502.1850437387257
SALES,RUH,IC2,pif_backed,M,True,1,3004.1113732945178,0.6902189433134619,1502.0556866472589
FIN,EST,IC5,pif_backed,M,True,1,3001.3566603991167,0.2478762919676094,1500.6783301995583
ENG_MECH,RUH,M1,semigov,M,True,1,2997.83866164725,0.69726098753541,1498.919330823625
DATA,MAD,M1,public,F,True,1,2995.6041382674193,0.3155219787934334,1497.8020691337097
LEGAL,EST,IC4,private,F,True,1,2990.94660746318,0.17806937653828697,1495.47330373159
SALES,JED,IC5,pif_backed,F,False,1,2990.917149783248,0.4563757305097152,1495.458574891624
SALES,EST,IC3,public,M,True,2,2987.774437512091,0.3116655547614416,1493.8872187560455
PM,HAI,M3,pif_backed,M,True,1,2985.6304575668146,0.19315342928239956,1492.8152287834073
HR,RUH,IC5,public,M,True,1,2981.9589144892734,0.5591899726841443,1490.9794572446367
EDU,EST,IC4,mnc,F,True,1,2977.45832138891,0.6198572518758284,1488.729160694455
HR,RUH,IC4,public,F,True,2,2955.7146727319882,0.5945481308130158,1477.8573363659941
SUPPLY,EST,IC5,public,F,True,1,2955.0498894939383,0.636580302557545,1477.5249447469691
SUPPLY,RUH,IC4,startup,F,True,1,2954.307060346666,0.28973278342499464,1477.153530173333
EDU,RUH,IC6,public,M,True,1,2954.0782659163015,0.3932753051430789,1477.0391329581507
SWE,EST,M4,semigov,F,False,1,2952.0521240993885,0.8270874828130776,1476.0260620496942
OPS,HAI,IC6,public,M,True,1,2950.7181509212814,0.5831090745492516,1475.3590754606407
SALES,RUH,IC4,public,M,True,2,2950.2352568894917,0.460095259569265,1475.1176284447458
LEGAL,RUH,D1,semigov,F,True,1,2946.5116013886145,0.12371395021638357,1473.2558006943073
LEGAL,MAK,M1,private,F,True,2,2943.9121170847575,0.29092741517461324,1471.9560585423787
SALES,RUH,IC4,private,F,True,4,2941.5053299769143,0.23449066167944094,1470.7526649884571
DATA,JED,IC3,private,M,True,4,2933.488193741002,0.40668564855749706,1466.744096870501
SUPPLY,EST,IC3,private,M,True,1,2926.4942242050847,0.5762352418961734,1463.2471121025424
HEALTH,RUH,IC4,mnc,M,True,2,2923.836672873615,0.358339184454339,1461.9183364368075
PM,JED,IC5,pif_backed,M,True,1,2923.047596229915,0.24081648041616804,1461.5237981149576
SWE,MAD,IC4,private,M,True,2,2914.9499081672657,0.20579304298835605,1457.4749540836328
FIN,RUH,IC5,startup,F,True,1,2913.9585276713715,0.21124371606134254,1456.9792638356857
FIN,EST,M2,public,M,True,1,2906.0373612858602,0.16144772253269532,1453.0186806429301
MARKETING,RUH,D3,public,M,False,1,2898.1704623564287,0.43309561086443576,1449.0852311782144
FIN,ASR,IC4,mnc,M,True,1,2891.2496667729465,0.22302514022555214,1445.6248333864733
HEALTH,RUH,IC4,semigov,F,True,1,2890.1537265401676,0.22527949684902623,1445.0768632700838
MARKETING,RUH,D2,startup,F,False,1,2886.6639551195667,0.302109850326628,1443.3319775597834
SALES,EST,IC2,public,M,True,2,2867.155864066298,0.48409530419438573,1433.577932033149
CUSTOMER,MAD,IC3,mnc,M,True,1,2865.4931025916244,0.41728597515950927,1432.7465512958122
CUSTOMER,JAZ,D2,mnc,M,True,1,2861.4165833595252,0.1890820893180487,1430.7082916797626
EDU,RUH,IC3,public,F,True,2,2860.542016033523,0.3234920939144278,1430.2710080167615
EDU,RUH,M2,mnc,F,True,1,2857.612289735822,0.23150339247727916,1428.806144867911
EDU,EST,IC4,public,F,True,5,2852.3818022013575,0.3448535966798409,1426.1909011006787
ENG_ELEC,MAK,IC4,private,M,True,1,2844.0545635313465,0.2286041354858689,1422.0272817656733
FIN,JAZ,M2,public,M,True,1,2843.2304030451796,0.2919104765826886,1421.6152015225898
EDU,JED,M2,public,F,True,3,2836.860590651013,0.2051290126196628,1418.4302953255064
HEALTH,ASR,M4,semigov,M,True,1,2819.6812710326103,0.1720187152420018,1409.8406355163052
EDU,JED,IC5,private,F,True,1,2811.6153925053077,0.5820505768153407,1405.8076962526538
ENG_MECH,RUH,M4,private,M,True,1,2808.374949025023,0.10509103692847487,1404.1874745125115
HEALTH,EST,IC3,public,M,True,1,2804.6710155592855,0.6554291581526355,1402.3355077796427
CUSTOMER,TAB,IC6,public,F,True,1,2788.558156378989,0.40393700937962695,1394.2790781894946
EDU,RUH,M5,semigov,F,True,1,2788.5428486502187,0.19773012909451795,1394.2714243251094
HEALTH,RUH,IC5,semigov,F,True,1,2788.128885101527,0.307380176984972,1394.0644425507635
SALES,EST,M2,private,F,True,1,2782.8148750092823,0.2314255437142493,1391.4074375046412
OPS,RUH,IC3,private,M,True,4,2781.5328536492893,0.4791512556391658,1390.7664268246447
PM,RUH,D2,private,M,True,1,2779.75013173377,0.1169370536489664,1389.875065866885
EDU,RUH,D1,public,M,True,1,2771.796487180576,0.30297234465673306,1385.898243590288
CUSTOMER,JED,M3,private,F,True,1,2765.5355061199134,0.16733511488417652,1382.7677530599567
HEALTH,MAK,M4,private,F,False,1,2764.5513431516843,1.1369596877846355,1382.2756715758421
OPS,EST,M1,private,F,True,1,2760.7160005430287,0.49275730492355324,1380.3580002715144
SWE,EST,IC3,mnc,F,False,1,2760.405098174684,0.5228355998371584,1380.202549087342
CUSTOMER,MAK,M4,pif_backed,F,False,1,2759.972068105854,0.9235206546249828,1379.986034052927
SWE,JED,IC3,public,M,True,1,2754.5521190401205,0.45590161863930206,1377.2760595200602
EDU,RUH,M1,public,M,True,1,2744.73305816439,0.2773857613546908,1372.366529082195
EDU,RUH,IC6,private,M,True,1,2743.986522997354,0.39433287083160823,1371.993261498677
FIN,RUH,IC3,semigov,M,True,3,2737.5602195578213,0.25589602410004586,1368.7801097789106
HEALTH,QAS,IC4,public,F,True,1,2725.82825400576,0.6057183567564309,1362.91412700288
SWE,QAS,M2,semigov,M,True,1,2722.8750706457995,0.18397983792811912,1361.4375353228997
SALES,NJR,M4,public,M,False,1,2722.1963740955143,1.044248728088739,1361.0981870477572
SALES,RUH,IC4,startup,M,True,3,2720.4694733886877,0.34959210378787003,1360.2347366943438
FIN,JED,IC4,mnc,F,True,1,2718.1094509865434,0.28745841545983736,1359.0547254932717
DATA,RUH,IC6,public,F,True,1,2718.0622088736563,0.14003851265388564,1359.0311044368282
ENG_CIVIL,RUH,IC6,public,M,True,1,2715.454811105181,0.19294972674071256,1357.7274055525904
ENG_ELEC,JED,IC4,semigov,M,True,2,2703.4828995082944,0.17184393501092696,1351.7414497541472
SALES,RUH,IC4,semigov,M,True,2,2699.0072426693387,0.18132917241376473,1349.5036213346693
MARKETING,EST,IC4,public,F,True,1,2690.5266568613133,0.2132200383641824,1345.2633284306567
SUPPLY,RUH,IC5,startup,M,True,1,2681.8343532232884,0.169314617839172,1340.9171766116442
CUSTOMER,EST,IC4,startup,M,True,1,2677.995758410585,0.2727092057857657,1338.9978792052925
LEGAL,MAK,M1,public,M,False,1,2676.3543577489318,1.4355778185402321,1338.1771788744659
HEALTH,ASR,M3,private,F,True,1,2674.874582387749,0.44937347241710257,1337.4372911938744
OPS,RUH,IC3,semigov,M,True,1,2672.1563141138477,0.32380153906307013,1336.0781570569238
EDU,RUH,M1,mnc,F,True,3,2671.7729238750753,0.3634612437137867,1335.8864619375377
FIN,JED,IC4,private,F,False,2,2669.2799667747167,0.5546288415101798,1334.6399833873584
ENG_MECH,QAS,D1,public,M,True,1,2663.4859888338615,0.2064448568205513,1331.7429944169307
OPS,EST,IC4,private,M,True,3,2661.5442053762554,0.31333325390279126,1330.7721026881277
EDU,RUH,M3,semigov,F,True,2,2655.987617312211,0.2693553680195621,1327.9938086561056
SWE,HAI,IC3,private,M,True,1,2655.3105019965406,0.23191816981856028,1327.6552509982703
PM,MAD,IC4,private,M,True,1,2650.2849362524867,0.5612403396010597,1325.1424681262433
HEALTH,MAD,M1,private,M,True,1,2647.5925941362148,0.26763852278322525,1323.7962970681074
FIN,NOR,D2,private,F,True,1,2647.159028128448,0.27490451991777975,1323.579514064224
FIN,ASR,VP,private,M,False,1,2645.9876260504398,0.4452681378344454,1322.9938130252199
FIN,EST,M1,mnc,M,True,1,2641.6359408006447,0.23995678063666523,1320.8179704003223
DATA,RUH,M1,semigov,M,False,1,2637.543187751004,0.8578003630009803,1318.771593875502
EDU,JED,IC5,semigov,M,True,1,2627.5522447466547,0.5428827754226486,1313.7761223733273
SWE,TAB,IC3,startup,M,True,1,2624.9007274128,0.5486197749384042,1312.4503637064
SUPPLY,RUH,D1,public,M,True,1,2622.473742826698,0.18961526085402133,1311.236871413349
FIN,RUH,IC4,public,M,True,5,2621.757420775477,0.20403417951857303,1310.8787103877385
SWE,MAK,IC3,private,M,True,1,2619.329398496976,0.4023853365983168,1309.664699248488
ENG_ELEC,EST,M2,public,F,True,1,2615.138945434328,0.13889669394270038,1307.569472717164
OPS,MAD,IC4,semigov,M,False,1,2607.2326241816936,0.6221152601329245,1303.6163120908468
FIN,JAZ,M1,public,M,True,1,2605.0104846602753,0.2370995021113842,1302.5052423301377
HR,RUH,IC2,mnc,F,True,1,2604.2636538597917,0.6432018936436087,1302.1318269298959
DATA,MAD,IC6,private,F,False,1,2599.9680292996686,1.1798265042570892,1299.9840146498343
SWE,RUH,IC4,private,M,True,2,2594.1201669380825,0.26244050854470263,1297.0600834690413
FIN,BAH,IC4,mnc,M,True,1,2586.988298355909,0.3767579330331078,1293.4941491779546
SWE,RUH,IC4,pif_backed,M,True,1,2579.868595155507,0.15243721916744257,1289.9342975777536
SWE,EST,IC5,startup,F,True,1,2573.4000990921922,0.203164066739732,1286.7000495460961
HEALTH,EST,IC4,public,M,True,1,2570.787096619266,0.22909290310707725,1285.393548309633
HEALTH,RUH,SVP,private,F,True,1,2570.6742854214026,0.06882854371345964,1285.3371427107013
DESIGN,EST,IC2,private,M,True,2,2569.455649154037,0.2737951772240921,1284.7278245770185
EDU,RUH,IC5,private,F,True,6,2567.631832431746,0.27120992791125736,1283.815916215873
HEALTH,TAB,M2,public,M,False,1,2563.678352505328,1.4321112426726466,1281.839176252664
SWE,EST,IC5,mnc,M,False,2,2561.1741691660027,0.33305552372163294,1280.5870845830013
OPS,ASR,M4,pif_backed,M,True,1,2560.7598504945036,0.25146684103313316,1280.3799252472518
OPS,JED,IC5,public,M,True,1,2559.8335389200884,0.5904564547016513,1279.9167694600442
ENG_ELEC,RUH,IC6,private,M,False,1,2554.688343667457,0.4587117849233813,1277.3441718337285
FIN,RUH,IC4,private,M,True,5,2552.9533995362303,0.21556900780360366,1276.4766997681152
SWE,EST,M2,public,F,True,1,2548.4493199502595,0.1440818948592947,1274.2246599751297
PM,RUH,IC5,private,M,True,1,2539.0927545689738,0.15645946726694893,1269.5463772844869
SWE,JED,M4,public,M,True,1,2536.828283420611,0.07998396222922972,1268.4141417103056
HR,EST,IC4,semigov,M,False,1,2532.223555681027,0.5237251776904399,1266.1117778405135
HEALTH,MAD,IC3,private,M,False,1,2531.814206440644,0.6576271877404682,1265.907103220322
MARKETING,EST,M2,semigov,F,False,1,2519.173215103484,0.5519935844540869,1259.586607551742
FIN,RUH,IC3,private,F,True,1,2512.4345645968533,0.3552814348325735,1256.2172822984267
LEGAL,ASR,IC3,semigov,F,False,1,2511.196461103854,0.48766672464776745,1255.598230551927
SWE,JED,M2,private,F,False,1,2506.459704481471,1.1742950343405307,1253.2298522407355
ENG_ELEC,RUH,M1,public,M,False,1,2503.992605050493,1.2889844791803082,1251.9963025252464
DATA,JED,IC5,private,M,True,1,2491.314748212888,0.21666453033152355,1245.657374106444
ENG_ELEC,JED,M5,private,M,True,1,2484.2499851707744,0.24343459526833458,1242.1249925853872
HEALTH,RUH,IC3,private,F,True,4,2481.0949617999286,0.23814498923590646,1240.5474808999643
HEALTH,MAK,IC4,private,M,True,1,2479.4209819855296,0.5060805101096293,1239.7104909927648
SWE,EST,M4,private,M,False,1,2477.925684871978,0.2534279713718132,1238.962842435989
SWE,QAS,IC4,mnc,M,True,2,2477.3055867735275,0.18767436614698518,1238.6527933867637
DESIGN,NOR,IC5,pif_backed,M,False,1,2474.865716432228,0.44544687436444036,1237.432858216114
HEALTH,EST,M2,public,M,True,1,2472.2174903136065,0.40732588394012004,1236.1087451568033
HR,RUH,IC5,public,F,True,3,2471.10728338501,0.4921834417447531,1235.553641692505
PM,JAZ,IC5,public,M,True,1,2462.4729339543064,0.41584139589369595,1231.2364669771532
FIN,HAI,D1,mnc,F,False,1,2462.258258744284,0.6983081111697658,1231.129129372142
OPS,RUH,M2,semigov,M,True,1,2456.393405199202,0.21767443496842206,1228.196702599601
SWE,EST,IC4,public,F,True,2,2449.44212597807,0.28657696442692543,1224.721062989035
FIN,MAD,IC2,semigov,F,True,1,2429.234212208238,0.27513421519283426,1214.617106104119
OPS,EST,IC6,private,F,True,1,2429.0601366219034,0.2439378621934783,1214.5300683109517
DATA,RUH,M1,semigov,M,True,1,2428.7263291725285,0.19904642594980132,1214.3631645862642
SALES,NOR,IC2,public,F,True,1,2422.415135029747,0.32213281700105684,1211.2075675148735
FIN,TAB,IC4,private,F,True,1,2422.328950528792,0.18838679702647473,1211.164475264396
OPS,JED,M2,private,F,True,1,2419.3223021411122,0.3590114681746409,1209.6611510705561
HEALTH,MAK,D1,public,F,True,1,2411.470599788132,0.13420052115461098,1205.735299894066
PM,TAB,M2,private,M,False,1,2407.7077647333767,1.575278103129831,1203.8538823666884
SALES,EST,M1,pif_backed,M,True,1,2399.8350414352863,0.15846460777068602,1199.9175207176431
FIN,TAB,M2,private,M,True,1,2398.9280778630236,0.25612216195225623,1199.4640389315118
PM,EST,IC2,public,F,True,1,2389.825540253498,0.5771729262237222,1194.912770126749
HR,RUH,IC5,semigov,M,True,1,2386.521596845807,0.29932654517984664,1193.2607984229035
CUSTOMER,JED,M4,public,F,False,1,2383.0958840038948,0.5867990003502181,1191.5479420019474
FIN,EST,M1,semigov,F,True,1,2378.3084437378047,0.4411137870392671,1189.1542218689024
ENG_ELEC,ASR,M2,semigov,M,True,1,2378.2947327097045,0.2796825213175104,1189.1473663548522
HEALTH,RUH,IC3,private,M,True,2,2378.10679345611,0.24763350520289223,1189.053396728055
PM,QAS,IC4,public,M,True,1,2375.519110412244,0.4141559184926012,1187.759555206122
ENG_MECH,JED,M2,private,M,True,2,2375.1407275157635,0.22879182808385928,1187.5703637578818
SALES,TAB,M4,public,F,True,1,2374.3718737469717,0.3408710640294087,1187.1859368734858
PM,EST,IC4,private,M,True,1,2368.983321553341,0.29161135657928133,1184.4916607766704
HEALTH,JED,IC3,private,F,True,1,2361.363534666394,0.25596460243445845,1180.681767333197
MARKETING,RUH,M3,mnc,M,True,1,2360.730157746606,0.17834959073143636,1180.365078873303
SUPPLY,JED,IC4,semigov,F,True,1,2360.596664526295,0.35668849448328105,1180.2983322631476
HEALTH,EST,IC4,pif_backed,M,True,2,2358.483683857563,0.17310546485586875,1179.2418419287815
MARKETING,RUH,M2,mnc,F,False,1,2357.347681402396,0.34171797549281846,1178.673840701198
HR,JAZ,M2,mnc,M,False,1,2354.2508705404043,2.04509702604174,1177.1254352702022
EDU,EST,M2,private,F,True,3,2353.136086008599,0.20005460865413424,1176.5680430042994
EDU,RUH,IC5,public,F,True,3,2352.6846302654944,0.24132941647990078,1176.3423151327472
ENG_MECH,QAS,IC4,semigov,M,True,1,2345.581456276649,0.2918879492464692,1172.7907281383245
DATA,RUH,IC3,semigov,M,True,1,2337.4182377375673,0.20832241256443695,1168.7091188687837
HEALTH,RUH,M1,public,F,True,1,2330.9074296026647,0.3007677527431279,1165.4537148013324
DESIGN,RUH,IC5,private,F,True,1,2322.1121445183962,0.46577710050062165,1161.0560722591981
FIN,EST,IC4,private,M,False,1,2315.2420479372095,1.9979338494872798,1157.6210239686047
FIN,EST,IC4,private,F,True,2,2312.7737403628184,0.40634082715298286,1156.3868701814092
FIN,MAK,IC4,public,F,True,1,2312.1841764471565,0.28939404051207474,1156.0920882235782
MARKETING,RUH,IC6,private,F,True,2,2309.125739562508,0.12100476848956626,1154.562869781254
FIN,RUH,M3,public,M,True,1,2308.3679725240654,0.19644547495192533,1154.1839862620327
EDU,EST,IC5,semigov,F,True,1,2306.1711299059207,0.20689505051564122,1153.0855649529603
FIN,JAZ,IC3,semigov,F,True,1,2302.855124541453,0.4246700539216984,1151.4275622707264
SUPPLY,JED,IC3,private,F,True,1,2299.558794498699,0.3954081698608187,1149.7793972493496
FIN,RUH,M1,public,M,True,1,2296.2263687258765,0.185673467870059,1148.1131843629382
FIN,EST,IC5,private,M,False,2,2296.152817643896,0.29484841028347786,1148.076408821948
SWE,RUH,IC4,private,F,False,1,2291.9893997740455,1.8070510740175276,1145.9946998870228
OPS,NJR,IC3,pif_backed,F,True,1,2289.384562677993,0.1889048900553833,1144.6922813389965
CUSTOMER,RUH,IC4,private,F,True,3,2285.898235138767,0.21070217927944526,1142.9491175693836
HEALTH,RUH,IC4,private,F,True,3,2281.4539823511172,0.3741647994594947,1140.7269911755586
SALES,RUH,M2,public,M,False,1,2273.360682961983,1.0230580799892124,1136.6803414809915
CUSTOMER,TAB,M1,startup,F,True,1,2272.793973191109,0.2559728076330327,1136.3969865955546
OPS,MAK,D1,public,M,True,1,2271.065014693455,0.18117463170873943,1135.5325073467275
SALES,MAK,IC2,semigov,M,False,1,2270.271296084393,1.0618151740719608,1135.1356480421964
EDU,JED,M2,public,M,True,1,2267.42208555243,0.4635794760480413,1133.711042776215
DESIGN,TAB,IC3,mnc,M,False,1,2262.582847753541,1.647203147456788,1131.2914238767705
SALES,MAK,IC3,semigov,M,True,1,2261.1896586662506,0.40493118423507657,1130.5948293331253
HEALTH,JED,M2,public,F,False,1,2254.269274764745,1.3664291025113515,1127.1346373823726
MARKETING,RUH,IC4,semigov,M,True,1,2240.2896983430637,0.24906424341519812,1120.1448491715319
EDU,EST,IC5,private,F,True,2,2240.159293554158,0.3510420340907145,1120.079646777079
SWE,RUH,IC3,public,M,True,2,2235.580612199899,0.3886675499060246,1117.7903060999495
FIN,RUH,IC4,semigov,F,True,2,2235.371449679977,0.3231625787312909,1117.6857248399886
OPS,EST,IC2,private,M,True,1,2234.271581278809,0.5349018230228336,1117.1357906394046
ENG_CIVIL,MAK,IC4,pif_backed,M,False,1,2233.240472844861,0.526509902698305,1116.6202364224305
DESIGN,MAK,IC4,public,M,True,1,2229.6849514145097,0.3832280837054832,1114.8424757072548
OPS,ASR,M2,private,M,True,1,2228.9325666464647,0.2081522378734375,1114.4662833232323
CUSTOMER,MAK,IC6,public,M,False,1,2228.814129009962,0.5836814980573922,1114.407064504981
HEALTH,RUH,IC5,public,M,True,1,2223.4043582932973,0.16658806499481849,1111.7021791466486
FIN,EST,IC5,public,M,True,3,2220.841614153785,0.22110301206094177,1110.4208070768925
ENG_MECH,RUH,IC5,private,F,True,1,2219.832159355168,0.26783322864035547,1109.916079677584
OPS,JED,IC4,semigov,F,True,1,2219.2446440257736,0.38904845660048637,1109.6223220128868
SUPPLY,MAK,M1,public,M,False,1,2218.4443794701365,1.9487584770289994,1109.2221897350682
EDU,JAZ,M1,private,M,True,1,2215.1087088017384,0.2913854276165425,1107.5543544008692
SWE,JED,IC4,private,F,True,1,2208.836314324679,0.2673678001923407,1104.4181571623394
PM,RUH,M2,mnc,F,True,1,2206.825994402552,0.12170503505232103,1103.412997201276
OPS,EST,IC3,private,M,True,3,2205.76487737193,0.249800662822823,1102.882438685965
ENG_MECH,JAZ,M3,private,M,True,1,2192.5289602358644,0.133981235417732,1096.2644801179322
SWE,EST,IC4,semigov,F,False,1,2191.1291675489106,1.0468035446634494,1095.5645837744553
SALES,BAH,IC4,private,M,False,1,2190.776487573474,0.5363567991731109,1095.388243786737
PM,TAB,IC1,pif_backed,M,False,1,2189.283485594303,1.426262369812423,1094.6417427971514
OPS,MAK,IC4,private,M,True,2,2189.2491362127826,0.21335570668131926,1094.6245681063913
SWE,QAS,IC3,mnc,M,False,1,2184.7783613031725,0.5449166124136885,1092.3891806515862
HR,QAS,IC6,pif_backed,M,True,1,2175.974839256958,0.15339425083640265,1087.987419628479
ENG_MECH,RUH,M3,mnc,M,True,1,2175.5555722356876,0.09433864480046993,1087.7777861178438
SALES,EST,IC3,private,F,True,2,2171.4821757941854,0.2758281429595313,1085.7410878970927
SALES,EST,IC5,private,M,True,1,2170.3844829637237,0.14222803898775715,1085.1922414818619
HEALTH,RUH,M2,mnc,F,True,1,2169.580601702488,0.16744635679154193,1084.790300851244
DATA,RUH,IC5,semigov,F,True,1,2166.6136280769333,0.12718850486308136,1083.3068140384667
MARKETING,RUH,IC5,startup,M,False,1,2165.1498260177486,0.4040712737894005,1082.5749130088743
SALES,JED,M4,semigov,M,True,1,2160.5171191365134,0.1569516078436569,1080.2585595682567
ENG_MECH,RUH,D2,private,F,False,1,2156.014426362818,0.6331580839355779,1078.007213181409
FIN,JED,IC3,public,M,True,2,2154.560668795302,0.29167855355405314,1077.280334397651
FIN,RUH,M1,public,F,True,1,2154.348155248803,0.30462317281501183,1077.1740776244014
SALES,RUH,IC5,public,F,True,1,2153.6046097533936,0.43199492280221563,1076.8023048766968
SALES,JED,IC2,startup,M,True,1,2144.15231374853,0.29623988757322783,1072.076156874265
SALES,RUH,M2,pif_backed,M,False,1,2140.250400021815,1.1813215602478466,1070.1252000109075
ENG_ELEC,MAD,IC4,pif_backed,M,True,1,2135.0273067982826,0.2636134446860595,1067.5136533991413
ENG_ELEC,RUH,M2,private,M,True,2,2132.4224349914393,0.17613508926513066,1066.2112174957197
CUSTOMER,RUH,M2,public,F,True,2,2130.2563283763393,0.3478314618573874,1065.1281641881696
FIN,MAD,IC4,semigov,F,True,2,2130.249838877299,0.16311638751257965,1065.1249194386496
DATA,HAI,IC6,private,M,False,1,2120.7692920674153,0.4145946822372321,1060.3846460337077
HR,MAD,IC5,mnc,F,False,1,2119.5869999782158,0.5122283366249911,1059.7934999891079
HEALTH,JED,M3,public,F,False,1,2113.7808304223527,0.7264757476756348,1056.8904152111763
SALES,QAS,IC4,public,M,True,1,2106.771818515761,0.44491020221079436,1053.3859092578805
CUSTOMER,RUH,M4,private,M,True,1,2105.382597958049,0.15806155506254924,1052.6912989790244
FIN,NJR,IC5,semigov,F,True,1,2104.1269787881556,0.1570791339700047,1052.0634893940778
DESIGN,TAB,M4,public,F,True,1,2103.6482382407703,0.21414450669834564,1051.8241191203851
SALES,RUH,IC5,semigov,F,True,2,2101.6538727839206,0.1496826412371775,1050.8269363919603
SUPPLY,MAD,IC5,private,F,False,1,2100.8376973996064,0.5578142379535042,1050.4188486998032
PM,RUH,IC3,private,F,True,1,2099.7596006071017,0.21116630139800885,1049.8798003035508
MARKETING,EST,IC2,semigov,F,True,2,2099.1642486797596,0.2573705676009135,1049.5821243398798
SWE,EST,IC3,mnc,M,True,1,2097.409153021752,0.3117499097545939,1048.704576510876
MARKETING,RUH,M3,pif_backed,M,False,1,2092.314243514534,0.5350186465160721,1046.157121757267
PM,EST,M1,pif_backed,M,True,1,2091.165265356951,0.11541509554498283,1045.5826326784754
PM,EST,IC3,private,F,False,1,2087.765509622708,0.44412294698279153,1043.882754811354
CUSTOMER,RUH,IC4,semigov,F,True,1,2086.710846263897,0.17844022126660175,1043.3554231319486
EDU,RUH,M3,private,F,True,4,2080.549648785535,0.14423927227900885,1040.2748243927674
HR,QAS,M3,private,F,False,1,2077.79707457939,0.902580757707575,1038.898537289695
CUSTOMER,RUH,IC4,private,M,True,2,2074.814242637359,0.4647694113383002,1037.4071213186794
DATA,QAS,M3,pif_backed,F,False,1,2073.710635767812,0.8866631109408,1036.855317883906
MARKETING,RUH,IC3,public,F,True,1,2071.60072551923,0.2429303220212208,1035.800362759615
HEALTH,NJR,IC3,pif_backed,F,True,1,2066.3224164682624,0.5033400965018588,1033.1612082341312
OPS,EST,IC3,mnc,M,True,1,2058.5099741992854,0.23605100369950394,1029.2549870996427
PM,TAB,IC5,mnc,M,False,1,2052.835864428896,0.624517571553404,1026.417932214448
SWE,RUH,IC4,public,M,True,4,2052.3057018857626,0.26093991921700155,1026.1528509428813
DESIGN,JED,IC3,semigov,F,True,2,2048.324144736468,0.2625064917858443,1024.162072368234
CUSTOMER,MAD,IC3,private,F,True,1,2047.1178950326148,0.493433312212592,1023.5589475163074
PM,EST,IC3,private,M,True,1,2041.023470648479,0.3182606591434771,1020.5117353242395
FIN,QAS,IC3,public,F,False,1,2040.6043702224597,1.9030287544915425,1020.3021851112298
SALES,RUH,IC3,mnc,F,True,1,2039.699216466286,0.21965771560471142,1019.849608233143
ENG_ELEC,RUH,IC4,public,M,True,2,2037.727305010183,0.23860104851890102,1018.8636525050915
HEALTH,JED,IC2,mnc,M,True,1,2037.6307543304038,0.2706751156603608,1018.8153771652019
SALES,JED,VP,public,F,True,1,2036.5603358062326,0.10435981095750041,1018.2801679031163
SALES,QAS,IC2,mnc,M,True,1,2031.8376608511808,0.5052081457732883,1015.9188304255904
MARKETING,EST,M2,semigov,F,True,1,2028.7028672654542,0.1501944339164861,1014.3514336327271
EDU,ASR,IC5,mnc,F,True,1,2023.2705068958603,0.45906949748882103,1011.6352534479302
SALES,EST,IC3,semigov,M,True,2,2018.0333195829583,0.3447202965281891,1009.0166597914791
SALES,MAD,M2,public,M,False,1,2016.3811015487236,1.5160398198948133,1008.1905507743618
EDU,HAI,M1,pif_backed,F,True,1,2014.5319393830123,0.44651638565233914,1007.2659696915061
DESIGN,RUH,M2,private,M,False,1,2006.5947045972825,1.347752621927825,1003.2973522986413
ENG_MECH,TAB,M3,private,M,False,1,2005.1733273966918,1.031089160737241,1002.5866636983459
HEALTH,RUH,M2,semigov,M,True,1,2003.5025790888449,0.127451553152223,1001.7512895444224
OPS,JED,IC4,pif_backed,M,True,1,2001.49634475712,0.26436143066524115,1000.74817237856
CUSTOMER,JED,IC3,semigov,F,True,1,2001.0801972031272,0.4894091833240951,1000.5400986015636
FIN,RUH,IC3,public,F,True,1,1991.8575272078997,0.2369307275251498,995.9287636039498
DESIGN,RUH,IC5,pif_backed,M,True,1,1984.6219018293177,0.17092321899144217,992.3109509146589
EDU,RUH,M2,public,F,True,1,1984.317739037654,0.27532496264965434,992.158869518827
SALES,RUH,M3,pif_backed,M,False,1,1984.2794841943773,0.6578891616012125,992.1397420971887
OPS,MAD,IC4,semigov,M,True,1,1981.9695640294158,0.4073567746932603,990.9847820147079
ENG_MECH,TAB,M2,public,M,True,1,1974.9530945114338,0.226200602454528,987.4765472557169
ENG_ELEC,MAD,VP,private,M,False,1,1971.7082712804877,0.198654334066208,985.8541356402438
MARKETING,EST,IC3,private,F,True,3,1971.5727689375362,0.19589274158364342,985.7863844687681
EDU,JAZ,IC4,mnc,M,True,1,1969.4164429443608,0.45286958551481016,984.7082214721804
ENG_ELEC,ASR,IC4,public,F,False,1,1965.7575154684475,0.5609775293096632,982.8787577342238
HEALTH,RUH,M1,semigov,F,True,1,1964.884057151694,0.15989253842092976,982.442028575847
ENG_MECH,MAK,IC4,private,M,True,1,1964.287473886041,0.24695443269930703,982.1437369430205
LEGAL,JED,IC3,public,M,True,2,1961.4422555468154,0.41580768800949325,980.7211277734077
SWE,EST,IC3,private,F,True,3,1960.863636782744,0.2579739177943224,980.431818391372
SALES,NJR,M2,pif_backed,M,False,1,1960.3755169845645,0.759173008013979,980.1877584922822
OPS,RUH,M1,semigov,M,True,1,1959.5376518902758,0.1685095605980368,979.7688259451379
SWE,EST,IC3,semigov,M,True,1,1954.6238618261395,0.1526298228289001,977.3119309130698
PM,RUH,IC2,private,M,True,2,1953.7379815397903,0.22400909361547597,976.8689907698952
ENG_ELEC,EST,IC4,semigov,M,True,1,1953.0351293408676,0.2978364277114814,976.5175646704338
HR,MAD,IC4,public,F,True,1,1949.3354684452333,0.3035024717374745,974.6677342226167
DESIGN,JED,IC3,private,M,True,1,1949.063840033633,0.4115189108303464,974.5319200168165
CUSTOMER,EST,M1,private,F,True,1,1947.0357094466845,0.29115516998740404,973.5178547233422
EDU,RUH,M3,semigov,M,True,1,1945.4045454025636,0.1311240748095085,972.7022727012818
SWE,RUH,IC5,public,M,False,3,1942.7820707510116,0.3207921809591078,971.3910353755058
SALES,RUH,IC4,pif_backed,F,True,1,1941.944661350094,0.31586936393344905,970.972330675047
ENG_MECH,JAZ,IC5,mnc,F,False,1,1940.6230667790705,1.283582205110691,970.3115333895353
FIN,HAI,M1,mnc,F,True,1,1938.7947389351266,0.18435135322092966,969.3973694675633
ENG_MECH,EST,M3,mnc,F,False,1,1936.1760192900274,0.4077096106373306,968.0880096450137
HR,JED,IC2,private,F,True,1,1936.047951968958,0.24159969519800237,968.023975984479
LEGAL,EST,IC5,private,F,False,1,1935.6456180748967,1.0483493929767316,967.8228090374483
DESIGN,EST,IC5,private,M,False,1,1933.6591893658087,0.41355680385778015,966.8295946829044
SALES,TAB,M2,public,M,False,1,1932.8803154346674,1.3679644263768806,966.4401577173337
HEALTH,RUH,IC5,private,M,False,1,1931.074080349787,0.36230785307197816,965.5370401748935
SALES,RUH,IC6,private,F,False,1,1927.8470288206609,0.2608648650788436,963.9235144103304
SWE,QAS,IC2,private,M,False,1,1924.0879696944003,1.7362417646309196,962.0439848472001
MARKETING,JED,M1,startup,M,False,1,1921.3648332849707,0.41065582247647664,960.6824166424854
DESIGN,ASR,M1,mnc,F,False,1,1920.6919701694724,1.3900045386194753,960.3459850847362
MARKETING,HAI,IC2,semigov,F,True,1,1919.427234552557,0.460033637862999,959.7136172762785
HR,EST,IC4,public,F,True,1,1917.639784264663,0.21043723353324545,958.8198921323315
PM,NJR,M4,public,M,True,1,1905.5409723124103,0.12083007114072507,952.7704861562052
SWE,EST,M1,private,M,True,2,1905.2315714868919,0.1091069487129816,952.6157857434459
DESIGN,BAH,M2,private,F,True,1,1901.5691526194314,0.15167169447191406,950.7845763097157
EDU,RUH,IC4,semigov,F,True,3,1899.8248623212505,0.19931649202103485,949.9124311606253
PM,RUH,IC3,startup,F,False,1,1890.7856024985426,0.46366178127501695,945.3928012492713
OPS,MAK,IC4,public,M,True,1,1889.815088228108,0.17603704089740724,944.907544114054
FIN,RUH,IC4,pif_backed,M,False,2,1883.025800153993,0.33895541748689617,941.5129000769965
FIN,QAS,IC3,private,M,True,2,1881.045868937082,0.2936619108302074,940.522934468541
EDU,JED,M1,private,F,True,1,1880.1604089890707,0.22230421648210316,940.0802044945353
DATA,JAZ,M3,private,M,False,1,1878.6288869000527,0.9182744844245445,939.3144434500264
ENG_MECH,QAS,IC4,mnc,M,True,1,1874.790674451002,0.1891175896333738,937.395337225501
DATA,TAB,IC3,private,M,False,1,1872.028962344205,1.6387478493061796,936.0144811721025
DESIGN,MAK,M1,startup,M,True,1,1871.8571583653647,0.31528735213918757,935.9285791826824
OPS,MAD,IC3,mnc,F,True,1,1867.9723612491007,0.2629835499862528,933.9861806245503
ENG_MECH,JAZ,IC3,public,M,True,1,1865.872688501393,0.4021792006784543,932.9363442506965
HEALTH,NOR,IC6,private,F,True,1,1859.8135303190693,0.20018320138930387,929.9067651595346
HR,RUH,M2,mnc,M,False,1,1858.764222200109,0.40072909671859674,929.3821111000545
OPS,EST,D2,private,M,True,1,1858.6602139251572,0.1414506370088182,929.3301069625786
LEGAL,NJR,IC3,private,F,True,1,1858.2363021095061,0.3641187251541659,929.1181510547531
FIN,QAS,IC4,mnc,M,True,1,1858.1055365090251,0.1668851774251238,929.0527682545126
ENG_ELEC,ASR,IC3,semigov,M,True,1,1857.5717697551822,0.4587219881356216,928.7858848775911
EDU,MAK,IC3,private,M,True,1,1856.7819249077575,0.27432324456207896,928.3909624538787
ENG_MECH,QAS,IC4,private,M,True,1,1856.536563303338,0.18599149070542506,928.268281651669
HEALTH,RUH,M5,private,M,False,1,1846.3452855312853,0.44662800149462456,923.1726427656426
ENG_MECH,RUH,IC6,public,M,False,1,1835.7623487467035,0.30638942023099414,917.8811743733518
ENG_MECH,EST,IC3,semigov,F,True,1,1835.4613390101867,0.24854446361967616,917.7306695050934
MARKETING,EST,IC5,pif_backed,F,True,1,1834.8273002516707,0.11329998202650791,917.4136501258354
ENG_MECH,RUH,IC5,mnc,F,False,1,1828.679637655383,0.46589425886991004,914.3398188276915
ENG_CIVIL,ASR,IC6,public,M,True,1,1828.3937585141894,0.21569355381980457,914.1968792570947
SWE,RUH,M1,pif_backed,M,True,4,1826.9598770781276,0.11276083845175915,913.4799385390638
ENG_MECH,EST,IC5,public,M,False,1,1818.9785916725887,0.4720324962978874,909.4892958362943
HEALTH,QAS,IC5,private,F,True,2,1816.309219087946,0.2905513620313925,908.154609543973
HR,RUH,IC4,mnc,M,True,1,1815.4335567831286,0.25455416018026356,907.7167783915643
PM,RUH,M2,private,M,False,1,1815.329899180328,0.7213443050410738,907.664949590164
SWE,JED,IC3,public,M,False,1,1815.0590136791538,0.4365179182585706,907.5295068395769
HEALTH,RUH,IC4,private,M,True,2,1814.5733021206834,0.2102662149025358,907.2866510603417
DATA,RUH,IC6,private,M,False,1,1813.792066806297,0.218820207265374,906.8960334031485
SALES,NJR,IC4,private,F,True,1,1813.3860057619695,0.21623548473808668,906.6930028809847
SALES,MAD,IC4,private,M,True,1,1810.4106695951186,0.43017074300736263,905.2053347975593
DATA,RUH,IC4,private,F,False,1,1809.1615344966222,0.27077999685310794,904.5807672483111
SWE,MAK,M3,private,F,False,1,1805.5160345993972,0.24941002217008748,902.7580172996986
EDU,JED,IC5,public,F,True,1,1804.7148453093587,0.3082258065125386,902.3574226546793
SWE,RUH,M4,private,M,False,2,1803.6875188695076,0.30298702020345175,901.8437594347538
HEALTH,TAB,IC2,startup,M,False,1,1802.8093205691437,1.6149838167199986,901.4046602845718
DATA,ASR,IC3,private,F,True,1,1798.4968485017598,0.3185129376138467,899.2484242508799
SWE,EST,D2,mnc,M,False,1,1798.4470157674832,0.230559990587072,899.2235078837416
MARKETING,JAZ,M3,private,M,False,1,1796.8396318232496,0.99303440561613,898.4198159116248
FIN,RUH,IC4,mnc,M,True,2,1796.4437019786421,0.42326091796120263,898.2218509893211
CUSTOMER,TAB,D1,public,F,False,1,1796.009270354697,1.1827322493220844,898.0046351773485
EDU,EST,IC3,private,M,True,1,1794.820224063522,0.2446963949927397,897.410112031761
LEGAL,JED,M3,public,M,False,1,1793.9080352476367,0.3726446849249099,896.9540176238183
OPS,ASR,M3,private,M,False,1,1789.7100953871359,0.8459412095253729,894.8550476935679
EDU,EST,IC6,mnc,F,False,1,1785.0436019784229,0.3610414009020675,892.5218009892114
ENG_MECH,RUH,IC4,private,M,True,2,1784.5978079971678,0.28912966639798693,892.2989039985839
SUPPLY,JED,IC3,semigov,M,True,1,1783.8836144836796,0.38908547760008827,891.9418072418398
OPS,RUH,M3,mnc,M,False,1,1781.965076670198,0.718343264763598,890.982538335099
SWE,JAZ,D3,pif_backed,M,False,1,1778.8119688341903,0.1378016626075287,889.4059844170952
DATA,RUH,IC5,pif_backed,M,True,1,1775.9691107961407,0.12137235029388438,887.9845553980704
MARKETING,EST,IC5,public,M,True,1,1775.4929412120473,0.13896899236663302,887.7464706060236
SUPPLY,EST,IC4,semigov,M,True,1,1775.2573646502715,0.1486902061863891,887.6286823251357
LEGAL,NJR,M1,public,M,True,1,1774.959553420451,0.16882837560244718,887.4797767102255
ENG_CIVIL,EST,IC4,public,M,True,3,1768.6178215105247,0.19674876017575302,884.3089107552623
ENG_CIVIL,TAB,IC4,pif_backed,M,False,1,1768.5168821860793,0.4353341662357776,884.2584410930397
ENG_CIVIL,RUH,D1,pif_backed,M,False,1,1767.059074292521,0.7393744829403686,883.5295371462605
MARKETING,RUH,D2,pif_backed,F,False,1,1764.832364947396,0.28603426473495414,882.416182473698
SALES,EST,M1,private,F,False,1,1763.4144605713204,0.6568807262118953,881.7072302856602
DATA,RUH,IC2,semigov,M,True,1,1763.388391024836,0.21826870815045027,881.694195512418
SALES,EST,IC4,mnc,M,False,2,1763.3639050099214,0.2781747100565776,881.6819525049607
FIN,NJR,M4,mnc,F,True,1,1762.5731504666146,0.0840831217502031,881.2865752333073
SALES,JED,M2,semigov,M,True,1,1762.5531574610777,0.11382380405979162,881.2765787305389
SWE,EST,IC5,private,M,True,3,1758.9822606962869,0.10428037247074075,879.4911303481434
DESIGN,RUH,M3,private,M,True,1,1757.7374913064705,0.0892385761509867,878.8687456532352
ENG_MECH,RUH,IC4,public,M,True,2,1754.7143485906372,0.18354382418532178,877.3571742953186
HEALTH,RUH,IC3,public,M,True,3,1754.4562411801926,0.358148720952785,877.2281205900963
SUPPLY,MAK,IC5,private,M,True,1,1753.5385865548424,0.3232865489408089,876.7692932774212
MARKETING,NJR,M2,mnc,F,True,1,1752.9591491397423,0.16509876226635672,876.4795745698711
ENG_CIVIL,RUH,CXO,public,M,False,1,1751.3917598178195,0.19922258044942853,875.6958799089098
SWE,EST,IC1,private,M,True,1,1750.5619719753722,0.4341807722136656,875.2809859876861
MARKETING,JED,IC3,private,F,True,1,1748.7259482548106,0.3244935775403412,874.3629741274053
ENG_MECH,RUH,IC3,private,M,True,1,1746.1928000861972,0.21770924455618737,873.0964000430986
FIN,ASR,IC4,private,M,True,1,1744.8073791475563,0.3175285931588071,872.4036895737781
SALES,NJR,IC5,startup,M,True,1,1742.8351355147752,0.20131509395749364,871.4175677573876
HEALTH,JED,M2,private,F,True,1,1739.9963196860062,0.17202956313909157,869.9981598430031
FIN,EST,IC2,pif_backed,M,False,1,1739.2436757025,0.5271991792309486,869.62183785125
ENG_ELEC,RUH,IC4,mnc,M,False,1,1739.11454204721,0.46725604216718947,869.557271023605
MARKETING,RUH,D2,mnc,F,False,1,1736.4034510134152,0.20010121789410196,868.2017255067076
SALES,QAS,M5,private,M,True,1,1733.4273423726063,0.16364379133096746,866.7136711863031
OPS,MAD,IC6,public,F,False,1,1730.8826041804234,1.0388790559996188,865.4413020902117
OPS,MAD,IC5,private,M,True,1,1727.7517675325953,0.4071286042499791,863.8758837662976
MARKETING,RUH,IC4,private,F,True,2,1725.145774938681,0.3647997171622928,862.5728874693405
DATA,RUH,IC3,public,M,True,1,1721.5333823909032,0.2715043169036004,860.7666911954516
MARKETING,QAS,IC2,private,F,False,1,1718.4982947892254,1.4923747948396326,859.2491473946127
ENG_CIVIL,JAZ,IC4,public,F,True,1,1715.3611576881995,0.23040895738332437,857.6805788440997
ENG_CIVIL,RUH,M2,private,M,True,1,1708.7689410885896,0.2516677580661611,854.3844705442948
DATA,ASR,IC5,pif_backed,M,False,1,1707.4109281215988,0.520249981071549,853.7054640607994
SWE,RUH,IC5,mnc,F,False,1,1704.0787912958604,0.28744660245120757,852.0393956479302
ENG_MECH,MAD,IC5,semigov,F,True,1,1701.8240435319622,0.17118078895646113,850.9120217659811
ENG_MECH,ASR,IC4,semigov,F,False,1,1700.585525641133,0.5023594700780561,850.2927628205665
SWE,RUH,IC4,mnc,F,False,1,1699.844622202068,0.8182974093853206,849.922311101034
ENG_MECH,RUH,M1,public,M,True,1,1699.782698629917,0.1118172577712363,849.8913493149585
HR,JED,IC6,public,M,True,1,1698.1905507213742,0.13198408308301668,849.0952753606871
SWE,RUH,M3,private,M,False,2,1696.7064845905527,0.27621075961668884,848.3532422952763
ENG_MECH,RUH,M2,semigov,M,False,1,1694.3097851992488,1.3815337116953683,847.1548925996244
ENG_MECH,JED,IC4,semigov,M,True,1,1692.3838469525026,0.21520314421698408,846.1919234762513
FIN,RUH,IC4,pif_backed,F,True,1,1692.275429807336,0.31973482897558536,846.137714903668
HEALTH,RUH,M4,mnc,M,False,1,1690.6497712755877,0.43539831394112005,845.3248856377938
SWE,MAD,IC3,private,M,False,1,1690.5811685292088,0.4914607515378874,845.2905842646044
LEGAL,JAZ,IC3,public,F,True,1,1688.3782287913073,0.38915794137393,844.1891143956536
HEALTH,RUH,IC5,private,F,True,3,1681.87745171115,0.1320848052677974,840.938725855575
OPS,JED,IC3,private,M,True,2,1681.1900271712789,0.22777185464870892,840.5950135856394
HEALTH,EST,IC4,semigov,F,True,1,1679.4573956428012,0.194657460061019,839.7286978214006
CUSTOMER,EST,IC5,public,F,True,1,1678.8892642464298,0.25215178695757023,839.4446321232149
DESIGN,NJR,M2,pif_backed,M,True,1,1674.7271428329796,0.29131130318748694,837.3635714164898
HEALTH,RUH,IC2,private,F,True,1,1672.678286005661,0.22192507627706504,836.3391430028305
SWE,JED,IC4,semigov,M,True,1,1671.6853784216273,0.22088054998005335,835.8426892108137
PM,RUH,M1,private,M,False,1,1669.2485527730862,0.9214970636835473,834.6242763865431
HEALTH,RUH,M1,pif_backed,M,True,1,1664.8737579590052,0.18306941566358656,832.4368789795026
SALES,ASR,IC4,private,M,True,1,1663.7479503859286,0.19258955005653156,831.8739751929643
HR,JED,IC2,public,F,False,1,1661.313241128186,1.2410354987363998,830.656620564093
ENG_MECH,ASR,IC4,private,F,False,1,1659.8107671053895,0.7472101675634394,829.9053835526947
SWE,QAS,IC3,pif_backed,M,True,1,1656.145545661957,0.21121800143492386,828.0727728309785
HR,JED,IC4,private,F,True,1,1655.6654967372097,0.3559645348906394,827.8327483686048
HEALTH,RUH,D2,public,M,False,1,1655.086095978132,0.29460108913081057,827.543047989066
ENG_CIVIL,EST,IC3,private,M,True,1,1654.858994608414,0.18665844469868967,827.429497304207
SWE,TAB,IC4,semigov,M,False,1,1652.1645266301903,0.3981526213218965,826.0822633150951
MARKETING,JED,IC4,private,F,True,3,1650.932664795726,0.14005344329199157,825.466332397863
DESIGN,TAB,IC5,semigov,M,False,1,1650.4472298026342,1.1526272604018428,825.2236149013171
FIN,MAK,IC4,semigov,F,True,1,1641.897331669703,0.11916890189461615,820.9486658348515
FIN,JAZ,IC6,private,M,False,1,1641.6035205842727,0.9118851574394479,820.8017602921364
SUPPLY,RUH,IC3,public,M,True,1,1641.5947253302434,0.40161813222578135,820.7973626651217
HR,NJR,IC4,private,F,True,2,1635.4126867994091,0.34579717056538606,817.7063433997046
EDU,EST,M1,private,F,True,4,1635.1781070313684,0.27431461231054355,817.5890535156842
DATA,EST,M1,private,M,True,3,1632.113901757115,0.11625782877976866,816.0569508785575
LEGAL,RUH,M1,mnc,F,False,1,1632.0827890257442,0.722020589258224,816.0413945128721
PM,EST,IC5,semigov,M,False,1,1630.7052808204608,0.5358599180485327,815.3526404102304
SUPPLY,RUH,M4,private,M,False,1,1629.1297732395751,0.3385016899963366,814.5648866197876
SALES,JED,IC6,public,M,False,1,1629.0814741864829,0.3716318064172735,814.5407370932414
FIN,JAZ,M1,public,F,False,1,1625.8786685240475,0.42723128784420306,812.9393342620237
SALES,RUH,M2,mnc,F,False,2,1622.413806226557,0.6147588021772507,811.2069031132785
HEALTH,MAK,IC4,private,F,False,1,1621.7212972648356,0.4491476631951554,810.8606486324178
OPS,RUH,IC3,private,F,True,2,1621.334566708667,0.19745468646150527,810.6672833543334
LEGAL,EST,IC4,public,F,True,3,1620.0391923496857,0.12471868863824521,810.0195961748428
ENG_CIVIL,RUH,IC4,public,M,True,2,1619.6680419966951,0.29961538831264084,809.8340209983476
DESIGN,JED,IC4,semigov,F,False,1,1616.5251494316249,0.500340396935541,808.2625747158124
DESIGN,MAK,IC1,mnc,F,True,1,1606.3069592653137,0.22034808354485916,803.1534796326569
DATA,RUH,IC4,public,M,False,1,1603.5761767632462,0.3605995348278009,801.7880883816231
SWE,RUH,IC6,private,M,False,1,1602.059308726999,0.2773176546044595,801.0296543634995
OPS,MAK,M1,private,M,False,2,1600.7616334580853,1.3665145428327883,800.3808167290426
FIN,RUH,IC5,mnc,M,True,1,1598.5557224548684,0.08350977741917048,799.2778612274342
ENG_CIVIL,EST,M1,private,M,True,1,1598.1658999993788,0.1811046180148467,799.0829499996894
OPS,RUH,IC2,mnc,M,True,1,1596.0666864665864,0.24667250937499413,798.0333432332932
SALES,RUH,M1,pif_backed,F,False,1,1595.66855264787,0.7789325717216544,797.834276323935
SALES,EST,IC4,mnc,F,True,1,1594.9633869438685,0.24651548153995106,797.4816934719342
PM,RUH,M3,private,M,False,2,1593.7366399339455,0.2999329219783766,796.8683199669728
OPS,RUH,M4,semigov,F,False,1,1592.7707479869669,0.5623174934602502,796.3853739934834
DATA,RUH,IC4,semigov,M,True,3,1591.5290076920635,0.1552292810432537,795.7645038460317
DATA,MAD,IC3,public,M,True,1,1586.0883600108646,0.2898726920846042,793.0441800054323
SALES,JAZ,IC5,startup,F,False,1,1585.0152397108616,0.8345715360002322,792.5076198554308
SALES,EST,IC6,pif_backed,M,False,1,1584.899471109693,0.3641581086828219,792.4497355548465
EDU,RUH,M1,mnc,M,False,2,1582.0427498647282,0.37143122069669915,791.0213749323641
CUSTOMER,EST,M4,public,F,True,1,1576.1816319253485,0.17002315426314257,788.0908159626742
OPS,MAK,M1,public,M,False,1,1573.4386478824151,0.9839899822218361,786.7193239412076
EDU,MAD,IC6,public,F,True,1,1572.5705921626586,0.1990564315814712,786.2852960813293
ENG_ELEC,EST,M1,private,F,False,1,1572.2785827419584,0.4157752477305169,786.1392913709792
MARKETING,RUH,IC3,private,F,True,1,1572.2767098693112,0.2197833181116971,786.1383549346556
SALES,RUH,IC6,public,M,True,1,1569.5076672782943,0.14877667414061224,784.7538336391472
ENG_MECH,RUH,IC4,mnc,M,True,1,1568.8437073466457,0.19535978104513008,784.4218536733229
ENG_CIVIL,EST,M4,semigov,M,False,1,1568.299930879105,0.3233294670499211,784.1499654395525
DESIGN,RUH,M3,private,M,False,1,1566.1106587931627,1.3260320042272336,783.0553293965813
HR,JAZ,IC2,private,M,False,1,1564.7453726753067,1.1213121320760837,782.3726863376534
MARKETING,ASR,M3,private,M,True,1,1564.6223211708057,0.12679509433743855,782.3111605854028
SALES,RUH,M1,private,M,True,1,1564.5288377122724,0.12836104007503116,782.2644188561362
OPS,RUH,IC5,pif_backed,M,True,1,1562.9997717678343,0.18822452304621295,781.4998858839172
ENG_CIVIL,JED,M3,semigov,M,False,1,1562.4203331047556,1.2307489793113584,781.2101665523778
SWE,MAK,IC4,mnc,M,True,1,1560.6608190632633,0.1492613836238043,780.3304095316316
EDU,EST,M2,public,F,True,1,1559.7837898739053,0.14044605567274676,779.8918949369527
FIN,RUH,IC5,public,M,False,1,1559.6605959164663,0.25349662049526983,779.8302979582331
EDU,RUH,M1,pif_backed,F,True,1,1557.9140556960574,0.18678751444789185,778.9570278480287
OPS,JAZ,M1,mnc,M,False,1,1552.8827080090102,0.7866556160024066,776.4413540045051
DESIGN,EST,IC4,private,M,False,1,1552.649193406929,1.215802184951329,776.3245967034645
MARKETING,JED,IC1,mnc,M,True,1,1552.2496002090857,0.37984829951502236,776.1248001045428
ENG_CIVIL,RUH,IC5,public,M,False,1,1550.624707977066,0.3788748425342745,775.312353988533
FIN,HAI,IC3,public,F,True,1,1550.455695967471,0.18074559023589135,775.2278479837355
ENG_ELEC,ASR,IC3,private,M,True,1,1545.1094905513837,0.3694378427321265,772.5547452756919
DATA,EST,M1,semigov,M,False,1,1543.3924687534154,0.25019433335048286,771.6962343767077
ENG_ELEC,JED,IC3,private,M,True,3,1540.96821404461,0.26603719588089597,770.484107022305
ENG_CIVIL,RUH,D1,private,M,False,1,1539.7358357600906,0.22624051882503557,769.8679178800453
SWE,JED,M3,private,M,True,1,1539.3829505909162,0.06958569165559397,769.6914752954581
SALES,JED,IC4,private,F,False,1,1536.8559887770361,0.8304730823189831,768.4279943885181
LEGAL,RUH,IC5,pif_backed,F,False,1,1536.5795892294025,1.0461855215830496,768.2897946147012
OPS,MAD,M1,public,M,False,1,1536.3362151436074,1.148289942499375,768.1681075718037
SALES,JAZ,IC3,semigov,M,False,1,1534.8617510922372,0.43633790494521785,767.4308755461186
SALES,MAK,IC2,private,M,False,1,1531.7921084057625,1.255979864014403,765.8960542028813
SWE,JED,M2,semigov,M,False,1,1531.1579363378232,0.48444673522296217,765.5789681689116
SUPPLY,JED,M4,public,M,True,1,1531.0495677517983,0.219022714631202,765.5247838758992
FIN,RUH,IC2,public,F,False,1,1527.8084175752963,0.5608619208932738,763.9042087876481
HR,QAS,M3,public,F,True,1,1527.7375559479988,0.11270561404257458,763.8687779739994
HR,RUH,M4,public,F,False,1,1524.4494871603456,0.6829304509667198,762.2247435801728
CUSTOMER,EST,IC3,public,M,True,1,1522.5161097662603,0.2592596812899483,761.2580548831302
CUSTOMER,RUH,IC5,semigov,F,True,1,1520.7634078694864,0.16554409181359092,760.3817039347432
MARKETING,JED,IC5,private,M,True,1,1520.6909015204592,0.2978275220161958,760.3454507602296
DATA,EST,IC3,public,M,False,1,1520.5321152689494,0.4357145930740767,760.2660576344747
DATA,EST,M2,semigov,M,False,1,1516.576065590355,0.3515475678449916,758.2880327951775
FIN,QAS,IC4,private,F,True,1,1516.5321005007536,0.29162907682063227,758.2660502503768
ENG_MECH,RUH,IC5,startup,M,False,1,1516.2109162613274,0.3298141640172095,758.1054581306637
HEALTH,JED,CXO,private,M,True,1,1512.2530668138497,0.07046214165662461,756.1265334069249
HEALTH,QAS,M2,pif_backed,F,False,1,1510.6462096881341,0.2824408924935433,755.3231048440671
ENG_CIVIL,MAD,IC3,public,M,False,1,1506.9155979210625,1.230113613513018,753.4577989605312
EDU,RUH,IC4,mnc,F,True,5,1502.8114559593685,0.1502895232753268,751.4057279796842
DESIGN,RUH,M2,private,M,True,1,1502.676158077993,0.10138434002225666,751.3380790389965
HR,RUH,IC4,mnc,F,False,1,1502.4160449737874,0.9922704541782426,751.2080224868937
EDU,JED,IC6,public,F,True,2,1499.1403435781212,0.12038116377310204,749.5701717890606
ENG_CIVIL,RUH,M4,public,M,True,1,1497.6111183703943,0.08625428162163677,748.8055591851971
HEALTH,RUH,M1,public,M,True,1,1494.9183364017063,0.12888984001406054,747.4591682008531
ENG_ELEC,RUH,IC4,private,M,True,2,1492.7596826749445,0.2172142122902811,746.3798413374723
SALES,MAK,M2,public,F,False,1,1491.937523732492,1.1150246810147832,745.968761866246
DESIGN,JED,IC4,private,F,True,3,1491.6294919797656,0.13222206405074668,745.8147459898828
SWE,JED,IC2,semigov,M,True,3,1490.0434340788734,0.21374843902256058,745.0217170394367
HEALTH,JED,IC5,private,F,True,1,1489.442141438678,0.11597002778319537,744.721070719339
ENG_CIVIL,QAS,IC4,startup,M,False,1,1487.5545963709849,1.4786042170606752,743.7772981854924
FIN,EST,IC3,private,F,True,1,1486.0334114497782,0.13806401682186853,743.0167057248891
SUPPLY,ASR,M1,private,M,True,1,1481.137937616195,0.3569781803101257,740.5689688080975
SUPPLY,QAS,IC3,public,F,False,1,1478.5874801918965,1.3186969735926817,739.2937400959482
HEALTH,JED,M2,mnc,F,False,1,1477.0645491428454,0.5363505185619966,738.5322745714227
ENG_MECH,RUH,IC4,public,M,False,3,1474.5728340167545,0.3387989497729929,737.2864170083773
HEALTH,RUH,M1,private,M,False,1,1471.935146900237,1.1777895278209896,735.9675734501185
SWE,RUH,IC3,public,M,False,1,1470.1851170471675,1.4591962692216789,735.0925585235838
ENG_MECH,RUH,IC3,semigov,M,True,1,1470.130789582393,0.1629161556304135,735.0653947911965
SALES,EST,M3,public,F,False,1,1468.352923345571,0.32763333775587783,734.1764616727855
MARKETING,RUH,M3,startup,M,False,1,1467.0302507076747,0.7373719021043339,733.5151253538373
SALES,RUH,IC3,private,M,True,4,1466.1140040331666,0.22023304982643965,733.0570020165833
HR,JED,M1,public,F,True,2,1462.1929083797804,0.2383899984801167,731.0964541898902
PM,HAI,IC3,private,M,True,1,1461.991774284821,0.15763796253231785,730.9958871424105
SWE,JED,M2,public,M,False,2,1453.0577835070144,0.595492511783519,726.5288917535072
SUPPLY,RUH,IC3,semigov,M,True,1,1451.7401117137615,0.1416464434348167,725.8700558568808
SALES,RUH,IC6,public,M,False,2,1450.530451044731,0.24709850720131749,725.2652255223655
SWE,HAI,IC4,private,M,True,1,1444.0464150748467,0.176535341033481,722.0232075374233
EDU,MAK,IC5,private,M,True,1,1441.5595610673508,0.27549297553046204,720.7797805336754
EDU,RUH,M2,pif_backed,M,True,1,1440.1885558326903,0.17073828947606456,720.0942779163452
EDU,RUH,M1,private,F,True,5,1439.542300407854,0.19706300466327864,719.771150203927
EDU,ASR,M2,private,F,True,2,1439.0937393128934,0.17988986981713076,719.5468696564467
DATA,QAS,IC2,semigov,M,False,1,1438.729962801369,0.8777591989738833,719.3649814006845
FIN,RUH,IC3,public,M,True,2,1437.5426329127567,0.23076428772707458,718.7713164563784
HEALTH,RUH,M3,private,M,False,1,1435.2229308854548,0.25309326591069714,717.6114654427274
ENG_MECH,JED,IC3,mnc,M,True,1,1434.072224102485,0.23785360040437387,717.0361120512425
DESIGN,JAZ,IC3,pif_backed,M,False,1,1433.801815029534,1.0276247551796485,716.900907514767
PM,JED,IC3,private,F,False,1,1432.8695735335068,0.36798065362805754,716.4347867667534
MARKETING,JED,IC3,pif_backed,M,True,1,1432.5111697617403,0.19173783962852564,716.2555848808702
OPS,MAK,IC6,public,F,True,1,1431.330015724754,0.10963249280866558,715.665007862377
DATA,NJR,IC3,semigov,M,True,1,1428.5978279267974,0.2569442674094478,714.2989139633987
HEALTH,HAI,IC4,private,F,False,1,1428.2917656787715,0.48282472792698183,714.1458828393858
HR,RUH,IC6,private,F,False,1,1426.1332661426466,1.1405231405568264,713.0666330713233
PM,EST,M3,private,F,False,1,1425.785452762107,0.44839999363908634,712.8927263810535
PM,RUH,IC5,semigov,M,False,1,1421.2099472683904,0.2580691538679926,710.6049736341952
HEALTH,JED,IC3,public,F,True,2,1419.6033713974484,0.2682563229391134,709.8016856987242
SWE,QAS,IC2,private,M,True,1,1419.338126727157,0.20990700786523672,709.6690633635785
SWE,RUH,IC4,private,M,False,3,1418.6884485287708,0.2642689842382145,709.3442242643854
PM,EST,IC2,private,M,True,2,1416.9676024349455,0.22376795960357115,708.4838012174728
SWE,JED,IC4,pif_backed,M,True,1,1413.4828833297142,0.1385451826509405,706.7414416648571
ENG_ELEC,QAS,D1,private,M,False,1,1412.0163466854274,0.19367136456720002,706.0081733427137
SWE,RUH,M5,private,F,False,2,1409.11341901163,0.19163558442300468,704.556709505815
SWE,RUH,IC4,public,F,False,2,1406.7713555431037,0.30898165985530707,703.3856777715519
SWE,RUH,IC2,public,F,True,1,1406.0768321980304,0.2684108801620659,703.0384160990152
SWE,RUH,IC5,private,F,False,1,1402.142007098038,0.30333967753769,701.071003549019
HR,QAS,IC2,private,M,False,1,1401.2263149425971,1.3173792077708777,700.6131574712986
SALES,QAS,M2,semigov,M,True,1,1398.7057568647288,0.15440892327868136,699.3528784323644
ENG_ELEC,RUH,IC6,private,M,True,1,1386.3305468935105,0.1596011033532804,693.1652734467552
DESIGN,RUH,IC4,pif_backed,F,False,1,1385.836893947499,0.33187833897708413,692.9184469737495
HEALTH,MAK,IC4,public,F,False,1,1384.280068109908,0.4006389551720881,692.140034054954
ENG_MECH,EST,M1,semigov,M,True,1,1382.6195042861855,0.1703403036644264,691.3097521430927
EDU,RUH,IC3,semigov,F,True,3,1382.1377835164658,0.2211632811771124,691.0688917582329
MARKETING,RUH,IC4,pif_backed,F,True,1,1380.981645472999,0.10741160429896575,690.4908227364995
DESIGN,QAS,IC3,private,M,False,1,1380.7798546436582,0.8836515738621474,690.3899273218291
EDU,RUH,M2,private,F,True,2,1380.4493048597765,0.18437352547042354,690.2246524298882
SALES,HAI,IC5,semigov,M,False,1,1379.2919142087176,0.2900855155970581,689.6459571043588
OPS,MAK,IC1,mnc,M,True,1,1377.4221750286906,0.2123627796920168,688.7110875143453
PM,MAD,M1,public,F,False,1,1372.4173249743444,1.3289674145442576,686.2086624871722
ENG_ELEC,RUH,IC3,semigov,M,False,1,1369.1482319737238,1.359499585819432,684.5741159868619
FIN,RUH,M2,private,M,True,1,1368.4375404638686,0.10420474510164432,684.2187702319343
ENG_MECH,TAB,IC5,public,M,False,2,1367.53589838476,0.8962779909494981,683.76794919238
HEALTH,RUH,IC5,private,F,False,3,1363.9362177591017,0.29185469241051915,681.9681088795509
ENG_CIVIL,RUH,IC4,pif_backed,M,True,1,1363.397228677166,0.10318593707425647,681.698614338583
ENG_CIVIL,JED,M2,public,M,True,1,1363.311952813805,0.20733158589762307,681.6559764069025
FIN,MAD,IC2,public,F,True,1,1362.161666295322,0.2881937230873813,681.080833147661
EDU,ASR,IC4,public,M,False,1,1357.690236361061,1.1428025526030203,678.8451181805304
LEGAL,ASR,IC4,private,F,True,1,1355.8138640579145,0.19712411729723012,677.9069320289573
SWE,EST,M1,public,M,False,1,1354.4112540041233,0.27403191936528193,677.2056270020616
ENG_ELEC,RUH,IC3,mnc,M,True,1,1352.2014793085,0.22793042786245607,676.10073965425
FIN,RUH,M1,mnc,F,True,2,1350.4941044558955,0.08514614927987489,675.2470522279477
SUPPLY,EST,IC6,public,M,False,1,1350.3067039785212,0.9821015604129903,675.1533519892606
SALES,RUH,IC1,semigov,M,True,1,1349.662931352832,0.31334478298577223,674.831465676416
DATA,RUH,IC2,mnc,F,True,1,1349.1712079285553,0.16716893257227528,674.5856039642777
DATA,ASR,IC3,mnc,F,False,1,1347.9432114997935,0.6444380664915127,673.9716057498968
MARKETING,RUH,IC3,mnc,M,True,1,1346.9002431610788,0.11997285222035389,673.4501215805394
EDU,HAI,M3,private,F,True,1,1340.3417113491614,0.20789118845747373,670.1708556745807
MARKETING,RUH,IC2,public,M,True,1,1339.8611530803255,0.27623345087870516,669.9305765401627
MARKETING,JED,D3,private,M,False,1,1339.7360860100362,0.1377723366208963,669.8680430050181
SWE,JED,IC5,pif_backed,M,True,1,1339.353408389763,0.0877011048911661,669.6767041948815
HR,RUH,IC5,public,F,False,1,1334.9859742543522,0.37141697404166524,667.4929871271761
ENG_MECH,QAS,IC2,pif_backed,M,True,1,1328.6772285450434,0.2364752050282651,664.3386142725217
CUSTOMER,EST,M2,private,F,False,1,1326.6836237732814,0.4758553784276593,663.3418118866407
CUSTOMER,JAZ,IC3,private,F,False,1,1323.977518850636,0.9283689071552372,661.988759425318
SALES,EST,M3,pif_backed,M,False,1,1323.8767071252732,0.1695339079683097,661.9383535626366
HEALTH,QAS,IC4,private,F,True,1,1319.9926456948278,0.2405997923857992,659.9963228474139
ENG_MECH,JED,IC3,private,M,True,1,1318.26941432485,0.25192810294386586,659.134707162425
ENG_ELEC,JAZ,M2,private,M,False,1,1317.626035542793,0.27351803208262826,658.8130177713965
DESIGN,RUH,IC4,private,M,False,1,1316.7949059477828,0.6371812261421417,658.3974529738914
SUPPLY,JED,M3,private,M,False,1,1316.1121141554472,0.6571886530966637,658.0560570777236
HEALTH,RUH,IC5,public,F,False,2,1315.3157387283184,0.27748339709020936,657.6578693641592
SWE,RUH,IC2,pif_backed,M,False,1,1315.3137613173367,0.47359754509048685,657.6568806586683
SWE,EST,M1,private,M,False,1,1315.0993370286792,0.3369367571700591,657.5496685143396
ENG_ELEC,RUH,M1,private,M,False,1,1312.254927642295,0.9920401727301345,656.1274638211474
LEGAL,QAS,M3,semigov,M,False,1,1311.3935769235932,0.2616794111659271,655.6967884617966
SALES,RUH,M3,semigov,M,True,1,1311.3192475115975,0.05887393594353657,655.6596237557987
EDU,QAS,IC5,private,M,True,1,1307.954438845437,0.18045646198115672,653.9772194227185
PM,JED,M2,pif_backed,F,False,1,1304.109755522114,0.39063194653229877,652.054877761057
HR,JAZ,IC4,private,F,True,1,1302.8302098359618,0.15183440864796052,651.4151049179809
SALES,NOR,IC3,mnc,M,True,1,1298.3088412140796,0.2255640889956877,649.1544206070398
ENG_MECH,JED,IC5,mnc,M,False,1,1294.6804608522211,0.31330523549248446,647.3402304261106
HR,TAB,IC3,private,F,False,1,1291.8026717629689,0.9539556692136737,645.9013358814844
SUPPLY,RUH,D2,semigov,M,False,1,1289.4353940018905,0.34937076364846464,644.7176970009452
SWE,EST,IC2,startup,F,False,1,1286.2978484471794,0.4254556969327075,643.1489242235897
HEALTH,RUH,M2,semigov,F,False,1,1285.1356169982316,0.766005641071908,642.5678084991158
SALES,JED,M3,private,F,False,1,1285.1071850418957,0.2990991151295183,642.5535925209479
HEALTH,RUH,IC1,public,M,True,1,1284.5175692065154,0.31692911388513606,642.2587846032577
EDU,JED,M1,public,F,True,1,1282.4393122215788,0.29295866002281495,641.2196561107894
ENG_MECH,JED,IC4,private,M,True,2,1281.9122268266692,0.12161762057137933,640.9561134133346
CUSTOMER,RUH,IC2,public,F,True,1,1280.35536192189,0.2876218895733579,640.177680960945
FIN,EST,M2,startup,F,False,1,1280.0798353176406,0.39358717109456043,640.0399176588203
ENG_CIVIL,JED,IC3,private,M,True,1,1279.8782420214984,0.19334047094910617,639.9391210107492
FIN,TAB,IC3,private,F,False,1,1277.656443432439,1.2244639910155826,638.8282217162194
CUSTOMER,RUH,M1,private,F,True,3,1277.5378239692463,0.1735418101940959,638.7689119846232
HEALTH,TAB,M1,private,M,False,1,1276.4834730089724,0.38580014278063324,638.2417365044862
SALES,RUH,IC4,private,M,False,3,1275.8136964419234,0.4604835011881238,637.9068482209617
ENG_ELEC,RUH,M1,private,F,True,1,1274.3458908405391,0.1467985457669283,637.1729454202696
FIN,RUH,IC5,semigov,M,False,1,1273.5902796892465,0.2759599705394237,636.7951398446232
ENG_ELEC,JED,IC5,private,M,True,3,1272.5032064391078,0.08274962371826663,636.2516032195539
HR,JED,M2,startup,F,False,1,1270.3014544430662,0.3636488290240045,635.1507272215331
LEGAL,EST,IC2,semigov,F,True,1,1269.7921589654443,0.20278633376041738,634.8960794827221
ENG_CIVIL,RUH,M2,semigov,M,True,1,1267.5438323930757,0.11454127520666248,633.7719161965379
SWE,RUH,IC3,mnc,M,True,1,1267.3260349973425,0.13211727941608006,633.6630174986713
HEALTH,RUH,IC5,startup,F,False,1,1267.235121771948,0.767933715749376,633.617560885974
SALES,EST,M3,semigov,M,False,2,1265.982260501005,0.3197569987315078,632.9911302505025
ENG_CIVIL,RUH,IC6,semigov,M,False,2,1264.472471811366,0.24300187229872422,632.236235905683
DESIGN,JED,M2,private,M,False,1,1264.2108640512104,1.081143560663929,632.1054320256052
OPS,TAB,M2,semigov,M,False,1,1261.7158158223303,0.6505424476881502,630.8579079111652
EDU,MAK,IC5,pif_backed,M,True,1,1261.3552301970612,0.1702717912254878,630.6776150985306
DATA,JED,M2,public,F,False,1,1260.0634254474217,0.33575557489304003,630.0317127237108
CUSTOMER,TAB,M2,public,M,False,1,1259.67521487052,0.7750863496346074,629.83760743526
FIN,RUH,M1,private,M,False,1,1257.225386824944,0.680618465919399,628.612693412472
HEALTH,RUH,IC3,pif_backed,F,True,1,1257.0579428638866,0.14490896394231914,628.5289714319433
ENG_CIVIL,JAZ,D1,private,M,False,1,1255.0450833522023,0.5038273880764043,627.5225416761011
HEALTH,RUH,M3,public,M,False,1,1254.361456782846,0.672121716963409,627.180728391423
ENG_MECH,RUH,IC6,private,M,True,1,1254.2708639979282,0.12818076723251648,627.1354319989641
EDU,ASR,IC3,semigov,F,True,1,1250.0756298372698,0.20696328957666169,625.0378149186349
OPS,ASR,M2,semigov,M,True,1,1249.403870034289,0.21538439749358518,624.7019350171445
HR,EST,IC5,public,F,False,1,1249.0264039029016,0.3170331160496288,624.5132019514508
ENG_CIVIL,JED,M1,pif_backed,M,False,1,1248.2283707215265,0.21837666415801726,624.1141853607633
CUSTOMER,MAD,M2,semigov,M,False,1,1244.4776635678832,0.49788715232283554,622.2388317839416
SALES,QAS,M2,public,M,True,1,1239.5287058621616,0.11073987838661623,619.7643529310808
SWE,EST,IC4,private,F,False,1,1236.1026109972527,0.7398649250242652,618.0513054986263
ENG_ELEC,RUH,IC5,public,M,True,1,1234.7431792300922,0.11925893542883602,617.3715896150461
HEALTH,EST,M4,private,M,False,1,1229.3015638141255,0.4571251765226817,614.6507819070628
HEALTH,BAH,IC4,pif_backed,F,False,1,1226.8051826746796,0.356226701198576,613.4025913373398
DATA,EST,IC4,semigov,M,True,1,1225.8536426769333,0.13061080568441474,612.9268213384667
ENG_MECH,EST,IC4,startup,M,True,1,1220.6488931072508,0.14164817500385504,610.3244465536254
EDU,RUH,IC2,mnc,F,True,1,1219.8998316009684,0.29141829966419336,609.9499158004842
PM,MAD,IC4,mnc,M,False,1,1217.3640849565443,1.0168728641394718,608.6820424782721
DATA,ASR,IC4,public,M,False,1,1209.3121704001437,0.3452531180307481,604.6560852000719
CUSTOMER,RUH,M4,startup,F,False,1,1208.2798742457508,0.29516862334700716,604.1399371228754
SALES,JED,IC5,public,M,False,1,1205.1704546893286,0.7492536203529337,602.5852273446643
OPS,NJR,SVP,startup,F,False,1,1197.6289794957265,0.17832225389212666,598.8144897478633
FIN,EST,IC5,public,F,True,1,1197.4526709816564,0.14698954545046392,598.7263354908282
SWE,RUH,M1,semigov,M,False,1,1192.436516269117,0.4375194190246772,596.2182581345585
HEALTH,EST,IC2,pif_backed,F,True,1,1190.1514503097806,0.1568338208275253,595.0757251548903
FIN,EST,D1,public,M,True,1,1189.3783062856746,0.0695145937281333,594.6891531428373
PM,QAS,IC6,private,M,False,1,1189.0102745546192,0.42336389460997564,594.5051372773096
MARKETING,ASR,M4,public,F,False,1,1187.056651352916,0.528163522373565,593.528325676458
EDU,RUH,IC5,public,M,True,2,1186.9354293219008,0.13410858384525476,593.4677146609504
LEGAL,JED,IC4,private,M,False,1,1185.982992555547,0.6573250223153569,592.9914962777735
PM,RUH,M2,public,M,False,1,1184.7679161607894,0.42328099070457104,592.3839580803947
SWE,ASR,M1,public,M,False,1,1184.5960861076073,0.5917790226533985,592.2980430538037
DESIGN,RUH,IC3,private,F,True,1,1184.4710558723418,0.16809161123219032,592.2355279361709
HEALTH,RUH,IC3,startup,M,True,2,1181.9085491069081,0.20813510782144506,590.9542745534541
OPS,RUH,M2,private,M,True,1,1181.2021290782213,0.21392886802554967,590.6010645391107
DATA,JED,IC4,mnc,M,False,1,1180.605845079493,0.3257551649424526,590.3029225397465
SWE,EST,IC2,private,M,True,2,1179.8828638097002,0.18106129345554445,589.9414319048501
PM,RUH,IC5,mnc,M,False,1,1178.3381469573515,0.3695909424979814,589.1690734786757
SALES,RUH,M3,private,F,False,2,1177.486597112688,0.39828386478602223,588.743298556344
HR,RUH,IC1,mnc,M,True,1,1177.309019289156,0.16178302549651252,588.654509644578
FIN,EST,IC2,pif_backed,F,True,1,1172.3338241499614,0.16304722592059434,586.1669120749807
SALES,JED,IC5,public,M,True,2,1172.1894327883433,0.0880762099234979,586.0947163941717
HEALTH,EST,IC4,private,F,False,2,1171.9810550244101,0.36860250494934443,585.9905275122051
EDU,JED,IC4,semigov,F,True,1,1171.4841217430767,0.15930979859090863,585.7420608715383
HEALTH,JED,IC5,private,M,False,1,1169.387309343846,0.903419781814612,584.693654671923
ENG_ELEC,RUH,M1,semigov,M,True,1,1165.8162406350366,0.1135132872956025,582.9081203175183
HEALTH,RUH,IC2,public,F,True,2,1164.9777191975172,0.22125359616010326,582.4888595987586
FIN,JED,M3,private,F,False,1,1164.2408417198617,0.22746387698698042,582.1204208599308
SWE,EST,IC4,private,M,False,1,1163.4685884700762,0.24257313813457937,581.7342942350381
ENG_CIVIL,RUH,IC3,public,F,False,1,1158.801950588199,0.4334618004026318,579.4009752940995
PM,RUH,IC3,semigov,M,True,1,1158.428297167853,0.14101799689002678,579.2141485839265
OPS,JAZ,IC4,private,M,True,2,1158.3958873755023,0.13265199222057547,579.1979436877511
EDU,EST,M3,semigov,F,True,1,1157.946355878992,0.09393905036651924,578.973177939496
DATA,EST,IC5,public,F,True,1,1157.9222648688847,0.06682919454667845,578.9611324344423
SWE,MAK,IC4,mnc,F,False,1,1156.598066845209,0.5555669087834448,578.2990334226045
LEGAL,EST,IC4,public,M,True,1,1156.1422529162664,0.1549284592699373,578.0711264581332
CUSTOMER,MAK,M2,private,F,False,1,1155.0336874842128,0.5033520953603813,577.5168437421064
HEALTH,HAI,IC3,private,F,True,1,1154.674551772987,0.1678423850593803,577.3372758864934
EDU,MAK,IC3,private,F,True,2,1154.57019005257,0.20606363497037006,577.285095026285
HEALTH,HAI,IC5,public,F,False,1,1152.8555263783883,0.34434092607086847,576.4277631891941
DESIGN,EST,IC4,mnc,F,False,1,1149.4913466776395,0.37176248860867184,574.7456733388198
DESIGN,BAH,IC4,semigov,F,False,1,1149.3605584784304,0.34520401465942796,574.6802792392152
EDU,MAD,IC4,private,F,True,2,1149.2703696089293,0.256748035232793,574.6351848044646
HEALTH,MAK,IC5,private,F,True,1,1148.4367790114384,0.15008092729325315,574.2183895057192
OPS,RUH,IC4,semigov,M,True,2,1144.7131294104215,0.1551279499456018,572.3565647052108
SWE,MAK,M1,private,M,False,1,1143.2325090386846,0.5622577192171827,571.6162545193423
HEALTH,ASR,D1,startup,F,False,1,1142.8732998043974,0.2893028276940374,571.4366499021987
EDU,MAK,IC3,public,F,True,2,1138.8811738187696,0.18622015576550396,569.4405869093848
FIN,RUH,M3,pif_backed,F,False,1,1135.1792410097669,0.18984588912159361,567.5896205048834
SALES,EST,IC5,private,F,False,2,1131.9672821931786,0.2274146883015738,565.9836410965893
HR,RUH,M2,semigov,F,False,1,1131.2754103388734,0.6556077136785231,565.6377051694367
SALES,JAZ,IC4,semigov,M,False,1,1130.9374435672628,0.8943418012692287,565.4687217836314
DESIGN,HAI,IC4,pif_backed,M,True,1,1130.5201980993188,0.0913265879896937,565.2600990496594
FIN,JAZ,IC5,public,F,True,1,1129.9593264348932,0.12171818406910818,564.9796632174466
HEALTH,TAB,IC3,pif_backed,F,False,1,1129.5274353883012,0.3931583982139228,564.7637176941506
ENG_CIVIL,EST,IC3,semigov,M,True,1,1128.3013495265914,0.23967176436826604,564.1506747632957
DATA,RUH,IC4,public,M,True,1,1126.2833262346467,0.11207263493888196,563.1416631173233
PM,RUH,M2,semigov,M,False,1,1116.9954954899313,0.38638995675727456,558.4977477449656
OPS,JED,IC3,public,F,True,1,1116.9818754598164,0.23802429832371058,558.4909377299082
EDU,RUH,IC4,private,M,True,2,1116.8110685490578,0.24340644311401527,558.4055342745289
PM,EST,IC3,public,M,True,1,1116.7583068701933,0.10602788752021595,558.3791534350967
MARKETING,JED,D1,private,F,True,1,1116.4639125388057,0.09852868153720495,558.2319562694029
ENG_MECH,NJR,IC3,private,F,False,1,1115.09641855188,1.0173575825604426,557.54820927594
CUSTOMER,QAS,IC4,private,F,True,1,1114.8991392626094,0.20210143009250045,557.4495696313047
DESIGN,EST,IC5,startup,M,False,1,1113.5894087014697,0.9501372712986625,556.7947043507348
DATA,RUH,IC3,private,M,False,1,1111.539749141129,0.9235470628313317,555.7698745705645
EDU,EST,M3,private,F,False,2,1111.4666282189596,0.3235180387259219,555.7333141094798
FIN,RUH,IC4,semigov,M,True,1,1110.115761103949,0.11128465978758374,555.0578805519744
ENG_MECH,RUH,M1,public,M,False,3,1108.757646835123,0.48432574622097957,554.3788234175615
SALES,RUH,IC5,pif_backed,F,False,1,1103.8260420623596,0.2200269183968269,551.9130210311798
DATA,NJR,M3,public,M,False,1,1102.711827752093,0.1879971281817037,551.3559138760465
SALES,EST,IC3,startup,M,True,1,1102.2629918609737,0.14870337264444156,551.1314959304868
SUPPLY,RUH,IC5,private,M,False,2,1100.7779541783784,0.4830977656379773,550.3889770891892
ENG_ELEC,ASR,D1,private,M,False,1,1100.5996633725117,0.39313475632492856,550.2998316862559
CUSTOMER,JED,IC3,pif_backed,F,True,1,1099.9972885664392,0.10896317241928194,549.9986442832196
PM,MAK,IC4,private,M,True,1,1096.0122252343372,0.10220984723846079,548.0061126171686
SALES,RUH,IC3,private,F,True,1,1093.2780710324187,0.14772928466730872,546.6390355162093
SUPPLY,QAS,M2,semigov,M,False,1,1092.0455734515292,0.40813564983910394,546.0227867257646
OPS,TAB,IC4,semigov,F,False,1,1091.279423110456,0.7407618841572264,545.639711555228
ENG_MECH,RUH,IC3,pif_backed,M,False,2,1087.5835485174566,0.414100263923733,543.7917742587283
SWE,RUH,IC2,private,M,True,2,1084.63537252794,0.144462294586318,542.31768626397
ENG_CIVIL,RUH,IC6,public,M,False,1,1083.0559246020775,0.6494242976570257,541.5279623010388
SALES,RUH,M1,public,M,False,1,1079.9834126539486,0.4838477013540176,539.9917063269743
PM,RUH,M3,semigov,M,False,1,1079.1093386543953,0.16689714484447263,539.5546693271976
SALES,TAB,IC4,private,M,False,1,1078.7782444704303,0.37589438095805605,539.3891222352152
CUSTOMER,EST,IC4,private,F,True,2,1078.1020830119942,0.14376639737270558,539.0510415059971
SALES,EST,VP,public,M,False,1,1076.8407978696005,0.20484497417409783,538.4203989348002
SWE,RUH,IC2,startup,F,True,1,1076.7134986736319,0.23294821765258772,538.3567493368159
HEALTH,JED,IC3,public,M,True,1,1074.4875708772752,0.21764477822839098,537.2437854386376
SALES,RUH,M4,semigov,F,False,1,1073.554131161688,0.3840675985733836,536.777065580844
SALES,JED,IC3,semigov,M,True,1,1073.0551881364572,0.12722838359604133,536.5275940682286
OPS,TAB,D1,startup,M,False,1,1071.4672001713593,0.4195507868525093,535.7336000856797
ENG_MECH,JED,M3,public,M,False,1,1071.3238950048726,0.4101074776367388,535.6619475024363
SWE,JED,M1,private,M,True,1,1069.920103708453,0.08212649540952568,534.9600518542265
EDU,JED,IC3,private,F,True,2,1069.0426569718356,0.2642148888273589,534.5213284859178
SALES,NJR,M2,semigov,M,False,1,1067.5770204701846,0.6921315051335817,533.7885102350923
EDU,TAB,IC4,pif_backed,M,True,1,1067.423683209906,0.18644706777142078,533.711841604953
ENG_CIVIL,JED,M3,public,M,True,1,1066.223106167954,0.0843060701110843,533.111553083977
EDU,RUH,IC5,startup,M,True,1,1060.9247580613965,0.14935995296850904,530.4623790306982
HR,JED,IC2,public,F,True,1,1060.2654482760936,0.24754399113725342,530.1327241380468
SUPPLY,EST,M3,public,M,True,1,1058.7903967749307,0.1546317509911586,529.3951983874654
OPS,BAH,IC3,semigov,M,True,1,1056.6227051198402,0.1120361255723253,528.3113525599201
MARKETING,EST,IC5,private,M,False,1,1056.4266889639002,0.5847467573800669,528.2133444819501
FIN,JED,IC3,private,F,False,1,1056.423125876741,0.3966109026937471,528.2115629383705
SALES,JED,IC4,mnc,F,True,1,1053.0074148973126,0.0866929466744491,526.5037074486563
SALES,RUH,M1,semigov,M,False,3,1052.694598092539,0.5577063990911278,526.3472990462695
LEGAL,EST,IC3,private,M,True,1,1052.4674735345443,0.12521142372601662,526.2337367672721
ENG_ELEC,RUH,IC2,private,M,True,1,1051.5153563441472,0.23037155438902687,525.7576781720736
HEALTH,ASR,M2,private,M,False,1,1051.4881306594139,0.7839580807928695,525.7440653297069
ENG_ELEC,EST,M3,pif_backed,M,False,1,1051.3679693041395,0.17932397859770585,525.6839846520697
HEALTH,EST,IC3,mnc,F,False,1,1051.0322794635165,0.3949124527304043,525.5161397317582
HEALTH,EST,M2,semigov,M,False,1,1050.8725589898877,0.26497759895702033,525.4362794949438
SWE,RUH,IC4,public,M,False,7,1050.4769363196394,0.47341286398355803,525.2384681598197
SWE,MAD,M2,mnc,M,False,1,1049.9645618146646,0.3835669981907331,524.9822809073323
SWE,TAB,IC6,private,M,False,1,1048.9602491475007,0.2607768029892202,524.4801245737503
DATA,RUH,IC5,private,M,False,2,1046.8181661770957,0.20183993056995023,523.4090830885478
SALES,EST,M1,startup,M,False,1,1046.7141067679177,0.40561309587214955,523.3570533839588
SWE,MAK,IC4,private,M,False,2,1045.1300463492166,0.32528075546917445,522.5650231746083
ENG_CIVIL,JED,D1,public,M,False,1,1042.4828773345162,0.3429004604436738,521.2414386672581
SWE,NOR,IC4,private,M,True,1,1042.22756129736,0.17225932218210924,521.11378064868
PM,RUH,IC2,pif_backed,F,False,1,1040.9805512689152,0.3780458286675503,520.4902756344576
DATA,EST,M1,semigov,F,True,1,1040.713066583905,0.07984905162331728,520.3565332919525
CUSTOMER,EST,IC6,mnc,F,False,1,1039.646838838408,0.8191743058842554,519.823419419204
SWE,JED,M1,private,F,False,1,1039.278926846278,0.2587465540109598,519.639463423139
HEALTH,EST,IC3,pif_backed,M,True,1,1039.2043918719037,0.12808907178980639,519.6021959359518
OPS,RUH,IC6,public,M,False,1,1038.4169550428064,0.5932529564283832,519.2084775214032
OPS,RUH,M1,semigov,M,False,1,1038.339287885269,0.7213136033385226,519.1696439426345
DATA,EST,IC3,semigov,M,True,1,1037.782477490212,0.15532003191768973,518.891238745106
OPS,RUH,M1,pif_backed,M,False,1,1034.8285511485478,0.8455740259717379,517.4142755742739
HEALTH,RUH,IC4,pif_backed,F,True,1,1034.8053501361173,0.08825045806832273,517.4026750680587
DATA,RUH,IC2,private,M,False,1,1034.7665429467133,0.34061688626534065,517.3832714733567
MARKETING,ASR,IC5,mnc,M,False,2,1030.2145451446536,0.6363664817448251,515.1072725723268
HEALTH,EST,IC4,pif_backed,F,False,1,1027.5055534506782,0.6325235987944975,513.7527767253391
ENG_ELEC,JED,M1,semigov,M,False,1,1027.3710546349234,0.2943221324900394,513.6855273174617
ENG_MECH,RUH,IC1,semigov,M,False,1,1026.4622963236272,0.8455365963845646,513.2311481618136
SALES,MAD,IC3,semigov,M,True,1,1025.6396192954126,0.1220314936831387,512.8198096477063
HEALTH,EST,M3,private,F,False,1,1025.3269545969688,0.33754837979665503,512.6634772984844
HR,RUH,IC3,startup,F,False,1,1024.5363233792657,0.37914401509925477,512.2681616896328
PM,RUH,IC3,private,M,False,4,1020.7793566900291,0.7721167203608146,510.38967834501454
EDU,MAD,IC4,public,F,True,1,1020.0392412062056,0.1674489354214629,510.0196206031028
PM,MAK,M1,private,M,True,1,1015.3098724099546,0.0780093446351437,507.6549362049773
ENG_MECH,JED,IC3,pif_backed,M,False,1,1015.2711943331533,0.8677939568230105,507.63559716657664
SALES,RUH,IC3,mnc,F,False,1,1015.250296565172,0.5732092244514473,507.625148282586
DATA,RUH,IC2,startup,M,False,1,1014.8762868531544,0.37857402576822624,507.4381434265772
SUPPLY,RUH,D2,private,M,True,1,1014.0005721291782,0.0620178016913116,507.0002860645891
DESIGN,MAD,IC6,private,M,True,1,1011.5988006255557,0.11568332400380876,505.79940031277783
SALES,RUH,IC4,public,M,False,1,1008.311636264149,0.9751669894144955,504.1558181320745
FIN,JED,IC4,public,M,True,1,1008.2679011971632,0.15963926780590032,504.1339505985816
HEALTH,MAD,IC6,mnc,F,True,1,1005.835591867999,0.066499655459019,502.9177959339995
PM,RUH,IC4,pif_backed,M,True,1,1003.8092384887914,0.10870918508264917,501.9046192443957
DESIGN,EST,M3,public,M,False,1,1003.6836877681449,0.201812798990554,501.84184388407243
EDU,TAB,IC3,public,F,False,1,1001.1284108012139,0.6352084448228509,500.56420540060697
FIN,NJR,IC5,semigov,M,False,1,999.5585193717309,0.429365434546668,499.77925968586544
ENG_MECH,RUH,IC2,startup,M,True,1,998.6068526810514,0.18215606708741816,499.3034263405257
SWE,RUH,IC5,private,M,False,2,997.5232567525486,0.33982613637772074,498.7616283762743
CUSTOMER,RUH,IC3,private,M,True,2,997.2443130278234,0.14783447742225536,498.6221565139117
EDU,MAD,M2,private,F,True,2,996.0691950371224,0.1421489339144409,498.0345975185612
HEALTH,QAS,IC5,semigov,M,False,1,995.4311499224486,0.45012204288451946,497.7155749612243
HR,RUH,M1,private,M,True,1,992.3712662239959,0.09717443589604302,496.18563311199796
HR,JED,IC3,public,M,True,2,992.1639349979632,0.2292813488537559,496.0819674989816
MARKETING,EST,IC3,semigov,F,False,1,990.5484422693435,0.3008441857946565,495.27422113467173
CUSTOMER,TAB,IC2,semigov,F,False,1,988.2308207055557,0.5736535786316075,494.1154103527779
SALES,RUH,IC1,mnc,M,True,1,988.1011944266884,0.19195830808149353,494.0505972133442
DATA,RUH,M2,private,M,False,2,986.751085653254,0.16624555967167431,493.375542826627
FIN,EST,IC4,mnc,M,False,1,983.3341450541384,0.4042090433972452,491.6670725270692
SWE,EST,IC4,startup,M,True,1,983.1722107051683,0.08410240650264496,491.5861053525841
ENG_ELEC,BAH,M2,semigov,M,True,1,981.8560329271386,0.09047236232741444,490.9280164635693
SWE,JED,IC4,private,M,True,1,981.3347543577183,0.09037395616398086,490.66737717885917
ENG_ELEC,JAZ,IC5,private,M,False,1,980.2759192764265,0.3999512528345129,490.13795963821326
DATA,EST,IC1,private,F,True,1,978.8591648371876,0.21894741634436216,489.4295824185938
ENG_CIVIL,TAB,M3,public,M,False,1,975.8558152673972,0.37830171231806525,487.9279076336986
HEALTH,RUH,IC3,mnc,M,False,2,975.429450540558,0.45409774350110155,487.714725270279
SALES,EST,D2,private,F,False,1,974.6898371882453,0.13945736195224356,487.34491859412265
FIN,QAS,IC5,semigov,M,False,1,970.1037927862499,0.3033474184955462,485.05189639312493
HEALTH,EST,M1,semigov,M,False,1,969.0994828066152,0.6761266022395958,484.5497414033076
EDU,RUH,IC3,mnc,F,True,2,968.5593034898102,0.21273907045601048,484.2796517449051
ENG_MECH,RUH,IC6,public,M,True,2,966.746459064283,0.06636104315346142,483.3732295321415
DATA,RUH,IC4,mnc,F,True,1,963.0521039506566,0.0703554737524785,481.5260519753283
EDU,RUH,IC5,semigov,F,True,1,959.5777226885812,0.10601900050902067,479.7888613442906
SALES,JED,IC4,private,M,False,1,958.6221114047675,0.9385714264571032,479.3110557023837
OPS,RUH,IC5,private,F,False,2,956.9653374640211,0.369395485553412,478.48266873201055
DATA,NJR,M2,mnc,M,True,1,955.7786475756748,0.06571902244938056,477.8893237878374
HEALTH,JED,IC5,startup,F,False,1,952.2554942572187,0.48527885263508924,476.12774712860937
ENG_CIVIL,ASR,IC4,private,M,False,1,951.6980621578894,0.40959839767619666,475.8490310789447
ENG_MECH,JAZ,M2,mnc,M,True,1,951.0245098862652,0.12188261288629923,475.5122549431326
CUSTOMER,RUH,M3,private,F,False,1,949.2718460965909,0.5864241139144015,474.63592304829547
MARKETING,HAI,IC4,public,F,True,1,948.7412849042676,0.1394039074217465,474.3706424521338
ENG_ELEC,EST,M5,private,M,True,1,945.0156851279698,0.06468904763872325,472.5078425639849
CUSTOMER,ASR,IC6,pif_backed,F,False,1,944.6606174538185,0.5587024334707305,472.33030872690927
FIN,MAK,M2,semigov,M,True,1,942.0599047942251,0.06376736289839288,471.02995239711254
SUPPLY,EST,IC6,private,F,False,1,940.8768296966787,0.4384015949969577,470.43841484833933
CUSTOMER,JAZ,IC3,mnc,M,False,1,939.8777974961868,0.5669863865936159,469.9388987480934
CUSTOMER,RUH,IC3,pif_backed,F,False,1,936.6968285147595,0.28874798053631373,468.3484142573798
HEALTH,JED,IC5,semigov,F,False,1,936.5432542360959,0.23485293502306093,468.27162711804795
SALES,RUH,IC3,mnc,M,False,1,936.4453736512096,0.3524519864678058,468.2226868256048
SUPPLY,RUH,D1,mnc,M,True,1,933.0125865298342,0.0669241941920695,466.5062932649171
FIN,MAD,M2,private,M,False,1,931.5530228777527,0.8070852712691169,465.77651143887635
ENG_ELEC,RUH,IC2,public,M,True,1,931.2340619226716,0.1750600350448801,465.6170309613358
EDU,TAB,M1,public,M,True,1,930.6728383436403,0.15011190240301614,465.3364191718201
ENG_CIVIL,MAK,IC6,public,M,False,1,929.8594397239667,0.648936646825453,464.92971986198336
SALES,EST,IC4,private,M,False,3,929.8190069399258,0.6921627549289746,464.9095034699629
SALES,RUH,D1,public,F,False,1,929.6796561081478,0.2848601815161036,464.8398280540739
EDU,JAZ,IC3,private,M,False,1,925.6798584385124,0.5750641814030054,462.8399292192562
HR,MAK,IC6,private,F,False,1,925.3591460399814,0.8198396782732186,462.6795730199907
DATA,RUH,IC5,public,M,False,1,924.9852622029871,0.2205425822586511,462.49263110149354
ENG_MECH,JED,M2,public,M,True,1,924.6718495888817,0.11320016883219186,462.33592479444087
DESIGN,JAZ,IC2,semigov,M,False,1,921.8636257635644,0.7693884805170232,460.9318128817822
ENG_ELEC,ASR,IC4,mnc,M,False,1,921.0776397238144,0.5115020359845633,460.5388198619072
HR,EST,IC5,public,F,True,1,920.0792963813074,0.10192168181069867,460.0396481906537
SALES,EST,M3,private,F,False,1,918.6802033879126,0.27081762816256344,459.3401016939563
ENG_ELEC,MAK,M4,semigov,M,False,1,918.1603340294187,0.14774460916902912,459.08016701470933
SALES,RUH,M2,private,M,False,1,916.9162613909036,0.5436075376065514,458.4581306954518
HEALTH,EST,IC3,semigov,F,False,1,916.8324812136414,0.8374773522416736,458.4162406068207
HEALTH,EST,IC5,semigov,M,True,1,916.7315037563421,0.06913228900084274,458.36575187817107
SALES,RUH,M2,mnc,M,False,1,916.1978619519259,0.6573257118357363,458.09893097596296
PM,RUH,IC6,semigov,M,False,1,915.1007539660109,0.24528844777369543,457.55037698300544
SUPPLY,JED,IC5,private,M,False,1,910.2914996342618,0.3155292194069989,455.1457498171309
OPS,RUH,IC6,semigov,M,False,1,910.203020778536,0.2918670425563294,455.101510389268
HEALTH,EST,M1,mnc,M,False,1,908.9240790415179,0.4648744983387716,454.46203952075894
OPS,EST,IC3,private,F,True,1,905.6287685442549,0.10697036061717079,452.8143842721274
PM,RUH,IC3,private,F,False,1,905.3695905828445,0.22352284369290779,452.68479529142223
OPS,TAB,IC3,private,M,True,2,904.8815564795796,0.1514365279629375,452.4407782397898
ENG_MECH,JED,IC4,mnc,M,True,1,904.5444367022828,0.08284410705529181,452.2722183511414
ENG_CIVIL,JED,IC6,private,M,True,1,902.6078769405103,0.057772434459527504,451.30393847025516
HEALTH,RUH,D1,startup,F,True,1,902.0612449533182,0.05463834945473684,451.0306224766591
ENG_MECH,EST,IC3,private,M,True,1,896.5055671741411,0.13304494462304922,448.25278358707055
SALES,RUH,M1,mnc,M,False,1,895.3106893629968,0.7416404449299567,447.6553446814984
SALES,QAS,IC5,semigov,M,False,1,894.8194771811977,0.8656896568480319,447.40973859059886
ENG_CIVIL,JED,IC4,startup,F,False,1,894.0562243027377,0.33709687821838563,447.0281121513689
OPS,RUH,M1,public,M,False,1,892.9368057373688,0.4560088613434249,446.4684028686844
SWE,EST,IC3,semigov,F,False,1,890.4469874333761,0.5211542117199164,445.22349371668804
FIN,MAD,M1,public,M,True,1,889.0439693332883,0.12506025857523614,444.52198466664413
EDU,MAK,IC4,private,F,True,1,888.3270468857281,0.16571256581742053,444.16352344286406
PM,RUH,M1,pif_backed,M,True,1,887.4568833166504,0.07045230319874697,443.7284416583252
HEALTH,JED,IC3,pif_backed,F,False,1,887.3737884715131,0.3332329716996936,443.68689423575654
CUSTOMER,RUH,IC4,semigov,M,True,2,884.7785438466508,0.09082972595710638,442.3892719233254
SWE,RUH,IC1,startup,M,True,1,883.510408057432,0.17476509286015723,441.755204028716
OPS,EST,IC3,pif_backed,M,False,1,882.2192610053683,0.3111991691338902,441.1096305026841
ENG_MECH,RUH,D1,public,M,False,1,881.4289292751082,0.15451852905392863,440.7144646375541
DATA,TAB,IC2,mnc,M,True,1,881.366408881474,0.19986142002321403,440.683204440737
ENG_MECH,JED,IC6,private,M,False,1,879.3168004013073,0.4169003473067525,439.65840020065366
SWE,JED,IC4,public,M,False,2,878.0913756080807,0.4897242469485622,439.04568780404037
SWE,QAS,IC5,private,F,False,1,876.5343280658376,0.3266248865613294,438.2671640329188
ENG_CIVIL,EST,M3,semigov,M,True,1,874.2314348724103,0.059337907470337944,437.11571743620516
ENG_MECH,EST,IC4,private,M,False,2,874.0389720927747,0.6649162728188027,437.0194860463873
SALES,MAD,IC3,public,M,True,2,873.3585362765057,0.14127396682055193,436.67926813825284
HEALTH,EST,IC4,mnc,F,True,1,867.3673356900017,0.10320386258997345,433.68366784500085
MARKETING,RUH,IC2,private,F,True,1,866.38947278045,0.17869612093267978,433.194736390225
EDU,RUH,M3,public,F,False,1,864.6520201142434,0.3645740624608999,432.3260100571217
SALES,EST,IC3,mnc,M,True,1,864.2030561997053,0.10610786179817173,432.10152809985266
MARKETING,EST,IC3,startup,M,True,1,862.9832487531521,0.17301097736564777,431.49162437657606
OPS,EST,IC5,semigov,F,False,1,861.3894842739999,0.5703602316780695,430.69474213699993
ENG_MECH,TAB,IC2,private,M,False,1,859.9454395547159,0.6936877006499732,429.97271977735795
HEALTH,RUH,M2,startup,F,False,1,858.6093688018095,0.25003117814178055,429.30468440090476
CUSTOMER,RUH,IC4,private,F,False,2,858.4780912809314,0.5769010993339284,429.2390456404657
SALES,QAS,IC5,public,M,False,1,856.9537294545873,0.7678339514406521,428.4768647272937
HEALTH,JAZ,M2,private,F,False,1,856.0805704975614,0.3200590048180487,428.0402852487807
ENG_CIVIL,MAD,IC5,semigov,M,False,1,853.386177335281,0.34679553157953585,426.6930886676405
HR,NJR,IC3,mnc,F,True,1,852.9281494255338,0.15053067018644273,426.4640747127669
DATA,EST,IC2,private,M,True,1,852.1349339366061,0.16569343424440616,426.06746696830305
HR,RUH,IC3,public,F,True,1,852.0478317983416,0.07890372546872255,426.0239158991708
PM,RUH,IC4,public,F,False,1,851.0204784419902,0.24994120505937423,425.5102392209951
OPS,JED,IC5,public,F,False,1,849.611661310397,0.7304027177062682,424.8058306551985
PM,JED,IC1,private,F,True,1,846.7468778596385,0.16820324125338632,423.37343892981926
EDU,EST,VP,semigov,F,False,1,845.7785402062555,0.11237808206109012,422.8892701031277
CUSTOMER,RUH,IC3,startup,F,False,1,844.6967325243102,0.7998583726205466,422.3483662621551
HR,EST,IC3,private,F,False,1,844.1304470541229,0.35994993525482455,422.06522352706145
ENG_ELEC,RUH,M1,public,M,True,1,840.704841489026,0.12285481528994908,420.352420744513
HEALTH,EST,IC5,private,F,False,1,839.0877043982641,0.20858953127896904,419.54385219913206
EDU,EST,M3,public,M,True,1,837.1784597176375,0.09251619931912068,418.5892298588187
SUPPLY,MAK,IC2,mnc,M,True,1,836.6745115945532,0.12421322101233542,418.3372557972766
CUSTOMER,RUH,IC3,mnc,M,False,1,836.3046572406852,0.48382276864397356,418.1523286203426
PM,EST,IC3,mnc,M,False,1,835.4806325792929,0.2550728692481814,417.74031628964644
ENG_MECH,HAI,M1,private,M,True,1,833.630045803061,0.1467377804014463,416.8150229015305
PM,BAH,IC4,semigov,M,True,1,831.0688243503719,0.12710990125657165,415.53441217518593
FIN,JED,IC3,private,M,True,1,824.5387270920364,0.11103525798749339,412.2693635460182
HEALTH,NJR,IC6,private,F,False,1,824.0871010545729,0.46510948942590963,412.04355052728647
SALES,RUH,IC6,private,M,False,2,817.3615188655456,0.5794614713317774,408.6807594327728
CUSTOMER,EST,D1,public,F,False,1,815.8536287690345,0.4889062952894856,407.92681438451723
ENG_MECH,MAK,VP,private,M,True,1,814.6682044916015,0.03713942333329477,407.33410224580075
CUSTOMER,JED,IC6,public,F,True,1,812.9684509148938,0.060441132768769786,406.4842254574469
CUSTOMER,RUH,IC3,startup,M,True,1,812.2757857701918,0.13356328888624291,406.1378928850959
HEALTH,JED,IC4,pif_backed,F,False,1,811.2183318360721,0.24581461313613379,405.60916591803607
CUSTOMER,RUH,IC4,mnc,F,False,1,810.8213573781732,0.39618800853078656,405.4106786890866
DESIGN,QAS,IC3,public,F,False,1,810.698514150632,0.32763261183620795,405.349257075316
ENG_CIVIL,RUH,M4,semigov,M,False,1,809.1467673370298,0.21781137127178335,404.5733836685149
HR,EST,D3,startup,F,False,1,805.1364546761288,0.12448235172733346,402.5682273380644
HEALTH,JAZ,IC6,semigov,F,False,1,805.1118578614733,0.30310905452431103,402.5559289307366
FIN,RUH,IC3,semigov,F,True,1,803.8478881799856,0.09837830221806132,401.9239440899928
LEGAL,TAB,IC2,private,M,True,1,803.2304140088045,0.12070041890927599,401.61520700440224
OPS,ASR,IC5,mnc,M,False,1,802.7864114944721,0.492584271793149,401.39320574723604
EDU,JED,IC6,private,F,True,1,799.8573683650975,0.086571753250958,399.92868418254875
SALES,RUH,IC5,private,M,False,4,799.2785358116987,0.3099693595307122,399.63926790584935
DATA,MAK,IC3,private,F,False,1,798.2428667526274,0.271991791741864,399.1214333763137
CUSTOMER,RUH,M5,private,F,True,1,795.8222887958545,0.07051667158769857,397.9111443979273
HEALTH,QAS,M2,private,F,True,1,792.5997689792057,0.08087831369536615,396.29988448960285
HEALTH,RUH,M2,private,F,False,1,792.2012430195168,0.17757973452816603,396.1006215097584
OPS,ASR,IC2,private,M,False,1,791.3911082523705,0.6589422302628527,395.69555412618524
OPS,RUH,M1,private,M,False,3,790.0837448306116,0.45959490757989374,395.0418724153058
SALES,JED,M3,mnc,F,False,1,789.9735492584123,0.29518298018313555,394.98677462920614
EDU,RUH,IC4,private,M,False,1,789.911285756393,0.289023897723518,394.9556428781965
FIN,RUH,IC1,private,F,False,1,787.6312833205807,0.7623782356215507,393.81564166029034
PM,NOR,M3,public,M,False,1,787.2915766776191,0.2029718587843164,393.64578833880955
DESIGN,RUH,IC3,semigov,F,False,1,787.2873701448236,0.3067173222518077,393.6436850724118
DESIGN,MAK,M1,private,M,True,1,786.9580735320587,0.1283540822066168,393.47903676602937
EDU,MAD,IC4,startup,F,True,1,786.6439137517291,0.12262232442783336,393.32195687586454
SALES,TAB,IC5,public,M,False,2,786.021406052816,0.7138891919631852,393.010703026408
SALES,TAB,M1,private,F,True,1,785.8113026898118,0.13068725852368454,392.9056513449059
OPS,RUH,M3,private,F,True,1,782.3820261300734,0.06104972928808375,391.1910130650367
ENG_MECH,RUH,IC5,private,M,False,2,781.4282733286902,0.19244203289629125,390.7141366643451
ENG_CIVIL,EST,IC4,private,M,False,3,781.3719551564521,0.3031777800449879,390.6859775782261
HEALTH,RUH,IC3,startup,F,False,1,780.407557165837,0.7375806199944127,390.2037785829185
HR,QAS,IC3,private,F,True,1,778.6801194755799,0.14793743998261477,389.34005973778994
SWE,ASR,IC4,private,M,False,1,774.4923231036423,0.6282901765352203,387.24616155182116
MARKETING,NJR,IC3,pif_backed,F,False,1,774.4790712533438,0.7282671521295053,387.2395356266719
ENG_MECH,EST,IC4,private,F,False,1,773.7339969661366,0.2135811249625025,386.8669984830683
HR,RUH,D2,private,F,False,1,773.1029129680292,0.14425128091662678,386.5514564840146
ENG_CIVIL,RUH,M3,startup,M,False,1,771.4976178923885,0.34500182354311,385.74880894619423
FIN,EST,M2,mnc,F,False,1,770.8586297685106,0.30188318759006133,385.4293148842553
HR,QAS,IC4,private,F,False,1,769.0518408516923,0.7308830640063566,384.52592042584615
ENG_ELEC,RUH,IC4,private,M,False,2,766.0342805548438,0.28699103987113667,383.0171402774219
MARKETING,RUH,M2,semigov,M,False,1,765.2945686162866,0.2425037835874442,382.6472843081433
EDU,RUH,IC4,private,F,True,5,765.0577062631576,0.09982937172660443,382.5288531315788
ENG_CIVIL,NOR,CXO,mnc,F,False,1,764.9757414094183,0.11217742772101072,382.48787070470917
DESIGN,EST,IC3,private,M,False,1,763.6960792724467,0.7170555385131561,381.84803963622335
PM,EST,IC3,private,M,False,1,758.9454649694185,0.39555027648316876,379.47273248470924
SUPPLY,ASR,IC4,semigov,M,False,1,758.7140057323213,0.6795867207781535,379.35700286616066
SUPPLY,EST,M2,public,M,False,1,758.0879567663092,0.2294942326078211,379.0439783831546
FIN,MAD,D1,private,M,False,1,757.9225016236269,0.2738813840968121,378.96125081181344
DATA,JAZ,IC5,public,M,True,1,757.2983587402605,0.08597689516971786,378.64917937013024
CUSTOMER,BAH,M2,private,F,False,1,756.9657508699145,0.37007167806983426,378.48287543495724
ENG_ELEC,RUH,IC3,public,M,True,2,756.5209969807529,0.10695150128082304,378.26049849037645
MARKETING,RUH,IC4,public,F,True,1,755.6061117941254,0.109752183501622,377.8030558970627
FIN,EST,IC3,semigov,M,False,1,752.7523976583643,0.5679700047562524,376.37619882918216
HEALTH,EST,M1,pif_backed,F,True,1,752.4060702856314,0.06655650423664874,376.2030351428157
ENG_MECH,EST,M1,public,M,False,1,751.2982048440426,0.2611511522737534,375.6491024220213
PM,JED,IC4,private,M,False,1,750.477783784741,0.28124417199614316,375.2388918923705
SWE,RUH,IC6,pif_backed,M,False,1,748.8843508198524,0.16475737724823913,374.4421754099262
SALES,RUH,IC4,private,F,False,1,748.799004712618,0.4561825948518932,374.399502356309
SWE,RUH,IC3,semigov,M,False,3,745.7138570154167,0.29359079433397334,372.85692850770835
HEALTH,JED,IC4,private,F,False,1,745.3467983846945,0.5277255005478785,372.67339919234723
DESIGN,ASR,IC5,mnc,M,False,1,743.0697531437063,0.3154467910646638,371.53487657185315
ENG_ELEC,EST,IC3,private,M,True,2,742.4984158155344,0.11568052752519599,371.2492079077672
LEGAL,ASR,IC4,private,M,False,1,742.2582233778919,0.44252951597845636,371.12911168894595
FIN,JED,M2,private,F,True,1,742.0730425183356,0.0409449383921442,371.0365212591678
CUSTOMER,MAD,D1,pif_backed,F,False,1,740.3460975332828,0.19990114455222882,370.1730487666414
ENG_ELEC,RUH,M3,public,M,False,1,739.5010436386401,0.25084071278322795,369.75052181932006
MARKETING,RUH,M1,pif_backed,F,False,1,739.1595902183267,0.6590844234583425,369.57979510916334
CUSTOMER,TAB,IC5,public,F,True,1,739.071663746653,0.10072962784955962,369.5358318733265
OPS,RUH,IC4,private,F,False,1,736.5755132636236,0.25040365794170777,368.2877566318118
ENG_MECH,EST,IC4,semigov,M,True,1,735.3030726725947,0.08849637555106885,367.65153633629734
DESIGN,RUH,IC3,private,M,False,1,731.688442712024,0.45161675552219827,365.844221356012
DESIGN,RUH,IC3,public,M,False,1,731.1079568217656,0.2669322779763977,365.5539784108828
HEALTH,BAH,D2,private,M,False,1,731.0892133822749,0.2004101647391767,365.54460669113746
ENG_MECH,RUH,IC4,private,M,False,1,730.7693280864987,0.3719825401472329,365.38466404324936
HR,RUH,IC5,private,F,True,1,730.2777010830359,0.059648712072383384,365.13885054151797
FIN,QAS,M3,private,M,False,1,729.4312630260447,0.3421754648507898,364.71563151302234
OPS,EST,IC2,private,F,False,1,728.420904963652,0.676994968587301,364.210452481826
PM,MAD,IC4,private,F,True,1,724.4659974245615,0.0915280414770189,362.23299871228073
SWE,JED,IC4,private,M,False,1,723.622065915908,0.23832237535568182,361.811032957954
ENG_ELEC,JED,IC3,pif_backed,M,True,1,723.5968586822055,0.08810693774710496,361.79842934110275
HEALTH,ASR,IC3,private,M,True,1,723.4015835658593,0.11395659239029271,361.7007917829296
FIN,MAD,D1,public,M,True,1,722.2403833303488,0.0681446377528881,361.1201916651744
SWE,EST,M2,private,M,False,1,720.2177816802964,0.2834719750662554,360.1088908401482
LEGAL,HAI,IC5,private,F,True,1,717.7474262337273,0.052553547657431414,358.87371311686366
ENG_CIVIL,EST,M4,public,M,False,1,717.2409063833716,0.2261925731454114,358.6204531916858
ENG_ELEC,JAZ,IC3,private,M,False,2,716.7678714107698,0.508714210106429,358.3839357053849
OPS,RUH,M1,private,F,False,1,716.4712498152767,0.5059739906489045,358.23562490763834
FIN,EST,M1,private,F,False,1,715.9211262848062,0.30355736868334265,357.9605631424031
SALES,RUH,IC5,mnc,F,False,1,714.7499875516321,0.35490671027054804,357.37499377581605
CUSTOMER,EST,IC6,private,M,True,1,713.5722818244658,0.133428642793749,356.7861409122329
SUPPLY,RUH,IC5,pif_backed,F,False,1,713.3542728598109,0.5810310481911628,356.67713642990543
OPS,MAD,IC4,private,M,False,1,712.8867844027759,0.2845518864379707,356.44339220138795
DESIGN,RUH,M2,private,F,False,1,709.4417360246098,0.16354435892689226,354.7208680123049
DATA,HAI,IC4,pif_backed,M,False,1,707.7735803307287,0.21919985098568603,353.88679016536435
MARKETING,RUH,M3,semigov,F,False,1,707.4552516982267,0.19150944131636674,353.72762584911334
ENG_CIVIL,RUH,IC4,mnc,M,True,1,706.10045743926,0.08307368468482838,353.05022871963
FIN,RUH,M4,semigov,F,True,1,703.9727108354782,0.02381294273912222,351.9863554177391
OPS,RUH,IC3,public,M,False,1,702.6881328999286,0.5095861946422127,351.3440664499643
SALES,RUH,IC5,pif_backed,M,False,2,697.8523119427108,0.35660757355562556,348.9261559713554
FIN,RUH,M3,pif_backed,M,False,1,697.2672984389665,0.1849616644844648,348.63364921948323
LEGAL,EST,M1,private,M,False,1,696.1807838085119,0.2193852834251292,348.09039190425597
EDU,RUH,IC4,public,M,True,1,695.3910746395204,0.11207927868267467,347.6955373197602
SALES,RUH,M4,mnc,M,True,1,695.3622159564766,0.04103959212300412,347.6811079782383
SALES,RUH,IC5,private,F,False,1,691.6517227807258,0.3491344089391135,345.8258613903629
EDU,JED,IC4,private,F,True,1,691.5528794086495,0.14968473527778237,345.77643970432473
PM,JAZ,IC2,public,M,True,1,690.336549730484,0.15081254671706776,345.168274865242
SWE,MAD,IC4,private,M,False,1,689.7371114474106,0.43053793293467424,344.8685557237053
MARKETING,JED,IC5,public,F,False,1,689.156065850173,0.2263132148719162,344.5780329250865
HEALTH,ASR,IC4,private,F,True,1,687.8043642840521,0.10590274202444803,343.90218214202605
CUSTOMER,JED,IC3,mnc,F,True,1,685.3537209050046,0.0781226521212903,342.6768604525023
MARKETING,JED,IC5,semigov,M,False,1,684.8990931597486,0.31846906133960623,342.4495465798743
ENG_ELEC,RUH,M1,private,M,True,1,683.7145162917832,0.08818260912798204,341.8572581458916
SALES,EST,M2,private,F,False,3,681.7072202670665,0.17786910185737448,340.85361013353327
DATA,JED,IC4,semigov,F,False,1,681.4136868261212,0.22287538146857946,340.7068434130606
ENG_ELEC,RUH,IC2,semigov,M,True,1,681.1533518145088,0.10009581657389781,340.5766759072544
SWE,EST,M1,pif_backed,M,False,2,679.5787916874058,0.13145715675195768,339.7893958437029
OPS,BAH,IC3,pif_backed,F,True,1,679.0788488875969,0.08838243350820588,339.53942444379845
FIN,JED,IC5,public,M,True,1,678.670673491737,0.05812868733626866,339.3353367458685
OPS,JED,M2,private,M,False,1,677.8857034222224,0.21098747921094493,338.9428517111112
OPS,EST,M1,private,M,False,2,676.5745233008306,0.43616142840136124,338.2872616504153
HEALTH,RUH,IC5,semigov,F,False,3,676.4892820731125,0.17522167981181228,338.24464103655623
SWE,EST,IC3,public,F,True,1,676.2319435038771,0.07275564393811998,338.11597175193856
HEALTH,EST,M4,mnc,M,False,1,675.2311577208302,0.1445686453289941,337.6155788604151
OPS,RUH,IC6,private,M,False,2,674.3422576894775,0.4516920811102352,337.17112884473875
OPS,EST,M2,public,M,False,1,671.4299877227811,0.43717377939867286,335.71499386139055
HR,JED,IC4,mnc,F,False,1,670.7946486438352,0.48269732116930447,335.3973243219176
ENG_MECH,EST,IC3,semigov,F,False,1,670.0063680233852,0.27894049438971774,335.0031840116926
HEALTH,JED,IC4,private,M,False,4,668.5356806267928,0.2285696923390615,334.2678403133964
LEGAL,MAK,IC4,public,F,True,1,668.0446637292316,0.08560515535475026,334.0223318646158
EDU,RUH,IC4,public,F,True,1,666.9535109038388,0.09453193477006105,333.4767554519194
MARKETING,RUH,IC3,private,M,False,2,666.8042848473339,0.20292153531191012,333.40214242366693
CUSTOMER,RUH,IC4,public,F,False,1,666.2427966361636,0.3382729592312786,333.1213983180818
PM,EST,M1,private,F,False,1,665.137686658738,0.1396359660969656,332.568843329369
DATA,JED,IC4,semigov,M,False,1,664.1383774251813,0.23198614677101814,332.06918871259063
CUSTOMER,RUH,IC5,public,F,True,1,663.277063285379,0.05749341123862768,331.6385316426895
CUSTOMER,EST,IC5,private,F,False,1,661.4107155945899,0.2707027510569199,330.70535779729494
DESIGN,RUH,IC5,private,M,True,1,658.6123919866841,0.05387222261750192,329.30619599334204
DATA,MAK,IC3,public,F,True,1,658.3121127223585,0.06569848519169573,329.15605636117925
MARKETING,NJR,D3,pif_backed,M,False,1,658.1909329926284,0.08809603595334203,329.0954664963142
SWE,EST,IC3,private,M,False,1,653.546591099506,0.3466281266402005,326.773295549753
LEGAL,QAS,M1,semigov,F,False,1,652.6796779035144,0.2089486376480949,326.3398389517572
HEALTH,RUH,IC3,private,F,False,2,652.1942351869842,0.22126200009779573,326.0971175934921
EDU,EST,IC2,pif_backed,F,True,1,649.8788872040577,0.1352924908853079,324.93944360202886
ENG_ELEC,RUH,M2,semigov,M,False,1,649.3033284092921,0.23489074906764051,324.65166420464607
EDU,QAS,D1,mnc,F,True,1,648.5186524004184,0.050082763449592685,324.2593262002092
PM,EST,M4,private,M,True,1,647.5765642866536,0.030351990729092,323.7882821433268
OPS,EST,IC4,public,M,True,1,647.511502827092,0.0636015049771753,323.755751413546
MARKETING,TAB,D1,public,M,False,1,645.9162471723289,0.15972202738064392,322.95812358616445
MARKETING,JAZ,D1,pif_backed,F,False,1,645.8414955987191,0.13932320234627232,322.92074779935956
HEALTH,BAH,IC4,private,F,True,1,645.0448725477854,0.11720499413847643,322.5224362738927
SUPPLY,EST,IC6,private,M,False,1,644.2640649826792,0.4078824067057196,322.1320324913396
EDU,JED,D1,semigov,F,False,1,644.0763899236244,0.1432295249749583,322.0381949618122
CUSTOMER,BAH,M1,startup,M,True,1,643.7283651321968,0.09285588111191753,321.8641825660984
ENG_MECH,EST,IC4,public,M,False,1,643.1618899769969,0.3515027953772627,321.58094498849846
ENG_CIVIL,EST,M1,public,M,False,1,642.1114818878775,0.28189088832635634,321.05574094393876
SWE,HAI,M4,private,M,False,1,641.2755845777383,0.14403485859549944,320.63779228886915
FIN,EST,M1,mnc,F,False,1,641.2416748020892,0.2759754203057609,320.6208374010446
MARKETING,JED,IC4,semigov,F,False,1,640.9715460203579,0.3856357861235306,320.48577301017895
FIN,EST,IC3,private,M,False,1,640.8114922826205,0.4669553601035372,320.40574614131026
ENG_CIVIL,RUH,M3,private,M,False,2,639.9229013147976,0.24299076539082903,319.9614506573988
FIN,RUH,IC5,private,F,True,1,636.224539176319,0.04463173897381613,318.1122695881595
LEGAL,RUH,IC3,private,M,False,2,635.8395832705712,0.4090992601926931,317.9197916352856
CUSTOMER,ASR,M2,mnc,F,False,1,635.8052883715402,0.5663302597446591,317.9026441857701
OPS,RUH,IC4,public,M,False,1,635.496791556953,0.29819229251484464,317.7483957784765
ENG_ELEC,RUH,IC3,private,M,False,1,634.8634647156919,0.18980637897887317,317.43173235784593
MARKETING,MAK,IC4,public,M,False,1,634.2884757669012,0.4247281667951184,317.1442378834506
ENG_MECH,NJR,IC4,semigov,M,True,1,634.0234798184256,0.11939357652412062,317.0117399092128
SUPPLY,QAS,D1,private,F,False,1,633.1015267539651,0.15391499750641607,316.55076337698256
OPS,EST,M1,pif_backed,M,True,1,633.0991946026206,0.06524104631142859,316.5495973013103
CUSTOMER,RUH,IC6,pif_backed,F,False,1,632.1664685242497,0.37358395465049876,316.08323426212485
OPS,RUH,IC2,startup,F,True,1,632.1001018167435,0.11821999221270187,316.05005090837176
EDU,RUH,M4,private,F,True,1,630.9394444095724,0.04603389947199957,315.4697222047862
SWE,TAB,IC5,public,M,False,1,630.6083838490831,0.2179940181710834,315.30419192454156
HR,RUH,M1,public,F,True,3,630.587890412291,0.0759143045448274,315.2939452061455
ENG_MECH,EST,IC2,private,M,True,1,628.0967028501809,0.09145703220568861,314.04835142509046
OPS,RUH,M2,semigov,M,False,1,626.8291962640383,0.27210496614097635,313.41459813201914
HR,RUH,IC4,public,M,True,1,625.4547536942182,0.09346758275201088,312.7273768471091
PM,NJR,IC3,private,M,False,2,625.4430593179858,0.25986785428282166,312.7215296589929
OPS,JED,IC4,private,M,False,1,624.4044976358696,0.43981852430829116,312.2022488179348
HR,ASR,IC5,mnc,F,False,1,623.8809317284279,0.45510917508213994,311.94046586421393
HEALTH,TAB,IC4,private,M,False,1,620.1087867875949,0.5771820399554723,310.05439339379745
EDU,NOR,M3,public,M,True,1,619.6998199188365,0.059832607840985486,309.84990995941826
DATA,RUH,M1,private,M,False,2,619.3057583417885,0.14741783896820276,309.65287917089427
HEALTH,RUH,IC6,semigov,F,True,1,618.9604257448264,0.03746061829147773,309.4802128724132
ENG_CIVIL,RUH,IC4,pif_backed,M,False,1,618.6868621307233,0.45307167244657004,309.34343106536164
HR,EST,M2,private,M,False,1,618.482835015966,0.297102481645962,309.241417507983
FIN,RUH,IC4,private,M,False,1,618.0361732863246,0.3575912840139909,309.0180866431623
MARKETING,ASR,M1,private,F,True,1,617.7318283439017,0.0691766108427917,308.86591417195086
HEALTH,RUH,IC4,pif_backed,M,False,1,617.3117080120596,0.3602340942037059,308.6558540060298
EDU,MAK,M1,public,M,True,1,615.4515461231431,0.08931461844138609,307.72577306157154
HEALTH,RUH,IC3,private,M,False,2,615.3125604069194,0.33056925546863536,307.6562802034597
ENG_ELEC,EST,IC1,private,F,False,1,613.4428744201318,0.5058415906877413,306.7214372100659
SWE,EST,IC3,semigov,M,False,2,612.0487250767027,0.3584739819904894,306.02436253835134
HEALTH,RUH,IC4,private,M,False,4,610.4238347466699,0.2579178328843721,305.2119173733349
ENG_MECH,MAK,IC5,private,M,False,1,610.0447203181866,0.11247990530637754,305.0223601590933
OPS,MAD,IC3,public,M,False,1,609.8967637558403,0.3163125060324795,304.94838187792016
EDU,MAK,IC3,semigov,F,True,2,609.0579703413628,0.09754900994620133,304.5289851706814
ENG_CIVIL,EST,IC3,mnc,M,True,1,607.7663721801264,0.11809128152660815,303.8831860900632
HR,RUH,IC3,semigov,F,False,1,605.0467263098549,0.2703585531803226,302.52336315492744
HEALTH,HAI,IC4,startup,M,False,1,603.7699773468521,0.28260642583346923,301.88498867342605
ENG_CIVIL,RUH,M1,private,M,True,1,603.6794705726543,0.09379739899137948,301.83973528632714
HEALTH,JED,IC5,private,F,False,1,603.3350267102594,0.3905545748705996,301.6675133551297
OPS,EST,M1,private,F,False,1,602.8586056451184,0.2452116799860469,301.4293028225592
EDU,TAB,IC4,pif_backed,F,False,1,602.8432891680293,0.566073195722481,301.42164458401464
SWE,TAB,IC3,semigov,M,False,1,601.1073016392063,0.33026660215101156,300.55365081960315
FIN,JED,IC3,public,F,True,2,600.3583086812655,0.08121668693192455,300.17915434063275
HR,ASR,M1,semigov,F,False,1,599.9615521922588,0.41702191806313094,299.9807760961294
CUSTOMER,RUH,M4,mnc,F,True,1,599.7292198530504,0.035609422546257694,299.8646099265252
HEALTH,MAD,IC5,public,F,False,1,598.6481456292495,0.17849412357208694,299.32407281462474
ENG_ELEC,TAB,M2,private,M,True,1,596.812343247062,0.06516175014111607,298.406171623531
SUPPLY,JED,M1,public,M,False,1,596.0493482355998,0.27426688330602356,298.0246741177999
MARKETING,RUH,IC4,public,F,False,1,595.0479238257506,0.26032913900946614,297.5239619128753
ENG_ELEC,JED,IC4,private,F,False,1,592.9912392207909,0.2820059283152943,296.49561961039547
HEALTH,RUH,IC3,pif_backed,M,False,1,591.3723887077731,0.2243549194275141,295.68619435388655
MARKETING,RUH,IC3,semigov,M,True,1,590.7103291127396,0.07960633077193846,295.3551645563698
LEGAL,EST,IC2,private,F,False,1,590.0078246793616,0.3864236992377149,295.0039123396808
SALES,RUH,IC2,private,M,True,1,583.596655209416,0.09664095263588654,291.798327604708
SWE,RUH,IC4,semigov,M,False,3,583.0772435990558,0.1338408218136847,291.5386217995279
PM,EST,IC5,public,M,True,1,581.5097412847445,0.06504425529984886,290.7548706423722
PM,RUH,IC4,private,F,False,2,580.8741236269198,0.22378447360755116,290.4370618134599
SUPPLY,ASR,IC5,pif_backed,M,False,1,579.8550556644218,0.33779591009449633,289.9275278322109
EDU,RUH,IC4,mnc,M,False,1,579.5487412639482,0.32010218529009615,289.7743706319741
SUPPLY,QAS,IC4,private,M,False,1,578.5601522306067,0.3416305085846332,289.28007611530336
HR,EST,M1,public,M,False,1,577.8293812706572,0.2521710929344979,288.9146906353286
SUPPLY,JAZ,IC3,private,M,True,1,577.8053892500611,0.10016331732017607,288.90269462503056
ENG_CIVIL,RUH,IC4,public,M,False,1,577.6007837052357,0.5584871188444621,288.80039185261785
MARKETING,RUH,M3,mnc,F,False,2,575.0730373736164,0.0956601829233512,287.5365186868082
CUSTOMER,NOR,IC4,semigov,F,False,1,575.0324269626681,0.20663077758123663,287.51621348133403
SALES,EST,IC4,startup,M,False,1,573.5204074039866,0.4722478081196321,286.7602037019933
MARKETING,TAB,IC5,private,F,False,1,571.423578177318,0.25172894272450236,285.711789088659
OPS,MAK,IC5,private,M,True,1,570.8451857534947,0.06946932482069657,285.42259287674733
SWE,RUH,IC2,private,F,True,1,570.1125246609836,0.08344477886742635,285.0562623304918
ENG_ELEC,RUH,M2,mnc,M,False,1,569.5682414091198,0.20620828112746464,284.7841207045599
SALES,BAH,IC4,startup,F,False,1,569.3809224694012,0.5316779356956747,284.6904612347006
FIN,RUH,IC3,private,M,True,2,569.3703485791602,0.060785881730005195,284.6851742895801
EDU,RUH,IC4,private,F,False,2,567.5755372136191,0.4967834856272945,283.78776860680955
SALES,EST,IC5,private,M,False,3,567.2528805010348,0.17072108369541283,283.6264402505174
ENG_CIVIL,TAB,IC5,private,M,False,1,566.7778509101493,0.4011156071843094,283.3889254550746
SUPPLY,BAH,IC3,public,M,False,1,566.7738762630888,0.31227313064942847,283.3869381315444
CUSTOMER,EST,IC4,semigov,M,False,1,565.270011577044,0.19587381193271192,282.635005788522
ENG_MECH,RUH,M3,semigov,M,False,1,564.10788658703,0.1845102953081377,282.053943293515
HEALTH,JED,IC3,semigov,F,True,2,563.9115032209565,0.08785076802191927,281.9557516104783
PM,EST,IC6,private,M,True,1,563.5712690254004,0.031119388491955516,281.7856345127002
ENG_ELEC,MAD,D1,private,M,False,1,562.01474345724,0.08881552133770076,281.00737172862
HEALTH,EST,IC3,public,M,False,1,561.7958429465011,0.2990990364114253,280.89792147325056
SALES,MAK,IC6,semigov,M,False,1,561.6186806460885,0.3570918839658637,280.80934032304424
FIN,MAK,IC4,private,F,False,1,559.9269895231962,0.5108733381965754,279.9634947615981
ENG_ELEC,RUH,IC5,private,M,False,1,557.4450610943145,0.30008558527959067,278.72253054715725
SWE,QAS,IC3,semigov,M,False,1,554.1086900246378,0.46172279533355703,277.0543450123189
SUPPLY,JED,IC4,public,M,True,1,550.7641131811715,0.07809345816237175,275.38205659058576
SALES,RUH,IC4,mnc,M,False,2,549.4521880965876,0.33608049821782243,274.7260940482938
SALES,JAZ,IC3,semigov,F,False,1,549.2692855604259,0.3466822637386235,274.63464278021297
FIN,RUH,IC6,private,F,False,1,547.8218324758213,0.22563111119939225,273.91091623791067
SWE,EST,IC4,pif_backed,M,False,2,547.361058361812,0.13606132325310602,273.680529180906
ENG_MECH,MAK,M3,semigov,M,False,1,547.2790690352795,0.12421289480739792,273.63953451763973
MARKETING,HAI,IC4,private,F,False,1,543.1526415664885,0.40961378481920946,271.5763207832442
DESIGN,EST,IC2,public,F,False,1,540.4820266213437,0.29100154194028005,270.24101331067186
SWE,JED,IC3,private,M,False,1,540.0127665605751,0.18608288256336258,270.00638328028754
ENG_ELEC,JED,IC3,private,F,True,1,537.1354623312809,0.07246876669553508,268.56773116564045
HEALTH,RUH,IC4,startup,M,False,1,536.7836881620456,0.1779878992633573,268.3918440810228
HR,TAB,IC5,public,F,True,1,535.6670550643021,0.07584392057841617,267.83352753215104
SWE,QAS,IC4,private,M,False,1,535.4033985210867,0.2819205972916411,267.70169926054336
OPS,EST,M5,mnc,M,False,1,535.156951328855,0.10110520759575209,267.5784756644275
HEALTH,JED,M2,mnc,M,False,1,533.8360712557155,0.13891579605471172,266.91803562785776
CUSTOMER,RUH,IC6,pif_backed,F,True,1,533.815245303751,0.030545865113818637,266.9076226518755
SWE,MAK,IC3,private,M,False,2,533.2351037846258,0.3132940088641748,266.6175518923129
ENG_CIVIL,ASR,M1,public,M,True,1,532.634041949279,0.1050298013339442,266.3170209746395
HEALTH,RUH,M1,private,F,False,2,532.5472322023896,0.2635642779810722,266.2736161011948
MARKETING,ASR,IC3,semigov,F,False,1,532.2317243613902,0.4699812909891371,266.1158621806951
SWE,TAB,M1,public,F,True,1,531.8719001403406,0.05783605286893119,265.9359500701703
SWE,RUH,IC6,semigov,M,True,1,527.7061019212633,0.02814168971840026,263.85305096063166
SWE,JED,M3,semigov,F,False,1,524.5478058324252,0.07460087297251373,262.2739029162126
ENG_CIVIL,JED,IC5,pif_backed,M,False,1,522.61215267753,0.16125723242604728,261.306076338765
HEALTH,RUH,IC4,mnc,M,False,3,522.4327596627799,0.24287457267551218,261.21637983138993
ENG_ELEC,ASR,IC4,public,M,True,1,520.0330434175921,0.117400375397166,260.01652170879606
FIN,ASR,IC2,private,F,False,1,519.690366125752,0.3833121271162733,259.845183062876
ENG_CIVIL,RUH,IC5,private,M,False,1,519.3891783525828,0.3070975346780531,259.6945891762914
SUPPLY,EST,M2,private,F,False,1,519.2127308808158,0.14680449377858235,259.6063654404079
SWE,RUH,M1,startup,M,False,1,518.5188836945199,0.2760419079152597,259.25944184725995
OPS,BAH,IC4,public,M,False,1,517.3216977052939,0.26246216646196013,258.66084885264695
HEALTH,NOR,IC5,private,M,False,1,516.6671058909624,0.3038309563893682,258.3335529454812
ENG_CIVIL,MAK,D1,private,M,False,1,516.1866012788205,0.06914489141294922,258.09330063941024
CUSTOMER,JED,IC5,private,F,False,1,513.7769414288948,0.4872281895495834,256.8884707144474
DATA,EST,IC3,private,M,False,1,512.6199527276008,0.2092156908859067,256.3099763638004
MARKETING,TAB,IC2,private,F,True,1,512.4242261070849,0.08297968379353633,256.21211305354245
HEALTH,RUH,IC4,public,F,False,4,512.2711679722345,0.16110352057141164,256.13558398611724
SUPPLY,EST,M1,semigov,M,False,1,510.4852280966825,0.2955152415692361,255.24261404834124
PM,ASR,D2,private,F,False,1,508.11707206143456,0.06500839841804062,254.05853603071728
HEALTH,RUH,IC4,private,F,False,9,504.1142868733447,0.287714424601603,252.05714343667236
CUSTOMER,RUH,IC5,semigov,F,False,1,503.0436591502323,0.20931019544802654,251.52182957511616
EDU,JED,IC6,pif_backed,F,False,1,502.72439934622525,0.13241086253785941,251.36219967311263
HR,RUH,IC3,private,F,True,1,502.178865990194,0.05673932975785598,251.089432995097
ENG_CIVIL,ASR,M1,private,M,False,1,502.0266666921061,0.34484801521681485,251.01333334605306
CUSTOMER,RUH,IC4,pif_backed,F,False,1,500.0769286390098,0.3843639824782909,250.0384643195049
ENG_ELEC,JED,M2,startup,F,False,1,499.94026881014406,0.2215956865187525,249.97013440507203
ENG_CIVIL,HAI,IC6,public,F,False,1,498.2267470665695,0.3499727390667343,249.11337353328474
CUSTOMER,JED,M1,private,M,False,1,496.7557278994984,0.4721944288557239,248.3778639497492
HEALTH,MAK,M1,private,M,True,1,496.6901937310304,0.058974765359899525,248.3450968655152
EDU,JAZ,M3,semigov,F,False,1,496.1412122163265,0.20116180568695594,248.07060610816325
ENG_CIVIL,RUH,IC6,private,M,False,1,493.8152012926107,0.17810612943267182,246.90760064630535
SALES,EST,M1,pif_backed,M,False,1,492.46172981211316,0.3565269907016874,246.23086490605658
MARKETING,RUH,IC5,pif_backed,M,False,1,491.6335494485679,0.15056107619876782,245.81677472428396
ENG_CIVIL,MAK,M3,mnc,F,False,1,491.20837279860825,0.16197878744182312,245.60418639930413
ENG_ELEC,BAH,M5,private,F,False,1,489.3733783321477,0.13236787438938694,244.68668916607385
HR,MAD,IC4,semigov,M,True,1,489.3430220046939,0.06711234394298396,244.67151100234696
ENG_MECH,EST,IC3,public,M,False,2,487.5260019515298,0.2153874918158042,243.7630009757649
SALES,EST,IC4,semigov,F,True,1,487.4796375957303,0.04776052060760434,243.73981879786515
SWE,RUH,M1,public,M,True,1,487.3183721269179,0.03600154358121631,243.65918606345895
SWE,EST,M1,mnc,F,False,1,485.0912318942005,0.1131346919575564,242.54561594710026
FIN,JED,IC4,private,M,False,1,482.634643393812,0.18313002259900793,241.317321696906
PM,RUH,IC3,semigov,M,False,1,482.08809694045976,0.25160691127031926,241.04404847022988
HEALTH,QAS,IC3,pif_backed,F,False,1,480.3020613547433,0.19617137685162056,240.15103067737164
ENG_CIVIL,MAD,IC4,private,M,False,2,479.03435060860033,0.2713533820570856,239.51717530430017
DESIGN,RUH,IC5,private,F,False,1,474.8964140981361,0.11401039985538894,237.44820704906806
ENG_ELEC,EST,IC4,private,M,True,1,472.7576027389341,0.08357304774080751,236.37880136946706
CUSTOMER,RUH,IC3,mnc,F,True,1,471.81651620586035,0.07789939946142653,235.90825810293018
DATA,RUH,IC3,pif_backed,M,False,1,471.70283795866226,0.2053699490522385,235.85141897933113
LEGAL,NOR,IC6,mnc,M,True,1,469.8337487134777,0.03517982142031842,234.91687435673884
ENG_CIVIL,JED,M1,public,M,True,1,469.5392850833596,0.06845048350502421,234.7696425416798
CUSTOMER,EST,IC2,semigov,M,True,1,468.8371771833772,0.11260344532945467,234.4185885916886
ENG_CIVIL,HAI,M1,mnc,F,False,1,468.20945909939087,0.22719300537658998,234.10472954969543
OPS,JED,IC3,private,M,False,2,468.1398619909669,0.2883786063767134,234.06993099548345
SWE,RUH,IC3,semigov,F,True,1,466.53392025242465,0.04951624929260972,233.26696012621233
SALES,HAI,IC4,semigov,F,False,1,466.1672982062323,0.13823842523813382,233.08364910311616
DESIGN,EST,M4,semigov,F,False,1,465.6601819270063,0.09313275740563581,232.83009096350315
HEALTH,JAZ,M2,semigov,F,False,1,464.974260505503,0.21605248710794356,232.4871302527515
MARKETING,JED,M1,mnc,F,False,1,464.40163487142036,0.242085474036298,232.20081743571018
SALES,EST,IC4,public,M,False,3,461.25642846442025,0.17273551393095687,230.62821423221013
SALES,JAZ,M3,semigov,M,True,1,460.5589089178393,0.03257130131148118,230.27945445891964
SALES,RUH,IC6,startup,F,False,1,460.5004551302018,0.19154560447105948,230.2502275651009
OPS,RUH,IC3,semigov,M,False,2,460.25896738690255,0.3717027514320078,230.12948369345128
ENG_CIVIL,QAS,M2,private,M,False,1,458.0971646221765,0.1511716162976106,229.04858231108824
SALES,RUH,M3,startup,M,True,1,457.98314815973754,0.04032387538912921,228.99157407986877
PM,TAB,IC3,mnc,M,True,1,457.81438586321656,0.05768939473451614,228.90719293160828
ENG_MECH,EST,IC4,mnc,M,False,1,457.31860693482395,0.11820614545387542,228.65930346741197
HEALTH,RUH,IC4,semigov,F,False,1,455.06218986245585,0.30384189391653693,227.53109493122793
FIN,RUH,IC2,public,M,True,1,455.04278057642114,0.08906552131897717,227.52139028821057
SWE,EST,M2,mnc,F,False,1,453.77722347335475,0.0830994043434619,226.88861173667738
SALES,EST,IC3,mnc,F,False,1,453.4805283964058,0.4534725288011108,226.7402641982029
ENG_MECH,ASR,IC3,public,F,True,1,453.2072530086152,0.0944383368291266,226.6036265043076
SUPPLY,QAS,IC5,startup,M,True,1,453.15593654516124,0.0403489487124543,226.57796827258062
HEALTH,TAB,IC4,private,F,False,1,452.1608514131053,0.200467609987977,226.08042570655266
ENG_ELEC,EST,IC4,mnc,M,False,1,451.2508608140997,0.337856702576565,225.62543040704986
SALES,JED,IC5,private,F,False,1,451.18343671544585,0.19175268233177395,225.59171835772293
HR,HAI,M3,private,F,False,1,451.04358070303533,0.13862003893833494,225.52179035151767
MARKETING,MAD,IC4,semigov,F,False,1,450.91117560853013,0.4186150879145096,225.45558780426506
FIN,NJR,IC2,startup,F,True,1,449.90227109291845,0.07561316620985958,224.95113554645923
EDU,JED,IC2,pif_backed,F,True,1,449.1198622232341,0.08439708574985126,224.55993111161706
FIN,RUH,IC3,public,M,False,1,448.76058300685986,0.2661797901960227,224.38029150342993
HEALTH,EST,M1,private,F,False,2,448.74390520005113,0.14947004806727507,224.37195260002557
PM,RUH,IC4,public,M,False,1,448.35547686146265,0.2012547878250936,224.17773843073132
EDU,RUH,M2,private,F,False,1,445.3524818610117,0.2027782039971711,222.67624093050586
CUSTOMER,QAS,IC5,public,M,False,1,444.32771724179656,0.3996632612220594,222.16385862089828
SUPPLY,RUH,M1,public,M,False,1,441.89755535438553,0.326466732760601,220.94877767719277
ENG_MECH,MAK,IC4,private,F,False,1,441.2733512430757,0.19494475482646276,220.63667562153785
SALES,EST,IC2,private,M,False,1,440.7115826582774,0.27763199677116085,220.3557913291387
ENG_CIVIL,JED,IC3,public,M,False,1,440.7044970217712,0.41977441398507126,220.3522485108856
HEALTH,EST,M2,private,M,False,2,440.3117943430241,0.11650810945825664,220.15589717151204
SUPPLY,RUH,IC4,public,M,False,1,439.5276614638585,0.3042090464338429,219.76383073192926
HEALTH,RUH,IC3,mnc,F,False,3,437.65722918538535,0.22052455416641514,218.82861459269267
DATA,EST,IC2,semigov,M,False,1,436.9192697280889,0.30980877998381134,218.45963486404446
MARKETING,HAI,IC5,semigov,F,False,1,431.8851577787291,0.14330971327172964,215.94257888936454
HEALTH,ASR,IC3,private,M,False,1,430.8883370769595,0.17757147384380717,215.44416853847974
HEALTH,ASR,IC3,private,F,False,1,430.86787249236227,0.39971452968866517,215.43393624618113
HR,JED,M1,startup,F,False,1,428.70239469901935,0.22528709389982043,214.35119734950968
PM,RUH,IC5,semigov,F,True,1,428.43598959254996,0.03272661665266831,214.21799479627498
PM,RUH,IC4,private,F,True,1,428.19004252266495,0.035985048468935334,214.09502126133248
DESIGN,JED,IC3,private,M,False,1,426.9927487218963,0.19067448442662538,213.49637436094815
ENG_ELEC,EST,IC3,semigov,F,False,1,425.2872053783192,0.33972860076153855,212.6436026891596
MARKETING,QAS,IC4,public,F,True,1,425.25960220790694,0.06687283915974146,212.62980110395347
ENG_MECH,ASR,IC4,public,M,False,1,424.1730050186827,0.1893995210094622,212.08650250934136
ENG_MECH,EST,IC4,semigov,M,False,1,423.96982572486604,0.3170556329153199,211.98491286243302
ENG_CIVIL,EST,M4,private,M,False,1,423.8111067582704,0.08962353703330488,211.9055533791352
ENG_CIVIL,NOR,IC4,private,M,False,1,422.3002623580385,0.3669940643270668,211.15013117901924
SWE,EST,IC2,mnc,M,False,1,417.06519097279033,0.2726522262099049,208.53259548639517
DATA,EST,D1,public,M,False,1,416.6848710663453,0.08108171865842678,208.34243553317265
SALES,JED,M5,private,M,True,1,416.63369643953774,0.016273506817166015,208.31684821976887
PM,TAB,IC3,mnc,M,False,1,414.6020231917837,0.10230831053921244,207.30101159589185
HR,RUH,IC4,private,F,True,1,414.45984567727373,0.05105546696508609,207.22992283863687
CUSTOMER,QAS,IC2,private,F,True,1,413.96982813894283,0.06899876822911045,206.98491406947142
SALES,RUH,IC2,mnc,F,False,1,413.3688814673576,0.31225384480786716,206.6844407336788
SUPPLY,RUH,IC4,private,F,False,1,413.15062746610465,0.2111147562979056,206.57531373305233
SWE,EST,IC2,public,M,False,1,412.31576997325874,0.3339274943089491,206.15788498662937
HEALTH,RUH,M3,private,F,False,2,412.06533443957096,0.10676644025130141,206.03266721978548
CUSTOMER,JED,M1,private,F,False,1,411.36250586428196,0.2322290140592581,205.68125293214098
DATA,RUH,M2,public,M,True,1,409.1987554814168,0.03506543556657607,204.5993777407084
HEALTH,RUH,M1,public,F,False,1,408.2295998314207,0.16578685550399627,204.11479991571036
HEALTH,JED,IC4,mnc,M,False,3,406.975140586113,0.15092550224564136,203.4875702930565
CUSTOMER,RUH,IC5,pif_backed,F,False,1,406.38478145879344,0.09666542660435584,203.19239072939672
ENG_MECH,RUH,M2,private,M,False,3,405.98369981859224,0.1311410455166011,202.99184990929612
SALES,JED,M1,private,M,False,2,404.5380474599108,0.31715459628080833,202.2690237299554
DATA,QAS,IC4,private,M,False,1,404.2306329146627,0.15824610612110018,202.11531645733135
EDU,RUH,IC5,public,M,False,1,402.59667520852963,0.20559248845709358,201.29833760426482
PM,JED,IC4,semigov,F,False,1,402.4291457766358,0.15164083657792093,201.2145728883179
CUSTOMER,JED,IC4,semigov,F,False,1,402.40601665434383,0.20939832832752986,201.20300832717191
OPS,JED,IC4,public,M,True,1,401.49729042108174,0.052428758078251245,200.74864521054087
ENG_MECH,JAZ,IC4,pif_backed,M,False,1,401.38396838293465,0.1408567296426991,200.69198419146733
DATA,MAK,IC3,private,M,False,1,401.0393392319402,0.24469155269282225,200.5196696159701
SALES,EST,IC3,pif_backed,M,False,1,400.9221875881865,0.2205735058757497,200.46109379409324
ENG_MECH,HAI,M1,public,M,False,1,400.38147723618863,0.23523463831910996,200.19073861809431
PM,MAK,IC5,public,M,False,1,399.2547038581233,0.11954053498034756,199.62735192906166
EDU,NJR,M1,mnc,F,True,1,397.6261667730587,0.0594825842627627,198.81308338652934
SUPPLY,EST,IC3,startup,F,True,1,397.49676505933803,0.048711526577450565,198.74838252966902
HEALTH,RUH,IC3,semigov,F,False,3,396.7372768440052,0.26011614085462403,198.3686384220026
ENG_CIVIL,EST,IC3,semigov,M,False,1,396.2884204554275,0.36092638381113906,198.14421022771376
OPS,QAS,IC3,mnc,M,True,1,396.13556240574144,0.057776738783855384,198.06778120287072
ENG_ELEC,JED,IC6,startup,M,False,1,395.269526248474,0.13123293875004072,197.634763124237
HEALTH,MAD,IC4,private,M,False,1,394.92316101659503,0.2620019145515797,197.46158050829752
SWE,RUH,IC2,private,M,False,2,394.6520296843473,0.2966403851670719,197.32601484217366
EDU,JED,M3,semigov,F,False,1,394.42138206232767,0.11361276335572713,197.21069103116383
SWE,RUH,IC3,private,F,False,1,394.41709879135897,0.24040149629221177,197.20854939567948
HR,BAH,IC4,public,F,False,1,393.7418361567825,0.3781795671111152,196.87091807839124
SUPPLY,JAZ,M2,private,M,False,1,393.38837745096816,0.19391239681818787,196.69418872548408
HEALTH,JED,IC3,private,M,False,1,393.17334982964167,0.3482702496632436,196.58667491482083
OPS,RUH,IC4,pif_backed,M,False,1,392.57146773090653,0.16401191372198723,196.28573386545327
EDU,RUH,IC6,semigov,M,True,1,392.54748632260817,0.02785747036813211,196.27374316130408
EDU,QAS,IC4,semigov,M,True,1,391.77102966495204,0.06509380168618725,195.88551483247602
LEGAL,MAK,IC2,public,F,True,1,388.16402737975295,0.06955707096289197,194.08201368987648
EDU,RUH,IC4,startup,M,True,2,387.8197199826841,0.06493892167191183,193.90985999134205
ENG_ELEC,MAK,IC4,private,M,False,1,387.74067848390996,0.32950674845913974,193.87033924195498
SWE,JED,IC2,semigov,M,False,1,386.75478927476615,0.17554133723085427,193.37739463738308
ENG_CIVIL,JED,IC4,public,M,True,1,386.6119048492901,0.04805383714121344,193.30595242464506
EDU,NJR,IC4,semigov,F,True,1,384.55972434539945,0.07124936225256907,192.27986217269972
SALES,RUH,IC3,pif_backed,F,False,1,383.85781086035286,0.11447263507330703,191.92890543017643
CUSTOMER,QAS,M3,private,F,False,1,382.1720326308473,0.2932683802782469,191.08601631542365
ENG_CIVIL,JED,IC4,private,M,False,3,381.82326732152643,0.20588581321324453,190.91163366076321
ENG_MECH,RUH,IC4,startup,M,True,1,381.14376796070064,0.05199902118403963,190.57188398035032
MARKETING,RUH,M4,semigov,F,False,1,381.098049750889,0.0711923099138533,190.5490248754445
OPS,EST,M2,public,F,False,1,380.0320096363987,0.16648771794186581,190.01600481819935
OPS,TAB,M2,startup,M,False,1,379.6793576265122,0.14515067683709984,189.8396788132561
FIN,JED,M3,semigov,M,False,1,378.81182557068496,0.05535772836645452,189.40591278534248
SALES,MAK,IC4,private,M,False,1,377.96128303321484,0.299168959216075,188.98064151660742
ENG_ELEC,JED,IC4,pif_backed,M,True,1,375.5851022643492,0.04071375310829256,187.7925511321746
ENG_CIVIL,JED,IC4,semigov,M,False,2,375.53490934819376,0.18658567495997277,187.76745467409688
OPS,JED,D1,pif_backed,M,False,1,374.8717678650155,0.10310920501784926,187.43588393250775
DESIGN,NJR,M2,private,M,False,1,374.4788898295137,0.1504662449763844,187.23944491475686
FIN,RUH,IC3,mnc,F,False,1,373.77699254512845,0.36464775294782736,186.88849627256423
DATA,NJR,M1,public,M,True,1,373.7493688799532,0.034770669550221345,186.8746844399766
SUPPLY,MAD,IC3,private,M,False,1,373.28338351934485,0.2538774095416689,186.64169175967243
SWE,EST,IC3,pif_backed,M,False,1,373.16359387963803,0.17681269093971555,186.58179693981901
HR,EST,IC2,mnc,F,True,1,371.8811514871204,0.049537484464382615,185.9405757435602
LEGAL,RUH,IC6,public,M,True,1,371.7907113098154,0.03310723366318201,185.8953556549077
ENG_MECH,JED,IC4,private,M,False,1,371.74604426115457,0.09488844403444095,185.87302213057728
CUSTOMER,RUH,IC5,public,M,False,1,371.5194113144371,0.2938464323139457,185.75970565721855
MARKETING,RUH,M2,private,M,False,1,370.9930300270953,0.10445238532995686,185.49651501354765
ENG_CIVIL,ASR,IC3,public,F,True,1,370.59174752945546,0.08133125297639966,185.29587376472773
MARKETING,JED,M3,startup,F,False,1,370.4478543188952,0.07964039568659324,185.2239271594476
EDU,RUH,IC3,private,M,True,2,370.044140915114,0.07828059342732942,185.022070457557
ENG_MECH,MAK,IC4,public,M,False,1,369.76627042787163,0.28680260503011595,184.88313521393582
SALES,RUH,D1,public,M,False,1,365.748640404679,0.11360792120636427,182.8743202023395
HR,RUH,IC3,private,M,False,1,364.8871752289947,0.2412526416645089,182.44358761449735
ENG_CIVIL,QAS,M4,private,M,False,1,364.0038129867062,0.14597369381844286,182.0019064933531
OPS,RUH,IC2,private,M,False,2,363.971846032303,0.33602276797454744,181.9859230161515
MARKETING,RUH,IC6,startup,M,False,1,363.22668165301206,0.15067663880655743,181.61334082650603
HEALTH,RUH,M2,private,F,True,2,362.9720488261255,0.029335609116483436,181.48602441306275
SWE,ASR,IC3,private,M,False,1,362.32520480286394,0.255438408518909,181.16260240143197
DESIGN,MAK,IC4,public,F,False,1,362.26741726767364,0.24786966383533623,181.13370863383682
SUPPLY,JED,IC5,pif_backed,M,False,1,361.93690412423393,0.14110989376073352,180.96845206211697
SWE,EST,IC1,mnc,M,True,1,359.73538819540136,0.06358629827990828,179.86769409770068
OPS,RUH,IC4,private,M,False,3,357.9669237703403,0.23279953039425308,178.98346188517016
DATA,RUH,IC4,private,M,False,1,357.5130898775087,0.09057457812437182,178.75654493875436
ENG_CIVIL,MAD,M3,pif_backed,M,False,1,355.93035187288706,0.20083195916964314,177.96517593644353
FIN,TAB,IC4,private,F,False,1,355.539628637172,0.24755470670464239,177.769814318586
EDU,EST,IC4,private,F,False,1,352.5204512544515,0.2462456397817307,176.26022562722574
DATA,EST,IC4,private,M,False,1,350.4480993400066,0.08144727815681262,175.2240496700033
HEALTH,RUH,IC6,mnc,M,False,1,349.66022929983046,0.08049072921471068,174.83011464991523
HR,EST,IC5,private,M,False,1,349.60876224490676,0.17126329142496186,174.80438112245338
SALES,RUH,IC4,mnc,F,False,1,348.845629450836,0.2046519374190603,174.422814725418
ENG_MECH,JED,M1,public,M,False,1,346.58908156226425,0.287849335765073,173.29454078113213
OPS,EST,IC4,semigov,M,True,1,346.31801613021526,0.034106995599695676,173.15900806510763
EDU,RUH,IC4,startup,M,False,1,344.009499263924,0.24015020598976625,172.004749631962
HEALTH,HAI,IC4,public,F,False,1,342.62586326132737,0.20993869004953275,171.31293163066368
ENG_CIVIL,EST,IC5,private,M,False,2,342.44839202085984,0.11846019057140594,171.22419601042992
ENG_MECH,RUH,IC6,private,M,False,1,341.9427716512555,0.07257621697210247,170.97138582562775
ENG_CIVIL,RUH,IC3,public,M,False,2,340.6876834577895,0.2828730890172241,170.34384172889474
SWE,TAB,M5,private,F,False,1,340.20047442858595,0.05754698328077677,170.10023721429297
DESIGN,RUH,M2,public,M,False,1,339.9086077919187,0.11137212102517462,169.95430389595936
CUSTOMER,EST,IC2,private,M,True,1,339.8951708953964,0.0777107876751614,169.9475854476982
HR,EST,IC3,semigov,F,True,2,338.22246082498987,0.045106803214379425,169.11123041249493
HEALTH,EST,IC3,public,F,False,1,337.6020660817792,0.2604800606303994,168.8010330408896
EDU,RUH,IC3,private,F,True,4,337.1269061161249,0.06478573618265014,168.56345305806246
ENG_CIVIL,RUH,IC4,private,M,False,2,336.5682527388808,0.223959069595663,168.2841263694404
HR,RUH,IC4,semigov,M,False,1,333.89375122005777,0.12906050426607912,166.94687561002888
SALES,ASR,IC3,private,M,False,1,333.20567861783024,0.24096385261021835,166.60283930891512
DESIGN,RUH,IC5,semigov,F,True,1,332.770730841763,0.020023537544235564,166.3853654208815
EDU,NJR,M2,private,F,False,1,332.3721244084709,0.1989033759229065,166.18606220423544
SALES,RUH,IC4,semigov,F,True,1,332.35259617817337,0.0416264542028124,166.17629808908669
ENG_MECH,NJR,IC6,mnc,M,False,1,332.28457951509154,0.16119320090410472,166.14228975754577
FIN,EST,IC3,public,M,False,1,332.1869602888505,0.1519600182897335,166.09348014442526
OPS,RUH,IC5,public,M,False,1,332.0214630092164,0.14462858078009563,166.0107315046082
SALES,JED,IC3,public,M,False,1,331.9606221674471,0.3199040398863065,165.98031108372356
DESIGN,RUH,IC3,mnc,F,False,1,331.6460746005123,0.13602771705129715,165.82303730025615
MARKETING,MAK,IC4,private,F,False,2,331.0796589149402,0.18043102724218402,165.5398294574701
SALES,EST,M3,private,M,False,1,329.6288499011266,0.2048666300005933,164.8144249505633
DESIGN,ASR,M2,public,F,False,1,329.4157297134375,0.13012076684576823,164.70786485671874
ENG_MECH,RUH,M1,private,M,False,2,327.0264343460806,0.08061332230300362,163.5132171730403
ENG_ELEC,RUH,IC4,private,F,False,1,327.00190533868795,0.2075438850201723,163.50095266934397
EDU,JED,IC3,public,M,True,1,326.9529106979753,0.0602294913859456,163.47645534898766
HEALTH,NJR,M4,semigov,M,False,1,326.19802800816433,0.1132948428300836,163.09901400408216
HR,RUH,IC1,public,F,True,1,326.1406946506031,0.05219520565960791,163.07034732530155
ENG_MECH,QAS,IC4,private,M,False,1,322.3593734619674,0.1748034672234425,161.1796867309837
EDU,MAK,IC4,startup,F,True,1,322.35479139745166,0.054349189922268136,161.17739569872583
FIN,RUH,IC1,private,M,False,1,322.3199288245735,0.2612175995853372,161.15996441228674
FIN,RUH,M4,public,F,False,1,321.55003800350505,0.0752031315653017,160.77501900175253
HEALTH,MAK,IC4,pif_backed,F,True,1,318.80651395191035,0.03895153367700141,159.40325697595517
OPS,EST,IC4,mnc,M,False,1,318.1689821300106,0.1291423838001833,159.0844910650053
MARKETING,RUH,IC4,private,F,False,2,318.05091299684386,0.17503481022958983,159.02545649842193
CUSTOMER,JED,IC4,private,F,False,1,316.33748609914073,0.3087856596292488,158.16874304957037
SUPPLY,EST,IC4,private,M,False,1,315.93925278742563,0.24272505992467502,157.96962639371282
OPS,ASR,IC3,semigov,M,False,1,315.8371730564106,0.30345034609235355,157.9185865282053
CUSTOMER,RUH,IC4,mnc,M,False,2,314.27353209019714,0.1504307526956359,157.13676604509857
ENG_MECH,EST,IC3,semigov,M,False,1,314.1008400610083,0.27951081875199435,157.05042003050414
SWE,MAK,IC3,pif_backed,M,False,1,314.05081500973233,0.13587526310042183,157.02540750486617
MARKETING,EST,IC4,mnc,M,True,2,312.71327075100544,0.036567385470453816,156.35663537550272
PM,RUH,IC3,mnc,M,False,1,311.65479562007476,0.09563797911360028,155.82739781003738
PM,ASR,IC4,mnc,M,False,1,310.96016473933787,0.1527247028244,155.48008236966893
FIN,EST,IC3,pif_backed,M,False,2,310.72274166282455,0.17270959667155433,155.36137083141227
DATA,RUH,M3,private,M,True,1,310.241909504035,0.013679234691128745,155.1209547520175
EDU,EST,IC3,semigov,F,False,1,309.0598334437884,0.25398619280510276,154.5299167218942
SALES,MAD,IC4,semigov,M,False,1,308.93118870546596,0.15721831002443817,154.46559435273298
HEALTH,TAB,IC4,mnc,M,False,1,308.52080162937045,0.1816300897066909,154.26040081468523
SWE,QAS,IC5,public,M,False,1,306.9127469357072,0.16927738626025465,153.4563734678536
HR,RUH,IC3,mnc,M,False,1,306.8401299967236,0.1417856505466351,153.4200649983618
SUPPLY,RUH,IC4,mnc,M,False,1,305.38125042873185,0.1435634907415805,152.69062521436592
CUSTOMER,JED,IC4,public,M,False,2,304.49569668089646,0.26829727996506486,152.24784834044823
HR,RUH,M1,private,F,False,3,304.4642187867994,0.18454533317801305,152.2321093933997
CUSTOMER,EST,IC5,pif_backed,F,False,1,302.40644018660487,0.1399431450932358,151.20322009330243
HEALTH,EST,IC2,mnc,F,False,1,302.0984188712771,0.22702202923190498,151.04920943563855
HR,JED,M2,public,F,True,2,300.9026964227037,0.036578572818748094,150.45134821135184
EDU,ASR,IC4,private,F,False,1,300.59974765377046,0.13318975905317273,150.29987382688523
HEALTH,QAS,M2,private,M,False,1,300.4499253217746,0.12701423811612156,150.2249626608873
EDU,QAS,IC4,private,M,True,1,300.32478090728546,0.04855935682943671,150.16239045364273
CUSTOMER,EST,IC2,startup,M,False,1,299.2577093029761,0.2428467098064933,149.62885465148804
HEALTH,MAD,IC2,mnc,F,False,1,297.43354780405593,0.2583966777575777,148.71677390202797
ENG_CIVIL,RUH,M2,semigov,M,False,1,295.9002602912915,0.0648605005790336,147.95013014564574
HEALTH,QAS,IC4,startup,M,False,1,294.6772167283814,0.259090008816537,147.3386083641907
MARKETING,NJR,IC5,public,M,False,1,294.1846527315022,0.1746851676956749,147.0923263657511
DESIGN,MAK,IC3,public,F,False,1,293.68589332689953,0.19112514822147764,146.84294666344977
ENG_ELEC,JED,IC3,mnc,M,False,1,291.00870907203944,0.2834330651175964,145.50435453601972
EDU,EST,IC4,pif_backed,F,True,1,290.2484547234717,0.03747937326302105,145.12422736173585
ENG_CIVIL,JED,M2,public,M,False,1,290.0691721292849,0.15077072373856046,145.03458606464244
DESIGN,JED,IC4,public,M,False,1,289.100996832678,0.12734038229874317,144.550498416339
PM,RUH,M5,private,M,True,1,288.81901645446123,0.01393386685683701,144.40950822723062
DESIGN,EST,IC5,public,M,False,1,288.0547059661419,0.15222408136677226,144.02735298307095
EDU,RUH,IC4,pif_backed,M,True,1,287.9993506034343,0.037899575816951636,143.99967530171716
SALES,RUH,M3,private,M,False,2,287.8612325796116,0.08711691309208724,143.9306162898058
PM,EST,M1,public,M,False,1,287.6286555960569,0.09345878657158631,143.81432779802844
SWE,RUH,IC2,mnc,M,False,2,286.69181292665235,0.16198600560937643,143.34590646332617
OPS,NOR,M3,private,M,True,1,285.52927286996965,0.029968215164452448,142.76463643498482
SWE,RUH,M1,private,F,False,1,284.88203382080565,0.08516099543883003,142.44101691040282
HR,RUH,IC4,mnc,M,False,2,283.05247455276833,0.11786537259316021,141.52623727638417
SALES,ASR,IC4,private,F,False,1,282.6572194697999,0.26532629922835876,141.32860973489994
ENG_ELEC,EST,M3,private,M,False,1,282.50783458481146,0.08278676095287772,141.25391729240573
SALES,JAZ,IC3,public,F,False,1,282.04783091635113,0.24147627192889198,141.02391545817557
SALES,JAZ,M4,startup,M,False,1,281.4425472356488,0.06518315517142902,140.7212736178244
PM,RUH,IC3,public,M,False,2,278.7479604621433,0.12223858885258,139.37398023107164
DATA,EST,IC2,pif_backed,M,False,1,278.6485030076783,0.13268452766393504,139.32425150383915
HEALTH,QAS,IC4,private,F,False,1,278.31060250407177,0.14352668505069308,139.15530125203588
OPS,EST,IC3,public,M,False,1,277.04204816101014,0.17625640392276704,138.52102408050507
OPS,TAB,IC2,private,F,True,1,276.23897077697256,0.06195112652295554,138.11948538848628
SWE,MAD,M3,public,M,False,1,276.14283243762384,0.04916155306219428,138.07141621881192
ENG_CIVIL,RUH,IC3,semigov,F,False,1,275.72228544853806,0.14119406610064636,137.86114272426903
HEALTH,BAH,M1,semigov,M,True,1,275.6628545175008,0.03249675947310053,137.8314272587504
EDU,MAD,IC3,private,F,True,1,275.24287010745866,0.061224080722181405,137.62143505372933
OPS,QAS,IC3,pif_backed,F,True,1,274.72555820477464,0.029716391585616404,137.36277910238732
HR,RUH,M2,public,M,True,1,273.81463936400905,0.030668865071323766,136.90731968200453
HEALTH,JED,IC4,semigov,F,False,1,272.6889816362077,0.09914437408758858,136.34449081810385
DESIGN,JAZ,IC4,pif_backed,M,False,1,272.57227523064194,0.08562241234955476,136.28613761532097
SALES,EST,M2,private,M,False,1,271.71985956509707,0.06159970704509566,135.85992978254853
HEALTH,EST,IC4,semigov,F,False,1,271.471640001756,0.11328214197364198,135.735820000878
HR,MAD,IC3,semigov,F,False,1,271.256509237827,0.16692549593104528,135.6282546189135
SWE,RUH,M3,startup,M,False,1,271.1015779022582,0.047355429995497474,135.5507889511291
SWE,RUH,IC1,private,F,False,1,270.11531808491964,0.1484805007458247,135.05765904245982
ENG_CIVIL,TAB,IC4,public,M,False,1,269.7053191874452,0.2622478590566116,134.8526595937226
CUSTOMER,EST,IC4,private,M,False,3,269.1333522501927,0.14976987835354216,134.56667612509634
HR,ASR,M1,public,M,True,1,268.0285335366434,0.04177182473187562,134.0142667683217
ENG_ELEC,MAK,M1,mnc,M,True,1,264.1925880847366,0.03263283137766862,132.0962940423683
HR,EST,IC4,mnc,M,False,1,264.18729017819646,0.1481324387051788,132.09364508909823
OPS,EST,D2,public,M,False,1,261.94689751449414,0.0633835415923734,130.97344875724707
ENG_ELEC,JED,IC4,mnc,M,False,1,261.4863257176403,0.09458840783677704,130.74316285882014
SUPPLY,EST,IC3,private,M,False,1,261.4698663668121,0.2410556150195464,130.73493318340604
EDU,EST,IC4,private,F,True,1,260.19957145700755,0.047950046643259504,130.09978572850378
HR,RUH,IC3,semigov,M,False,1,260.1722234557469,0.15751649534708936,130.08611172787346
SALES,EST,IC5,mnc,F,False,1,259.98070604283794,0.08405276391767702,129.99035302141897
SALES,EST,IC4,semigov,M,False,1,259.43417135350273,0.12344383252537502,129.71708567675137
FIN,JED,IC3,public,F,False,2,258.2537087299248,0.1529487925230691,129.1268543649624
ENG_CIVIL,RUH,IC2,private,M,True,1,257.61423454393207,0.061533767368790536,128.80711727196604
SALES,RUH,IC4,semigov,F,False,1,256.78097131305367,0.10259829701574424,128.39048565652683
SWE,RUH,IC4,public,F,True,1,254.9501856668212,0.027776797229178828,127.4750928334106
OPS,EST,IC3,semigov,M,False,1,254.45057309796312,0.21847927316799967,127.22528654898156
SUPPLY,RUH,IC4,private,M,False,4,253.80621582953108,0.13280997493524416,126.90310791476554
ENG_ELEC,JED,IC6,mnc,M,False,1,253.24880223741775,0.07874562018644313,126.62440111870887
EDU,TAB,IC4,mnc,F,True,1,252.16751234675303,0.040673236455539025,126.08375617337651
ENG_CIVIL,EST,IC3,private,F,False,1,250.31284831134803,0.23225146291548546,125.15642415567402
SALES,EST,IC4,private,F,False,1,250.245597353402,0.10663879503527852,125.122798676701
FIN,MAK,IC2,pif_backed,F,False,1,248.61024353815833,0.2293335624581206,124.30512176907916
EDU,NJR,IC4,private,M,False,1,247.07139827520746,0.23516872847681708,123.53569913760373
MARKETING,RUH,IC4,private,M,False,3,247.04805208184462,0.1447336260721783,123.52402604092231
CUSTOMER,HAI,IC4,mnc,F,False,1,246.93006039056854,0.18702656689600478,123.46503019528427
ENG_CIVIL,JED,IC3,public,M,True,1,246.433206290797,0.03986953970032542,123.2166031453985
DESIGN,JED,IC5,pif_backed,M,False,1,245.9379974912199,0.054711379670338824,122.96899874560995
CUSTOMER,NJR,IC5,private,F,False,1,245.89605780301827,0.10822246025801417,122.94802890150913
CUSTOMER,JAZ,IC3,private,M,True,1,245.67908626645658,0.04795436568421584,122.83954313322829
CUSTOMER,EST,IC5,pif_backed,F,True,1,244.6759537701637,0.03636530608852197,122.33797688508184
HEALTH,EST,D2,private,F,False,1,242.7968391942959,0.032746501813760924,121.39841959714795
ENG_ELEC,ASR,IC4,semigov,M,True,1,241.99591409105142,0.03282714721444532,120.99795704552571
HEALTH,JAZ,IC4,pif_backed,F,False,1,241.56881955059953,0.11515918037537501,120.78440977529976
SALES,RUH,M1,private,M,False,1,241.19100574359754,0.11503667657465763,120.59550287179877
HEALTH,RUH,IC4,public,M,False,1,240.9957318522902,0.10211991563602361,120.4978659261451
MARKETING,NOR,M3,mnc,F,False,1,238.48891610534588,0.12933359681987844,119.24445805267294
OPS,RUH,IC4,public,F,False,2,237.77852223076684,0.10256102709007439,118.88926111538342
ENG_MECH,JED,M3,private,M,False,2,237.7137753040015,0.07874649631882787,118.85688765200075
SALES,MAD,IC4,private,F,False,1,237.47263786816438,0.2265463214443011,118.73631893408219
EDU,RUH,IC5,private,F,False,1,237.45787716075756,0.09175196960725333,118.72893858037878
FIN,RUH,M2,private,M,False,1,236.0006888169355,0.05523935382072352,118.00034440846775
OPS,RUH,IC4,mnc,M,False,1,235.79985162822481,0.14443757664477797,117.89992581411241
PM,JAZ,IC4,semigov,M,False,1,233.73843185635792,0.11332101134924039,116.86921592817896
DATA,RUH,IC3,semigov,F,True,1,233.54719597487565,0.030999851703845737,116.77359798743782
ENG_MECH,EST,IC4,mnc,M,True,2,233.15618402300606,0.023776969582192466,116.57809201150303
MARKETING,QAS,IC4,private,M,False,1,232.45693304144925,0.1339237070973317,116.22846652072462
ENG_MECH,MAD,IC4,private,M,False,1,231.38484530623828,0.11515122959999814,115.69242265311914
OPS,RUH,IC4,public,F,True,1,230.04976540479947,0.02139893985627396,115.02488270239974
SWE,EST,IC6,pif_backed,M,False,1,229.26572149170806,0.04214714735171197,114.63286074585403
PM,RUH,IC4,pif_backed,F,False,1,229.21768139885125,0.0785545754708196,114.60884069942563
MARKETING,QAS,IC5,private,M,False,1,228.3519368993334,0.07012826096566445,114.1759684496667
HR,RUH,D2,private,M,False,1,227.9276035491066,0.038268385340600675,113.9638017745533
SALES,HAI,IC1,mnc,F,False,1,227.58641954794325,0.22170998775796735,113.79320977397163
HR,EST,IC3,public,F,True,1,226.76027111335316,0.03928637542463586,113.38013555667658
ENG_MECH,EST,M1,public,M,True,1,224.2278609147479,0.02783394289800184,112.11393045737395
HEALTH,JAZ,IC3,pif_backed,M,True,1,224.0744552003216,0.03659924513260121,112.0372276001608
EDU,RUH,M3,private,M,True,1,223.49892496745815,0.021115341618402707,111.74946248372908
OPS,EST,IC4,private,M,False,1,223.32000659316873,0.11047792714355464,111.66000329658436
SALES,ASR,M1,private,M,False,1,222.3177271215336,0.08675029603883534,111.1588635607668
ENG_CIVIL,RUH,IC3,public,M,True,3,219.02162679988638,0.03243304519443421,109.51081339994319
FIN,QAS,IC4,private,M,True,1,218.76120380071734,0.023101666864972194,109.38060190035867
FIN,MAD,M2,public,F,False,1,217.38604245375336,0.05020475522725869,108.69302122687668
OPS,JED,IC5,private,M,False,1,216.92937778958458,0.16641491346122828,108.46468889479229
ENG_MECH,HAI,IC4,public,M,False,1,215.84188598464152,0.12047785924410034,107.92094299232076
ENG_MECH,JED,IC2,mnc,M,False,1,213.68545373033749,0.1839805838036183,106.84272686516874
HEALTH,RUH,IC3,public,F,False,2,213.27546704921087,0.09314163380825996,106.63773352460544
DESIGN,NJR,IC4,private,F,False,1,212.65515878643578,0.12479958814080193,106.32757939321789
ENG_CIVIL,QAS,IC2,private,M,False,1,212.03109796686863,0.1632339105285307,106.01554898343431
CUSTOMER,RUH,IC3,private,F,False,1,210.56791758243048,0.1952252046389054,105.28395879121524
EDU,JED,VP,public,F,True,1,210.48669387142945,0.011765254185026568,105.24334693571473
CUSTOMER,EST,IC3,pif_backed,M,False,1,209.7383384336672,0.13723962137874243,104.8691692168336
EDU,RUH,IC4,public,M,False,1,209.64125394453458,0.1073853160528203,104.82062697226729
DATA,BAH,IC2,semigov,M,True,1,209.56199330518393,0.04080506554327909,104.78099665259197
DESIGN,EST,IC3,semigov,F,False,1,209.4835159914726,0.13709316580072245,104.7417579957363
HEALTH,RUH,IC3,public,M,False,1,208.394976859385,0.18845247655044908,104.1974884296925
SALES,MAK,M3,public,M,True,1,208.26728056112552,0.0264396496252526,104.13364028056276
ENG_CIVIL,JED,IC4,mnc,M,False,1,208.14015154297704,0.09572882435562344,104.07007577148852
HEALTH,RUH,M1,mnc,F,False,1,207.61628447843987,0.07110213851043226,103.80814223921993
ENG_CIVIL,RUH,IC3,private,M,False,3,205.79448477039773,0.14711353744168587,102.89724238519887
PM,RUH,IC5,mnc,F,False,1,205.6954582792223,0.05744231855635568,102.84772913961115
HEALTH,NJR,IC3,private,F,False,1,205.4599708072567,0.18965744789556044,102.72998540362835
OPS,RUH,IC4,semigov,F,False,1,203.84024859898273,0.10001127688144117,101.92012429949136
CUSTOMER,QAS,D1,private,M,False,1,202.69735185745185,0.08709864925974405,101.34867592872592
HEALTH,MAK,IC2,semigov,F,False,1,202.4630526346716,0.12156560612518179,101.2315263173358
DATA,RUH,IC4,pif_backed,F,True,1,202.15795813851582,0.014617895951198109,101.07897906925791
SUPPLY,EST,IC4,semigov,F,False,1,201.41744576091514,0.1662029955260654,100.70872288045757
PM,JED,M1,pif_backed,M,True,1,200.86209852156207,0.01600653406816791,100.43104926078104
SUPPLY,EST,IC4,private,F,False,1,200.8078232690632,0.12716856820358277,100.4039116345316
OPS,JED,IC2,mnc,M,False,1,200.6210788894016,0.15468146016065878,100.3105394447008
CUSTOMER,EST,IC4,pif_backed,F,False,1,200.08027379057603,0.07481194369912245,100.04013689528801
ENG_CIVIL,RUH,M3,private,M,True,1,200.0306718886368,0.02071710608229419,100.0153359443184
DESIGN,MAD,IC2,private,M,True,1,199.50891779164976,0.034467080888584904,99.75445889582488
CUSTOMER,EST,IC4,mnc,M,False,1,198.95512664158377,0.16928047019607861,99.47756332079189
DATA,TAB,IC4,semigov,M,True,1,198.57112182674155,0.025382321626265247,99.28556091337077
CUSTOMER,RUH,IC4,public,F,True,1,197.37900566739063,0.028505634088402888,98.68950283369531
HEALTH,NJR,IC3,private,M,False,1,196.14256465242033,0.13709530676831144,98.07128232621017
HR,MAD,IC4,startup,F,False,1,195.90988568955072,0.10566835160674357,97.95494284477536
CUSTOMER,NJR,IC5,pif_backed,M,True,1,195.27568141445772,0.022032632411413882,97.63784070722886
ENG_CIVIL,JED,M4,private,M,False,1,195.03589442221755,0.07281237482740749,97.51794721110878
SALES,QAS,IC4,private,M,False,1,193.73005970049303,0.17188725473492983,96.86502985024651
CUSTOMER,JED,IC4,startup,F,False,1,191.86963846271556,0.11541017193367265,95.93481923135778
SALES,TAB,IC5,private,M,False,1,188.42031261535476,0.1031639577780995,94.21015630767738
PM,NJR,IC1,public,F,False,1,187.41261632271562,0.18285551315325163,93.70630816135781
SALES,TAB,IC4,semigov,M,False,1,187.04974807253848,0.13108870806448042,93.52487403626924
HEALTH,EST,IC3,private,M,False,1,186.82488171982732,0.12274164993995067,93.41244085991366
ENG_ELEC,JED,IC2,semigov,M,False,1,186.69337195021376,0.13675074563538756,93.34668597510688
SALES,EST,IC4,pif_backed,M,True,1,185.67984063045787,0.024234149505086625,92.83992031522894
HR,RUH,IC4,private,F,False,1,185.35351312042053,0.08591149837277373,92.67675656021026
MARKETING,RUH,IC6,public,M,False,1,185.29581816942186,0.11108448414607103,92.64790908471093
SUPPLY,EST,M4,public,M,False,1,183.72943764917318,0.049742414177773926,91.86471882458659
HR,MAK,IC5,public,F,True,1,183.6880905251055,0.022727911626832645,91.84404526255275
SALES,EST,IC3,public,F,False,1,181.98084277625094,0.13901480685613982,90.99042138812547
PM,JED,IC4,public,F,False,1,181.69378380882813,0.09235387901865015,90.84689190441406
SALES,QAS,IC3,public,M,False,1,181.29859024768257,0.13176253162909154,90.64929512384128
SALES,RUH,IC4,pif_backed,F,False,1,180.6059168139759,0.07520616869851582,90.30295840698795
SWE,RUH,IC2,semigov,M,False,1,179.06173352867427,0.09263905871969885,89.53086676433713
ENG_CIVIL,EST,IC3,public,M,False,1,178.94682249360494,0.15137733017141825,89.47341124680247
SALES,MAK,M4,private,M,False,1,178.7030662144516,0.027763802819744627,89.3515331072258
DESIGN,RUH,IC2,public,M,False,1,177.17566171318686,0.15129895684370337,88.58783085659343
FIN,NJR,IC4,public,F,False,1,176.0632932391652,0.095045311594777,88.0316466195826
ENG_ELEC,EST,IC2,private,M,False,1,175.38915912408356,0.1503356370956569,87.69457956204178
PM,RUH,M2,mnc,M,False,1,175.12083657264066,0.04066870217013193,87.56041828632033
HEALTH,TAB,IC3,private,F,False,1,174.83930915417773,0.1447923997613875,87.41965457708886
OPS,NOR,M3,private,M,False,1,174.56045051298497,0.058242290389203415,87.28022525649249
SUPPLY,NOR,IC4,mnc,M,False,1,173.1862965564303,0.14435592169218694,86.59314827821515
HR,EST,IC4,private,F,False,1,172.65744290992302,0.13847540371007686,86.32872145496151
CUSTOMER,QAS,IC5,semigov,M,False,1,172.56453051551603,0.1275261644979407,86.28226525775801
EDU,MAK,IC4,pif_backed,F,True,1,172.54467114894214,0.027808186021484698,86.27233557447107
CUSTOMER,BAH,IC3,startup,M,False,1,172.44241574544117,0.12975762473247668,86.22120787272058
HEALTH,TAB,M2,public,F,False,1,171.54137667683517,0.04747533228429635,85.77068833841759
HEALTH,RUH,IC2,private,M,False,2,169.53495462689853,0.12695740552055748,84.76747731344926
CUSTOMER,EST,M2,startup,M,False,1,169.14977319024047,0.16113878366706927,84.57488659512023
SUPPLY,JED,M1,private,M,False,1,168.8811934610094,0.0948292521028961,84.4405967305047
SALES,RUH,IC4,public,F,True,1,168.10508270028186,0.013955142687025919,84.05254135014093
ENG_ELEC,EST,IC4,pif_backed,M,True,1,167.66178579321968,0.016239595239765505,83.83089289660984
OPS,JED,IC2,private,M,False,1,167.3958728412622,0.13444692518500986,83.6979364206311
DATA,JED,IC2,private,M,True,1,166.47329462553625,0.029517999005134094,83.23664731276813
SALES,EST,M3,mnc,F,False,1,164.94902441379327,0.02560339183699261,82.47451220689663
DATA,RUH,IC1,public,M,True,1,164.155338120544,0.03149328104203368,82.077669060272
SALES,EST,IC6,private,F,True,1,163.54906881719035,0.010673682559679754,81.77453440859517
DESIGN,JED,IC3,public,M,False,1,162.16782005762093,0.1205180369127703,81.08391002881046
ENG_MECH,JED,IC4,semigov,M,False,2,161.4187137420314,0.07497107842379655,80.7093568710157
EDU,EST,M1,public,M,True,1,160.8983565431572,0.02400506618901218,80.4491782715786
SUPPLY,JED,M1,pif_backed,F,False,1,160.4546486610493,0.05534552460623302,80.22732433052465
FIN,RUH,IC3,private,F,False,2,160.25594334916138,0.08947139624748805,80.12797167458069
HR,TAB,IC4,private,F,False,1,160.1260231185156,0.05345850939705443,80.0630115592578
FIN,JED,IC4,private,F,True,1,158.0179165292284,0.016180515129722836,79.0089582646142
CUSTOMER,EST,IC4,private,F,False,2,156.8475003091005,0.1419712871271154,78.42375015455025
EDU,RUH,M2,private,M,False,1,156.7323625532781,0.058396464099853426,78.36618127663905
SUPPLY,RUH,IC5,private,M,True,1,155.36413364196687,0.01944465833372124,77.68206682098344
SUPPLY,QAS,IC3,mnc,M,False,1,155.12920469501682,0.11498589589402661,77.56460234750841
OPS,MAD,IC4,startup,M,False,1,154.50627932261523,0.08596482441741818,77.25313966130761
FIN,QAS,IC4,private,F,False,1,153.6976730695419,0.10872374693333198,76.84883653477095
FIN,RUH,D1,pif_backed,F,True,1,153.60873850474673,0.005373923319634804,76.80436925237336
MARKETING,EST,M1,semigov,M,False,1,153.44930544332624,0.09175666356669555,76.72465272166312
OPS,RUH,IC3,private,M,False,2,153.3357809291091,0.0971138719623713,76.66789046455455
ENG_ELEC,TAB,IC4,public,M,False,1,152.6259864465203,0.1305863839657,76.31299322326015
LEGAL,RUH,IC1,public,M,False,1,152.24998480570184,0.09119209564689137,76.12499240285092
SUPPLY,RUH,IC5,public,F,False,1,151.20679007604622,0.08651164573221855,75.60339503802311
HR,ASR,IC2,private,M,False,1,150.53969549724775,0.11091897342196129,75.26984774862387
SALES,TAB,M1,private,M,False,1,148.80232079748976,0.06272376815382692,74.40116039874488
SWE,JAZ,IC3,private,M,False,1,147.96266236052838,0.07461909672521115,73.98133118026419
DESIGN,RUH,IC4,public,M,False,1,147.77067237595156,0.07060249998729938,73.88533618797578
OPS,ASR,IC5,semigov,M,True,1,146.30177021720556,0.015546978834217354,73.15088510860278
SUPPLY,TAB,IC4,pif_backed,M,False,1,145.10637384266602,0.07820550321358921,72.55318692133301
SWE,MAK,IC3,semigov,M,False,1,145.04243144708016,0.07299006086477965,72.52121572354008
FIN,BAH,IC3,semigov,M,True,1,143.13109985549272,0.017485555145403463,71.56554992774636
SUPPLY,MAK,IC6,private,M,False,1,142.58044226512834,0.07008279454294634,71.29022113256417
SALES,MAD,IC5,private,F,False,2,142.58020161006766,0.08337112055867635,71.29010080503383
FIN,RUH,M1,semigov,F,False,1,141.26759692420183,0.03388799910938531,70.63379846210091
ENG_MECH,TAB,IC3,public,M,False,1,140.51653621343894,0.08769976601904303,70.25826810671947
SALES,ASR,M1,public,M,False,1,140.01563527002986,0.08394721250288813,70.00781763501493
HEALTH,MAK,M1,public,F,False,1,139.46676054826048,0.06395916923429931,69.73338027413024
HEALTH,MAK,IC3,private,F,False,1,138.59476164163448,0.09609517383415853,69.29738082081724
ENG_CIVIL,JED,IC3,mnc,M,False,2,137.87486325039208,0.08436944312365198,68.93743162519604
HEALTH,EST,IC2,private,M,False,1,135.61044798342937,0.11984770764933783,67.80522399171468
SALES,EST,IC6,private,M,False,1,135.24516051569117,0.04482366590829694,67.62258025784558
ENG_CIVIL,TAB,IC3,mnc,M,True,1,135.20860932384585,0.019383446697080257,67.60430466192292
ENG_ELEC,QAS,IC3,startup,M,False,1,134.71584595453555,0.08252827636350132,67.35792297726778
HEALTH,JED,IC3,pif_backed,M,False,1,134.2904770089374,0.07933158410286549,67.1452385044687
PM,EST,IC3,public,M,False,1,133.71600123764392,0.06800751538638979,66.85800061882196
SWE,MAD,IC2,startup,M,False,1,132.51708834707324,0.057836917435448845,66.25854417353662
PM,RUH,IC5,private,M,False,1,131.81209954047063,0.03775322040269911,65.90604977023531
SUPPLY,EST,M2,semigov,M,False,1,131.65522197420796,0.05534685971219472,65.82761098710398
SWE,BAH,IC3,mnc,M,False,1,129.8170094101838,0.07156879000523533,64.9085047050919
CUSTOMER,RUH,IC3,pif_backed,M,True,1,129.6919958040753,0.022021409080832034,64.84599790203765
DESIGN,EST,IC2,private,F,False,1,129.38000751645905,0.08963389116079055,64.69000375822952
DESIGN,EST,IC3,private,M,True,1,129.09840507721856,0.015059970833484792,64.54920253860928
SUPPLY,HAI,IC4,private,F,True,1,127.74376622878663,0.022704131320695698,63.87188311439331
HEALTH,NJR,IC3,public,F,False,1,126.5049832591883,0.09318929143241227,63.25249162959415
ENG_ELEC,EST,IC4,private,M,False,3,125.96735706942552,0.07361605328572905,62.98367853471276
FIN,RUH,IC5,startup,F,False,1,125.84204484649399,0.039601265125123124,62.921022423246995
SUPPLY,RUH,IC3,private,M,False,1,123.89027217299781,0.0982657231391152,61.945136086498906
MARKETING,EST,IC4,public,F,False,1,122.54208211623654,0.07329353147533037,61.27104105811827
SALES,RUH,M2,private,F,False,1,122.37303774545126,0.049009385583536395,61.18651887272563
ENG_CIVIL,EST,M1,private,M,False,2,121.66123946406594,0.0756344157369671,60.83061973203297
SUPPLY,ASR,IC2,private,M,True,1,120.10650523797813,0.025680187656851525,60.05325261898906
SUPPLY,RUH,M1,semigov,M,False,1,119.15110519154291,0.0731782489840252,59.575552595771455
PM,RUH,VP,public,F,False,1,117.9170592149676,0.010816585808518867,58.9585296074838
EDU,RUH,IC3,private,F,False,1,116.97861502504884,0.09485146261693997,58.48930751252442
HEALTH,EST,IC2,mnc,M,False,1,116.47552727909124,0.08351463789634041,58.23776363954562
ENG_MECH,RUH,IC3,semigov,M,False,2,115.53386136127733,0.07773170844825325,57.766930680638666
SALES,MAD,IC4,private,M,False,1,113.2711400939886,0.09320977638271917,56.6355700469943
ENG_CIVIL,MAD,IC3,private,M,True,1,113.02095845131407,0.023511062403653644,56.510479225657036
LEGAL,RUH,IC4,private,F,False,2,112.61060218029888,0.03459862910869444,56.30530109014944
SWE,EST,IC5,private,M,False,1,112.10645951339302,0.054149324846673806,56.05322975669651
SUPPLY,EST,M2,pif_backed,F,False,1,111.73914701662306,0.03421575022760011,55.86957350831153
ENG_ELEC,RUH,IC6,pif_backed,M,False,1,109.54140398884556,0.023548679438121826,54.77070199442278
DATA,JED,M4,private,M,False,1,108.54431363273034,0.013802718729352428,54.27215681636517
MARKETING,JAZ,IC3,private,F,False,1,107.87470445600002,0.06763074490161701,53.93735222800001
ENG_MECH,RUH,IC3,private,M,False,3,106.83049139371876,0.06231125069173391,53.41524569685938
SUPPLY,JAZ,IC5,public,M,False,1,106.48750750845943,0.06719638620031639,53.243753754229715
ENG_MECH,RUH,IC2,private,M,False,3,106.3991353997488,0.08752893158243301,53.1995676998744
CUSTOMER,ASR,IC3,pif_backed,M,False,1,104.63546450435797,0.043731954001749035,52.317732252178985
HEALTH,JED,IC3,mnc,M,False,1,104.1676691777493,0.06604711476137658,52.08383458887465
HEALTH,JED,IC6,private,M,False,1,103.78754958418813,0.039271856756214085,51.893774792094064
FIN,RUH,M1,public,F,False,1,103.67590020182479,0.029000504106280287,51.837950100912394
OPS,EST,IC4,semigov,F,False,1,102.79952233659606,0.05420443594804844,51.39976116829803
PM,JED,IC5,mnc,M,False,1,100.15706677576372,0.030259571503505237,50.07853338788186
SALES,RUH,IC4,pif_backed,M,False,1,99.49987033112939,0.05208550325034248,49.74993516556469
OPS,TAB,M1,private,F,True,1,98.90051354966181,0.015173458471690477,49.450256774830905
PM,JED,IC4,pif_backed,M,False,1,98.59110412921154,0.04234374623713549,49.29555206460577
ENG_ELEC,QAS,IC4,private,M,False,1,97.90757788123756,0.04284642493255611,48.95378894061878
FIN,RUH,IC4,mnc,F,False,1,97.17348768558713,0.024727133174347306,48.58674384279357
FIN,EST,IC5,private,F,False,1,96.77308737512885,0.018986001284510584,48.386543687564426
EDU,TAB,M1,private,F,True,1,96.6675243498994,0.01537572590926425,48.3337621749497
OPS,EST,IC5,semigov,M,False,1,93.36995988460012,0.028891302135238495,46.68497994230006
HEALTH,RUH,M5,semigov,M,False,1,91.93532334111478,0.01680850017356248,45.96766167055739
FIN,JED,M2,private,F,False,1,91.67376805050071,0.05085381514860722,45.836884025250356
CUSTOMER,RUH,D2,public,M,False,1,91.47885308448258,0.041236877540978434,45.73942654224129
SALES,TAB,IC3,pif_backed,F,False,1,91.20176389348876,0.047377609938371486,45.60088194674438
ENG_CIVIL,QAS,IC3,mnc,M,False,1,89.61972365437055,0.0751142983722368,44.80986182718527
SWE,HAI,IC4,private,M,False,1,88.48442925954623,0.05412086350373407,44.242214629773116
ENG_ELEC,EST,IC5,private,M,False,1,87.66251067640542,0.049004448803894964,43.83125533820271
HR,ASR,IC4,semigov,F,False,1,87.63416051911622,0.04440411884606328,43.81708025955811
FIN,RUH,IC4,public,F,False,1,86.60851032779374,0.06341174202314334,43.30425516389687
SALES,RUH,IC3,private,M,False,1,85.23456888423107,0.06130084226487132,42.61728444211553
MARKETING,JED,IC3,pif_backed,F,False,1,84.56977082909725,0.05674994961483303,42.284885414548626
ENG_MECH,ASR,IC3,private,M,False,1,84.28461785123432,0.06322009221969416,42.14230892561716
SALES,EST,IC3,semigov,M,False,1,84.05972869822199,0.036812988045824176,42.029864349110994
ENG_MECH,MAD,IC2,private,M,False,1,83.3827364918427,0.0703305086038151,41.69136824592135
ENG_ELEC,HAI,IC2,startup,M,True,1,83.29265587107238,0.014532067779305364,41.64632793553619
HEALTH,BAH,IC3,private,M,False,1,81.90374040732354,0.06757682579702878,40.95187020366177
ENG_ELEC,RUH,IC3,public,M,False,2,81.7583647180428,0.0658196338823128,40.8791823590214
ENG_ELEC,EST,M3,public,M,False,1,80.9898130955562,0.018325682401678516,40.4949065477781
SWE,MAD,IC3,semigov,M,False,1,80.79676669762353,0.041113096981168724,40.39838334881176
HR,RUH,IC3,pif_backed,F,False,1,80.28906221363377,0.030247420808514433,40.144531106816885
ENG_CIVIL,RUH,IC4,semigov,M,False,1,77.95657668023227,0.04540201615640975,38.97828834011614
LEGAL,RUH,IC4,mnc,M,False,1,77.208987506634,0.02650414506917765,38.604493753317
HEALTH,EST,IC4,startup,F,True,1,73.94030221279809,0.009457285688850564,36.970151106399044
ENG_ELEC,NJR,IC5,private,M,False,1,72.6164101294687,0.041231219251031,36.30820506473435
SUPPLY,MAK,IC4,private,M,False,1,71.7141161755178,0.04719984974126841,35.8570580877589
ENG_MECH,RUH,IC3,public,M,False,1,71.62796952652661,0.050142776780724915,35.813984763263306
HEALTH,EST,IC6,mnc,F,False,1,70.75148318918127,0.015537616145857625,35.375741594590636
FIN,RUH,IC3,private,M,False,1,70.06077573219886,0.061697319244386886,35.03038786609943
SUPPLY,EST,IC5,private,M,False,1,69.90282284865543,0.04764849810328962,34.951411424327716
SALES,EST,IC2,private,F,True,1,69.61572615576642,0.009311611465263964,34.80786307788321
FIN,EST,IC2,semigov,F,True,1,69.44943791271817,0.011643821244042169,34.724718956359084
FIN,RUH,IC3,public,F,False,1,69.22697262165366,0.032818423148117955,34.61348631082683
ENG_ELEC,EST,IC6,public,F,True,1,69.14385057764048,0.00434315360392147,34.57192528882024
MARKETING,RUH,IC3,private,M,True,1,67.43035134294223,0.012940644762719288,33.715175671471115
CUSTOMER,RUH,IC3,private,M,False,1,65.6758257005572,0.05680612522278007,32.8379128502786
SWE,MAD,IC4,mnc,M,False,1,65.6186673985626,0.03424251898984468,32.8093336992813
DATA,JED,IC3,public,M,False,1,65.57341021870639,0.038208513349713084,32.78670510935319
PM,JED,IC4,mnc,M,True,1,63.31698281977697,0.005624503406157507,31.658491409888484
HR,JED,M1,private,M,False,1,63.098220779781514,0.05126761672382881,31.549110389890757
CUSTOMER,RUH,M1,public,F,False,1,62.017300548821595,0.048223075457254454,31.008650274410797
FIN,BAH,IC2,public,M,True,1,62.008804651605715,0.012368991468247046,31.004402325802857
SALES,JAZ,VP,public,M,True,1,61.87656706915732,0.0017558277573945292,30.93828353457866
DATA,RUH,M3,semigov,M,True,1,61.53710027452689,0.003550504967347539,30.768550137263446
ENG_CIVIL,NOR,IC6,private,M,False,1,61.20774391047098,0.028462172926719553,30.60387195523549
PM,HAI,IC2,pif_backed,M,False,1,60.94942416991171,0.03718103709008161,30.474712084955854
DATA,JED,IC3,private,F,False,1,58.02986180411426,0.030491112570257408,29.01493090205713
SALES,NJR,M1,public,M,False,1,57.434968239760565,0.04905787812571242,28.717484119880282
ENG_MECH,HAI,IC3,mnc,M,False,1,56.29013225486915,0.03997787353797296,28.145066127434575
SWE,RUH,M2,private,F,False,1,54.62050513282975,0.010881247661569384,27.310252566414874
PM,MAK,IC4,public,M,False,1,52.696091032923505,0.021266836061597415,26.348045516461752
EDU,NOR,M2,private,F,False,1,51.371086550635255,0.02735976007125632,25.685543275317627
EDU,RUH,IC5,private,M,False,1,50.59047023591711,0.028466328062102284,25.295235117958555
HEALTH,JED,IC2,public,M,False,1,50.57393303875415,0.03799201561747095,25.286966519377074
SWE,JED,IC2,private,M,False,1,49.5390945214142,0.024983399751743005,24.7695472607071
OPS,JED,M2,mnc,M,False,1,49.30772188579567,0.01695626390767681,24.653860942897836
EDU,RUH,IC5,private,M,True,1,46.55390137415179,0.006027183416481405,23.276950687075896
ENG_CIVIL,RUH,IC3,semigov,M,False,1,46.07313861248372,0.030074992982857564,23.03656930624186
DESIGN,RUH,IC2,public,F,True,1,45.76425329040285,0.007962230081492024,22.882126645201424
CUSTOMER,EST,IC3,mnc,M,False,1,45.22976865715509,0.03392777098696809,22.614884328577546
SWE,BAH,IC1,private,M,False,1,42.22715081827414,0.039009818549619164,21.11357540913707
HEALTH,JED,IC3,private,F,False,1,41.70540636569808,0.02603822562434579,20.85270318284904
DESIGN,MAD,IC4,private,F,False,1,41.331224981906416,0.026634996587970434,20.665612490953208
OPS,NJR,M1,public,M,False,1,41.03510176359691,0.02123315259900564,20.517550881798456
DESIGN,MAK,IC3,private,F,False,1,36.396539664382544,0.02110043688501471,18.198269832191272
LEGAL,RUH,IC3,private,F,True,1,36.241227451134364,0.006182942664926329,18.120613725567182
EDU,EST,IC3,private,F,True,1,35.7134610202902,0.006733001013209886,17.8567305101451
DATA,EST,IC1,mnc,M,False,1,34.708404002094994,0.01918547100929773,17.354202001047497
PM,EST,IC6,public,F,False,1,31.365775328008567,0.008836455392765986,15.682887664004284
EDU,EST,IC5,semigov,M,False,1,30.63620316365268,0.013942355541610421,15.31810158182634
HEALTH,JED,IC3,public,M,False,1,30.60172903984835,0.024283390769687267,15.300864519924176
HEALTH,MAD,IC4,semigov,M,False,1,29.484895182310083,0.01446420555778418,14.742447591155042
HR,EST,IC3,public,F,False,1,28.653554760855286,0.018202206722992536,14.326777380427643
MARKETING,RUH,M3,pif_backed,F,False,1,26.216795326328793,0.004093120932583786,13.108397663164396
SUPPLY,RUH,IC3,mnc,M,True,1,25.712480478983707,0.0026142657146000425,12.856240239491854
HEALTH,TAB,IC4,semigov,F,False,1,25.232335758896625,0.012195486240125727,12.616167879448312
SUPPLY,ASR,IC3,private,M,True,1,25.187701932618893,0.006193133663206632,12.593850966309446
SUPPLY,EST,IC3,semigov,M,False,1,25.044225544376104,0.015637039281754375,12.522112772188052
SUPPLY,RUH,IC6,private,F,False,1,24.98269100293328,0.007951094745836922,12.49134550146664
CUSTOMER,EST,IC3,pif_backed,F,False,1,24.82958120063745,0.01788549100802806,12.414790600318725
FIN,EST,IC4,public,F,False,1,24.747224769002287,0.01345075920330756,12.373612384501143
ENG_MECH,MAK,IC5,public,M,False,1,23.83563814713989,0.006277091035508466,11.917819073569945
DESIGN,RUH,IC2,public,F,False,1,21.298592056078405,0.016377001934698106,10.649296028039203
DATA,EST,IC3,private,F,True,1,21.282823701330926,0.0021067976453214856,10.641411850665463
ENG_MECH,TAB,IC4,private,M,True,1,20.157833894490977,0.0032682881795819186,10.078916947245489
HEALTH,EST,IC5,semigov,M,False,1,18.555312600794423,0.006438149295670445,9.277656300397211
FIN,MAK,IC5,public,F,False,1,17.197533097224095,0.006997720089470297,8.598766548612048
ENG_MECH,RUH,IC2,public,M,False,1,16.281520521496986,0.013712159981216615,8.140760260748493
OPS,JED,M1,pif_backed,M,False,1,15.909377044288703,0.006594113354720662,7.954688522144352
DESIGN,RUH,IC1,mnc,M,False,1,15.71028947377863,0.010044107275602012,7.855144736889315
SALES,RUH,IC4,public,F,False,1,13.787296980787914,0.00797522814858315,6.893648490393957
SWE,JAZ,IC3,mnc,M,False,1,13.308733878911653,0.009076915495868781,6.6543669394558265
EDU,JED,M1,startup,M,True,1,12.21005073494598,0.00179020405463713,6.10502536747299
SUPPLY,EST,IC2,semigov,M,False,1,12.003305944373778,0.009236697485959015,6.001652972186889
OPS,HAI,IC5,public,M,False,1,11.913536662888419,0.00872977497754,5.956768331444209
HEALTH,JED,M4,private,F,False,1,11.441490019942648,0.0028794074530164916,5.720745009971324
ENG_MECH,EST,IC2,semigov,M,False,1,11.405232792558081,0.007610962001976669,5.702616396279041
ENG_ELEC,JED,IC4,semigov,M,False,1,11.32201962740396,0.006405579462517291,5.66100981370198
SWE,TAB,IC3,public,F,False,1,10.851880533388794,0.007833709050784902,5.425940266694397
OPS,EST,IC4,public,M,False,1,10.59322503180124,0.006656207033116935,5.29661251590062
EDU,ASR,IC4,mnc,F,True,1,10.22406901848808,0.0018859547777555156,5.11203450924404
ENG_MECH,JED,IC3,public,M,False,1,9.923041400489183,0.007424017392133283,4.961520700244591
PM,MAK,IC5,semigov,F,False,1,8.87068122584742,0.0026237031485478956,4.43534061292371
FIN,RUH,IC2,private,M,False,1,8.403220271158943,0.00648887410868587,4.201610135579472
PM,EST,M4,public,M,True,1,7.671803849552816,0.00032432342319795433,3.835901924776408
DATA,BAH,IC4,public,M,False,1,6.562905771531177,0.0036849902084117024,3.2814528857655887
ENG_MECH,RUH,IC2,pif_backed,F,False,1,6.356879893804944,0.0037344053298735106,3.178439946902472
OPS,JED,M1,private,F,False,1,6.1972899038999,0.0038197349735334335,3.09864495194995
SUPPLY,RUH,IC3,mnc,M,False,1,2.8291318220838093,0.0017970062744894649,1.4145659110419047
