family,region,level,ownership,gender,is_saudi,n,mae,mape,pinball_p50
FIN,EST,CXO,private,M,True,1,214747.0894257977,0.7608859880983335,107373.54471289885
OPS,EST,SVP,semigov,M,True,1,178931.12732749508,0.711593424841406,89465.56366374754
DATA,RUH,D2,semigov,M,False,1,122109.92346434272,0.659939738316207,61054.96173217136
FIN,RUH,D1,mnc,M,True,1,90698.50233658572,0.6334740945088114,45349.25116829286
PM,TAB,SVP,private,M,True,1,80315.10197362499,0.541929617683698,40157.550986812494
PM,EST,VP,private,M,True,1,78283.15846628546,0.4959347312512525,39141.57923314273
PM,RUH,D2,private,F,True,1,77062.07137098939,0.5626701901679889,38531.035685494695
SWE,JED,D1,pif_backed,M,True,1,70884.24853905367,0.5631978355291833,35442.12426952684
SUPPLY,MAK,M4,pif_backed,F,True,1,70068.02731088111,0.6354481523906983,35034.013655440554
DATA,RUH,M1,private,M,True,1,68550.1406881662,0.6823536412989857,34275.0703440831
ENG_CIVIL,RUH,D3,private,M,False,1,67168.37104169077,0.49436901756617174,33584.185520845385
SWE,RUH,VP,private,M,True,1,66033.58502092616,0.4833912548115144,33016.79251046308
DATA,EST,M4,public,M,False,1,65933.50429185173,0.6091200958932237,32966.752145925864
SALES,JED,M5,pif_backed,M,True,1,63589.58508475691,0.5722107923921016,31794.792542378455
PM,HAI,M3,private,M,True,1,62070.196277268624,0.6733014138337851,31035.098138634312
ENG_ELEC,RUH,SVP,mnc,M,True,1,59791.99786558228,0.4501116762518827,29895.99893279114
SWE,MAK,M5,semigov,M,True,1,59002.33590238174,0.5214743555904366,29501.16795119087
MARKETING,RUH,D2,private,F,True,1,58988.58306379188,0.5927485691273764,29494.29153189594
ENG_MECH,EST,M3,public,M,True,1,58779.04795926685,0.5873227357659045,29389.523979633424
MARKETING,JED,D3,semigov,M,False,1,56742.015761381095,0.5393829252811135,28371.007880690548
SALES,JED,IC5,private,M,True,2,53109.49913173319,0.5737921351611114,26554.749565866594
SWE,QAS,M2,public,M,True,1,51176.83328742116,0.6603505814995836,25588.41664371058
DATA,EST,M1,mnc,M,True,1,51176.218216914815,0.648740822667635,25588.109108457407
PM,RUH,M4,semigov,M,True,1,49875.98850746767,0.5333121670871347,24937.994253733836
SWE,RUH,M5,private,M,False,1,49514.84370287116,0.4701757123150927,24757.42185143558
SWE,ASR,M4,semigov,M,True,1,48406.521093470015,0.6197845065716479,24203.260546735008
FIN,RUH,M2,pif_backed,F,True,1,45868.9293291495,0.6120068667138747,22934.46466457475
HEALTH,RUH,M5,mnc,F,True,1,45531.268716123755,0.5061754768664215,22765.634358061878
SALES,RUH,M3,private,M,True,1,44945.12548447593,0.5568534785556062,22472.562742237966
DATA,RUH,D3,private,M,False,2,44035.5949474143,0.29020278582981895,22017.79747370715
SWE,RUH,M3,semigov,M,False,1,43381.70645024509,0.546107874976744,21690.853225122544
FIN,JED,D3,startup,M,True,1,43381.18185052503,1.8850269949770928,21690.590925262513
DATA,RUH,M2,public,M,False,1,43298.40887563806,0.5627841091955422,21649.20443781903
LEGAL,EST,SVP,private,M,True,1,42288.110505196746,0.3388442427534192,21144.055252598373
SWE,RUH,IC6,public,M,True,1,41988.45697847398,0.5082327529915478,20994.22848923699
SWE,RUH,IC5,mnc,M,False,2,40742.613163257134,0.5392677968098485,20371.306581628567
EDU,JED,D2,private,M,True,1,40534.7288647097,0.536830285200823,20267.36443235485
ENG_CIVIL,RUH,M2,pif_backed,M,True,1,40502.77996436926,0.6469368200840331,20251.38998218463
HEALTH,TAB,VP,semigov,M,False,1,39821.546126180154,0.4259154701442939,19910.773063090077
SWE,RUH,D1,mnc,M,True,2,39475.74798660743,0.3444442587280043,19737.873993303714
SALES,RUH,IC4,semigov,M,False,1,38948.97953686192,0.6688090788851686,19474.48976843096
OPS,RUH,M5,mnc,M,False,1,38613.18987065042,0.527318248588375,19306.59493532521
PM,ASR,IC6,private,M,False,1,38476.27949174156,0.6627976675076735,19238.13974587078
HEALTH,MAD,M1,pif_backed,F,False,1,38434.98128714991,0.7000996604173443,19217.490643574954
ENG_MECH,RUH,IC4,semigov,M,True,2,38099.71474988491,0.4070935235197798,19049.857374942454
MARKETING,NJR,M4,private,F,True,1,37920.19527926341,0.5515866147151468,18960.097639631706
SWE,QAS,M1,semigov,M,True,1,37539.784552690006,0.6385815812672023,18769.892276345003
DESIGN,TAB,M4,mnc,M,True,1,37104.232760023304,0.4968281976623526,18552.116380011652
ENG_MECH,RUH,CXO,public,M,False,1,37040.71554480784,0.3575108109683418,18520.35777240392
EDU,JED,VP,private,M,True,1,37036.95342686634,0.5351943573803772,18518.47671343317
SALES,RUH,M2,private,F,True,1,36966.45896337851,0.5473641007491996,18483.229481689254
LEGAL,RUH,IC5,mnc,F,True,1,36536.24802095613,0.5262225599965568,18268.124010478066
EDU,JED,VP,private,F,True,1,35884.89082957184,0.5188884176056164,17942.44541478592
HR,RUH,VP,pif_backed,M,True,1,35589.84641745978,0.3620187163920502,17794.92320872989
HR,RUH,VP,startup,M,False,1,35342.00418974781,0.42824580387439665,17671.002094873904
OPS,RUH,IC5,private,F,True,1,35065.3826687315,0.5444881086388506,17532.69133436575
LEGAL,MAD,VP,pif_backed,M,True,1,34831.86412026256,0.31397847050696165,17415.93206013128
ENG_ELEC,RUH,IC5,semigov,M,True,1,34164.41255542576,0.5669166943438573,17082.20627771288
DATA,EST,D2,pif_backed,M,True,1,33884.895657463785,0.3433947127637911,16942.447828731893
PM,EST,M4,startup,F,False,1,33851.06357333459,0.5229834919048961,16925.531786667296
MARKETING,RUH,IC5,private,M,True,1,33473.17298186351,0.5628621049932336,16736.586490931753
FIN,JED,D2,private,F,True,1,33254.607308451144,1.113234856946582,16627.303654225572
ENG_ELEC,RUH,M1,mnc,M,True,1,33187.25529163426,0.6775281974592381,16593.62764581713
PM,EST,IC6,mnc,F,False,1,33067.284334270924,0.4849500518247091,16533.642167135462
CUSTOMER,JED,D1,mnc,M,True,1,33018.22919193391,0.6022106656085875,16509.114595966956
MARKETING,NJR,M3,private,F,False,1,32996.95328040875,0.6167719378073631,16498.476640204375
MARKETING,EST,VP,mnc,M,False,1,32915.0306643838,0.38620625617628823,16457.5153321919
ENG_ELEC,JED,IC6,public,M,False,1,32751.02929053241,0.6140916246634772,16375.514645266205
SWE,RUH,M3,public,M,True,1,32635.33482926491,0.47382531914845755,16317.667414632455
ENG_MECH,JED,IC5,private,M,True,1,32629.867903160022,0.5465661487275665,16314.933951580011
SWE,RUH,IC4,mnc,M,False,1,32146.26745961932,0.5703270501889185,16073.13372980966
DESIGN,RUH,IC3,mnc,F,True,1,32086.388801475263,0.6645374938768324,16043.194400737631
HEALTH,RUH,M4,public,F,False,1,31056.25402291955,0.5108041534228838,15528.127011459776
SALES,RUH,M2,semigov,M,True,1,30998.171706577523,0.49964147331003667,15499.085853288761
FIN,EST,M1,semigov,M,True,1,30446.171161470615,0.5140043911366499,15223.085580735307
DESIGN,RUH,D2,pif_backed,M,False,1,30397.6655411365,0.36962703763294674,15198.83277056825
PM,RUH,M4,private,M,False,1,30230.050745309956,0.46532060112778806,15115.025372654978
SWE,MAK,M2,semigov,F,False,1,29884.180395823798,0.49615278697126647,14942.090197911899
HEALTH,MAD,IC4,semigov,F,False,1,29613.824217822992,0.6667310020909594,14806.912108911496
SWE,RUH,M3,pif_backed,F,True,1,29434.51730039023,0.38132947744490464,14717.258650195115
HEALTH,RUH,VP,public,F,True,1,29224.905640675985,0.36145741635311585,14612.452820337992
DATA,RUH,VP,mnc,M,False,1,29082.796795475748,0.28270887990369137,14541.398397737874
HEALTH,EST,SVP,private,M,True,1,29035.494164232463,0.3364295779103932,14517.747082116231
OPS,RUH,VP,private,M,False,1,28999.931028512412,1.0201049454282098,14499.965514256206
SWE,TAB,M5,private,M,True,1,28976.87603140623,1.2951774705740529,14488.438015703116
SALES,RUH,D2,semigov,M,False,1,28871.594693169318,0.35155563840803306,14435.797346584659
SALES,JED,IC3,mnc,F,True,1,28846.545073074223,0.6418449137671914,14423.272536537112
ENG_ELEC,RUH,M3,semigov,M,True,1,28838.190991030853,0.4575319898389614,14419.095495515427
DATA,RUH,IC3,public,M,False,1,28670.426034215423,0.6826378055298179,14335.213017107711
PM,RUH,D1,public,M,True,1,28665.295440967748,0.39759196764271026,14332.647720483874
SWE,EST,D1,public,F,False,1,28635.2072525736,0.39885159502674733,14317.6036262868
OPS,RUH,D1,startup,M,True,1,28617.850042053604,0.5974553846017292,14308.925021026802
FIN,EST,M2,semigov,M,True,1,28602.757846592976,0.41582841966406886,14301.378923296488
PM,JED,M1,semigov,M,True,1,28499.9002788428,0.5076688597832014,14249.9501394214
HEALTH,RUH,M4,pif_backed,M,False,1,28246.63990001536,0.45421045937179577,14123.31995000768
HEALTH,EST,SVP,mnc,F,True,1,28092.21889348727,0.32718302171276936,14046.109446743634
HEALTH,EST,D1,private,F,True,2,28059.780850940726,0.4854271542655567,14029.890425470363
FIN,EST,IC6,public,M,False,1,27796.256695012413,0.48953696942169994,13898.128347506206
ENG_CIVIL,RUH,VP,startup,M,True,1,27740.425181038634,0.36779268876781307,13870.212590519317
SWE,RUH,IC4,semigov,M,True,1,27564.339964295075,0.48939792873625737,13782.169982147538
OPS,RUH,D1,private,M,True,1,27537.32312018812,0.4073233491474388,13768.66156009406
ENG_MECH,JED,D1,private,M,True,1,27421.19487493011,0.3411464518822839,13710.597437465054
PM,EST,IC6,private,F,True,1,27245.89235290668,0.5206828710961134,13622.94617645334
DATA,ASR,IC5,public,M,True,1,27019.660794220206,0.5822944238729963,13509.830397110103
ENG_CIVIL,RUH,M5,private,M,True,1,26967.48101999401,0.4366858298484915,13483.740509997006
SWE,RUH,D1,startup,M,True,1,26909.203775087703,0.9967896487532243,13454.601887543851
ENG_ELEC,RUH,D2,private,M,True,1,26901.254187986182,0.9961914741830382,13450.627093993091
ENG_ELEC,JAZ,IC4,pif_backed,M,False,1,26850.33951939026,0.6730960401744327,13425.16975969513
FIN,RUH,IC6,mnc,M,True,1,26519.295606212465,0.4158847674741318,13259.647803106232
HEALTH,RUH,D2,semigov,F,False,1,26415.16426798419,0.3844473251930294,13207.582133992095
SWE,RUH,M3,private,M,True,2,26368.191500706267,0.33752736314537796,13184.095750353134
MARKETING,RUH,IC5,private,M,False,1,26292.67174296293,0.5288567063231264,13146.335871481466
DESIGN,RUH,D2,semigov,M,False,1,26253.046574896245,0.3633300221072252,13126.523287448123
ENG_CIVIL,RUH,D2,private,M,True,1,26229.395983511073,0.417377231834301,13114.697991755536
PM,EST,IC5,public,F,True,1,26054.604693651367,0.5448032383330539,13027.302346825683
FIN,EST,IC6,private,F,True,1,26025.358894923258,0.4952005481270881,13012.679447461629
ENG_MECH,RUH,D3,public,M,True,1,25689.95807357863,0.31486696724616614,12844.979036789315
ENG_MECH,RUH,M3,private,M,True,2,25635.674261910648,0.39084458643082487,12817.837130955324
DATA,MAK,M4,semigov,M,True,1,25623.176380403944,0.34836448575300544,12811.588190201972
FIN,MAK,IC4,pif_backed,F,True,1,25526.775588231867,0.5741604084326065,12763.387794115934
DATA,HAI,IC6,private,M,True,1,25303.98397441048,0.4434858241729456,12651.99198720524
SALES,TAB,M3,mnc,F,True,1,25150.02854268431,0.40966936775601637,12575.014271342156
SWE,MAK,IC4,semigov,M,False,1,25112.421377488095,0.4567328106509078,12556.210688744048
ENG_CIVIL,RUH,IC3,private,M,True,1,25047.33886687697,0.6156699832037456,12523.669433438485
DATA,RUH,M1,pif_backed,M,False,1,24978.668484041555,0.46217910532012707,12489.334242020777
FIN,RUH,IC5,semigov,F,False,1,24815.635431228045,0.48321440892752604,12407.817715614023
DATA,JAZ,M2,private,M,True,1,24561.426426515158,0.5408441661368675,12280.713213257579
FIN,RUH,M2,mnc,M,False,1,24184.452685026336,0.4152451149436223,12092.226342513168
SALES,RUH,M4,semigov,M,True,1,24067.52936366076,0.36139477210137516,12033.76468183038
SWE,EST,D1,private,F,True,1,23922.02577882048,1.2434351341944023,11961.01288941024
ENG_CIVIL,QAS,M3,mnc,M,True,1,23848.47118634433,0.48680989633334815,11924.235593172165
PM,RUH,M4,private,M,True,1,23810.48256909894,0.35159658039901254,11905.24128454947
DATA,JED,M3,private,M,True,1,23772.586500090445,0.4188196859439083,11886.293250045223
CUSTOMER,RUH,M3,private,M,True,1,23677.426828888492,0.4821072908915086,11838.713414444246
HEALTH,RUH,D2,pif_backed,F,True,1,23277.35458686771,0.3243690366115708,11638.677293433855
DESIGN,RUH,M2,public,F,True,1,23211.656652965044,0.4397422179227546,11605.828326482522
ENG_MECH,MAK,IC6,public,M,True,1,23116.76728125135,0.44044135806852697,11558.383640625674
ENG_ELEC,EST,M3,pif_backed,M,True,1,23062.76894492295,0.3541778515675856,11531.384472461476
FIN,MAK,VP,semigov,M,True,1,23046.172781987516,0.5430379638794458,11523.086390993758
PM,RUH,M3,public,M,True,1,22924.584568401173,0.36773906028096215,11462.292284200586
OPS,EST,M3,pif_backed,M,True,1,22899.656132963548,0.4582280103373699,11449.828066481774
EDU,RUH,IC4,mnc,F,False,1,22743.261283960557,0.6062111818985965,11371.630641980279
MARKETING,RUH,D3,private,F,True,1,22712.327577469398,0.2913321916077913,11356.163788734699
FIN,MAK,D3,private,M,True,1,22639.812541542487,0.23819687409825838,11319.906270771244
OPS,RUH,M3,startup,F,True,1,22500.41432869207,0.5401525009366569,11250.207164346035
ENG_CIVIL,RUH,VP,private,M,True,1,22489.01109165047,0.7832235503858989,11244.505545825235
LEGAL,ASR,IC3,semigov,F,False,1,22355.134342201993,0.7063684425420514,11177.567171100996
HR,MAK,IC4,private,F,False,1,22332.286916374258,0.670922726700869,11166.143458187129
SUPPLY,RUH,D1,private,M,False,1,22074.661382997572,0.4064533703464301,11037.330691498786
MARKETING,MAK,IC4,private,F,True,1,21988.678573049037,0.6943040461839097,10994.339286524519
PM,QAS,M2,semigov,M,True,2,21964.089395127445,0.5003031543066216,10982.044697563722
SWE,RUH,M3,private,F,False,1,21864.26493498338,0.36559308055229206,10932.13246749169
MARKETING,RUH,IC6,private,M,True,1,21836.50085343407,0.4886692003682182,10918.250426717035
FIN,JED,D1,semigov,M,False,1,21800.071868007064,0.8058887303489325,10900.035934003532
PM,RUH,M4,public,M,True,3,21629.572065585202,0.45746587197155675,10814.786032792601
CUSTOMER,RUH,D2,mnc,F,False,1,21538.813004313655,0.5048562394039662,10769.406502156828
PM,TAB,IC3,public,M,False,1,21401.60649173321,0.6537362803344683,10700.803245866606
ENG_ELEC,EST,IC2,mnc,F,True,1,21288.443727682043,0.7766919816353842,10644.221863841021
ENG_ELEC,RUH,D3,public,M,True,1,21183.345878481938,0.6292015030277972,10591.672939240969
ENG_CIVIL,TAB,IC5,pif_backed,M,True,1,21170.57528510657,0.586001809860633,10585.287642553285
SALES,TAB,IC5,semigov,F,True,2,21077.91970660122,0.39070008923216826,10538.95985330061
HEALTH,JED,IC4,semigov,F,True,1,21023.976802192257,0.5881615790575825,10511.988401096129
HR,RUH,IC4,private,M,True,2,20985.964444600693,0.5540255690475373,10492.982222300347
FIN,MAD,IC6,mnc,M,True,1,20916.204961817857,0.358743787509298,10458.102480908929
LEGAL,BAH,M1,private,M,True,1,20909.91956380241,0.5660032293925014,10454.959781901205
ENG_ELEC,EST,M2,pif_backed,M,True,1,20873.36787348215,0.3996678308868332,10436.683936741076
ENG_ELEC,JAZ,M2,private,M,False,1,20821.119851117226,0.6164006403802775,10410.559925558613
ENG_ELEC,QAS,D1,private,M,False,1,20770.563042155256,0.4062928308405506,10385.281521077628
FIN,EST,IC4,public,M,True,2,20682.8412551737,0.4144713140917413,10341.42062758685
SWE,RUH,D1,private,M,False,2,20595.330608030716,0.7980506629356159,10297.665304015358
CUSTOMER,MAD,IC6,mnc,F,True,1,20563.27525972667,0.5030727629176672,10281.637629863335
SALES,JED,IC5,pif_backed,F,False,1,20530.292452579408,0.5097120094328749,10265.146226289704
HEALTH,RUH,M4,private,F,True,1,20297.156598081943,0.4101718395587538,10148.578299040972
DESIGN,MAD,M2,private,F,True,1,20186.1325527735,0.562647815406501,10093.06627638675
DESIGN,TAB,VP,mnc,M,True,1,20146.14117330512,0.2474876867975362,10073.07058665256
SWE,MAD,IC6,private,F,True,1,20103.730519817218,0.395479359312828,10051.865259908609
SWE,RUH,M4,private,M,True,1,20055.00167362816,0.3124410198277837,10027.50083681408
DESIGN,RUH,IC2,mnc,M,True,1,19981.375202449733,0.6365901760458407,9990.687601224867
HEALTH,MAD,IC3,private,M,False,1,19879.64006808246,0.7364133379199154,9939.82003404123
SWE,EST,M4,semigov,F,False,1,19808.015847772404,0.9029838307204082,9904.007923886202
SWE,EST,IC6,private,M,True,1,19668.57514318915,0.7272251538001894,9834.287571594576
ENG_CIVIL,MAK,D1,private,M,False,1,19560.443308361115,0.37367777342689934,9780.221654180557
SALES,MAK,IC6,public,M,True,1,19540.891195213982,0.43890869891773693,9770.445597606991
HR,BAH,M3,semigov,F,True,1,19429.20102066005,2.421497628960963,9714.600510330025
HEALTH,RUH,D1,private,F,False,2,19424.54440300692,0.607773230623901,9712.27220150346
OPS,QAS,M3,semigov,M,True,2,19396.030366970183,0.8882428075975183,9698.015183485091
FIN,JED,M3,pif_backed,M,True,1,19314.281854099383,0.3007703191663047,9657.140927049692
SALES,RUH,IC5,mnc,M,True,1,19285.144044875742,0.3674486213086931,9642.572022437871
OPS,EST,IC6,semigov,M,True,1,19263.00301052152,0.47546405463483016,9631.50150526076
SWE,JAZ,D3,pif_backed,M,False,1,19245.329463629605,0.21262531325519202,9622.664731814803
PM,JED,IC5,public,F,True,1,19070.230016507754,0.5100147016318336,9535.115008253877
FIN,RUH,VP,mnc,F,True,1,18978.192325510376,0.19694000307693973,9489.096162755188
ENG_CIVIL,TAB,D1,private,M,True,1,18929.936686263813,0.3584977640926039,9464.968343131906
MARKETING,JED,M1,mnc,M,True,1,18887.431257890166,0.4359823519216225,9443.715628945083
CUSTOMER,RUH,IC4,startup,M,True,1,18848.136668719886,0.5954009235066322,9424.068334359943
LEGAL,EST,M2,private,F,True,1,18688.56367296784,0.39384915183088265,9344.28183648392
PM,RUH,VP,private,M,False,1,18668.169991547948,0.44623639058446796,9334.084995773974
SUPPLY,ASR,IC5,semigov,M,True,1,18569.03229877624,0.5325036978609913,9284.51614938812
SWE,JAZ,M3,private,M,True,1,18480.9799794429,0.4305217185162254,9240.48998972145
ENG_ELEC,RUH,IC6,private,M,False,1,18476.618176454183,0.4731399909875477,9238.309088227092
EDU,EST,M3,private,F,True,1,18471.710211209065,0.46114680389467116,9235.855105604533
SWE,JED,M2,public,F,True,1,18441.252426483024,1.0972814631220669,9220.626213241512
HEALTH,JAZ,IC6,public,M,True,1,18351.44634462031,0.5261977465779143,9175.723172310156
MARKETING,RUH,VP,public,F,True,1,18344.631834595213,0.8956989880568734,9172.315917297607
OPS,MAD,IC4,semigov,M,False,1,18219.71859526449,0.6200089223882653,9109.859297632245
SWE,EST,M4,private,M,False,1,18156.427075924665,0.26482675632375935,9078.213537962332
DESIGN,NOR,IC5,pif_backed,M,False,1,18126.35634186704,0.4652860067039049,9063.17817093352
FIN,NJR,D1,semigov,M,True,1,18055.342474921657,0.8439288278339162,9027.671237460829
HR,QAS,IC5,semigov,M,True,1,18046.50571026679,0.5088345913878025,9023.252855133394
ENG_MECH,QAS,M1,public,M,True,1,18025.175355228293,0.5875834908159652,9012.587677614147
CUSTOMER,JED,IC6,pif_backed,M,True,1,17987.90057333515,0.444771118235028,8993.950286667576
MARKETING,RUH,IC5,private,F,True,2,17969.845491593016,0.4002107284807176,8984.922745796508
DATA,EST,M3,startup,M,True,1,17802.680381969316,0.7878484435241667,8901.340190984658
OPS,RUH,VP,pif_backed,F,True,1,17762.383998082238,0.24032629113167853,8881.191999041119
SUPPLY,RUH,VP,semigov,M,True,1,17737.383061442604,0.2822746138552132,8868.691530721302
ENG_CIVIL,RUH,CXO,public,M,False,1,17694.090270221306,0.28704414932288985,8847.045135110653
HEALTH,MAK,IC4,private,F,True,1,17631.312164015922,0.6333070342142072,8815.656082007961
EDU,EST,VP,pif_backed,M,True,1,17602.54854213418,0.28483913275375095,8801.27427106709
OPS,RUH,IC6,public,M,True,1,17574.343354046523,0.4180215118231729,8787.171677023262
DATA,QAS,IC4,startup,M,True,1,17519.487583676306,0.5031886082945918,8759.743791838153
ENG_MECH,EST,M3,pif_backed,M,True,2,17507.14345343654,0.2529157562318231,8753.57172671827
FIN,RUH,M3,mnc,M,True,2,17477.424481462058,1.1741864277803304,8738.712240731029
SWE,HAI,IC5,mnc,F,True,1,17443.475694505396,1.6948297292510128,8721.737847252698
MARKETING,RUH,IC5,startup,M,False,1,17437.209784556188,0.46410069255106157,8718.604892278094
SUPPLY,JED,M2,private,M,True,1,17387.865995666856,0.43968898859037364,8693.932997833428
MARKETING,JED,D3,private,M,False,1,17381.34134120614,0.25491257439200626,8690.67067060307
ENG_CIVIL,MAK,IC4,pif_backed,M,False,1,17342.485966638502,0.5831061305001655,8671.242983319251
SALES,QAS,IC6,pif_backed,F,True,1,17316.5241570196,0.37005658721859475,8658.2620785098
HEALTH,ASR,M2,private,M,True,1,17230.047380350945,0.5311283311133981,8615.023690175472
DATA,EST,IC4,private,M,True,1,17188.639127188708,0.4727119679352349,8594.319563594354
FIN,EST,IC5,private,M,False,2,17168.474621462974,0.29614920650683213,8584.237310731487
SWE,HAI,IC5,private,F,True,1,17070.476682107157,0.5273367728850558,8535.238341053579
DATA,RUH,IC6,private,M,False,1,17063.817027718476,0.29359003744101947,8531.908513859238
CUSTOMER,RUH,IC5,mnc,M,True,2,16982.915252221253,0.3338912997291968,8491.457626110627
ENG_MECH,JAZ,IC4,private,M,True,1,16940.70214113261,0.4827105364484808,8470.351070566305
SWE,RUH,M4,private,F,True,1,16937.487138070977,0.6432705451964973,8468.743569035489
HEALTH,EST,IC4,private,M,True,1,16929.668263300333,0.5399465676298826,8464.834131650166
MARKETING,QAS,M4,pif_backed,M,True,1,16886.581902512648,0.3207561938517956,8443.290951256324
PM,TAB,IC5,public,M,True,1,16849.14834308285,0.5171518423224959,8424.574171541424
LEGAL,ASR,IC4,public,M,True,1,16781.412306878006,0.5702451000386024,8390.706153439003
DATA,QAS,M4,public,F,True,1,16702.237535632084,0.307552373767715,8351.118767816042
FIN,MAK,M3,private,F,True,1,16699.20469553368,0.8479512722430842,8349.60234776684
FIN,RUH,M3,startup,F,False,1,16625.65205351233,0.6850314670928871,8312.826026756165
DATA,EST,IC6,semigov,F,True,1,16598.74157429077,0.30838985391599844,8299.370787145384
SWE,RUH,M2,startup,M,True,1,16596.617396355632,0.3399527860170558,8298.308698177816
SWE,RUH,M3,semigov,M,True,2,16457.18827523732,0.4304025603727999,8228.59413761866
SWE,RUH,IC4,pif_backed,F,True,2,16456.303156539445,0.3965866608513143,8228.151578269722
FIN,TAB,M1,public,M,True,1,16451.380096872137,0.46741602550917466,8225.690048436069
LEGAL,JED,IC4,private,F,True,2,16405.482701204455,0.4380778759957956,8202.741350602228
ENG_MECH,RUH,M2,private,M,True,3,16354.79600454233,0.5409702110365638,8177.398002271165
SALES,RUH,SVP,public,F,True,1,16349.883603157097,0.49531728261118274,8174.941801578549
SWE,MAK,IC6,mnc,M,True,1,16326.278197210497,0.39007092635871427,8163.139098605248
SWE,JED,M2,private,F,False,1,16325.769822939672,1.244519594099134,8162.884911469836
CUSTOMER,MAK,IC6,private,M,True,1,16315.131550454222,0.45531620431083775,8157.565775227111
OPS,ASR,M1,pif_backed,F,True,1,16272.944761041384,0.5285857177441232,8136.472380520692
ENG_ELEC,JED,IC4,startup,F,True,1,16270.382049054639,2.1825991837317194,8135.191024527319
SWE,MAK,M3,private,M,True,1,16202.796707928275,0.7386284172388122,8101.398353964138
FIN,JED,IC4,private,F,False,2,16202.559075094854,0.5397372675788059,8101.279537547427
MARKETING,RUH,D3,public,M,False,1,16139.748874532506,0.34397100186698826,8069.874437266253
DATA,QAS,M3,pif_backed,F,False,1,16121.149853277779,1.121548534701018,8060.574926638889
HEALTH,RUH,IC6,startup,M,True,1,16077.08791998729,0.44027516485889173,8038.543959993645
FIN,QAS,M2,private,M,True,1,16076.684355785317,0.35182766771307344,8038.342177892659
FIN,RUH,M1,private,M,True,1,16023.15346945902,0.4316199741310379,8011.57673472951
SALES,BAH,IC4,private,M,False,1,15969.402636143455,0.5575830866937422,7984.701318071728
PM,TAB,IC3,mnc,M,False,1,15902.428707772353,0.5596392359019673,7951.2143538861765
PM,RUH,M3,private,M,True,1,15901.273713384933,0.929907748457584,7950.636856692467
CUSTOMER,EST,IC4,public,M,True,1,15859.49745159715,0.5647747934232331,7929.748725798575
CUSTOMER,MAK,IC6,public,M,False,1,15859.034699063846,0.5923031274860261,7929.517349531923
PM,MAK,M1,startup,M,True,1,15854.751370358208,0.45688727287067765,7927.375685179104
ENG_MECH,RUH,IC3,public,M,True,1,15828.698561098172,0.4758518707686338,7914.349280549086
HR,EST,IC4,semigov,M,False,1,15761.272765899183,0.46489823255302565,7880.636382949591
MARKETING,RUH,M2,mnc,F,False,1,15685.61884511471,0.36996225154399687,7842.809422557355
MARKETING,JED,M1,startup,M,False,1,15644.928871240558,0.47687762070486023,7822.464435620279
HEALTH,EST,M1,public,F,True,1,15565.368393110362,0.5395873508711664,7782.684196555181
MARKETING,RUH,D2,startup,F,False,1,15553.270062697593,0.26485119790931755,7776.6350313487965
SWE,MAK,M2,public,M,True,1,15523.46357869712,0.8384082211940934,7761.73178934856
SWE,NJR,M2,private,M,True,1,15423.275205426966,0.3963951432483458,7711.637602713483
FIN,RUH,M3,private,M,True,1,15389.33390884742,0.9923378343302764,7694.66695442371
SALES,RUH,M3,private,F,True,2,15360.459430778099,0.431118296511262,7680.2297153890495
SALES,JED,VP,private,M,True,1,15291.674122776705,0.22441789996572764,7645.837061388353
PM,NJR,IC5,private,F,False,1,15289.252198564347,2.8563466116475795,7644.6260992821735
SALES,NJR,M4,public,M,False,1,15287.990440205718,0.8363731995072856,7643.995220102859
ENG_MECH,RUH,IC6,public,M,False,1,15263.235165354825,0.36330310016459005,7631.617582677412
SWE,EST,IC3,mnc,F,False,1,15227.950023430909,0.4692943711126889,7613.9750117154545
FIN,RUH,M4,public,M,True,1,15196.111869369997,0.24729157619017547,7598.055934684999
MARKETING,QAS,M4,semigov,F,True,1,15078.05072548443,0.8743742588450175,7539.025362742215
SALES,RUH,M2,public,M,False,1,14945.085272083568,0.9591699054110203,7472.542636041784
OPS,JED,M4,public,F,True,1,14930.170345508419,1.3837492731931453,7465.085172754209
OPS,RUH,D1,private,F,False,1,14892.318467226,0.45203206612742897,7446.159233613
HEALTH,JED,IC5,pif_backed,M,True,1,14881.069204321553,0.36788116918281005,7440.534602160777
FIN,MAD,IC6,private,M,True,1,14873.208365531445,0.37807689003466133,7436.604182765723
SALES,EST,M4,public,M,True,1,14857.517722837612,0.2685103431314587,7428.758861418806
ENG_MECH,HAI,IC5,semigov,M,True,1,14817.64782064603,0.44616619530686413,7408.823910323015
SWE,JED,IC3,public,M,False,1,14802.85023321816,0.5077171953757982,7401.42511660908
ENG_CIVIL,EST,D1,semigov,M,True,1,14793.665301741898,0.8300937566908337,7396.832650870949
SWE,EST,IC5,mnc,M,False,3,14772.695388455875,0.3153843562701884,7386.347694227938
ENG_CIVIL,TAB,IC4,pif_backed,M,False,1,14745.592039210524,0.5176556507932513,7372.796019605262
SWE,MAK,IC5,public,F,True,2,14640.514161971883,0.2832268385148651,7320.257080985942
ENG_MECH,EST,IC5,mnc,M,True,1,14575.69855260547,0.32155889027691065,7287.849276302735
ENG_CIVIL,ASR,IC4,pif_backed,M,True,1,14566.558498041704,0.5446482860105876,7283.279249020852
DESIGN,RUH,M2,private,M,False,1,14559.36134848397,1.3946269399416231,7279.680674241985
DATA,EST,M2,private,F,False,1,14531.419007161381,1.12876173857086,7265.709503580691
HEALTH,RUH,M3,private,M,False,1,14498.173661309229,0.36461936013839247,7249.0868306546145
MARKETING,MAD,IC5,private,F,True,1,14376.315468992594,0.4277897588317512,7188.157734496297
PM,TAB,M1,private,M,True,1,14372.235084631782,0.4423826924644666,7186.117542315891
DATA,RUH,IC4,private,F,False,1,14366.032809613287,0.3498546572161142,7183.016404806644
SWE,RUH,IC5,startup,F,True,1,14363.599911300898,0.33270846248924696,7181.799955650449
SWE,RUH,IC4,private,F,False,1,14352.005875779456,1.8411195875159334,7176.002937889728
SWE,MAD,M3,public,M,False,1,14332.539002800382,0.3638984058538516,7166.269501400191
FIN,ASR,IC5,private,F,True,1,14331.27306286521,0.39572820120274144,7165.636531432605
FIN,RUH,IC5,public,M,False,1,14288.130993168554,0.33119418174412085,7144.065496584277
MARKETING,EST,M2,semigov,F,False,1,14287.901765505652,0.5093965835649182,7143.950882752826
ENG_ELEC,RUH,IC5,pif_backed,M,True,1,14281.231679163393,0.2967954195856319,7140.6158395816965
SWE,QAS,IC3,mnc,M,False,1,14198.39202045145,0.5050414543871535,7099.196010225725
CUSTOMER,EST,IC5,mnc,M,True,1,14181.318504114184,0.6109158752328603,7090.659252057092
FIN,RUH,IC4,pif_backed,M,False,2,14119.802930481512,0.37389949787255494,7059.901465240756
DATA,RUH,IC4,pif_backed,M,True,1,14063.988481642762,0.3698206847221586,7031.994240821381
SALES,JAZ,IC3,semigov,M,False,1,14055.62648083229,0.5698611993039647,7027.813240416145
ENG_ELEC,RUH,M1,public,M,False,1,14045.559244981558,1.031142966371289,7022.779622490779
SWE,RUH,M3,private,M,False,2,14036.335377553516,0.2891795779869855,7018.167688776758
CUSTOMER,RUH,M3,mnc,F,True,1,14030.101552698397,0.2961790967615889,7015.050776349199
SWE,RUH,IC6,mnc,M,True,2,14020.335380753484,0.4811640024773147,7010.167690376742
LEGAL,RUH,IC5,public,F,True,1,13966.607362890449,0.8890152488759181,6983.303681445224
SALES,RUH,IC6,private,F,False,1,13963.225526037531,0.30742582260426243,6981.612763018766
ENG_CIVIL,RUH,D1,private,M,False,1,13910.273143404804,0.2914909193959572,6955.136571702402
DATA,RUH,IC5,public,M,True,1,13873.82483328967,0.29027981019824534,6936.912416644835
FIN,HAI,D1,mnc,F,False,1,13856.493678117167,0.6394084979842538,6928.246839058584
HEALTH,RUH,IC5,private,M,False,1,13854.335145234061,0.37070607564998587,6927.167572617031
SWE,RUH,M3,mnc,M,True,1,13850.316491244681,0.23051546392623076,6925.1582456223405
DATA,EST,M1,semigov,M,False,1,13839.92129582879,0.31996311377270537,6919.960647914395
DATA,JED,IC4,mnc,M,True,1,13641.968003354705,0.36109722790271964,6820.984001677352
PM,RUH,IC4,private,M,True,5,13619.34542485787,0.3449858973389796,6809.672712428935
DESIGN,EST,IC5,private,M,False,1,13610.96449930008,0.4151541100638633,6805.48224965004
SALES,JED,IC6,public,M,False,1,13561.017558995256,0.44119192129529095,6780.508779497628
SALES,EST,IC4,mnc,M,False,2,13507.140278454859,0.29389375714649335,6753.5701392274295
SWE,JAZ,M3,public,M,True,1,13503.557188502084,0.6548560393829527,6751.778594251042
PM,EST,IC3,private,F,False,1,13498.492453459234,0.4672166751107075,6749.246226729617
SUPPLY,JED,IC6,startup,F,True,1,13479.74622211529,0.6087117971793394,6739.873111057645
SALES,RUH,M3,pif_backed,M,False,1,13466.699384302341,0.6367607076869917,6733.3496921511705
ENG_MECH,RUH,IC5,startup,M,False,1,13461.668308039927,0.4176127704193053,6730.8341540199635
PM,EST,M3,private,F,False,1,13457.101470305184,0.6886118908005575,6728.550735152592
ENG_ELEC,TAB,IC4,public,M,True,1,13409.235028902458,0.4065984606263022,6704.617514451229
SALES,RUH,M2,pif_backed,M,False,2,13377.185440597605,1.5562450949790763,6688.592720298802
SALES,HAI,IC5,semigov,M,False,1,13353.136287704874,0.40051458648572885,6676.568143852437
MARKETING,RUH,IC4,mnc,F,True,2,13350.892274658416,0.677449886820741,6675.446137329208
SWE,RUH,IC5,semigov,M,True,1,13348.377028725594,0.7261775041876211,6674.188514362797
ENG_ELEC,JED,M5,private,M,True,1,13315.625161581629,0.6649474140218979,6657.8125807908145
DATA,HAI,IC3,private,F,True,1,13280.751554253968,0.49014801242034045,6640.375777126984
FIN,JED,D1,private,F,True,1,13276.68385649311,0.22610348958170812,6638.341928246555
MARKETING,JED,IC5,semigov,F,True,1,13211.739836224619,2.4268486599396066,6605.869918112309
FIN,EST,D2,public,F,False,1,13206.543527256414,0.28176892927213354,6603.271763628207
ENG_ELEC,JED,M2,public,M,True,1,13175.482936537654,0.3687106133982889,6587.741468268827
SWE,TAB,IC4,semigov,M,False,1,13128.658199096308,0.4512132346186483,6564.329099548154
SWE,EST,IC6,private,F,True,1,13082.221839691112,0.23750508497155165,6541.110919845556
SWE,RUH,M5,private,F,False,2,13077.756382370915,0.3052364902411173,6538.878191185458
FIN,RUH,D1,semigov,M,True,1,13077.229506521566,0.31628176775408495,6538.614753260783
SWE,EST,M3,public,M,True,1,13042.867653686917,0.6076596574599875,6521.4338268434585
ENG_ELEC,EST,M1,private,M,True,1,13021.640354237785,0.8786626815294757,6510.820177118892
ENG_CIVIL,EST,M3,public,M,True,1,13008.768440154017,0.35276313279397004,6504.384220077009
ENG_MECH,EST,IC5,public,M,False,1,13006.89056433164,0.4813744087535469,6503.44528216582
DATA,RUH,IC3,pif_backed,M,True,4,13003.851397311268,0.39537295458620897,6501.925698655634
DESIGN,ASR,IC4,semigov,M,True,1,12999.975893039558,0.41196878959984634,6499.987946519779
HR,RUH,M2,mnc,M,False,1,12953.649245079603,0.3982757900881434,6476.824622539802
PM,RUH,IC4,public,M,True,2,12953.065069348955,0.8540652209560602,6476.532534674478
LEGAL,JED,IC4,public,M,False,1,12931.49713755977,0.4654482358588243,6465.748568779885
HR,JED,IC5,private,M,True,1,12926.590253028971,0.414902366402755,6463.295126514486
PM,EST,IC5,private,M,True,1,12904.56160200583,0.9816206382390801,6452.280801002915
DATA,MAD,IC6,private,F,False,1,12865.36010108863,0.9499126238553656,6432.680050544315
PM,EST,IC5,mnc,M,True,1,12861.57302945993,0.7518041988015819,6430.786514729965
PM,RUH,IC3,startup,F,False,1,12855.866466117337,0.5129463426105927,6427.9332330586685
EDU,RUH,M4,private,M,True,3,12846.751520362528,0.28894298087366294,6423.375760181264
SALES,RUH,M2,startup,F,True,1,12838.424352452093,0.8404062692871769,6419.212176226047
DATA,RUH,M3,private,F,True,2,12797.785397277634,0.4722420620544333,6398.892698638817
SALES,EST,M3,pif_backed,M,False,1,12795.03623669855,0.23367688462199607,6397.518118349275
SALES,NJR,M2,pif_backed,M,False,1,12767.167512290209,0.7051170998340486,6383.583756145104
EDU,JED,D1,public,F,True,1,12760.279023722218,0.317578349388332,6380.139511861109
SALES,EST,D2,private,F,False,1,12758.457139234419,0.2970193469867263,6379.228569617209
OPS,RUH,M3,private,M,True,2,12737.009300591028,0.3269956525680904,6368.504650295514
SWE,RUH,IC5,public,M,False,3,12646.93127159104,0.28692030574233895,6323.46563579552
FIN,RUH,M1,private,F,True,1,12635.88524312406,0.3585734697242756,6317.94262156203
DESIGN,RUH,IC5,public,M,True,2,12630.913618474973,0.6313740420926738,6315.456809237487
DATA,HAI,M5,private,F,True,1,12613.473722990144,0.19176990487107587,6306.736861495072
ENG_CIVIL,RUH,IC5,public,M,False,1,12606.032903448711,0.43927117636098306,6303.016451724356
FIN,EST,IC4,private,M,False,1,12589.276757073221,1.5493541021565715,6294.638378536611
DATA,RUH,M1,semigov,M,False,1,12581.72800146848,0.5835689011380109,6290.86400073424
PM,RUH,IC4,semigov,M,True,2,12534.410034003628,0.336967619101054,6267.205017001814
FIN,QAS,M3,semigov,F,True,1,12506.588079250469,0.5058517688306446,6253.294039625234
SALES,TAB,IC4,semigov,M,True,1,12502.495184609415,0.5686620226686856,6251.247592304708
HEALTH,RUH,M4,private,M,True,2,12500.893876140912,0.26248289427867,6250.446938070456
SALES,JED,IC5,startup,M,True,1,12471.53256289523,0.8094072169804858,6235.766281447615
DATA,NJR,M3,public,M,False,1,12450.863247795034,0.3027288750692954,6225.431623897517
ENG_ELEC,RUH,IC3,semigov,M,True,2,12439.336957871265,0.43356148539223516,6219.668478935632
PM,RUH,VP,mnc,M,False,1,12413.137492953916,0.1959056672966456,6206.568746476958
ENG_MECH,ASR,IC3,startup,M,True,1,12402.28373337198,0.5105972118856662,6201.14186668599
ENG_MECH,RUH,IC4,public,M,False,3,12395.832575363018,0.40356634533902036,6197.916287681509
FIN,RUH,IC5,public,F,True,1,12342.389128253362,0.35871644850678636,6171.194564126681
SWE,NJR,IC4,public,F,True,1,12328.807632711832,2.290305781252198,6164.403816355916
DATA,RUH,IC3,private,M,True,2,12291.28971227896,1.1597900127424368,6145.64485613948
PM,EST,IC4,public,F,True,1,12291.23570978193,0.42754682053263465,6145.617854890965
SALES,MAD,M4,public,M,True,1,12191.161438922769,0.2787766971040804,6095.580719461384
SUPPLY,HAI,IC6,private,M,True,1,12169.220161547284,0.46337009923484906,6084.610080773642
ENG_ELEC,RUH,IC4,mnc,M,False,1,12154.024667354015,0.46570623733780936,6077.0123336770075
DATA,RUH,IC4,public,M,False,1,12135.224578567275,0.3891782726951444,6067.612289283637
ENG_ELEC,EST,M1,private,F,False,1,12116.73632046047,0.5213463791286725,6058.368160230235
SWE,JED,M2,semigov,M,True,1,12097.189338149175,0.6179169795610532,6048.594669074588
EDU,MAK,IC4,startup,M,True,1,12032.25966356758,0.4992011238241657,6016.12983178379
OPS,RUH,M2,pif_backed,M,True,1,11975.301054836109,0.30950208388099676,5987.6505274180545
ENG_ELEC,ASR,IC4,public,F,False,1,11945.73668492382,0.5546768369686759,5972.86834246191
ENG_MECH,ASR,IC4,semigov,F,False,1,11913.003862322445,0.5725968705124216,5956.501931161222
HR,MAD,IC5,mnc,F,False,1,11908.48132201484,0.4682527157801566,5954.24066100742
MARKETING,RUH,D1,private,M,True,1,11900.058144278028,0.3956923000077152,5950.029072139014
OPS,QAS,M3,private,M,True,1,11887.432564718529,1.1027886042878454,5943.716282359264
SWE,EST,M4,public,M,True,1,11865.024676338537,0.5520495664727961,5932.512338169268
SALES,RUH,IC6,public,M,False,2,11849.920915638948,0.3317966945893043,5924.960457819474
DESIGN,EST,M3,public,M,False,1,11847.165978102756,0.33972813464432156,5923.582989051378
ENG_MECH,RUH,IC4,private,F,True,1,11842.669306041367,0.3262914345222662,5921.334653020684
SWE,TAB,D1,startup,M,False,1,11837.572357889181,0.40059100501921574,5918.786178944591
DATA,EST,IC3,public,M,False,1,11807.660337672185,0.48254249085693746,5903.8301688360925
SWE,EST,M1,public,M,False,1,11790.785756983936,0.34021898823434177,5895.392878491968
HR,EST,D3,startup,F,False,1,11777.268410336372,0.2962746124162917,5888.634205168186
PM,RUH,M2,private,M,False,1,11697.814839342678,0.6629136951445636,5848.907419671339
EDU,EST,D1,public,M,True,1,11697.275560697133,0.3299704864530273,5848.637780348567
ENG_MECH,RUH,M2,semigov,M,False,1,11689.967413985269,1.3593997011388368,5844.983706992634
ENG_MECH,RUH,D2,private,F,False,1,11665.9836238155,0.557433966431376,5832.99181190775
SWE,TAB,M2,private,M,True,1,11659.780725180655,0.31507436881744516,5829.890362590328
SUPPLY,EST,IC4,startup,M,True,1,11658.20553208356,0.37497826599197376,5829.10276604178
HEALTH,JED,M2,public,F,False,1,11638.993022855417,1.147911195159362,5819.496511427708
EDU,RUH,M1,mnc,M,False,2,11610.295954985908,0.39307096903403504,5805.147977492954
DESIGN,JED,IC4,semigov,F,False,1,11584.041156904039,0.583384340179952,5792.020578452019
HR,RUH,M4,public,F,False,1,11579.544744064728,0.8440467395820075,5789.772372032364
OPS,RUH,M1,public,F,True,1,11578.99447387434,0.4597101142575847,5789.49723693717
SALES,RUH,M1,pif_backed,F,False,1,11556.95296501774,0.9179353530866756,5778.47648250887
MARKETING,EST,IC5,private,M,True,3,11549.487188239937,0.40824024107554857,5774.743594119968
ENG_ELEC,JAZ,IC5,private,M,True,1,11545.533438505432,0.48189737493913143,5772.766719252716
PM,QAS,IC3,private,M,True,1,11533.00724746937,0.4362934504752342,5766.503623734685
OPS,RUH,IC4,public,M,True,2,11504.440043718649,0.4007702597246025,5752.220021859324
DATA,BAH,IC6,startup,M,True,1,11502.849528170436,0.7542599905295256,5751.424764085218
CUSTOMER,TAB,D1,semigov,M,True,1,11496.14586150034,1.3391217380289369,5748.07293075017
HEALTH,RUH,VP,private,M,True,1,11422.876906941397,0.25666352487192295,5711.438453470699
DATA,JED,IC4,semigov,F,True,1,11414.735237181416,0.35598626660080324,5707.367618590708
FIN,EST,IC5,pif_backed,F,True,1,11382.62321869488,0.6383177876167342,5691.31160934744
SWE,EST,IC4,semigov,F,False,1,11379.019478416343,0.8845321392221465,5689.509739208172
OPS,JED,M3,private,M,False,1,11349.432126488724,0.7614462248820018,5674.716063244362
SWE,HAI,IC4,mnc,M,True,1,11309.372220804242,0.33229815353627,5654.686110402121
DATA,JED,M1,private,M,True,1,11260.891441891083,0.2937632539580834,5630.445720945541
ENG_MECH,MAK,M3,semigov,M,False,1,11225.725692728032,0.3633602971667184,5612.862846364016
LEGAL,RUH,M2,public,M,True,1,11194.712290797255,0.30320685145373083,5597.356145398628
FIN,MAD,M1,pif_backed,M,True,1,11189.47638701646,0.28964621352083286,5594.73819350823
FIN,RUH,IC5,semigov,M,False,1,11102.522868740572,0.34308618618550046,5551.261434370286
SALES,RUH,IC5,semigov,M,True,2,11095.160416274855,0.8798726538399008,5547.580208137428
EDU,RUH,IC6,mnc,F,True,1,11030.547161533772,0.9499142847391544,5515.273580766886
PM,JED,IC3,public,M,True,1,11021.561848793946,0.4889451438166275,5510.780924396973
DATA,RUH,IC2,semigov,M,True,2,11015.291517104208,0.36016735793619437,5507.645758552104
PM,RUH,IC6,private,F,True,1,11002.83215802627,0.7272825444917087,5501.416079013135
LEGAL,RUH,M1,mnc,F,False,1,11002.385132199135,0.79196467827285,5501.192566099568
SWE,MAK,M3,private,F,False,1,10983.757855613636,0.2468738406319075,5491.878927806818
CUSTOMER,TAB,D2,pif_backed,F,True,1,10969.183675402393,1.0067627621864434,5484.591837701197
ENG_MECH,MAD,IC4,public,M,True,1,10955.877527560462,1.3951466700064896,5477.938763780231
SWE,MAK,IC5,private,M,True,1,10953.667947614307,0.30462521946151694,5476.833973807154
SWE,RUH,M4,private,M,False,2,10938.99909564757,0.25189616392343367,5469.499547823785
EDU,MAK,D2,public,M,True,1,10932.573724685179,0.2553199067305722,5466.286862342589
SUPPLY,MAD,IC5,private,F,False,1,10923.617225577276,0.47192734144808124,5461.808612788638
LEGAL,JED,IC5,private,M,True,1,10913.290411010312,0.5974113998920665,5456.645205505156
ENG_CIVIL,RUH,IC5,private,F,True,1,10883.543064407746,0.3621331705287535,5441.771532203873
MARKETING,JAZ,M3,private,M,False,1,10868.003541824124,0.8565839856225186,5434.001770912062
CUSTOMER,JED,IC4,mnc,M,True,1,10855.025243120606,0.4296423327177558,5427.512621560303
PM,RUH,IC2,semigov,F,True,1,10801.640949604105,0.4833411767213552,5400.820474802053
EDU,TAB,IC3,mnc,M,True,1,10790.199646645506,0.6034773773797768,5395.099823322753
SUPPLY,EST,IC6,private,F,False,1,10779.15120843618,0.817213417035024,5389.57560421809
DATA,RUH,IC5,public,F,True,1,10776.460573933931,0.29134490572204763,5388.230286966966
DATA,HAI,IC6,private,M,False,1,10765.404803150737,0.30014137488159953,5382.702401575369
ENG_MECH,EST,M3,mnc,F,False,1,10763.862506629874,0.36879568056177553,5381.931253314937
OPS,EST,CXO,private,M,False,1,10756.382908251027,0.24032469284623872,5378.191454125514
SWE,EST,IC5,public,M,True,3,10745.943470875705,0.7407411018608587,5372.971735437853
OPS,QAS,D2,public,F,True,1,10741.54704948283,0.609850508759112,5370.773524741415
DATA,JAZ,M3,private,M,False,1,10739.880380062878,0.7486798883843098,5369.940190031439
PM,JED,D2,pif_backed,M,True,1,10734.481861805332,0.17762886635385267,5367.240930902666
FIN,RUH,IC6,private,M,True,1,10723.477196826232,0.27561451351374316,5361.738598413116
LEGAL,RUH,IC5,pif_backed,F,False,1,10712.94009219727,1.1867900425839077,5356.470046098635
SWE,EST,IC4,private,M,False,1,10679.736387231264,0.3175512149378608,5339.868193615632
CUSTOMER,MAK,IC4,private,F,True,1,10654.73740929965,1.7982102530551174,5327.368704649825
ENG_CIVIL,EST,M4,semigov,M,False,1,10613.51815478236,0.3120618881684058,5306.75907739118
SWE,RUH,IC5,mnc,F,False,1,10613.2635612286,0.29129164618450076,5306.6317806143
HEALTH,MAK,IC4,private,F,False,1,10572.248492538905,0.4764220558822413,5286.124246269453
ENG_ELEC,EST,M3,pif_backed,M,False,1,10557.374965957584,0.25680576706249364,5278.687482978792
DATA,ASR,IC4,private,M,True,1,10554.708382738592,2.1862492170792294,5277.354191369296
SUPPLY,RUH,M4,private,M,False,1,10539.394063810523,0.3123100825894461,5269.697031905262
ENG_CIVIL,JED,M3,semigov,M,False,1,10531.922386743896,1.1831626564897935,5265.961193371948
ENG_CIVIL,JED,M1,pif_backed,M,False,1,10489.591524727733,0.2617194244724859,5244.795762363867
SWE,RUH,IC3,startup,M,True,1,10480.414997571568,0.4306339106491207,5240.207498785784
SWE,RUH,IC5,semigov,F,True,2,10437.220578068316,0.22922113115991613,5218.610289034158
ENG_CIVIL,RUH,IC3,public,F,False,1,10432.215906515608,0.6349357077917153,5216.107953257804
SWE,RUH,M2,private,M,True,3,10411.161245180005,0.3101956586822056,5205.580622590002
LEGAL,EST,IC5,private,F,False,1,10401.106487281566,0.9165819788557839,5200.553243640783
SWE,JED,IC5,private,F,True,1,10395.882047898665,0.8418209035586419,5197.941023949333
SWE,EST,M3,private,M,True,1,10393.234426073868,0.2012641891843391,5196.617213036934
ENG_MECH,MAK,VP,private,M,True,1,10386.316172752478,0.24129852506532307,5193.158086376239
ENG_ELEC,JED,IC5,pif_backed,M,True,1,10383.697221228267,0.5312223597329623,5191.848610614134
SALES,ASR,M5,private,M,False,1,10379.626871735769,0.8917772153672802,5189.813435867884
HEALTH,JED,CXO,private,M,True,1,10379.57424234398,0.24646181578441306,5189.78712117199
DESIGN,JED,M3,semigov,M,False,1,10343.556342363529,0.4633086846944145,5171.778171181764
DESIGN,RUH,M1,private,F,True,1,10337.10055540254,0.37954900145482723,5168.55027770127
DATA,RUH,IC3,mnc,M,True,3,10331.72324860457,0.274614133177318,5165.861624302285
MARKETING,RUH,M3,pif_backed,M,False,1,10312.443089199012,0.376070072103707,5156.221544599506
DATA,MAD,M2,semigov,M,False,1,10289.787907493277,0.6850605720202764,5144.8939537466385
CUSTOMER,EST,M1,mnc,F,True,1,10286.272798939917,0.4083382312881335,5143.136399469959
DESIGN,JAZ,IC4,pif_backed,M,False,1,10282.605081027234,0.4606532487326166,5141.302540513617
SALES,QAS,M1,private,F,True,1,10280.707410755962,0.4036527039437046,5140.353705377981
ENG_MECH,QAS,IC6,mnc,M,True,1,10252.054493691296,0.33681905119153527,5126.027246845648
SWE,RUH,M1,private,F,True,3,10218.796182254728,0.46373510912754773,5109.398091127364
ENG_MECH,RUH,IC5,mnc,F,False,1,10199.06522400385,0.4227870447836293,5099.532612001925
DATA,QAS,M1,private,F,True,1,10195.728181706025,0.34930861641890276,5097.864090853012
ENG_MECH,JED,IC5,mnc,M,False,1,10188.029415513985,0.3516093784150147,5094.014707756993
SALES,RUH,M2,mnc,F,False,2,10185.61751442312,0.621411496144557,5092.80875721156
FIN,EST,M3,private,M,True,1,10182.308031146065,0.23304870371772765,5091.154015573033
SALES,EST,IC4,public,M,True,1,10169.701205656835,0.30939252038055587,5084.850602828417
PM,RUH,IC5,semigov,M,False,1,10166.691996035242,0.26328294531657687,5083.345998017621
HR,RUH,VP,private,M,True,1,10139.350504759139,0.20840215610895113,5069.675252379569
ENG_ELEC,EST,M5,public,M,True,1,10119.273235369958,0.24934451773183577,5059.636617684979
FIN,RUH,D1,public,M,True,1,10119.148467940122,0.40519852866680955,5059.574233970061
SWE,RUH,IC4,public,F,False,2,10117.356156702608,0.36049448933260686,5058.678078351304
MARKETING,HAI,M3,private,F,True,1,10044.808330433676,0.30730275820375363,5022.404165216838
ENG_CIVIL,EST,M4,private,M,False,1,10027.690840656618,0.3024237422821699,5013.845420328309
ENG_CIVIL,MAK,M3,mnc,F,False,1,9990.617367437404,0.536038867522205,4995.308683718702
CUSTOMER,TAB,M4,private,M,True,1,9985.21666184091,0.2862382081401373,4992.608330920455
HR,QAS,M1,private,F,True,1,9978.857298656194,0.38590747751024024,4989.428649328097
EDU,RUH,M2,private,M,True,1,9973.553576258615,0.33984650599932653,4986.7767881293075
HEALTH,TAB,M1,private,M,False,1,9970.681126618909,0.42977110870866736,4985.340563309454
DATA,JED,IC4,semigov,M,True,1,9958.19336307305,0.335584901974347,4979.096681536525
HEALTH,BAH,D2,private,M,False,1,9951.31915353136,0.3890408678617575,4975.65957676568
MARKETING,RUH,D2,mnc,F,False,1,9939.523660291205,0.18637009888384845,4969.761830145602
ENG_CIVIL,RUH,D1,pif_backed,M,False,1,9938.484251635833,0.5930601529681597,4969.2421258179165
HEALTH,RUH,M3,public,F,True,2,9922.716650952001,0.2143118352490709,4961.358325476001
SWE,JED,IC6,semigov,F,True,1,9900.996132667053,0.33642699954865735,4950.498066333526
SWE,JED,M2,public,M,False,2,9891.671203576028,0.5636813701046892,4945.835601788014
PM,MAD,M2,semigov,F,True,1,9872.522894146468,0.6696645474506999,4936.261447073234
HEALTH,MAK,IC4,public,M,True,1,9859.668042617586,0.4009664202748456,4929.834021308793
ENG_ELEC,RUH,M5,semigov,M,True,1,9836.165554796047,0.22336620915808858,4918.082777398024
EDU,EST,IC6,mnc,F,False,1,9818.589370005375,0.3231237248026959,4909.294685002687
SALES,MAK,IC4,private,M,True,3,9806.0352022249,1.024551358087549,4903.01760111245
SWE,EST,IC6,semigov,M,True,1,9793.702506635876,0.21192467393218933,4896.851253317938
HEALTH,NJR,M5,public,F,True,1,9782.610052741795,0.4356805582323123,4891.305026370897
PM,JED,IC3,pif_backed,M,True,1,9776.318733956869,0.3361261124258729,4888.159366978434
SWE,EST,IC4,mnc,M,True,2,9769.183212502747,0.24099135556139825,4884.591606251373
SUPPLY,EST,IC3,semigov,M,True,1,9746.124523465853,0.32179382489521374,4873.062261732926
FIN,EST,IC2,pif_backed,M,False,1,9740.802593549934,0.4210893294445552,4870.401296774967
SWE,MAK,M1,pif_backed,M,True,1,9718.617095792913,0.43832483300211855,4859.308547896457
ENG_ELEC,EST,IC4,mnc,F,True,1,9641.734284444854,0.4917899763506288,4820.867142222427
MARKETING,RUH,IC5,startup,M,True,1,9622.088370034167,0.6621046207923278,4811.044185017084
ENG_CIVIL,QAS,D1,pif_backed,M,True,1,9613.71049454245,0.21582479578175873,4806.855247271225
HEALTH,EST,M4,private,M,False,1,9594.95523417689,0.5088442385346115,4797.477617088445
SALES,JED,M2,startup,M,True,1,9586.228832652778,0.42980152900296487,4793.114416326389
SWE,JED,M4,public,M,True,1,9566.501202896456,0.15371056276386316,4783.250601448228
SALES,NJR,M3,private,M,True,1,9563.864479819878,0.6335816605732179,4781.932239909939
ENG_MECH,RUH,IC5,private,M,True,2,9562.715313508244,0.3935013156267491,4781.357656754122
OPS,RUH,IC3,semigov,M,True,1,9545.44941820928,0.5894570530640307,4772.72470910464
HEALTH,MAK,M4,private,F,False,1,9520.7254638815,0.637091808097509,4760.36273194075
SALES,EST,M1,private,F,False,1,9498.159495107702,0.5756826643578956,4749.079747553851
SWE,RUH,IC4,private,M,False,3,9491.806033273931,0.22341315547442006,4745.903016636966
OPS,EST,D2,private,M,True,1,9470.443827891271,0.3672941204626088,4735.221913945636
HEALTH,MAK,IC4,public,F,False,1,9450.44608050516,0.4450338954076158,4725.22304025258
LEGAL,RUH,IC4,private,M,True,2,9442.374072001543,0.3394317993109961,4721.1870360007715
SALES,MAK,IC4,semigov,M,True,1,9439.580081587466,0.715337013864626,4719.790040793733
OPS,RUH,IC5,private,M,True,3,9437.202034515994,0.5401423461480198,4718.601017257997
SWE,MAK,IC4,mnc,F,False,1,9434.570724002702,0.7373736676456586,4717.285362001351
OPS,QAS,M4,private,M,True,1,9397.450842332997,0.36226191557212034,4698.725421166499
HEALTH,QAS,M3,public,M,True,1,9365.455889836872,0.7444268780134803,4682.727944918436
SALES,RUH,IC4,private,M,False,3,9339.73212156442,0.4959997180146329,4669.86606078221
DATA,RUH,M1,public,F,True,2,9338.150631234377,0.23778160473267906,4669.075315617189
MARKETING,QAS,IC4,private,F,True,1,9330.26489730726,0.4318893254759447,4665.13244865363
ENG_CIVIL,RUH,IC6,semigov,M,False,2,9295.134909193828,0.27988556637453565,4647.567454596914
SWE,RUH,IC2,pif_backed,M,False,1,9280.327640701182,0.476550126923268,4640.163820350591
SWE,ASR,IC4,public,M,True,1,9273.257023448581,0.7394021974498054,4636.628511724291
CUSTOMER,RUH,M2,startup,F,True,1,9257.19850377242,0.6031145048483595,4628.59925188621
FIN,RUH,IC2,public,F,False,1,9229.094027576295,0.5512615468720627,4614.5470137881475
DATA,RUH,IC5,private,M,False,2,9227.480758125612,0.2609434097533881,4613.740379062806
HEALTH,RUH,IC5,private,F,False,3,9195.779862210642,0.32913308153070847,4597.889931105321
HEALTH,RUH,IC4,public,M,True,1,9164.915791242354,0.3509777027060325,4582.457895621177
ENG_MECH,JED,M3,public,M,False,1,9090.552426629962,0.4962863997199325,4545.276213314981
CUSTOMER,NJR,M3,semigov,F,True,1,9081.706937922261,0.7353847037897795,4540.853468961131
ENG_ELEC,JED,M1,semigov,M,False,1,9081.367887700726,0.3710325976459618,4540.683943850363
SUPPLY,RUH,IC4,mnc,M,True,1,9080.511414059398,0.36682117319849233,4540.255707029699
HEALTH,HAI,IC4,private,F,False,1,9033.543258119518,0.49686942454614613,4516.771629059759
LEGAL,RUH,D1,public,M,True,1,9028.061981127583,0.1881452230474145,4514.030990563791
HR,EST,IC5,public,M,True,1,9017.234244557123,0.3385544115139722,4508.6171222785615
ENG_ELEC,JED,IC4,public,M,True,1,9015.91463698416,0.385363841749035,4507.95731849208
FIN,EST,M1,pif_backed,M,True,1,8973.801461651623,2.172759630824045,4486.9007308258115
FIN,EST,IC5,semigov,M,True,1,8970.691434742239,0.23738098284934825,4485.3457173711195
OPS,EST,M1,private,M,True,1,8964.746041243234,0.37349669223139176,4482.373020621617
SALES,EST,IC4,private,F,True,1,8963.639852005457,0.6822495236852588,4481.819926002729
PM,RUH,IC3,private,F,False,1,8945.046179818557,0.3593272632908647,4472.5230899092785
OPS,TAB,IC5,startup,M,True,1,8928.638168390633,0.3092606043863733,4464.3190841953165
OPS,JAZ,IC6,semigov,F,True,1,8917.906594417203,0.3751085880667784,4458.953297208602
MARKETING,MAD,M3,public,F,False,1,8904.139369588753,1.4072239795792543,4452.069684794376
MARKETING,JED,M4,mnc,M,True,1,8888.44362772636,0.40501392178291823,4444.22181386318
FIN,RUH,IC4,private,F,True,3,8885.598679090805,0.29470761950455254,4442.799339545402
SWE,EST,M3,private,F,True,1,8881.939183682753,0.27786433994669024,4440.969591841376
SALES,TAB,IC4,pif_backed,M,True,1,8881.779356476367,0.3067681800229051,4440.8896782381835
HEALTH,JED,M3,public,F,False,1,8880.884369959444,0.49662542904943974,4440.442184979722
ENG_CIVIL,RUH,M2,public,M,True,2,8876.487931767462,0.31638156656338123,4438.243965883731
DATA,RUH,M2,semigov,M,True,1,8869.581028844907,0.30560071738057515,4434.790514422453
ENG_MECH,QAS,IC3,public,M,True,2,8851.875539231565,0.32478199446053835,4425.937769615783
OPS,MAK,D1,public,M,True,1,8847.294976331053,0.3596806431971138,4423.647488165527
FIN,BAH,M4,private,F,True,1,8844.390641616279,0.4890169910757942,4422.1953208081395
ENG_CIVIL,MAD,IC5,semigov,M,False,1,8843.721715967204,0.5125404653095395,4421.860857983602
DATA,RUH,IC4,private,F,True,1,8843.118636721203,0.7388420009475568,4421.5593183606015
SWE,EST,M1,private,M,False,1,8821.068054036292,0.32231180125037057,4410.534027018146
HEALTH,TAB,IC3,pif_backed,F,False,1,8816.888650758709,0.4993415455916827,4408.444325379354
EDU,EST,IC5,pif_backed,F,True,1,8805.372095549326,0.32809137491674456,4402.686047774663
LEGAL,RUH,M4,public,M,True,1,8800.303050831957,0.31787639335531026,4400.1515254159785
ENG_MECH,EST,IC2,mnc,M,True,1,8789.679629280248,0.47133111811860967,4394.839814640124
HEALTH,QAS,M2,pif_backed,F,False,1,8788.158487516237,0.26734635201153323,4394.0792437581185
FIN,JAZ,M1,public,F,False,1,8774.267686174626,0.37514345084567713,4387.133843087313
CUSTOMER,MAK,M4,pif_backed,F,False,1,8766.707954960351,0.47729846466476394,4383.353977480176
SWE,RUH,IC3,public,M,False,1,8744.232490679322,1.2377376064171708,4372.116245339661
HEALTH,BAH,IC4,pif_backed,F,False,1,8711.562463435384,0.41158401013304324,4355.781231717692
SALES,EST,IC2,private,M,True,1,8688.01285183387,0.4767346823877233,4344.006425916935
SWE,RUH,IC4,mnc,F,False,1,8685.564260822466,0.6803173715860011,4342.782130411233
HEALTH,RUH,M1,private,M,False,1,8682.467793450536,0.9908031890059564,4341.233896725268
DATA,JED,IC6,pif_backed,M,True,1,8667.034878033322,0.1801417325011691,4333.517439016661
DATA,ASR,IC6,private,M,True,1,8665.93806789077,0.2616580916483421,4332.969033945385
DATA,EST,IC4,startup,M,True,1,8664.520631972591,0.8859101947139564,4332.260315986296
HR,RUH,M2,private,M,True,1,8660.971825023893,0.6505654871688399,4330.4859125119465
EDU,EST,M3,public,F,True,1,8654.134381910266,0.806929601465604,4327.067190955133
SUPPLY,EST,IC6,public,M,False,1,8652.780927539665,0.8975215546030822,4326.390463769832
FIN,MAD,M2,private,M,False,1,8634.337397876592,1.0668566271740763,4317.168698938296
FIN,NOR,D2,private,F,True,1,8629.991222067605,0.5210714896360772,4314.995611033803
SALES,RUH,IC5,pif_backed,F,False,1,8629.612065735215,0.2798839699299388,4314.806032867607
MARKETING,JED,IC4,pif_backed,F,True,1,8622.091333579945,0.32505491355070837,4311.0456667899725
SWE,RUH,IC4,startup,M,True,1,8620.786613472943,0.5344510698568548,4310.3933067364715
ENG_ELEC,MAD,VP,private,M,False,1,8613.599438182937,0.12376711271525453,4306.799719091468
PM,RUH,M1,private,M,False,1,8608.111487310689,0.6777133365857081,4304.0557436553445
PM,RUH,VP,public,F,False,1,8604.416572499089,0.12842410877997018,4302.2082862495445
SWE,JAZ,IC3,private,F,True,1,8599.738921694472,0.4930293803805311,4299.869460847236
SWE,EST,D2,mnc,M,False,1,8588.116025820877,0.1570179861750141,4294.058012910438
EDU,EST,M1,pif_backed,F,True,1,8578.705787413106,0.4164280801960083,4289.352893706553
SALES,TAB,M4,public,F,True,1,8556.14676534216,0.714175145640665,4278.07338267108
SWE,JED,IC5,private,M,True,2,8533.013540123176,0.592315132562783,4266.506770061588
SALES,JED,VP,public,F,True,1,8520.508386671332,0.25385552510014575,4260.254193335666
SWE,RUH,D1,private,M,True,1,8517.535109443226,0.22802942188369935,4258.767554721613
CUSTOMER,TAB,D1,public,F,False,1,8511.53269260433,0.9120049773651693,4255.766346302165
PM,EST,IC3,mnc,M,False,1,8504.033532881327,0.3702695909408541,4252.016766440664
DATA,EST,IC4,private,M,False,1,8497.391214358086,0.28164606089393684,4248.695607179043
ENG_CIVIL,ASR,IC4,private,M,False,1,8496.358005302485,0.5215033102220092,4248.179002651243
SWE,QAS,IC6,public,M,True,1,8493.403716182744,0.26639913168558504,4246.701858091372
CUSTOMER,MAK,M2,private,F,False,1,8469.071479574013,0.6005160238767817,4234.535739787007
SUPPLY,EST,IC4,private,M,True,1,8451.537844188932,0.6183485010293396,4225.768922094466
SWE,EST,M1,pif_backed,M,False,2,8449.979488892712,0.24708236894831648,4224.989744446356
ENG_MECH,MAK,IC4,mnc,M,True,1,8443.341223410089,0.9387644370654193,4221.670611705044
CUSTOMER,JED,M3,semigov,M,True,1,8433.397858385582,0.2454701743907365,4216.698929192791
DESIGN,RUH,IC5,mnc,M,True,1,8429.627899073388,0.40673952751829623,4214.813949536694
FIN,EST,IC6,public,M,True,1,8427.41552162321,0.19901645616618815,4213.707760811605
HR,MAK,IC5,private,F,True,1,8384.358423154445,0.3068142277242392,4192.179211577222
SALES,EST,M3,private,M,True,1,8363.49205209305,0.36424963033181,4181.746026046525
SALES,NJR,IC4,semigov,F,True,1,8355.557758028954,0.7041447599729446,4177.778879014477
SWE,MAD,IC3,private,M,False,2,8354.29039242835,0.689790298437407,4177.145196214175
SALES,JAZ,M1,public,M,False,1,8352.031223264377,1.4116816938873629,4176.015611632189
SALES,EST,IC4,mnc,M,True,4,8349.770691855547,0.4016230382036341,4174.885345927773
SWE,JED,IC3,semigov,M,False,1,8347.942712393633,1.766061413238281,4173.9713561968165
SALES,EST,IC5,private,F,False,2,8314.416569361198,0.2745553174245209,4157.208284680599
CUSTOMER,JED,M3,public,M,True,1,8312.140187296634,1.6106582596767953,4156.070093648317
HEALTH,JED,M4,private,F,True,1,8304.299036491822,0.3853476210834645,4152.149518245911
HEALTH,JED,IC5,private,M,False,1,8278.691901290114,0.9121329435908805,4139.345950645057
SUPPLY,QAS,M4,public,M,True,1,8273.416765369922,0.20160940104505856,4136.708382684961
ENG_CIVIL,EST,IC6,private,M,True,2,8266.9645345358,0.5491614405777921,4133.4822672679
SALES,EST,M2,semigov,F,True,1,8247.544622857611,0.19445175094885603,4123.772311428806
LEGAL,RUH,D1,semigov,F,True,1,8247.003988503413,0.20132227656651852,4123.5019942517065
MARKETING,NJR,D1,private,M,False,1,8239.829717145749,1.81322309643856,4119.914858572874
SWE,JED,M2,public,M,True,1,8228.058533202387,0.27988849894370355,4114.029266601194
DATA,JED,IC3,private,F,True,1,8217.314001847497,1.167381341627125,4108.6570009237485
HEALTH,EST,M4,pif_backed,F,True,1,8211.510423168824,0.19086588648029768,4105.755211584412
HEALTH,RUH,M2,semigov,F,False,1,8196.377920487517,0.794907427084719,4098.188960243759
HEALTH,RUH,IC5,public,F,False,2,8194.893054625003,0.27278160886216574,4097.4465273125015
DESIGN,TAB,M4,public,F,True,1,8191.319389022792,0.48481135879925785,4095.659694511396
ENG_ELEC,MAK,IC6,private,M,True,1,8188.025055417995,0.2944771340506305,4094.0125277089974
HEALTH,JED,IC2,private,F,True,1,8157.0890473831305,0.5511516861654214,4078.5445236915652
HR,EST,M3,semigov,M,True,1,8149.147222360141,0.24563106881072705,4074.5736111800707
MARKETING,RUH,D2,pif_backed,F,False,1,8148.998140604537,0.21489701977940512,4074.4990703022686
SALES,JED,IC4,private,F,False,1,8116.9037741278225,0.7136649308375858,4058.4518870639113
CUSTOMER,RUH,IC6,public,F,True,1,8108.712278689818,0.6140330948010033,4054.356139344909
SWE,EST,IC4,semigov,M,True,2,8104.495402998871,0.20297689234036054,4052.2477014994356
SALES,RUH,M2,private,M,True,4,8101.300422347738,0.23990182286412023,4050.650211173869
HEALTH,JED,M2,mnc,F,False,1,8098.917094768367,0.47850640514873005,4049.4585473841835
ENG_ELEC,RUH,IC5,private,M,True,4,8090.342501549812,0.27699421077240055,4045.171250774906
SWE,JED,IC6,pif_backed,M,True,1,8080.263483071925,0.18855423249780068,4040.1317415359626
SWE,MAK,M1,private,M,False,1,8058.720364611834,0.5652390383106232,4029.360182305917
DESIGN,BAH,IC4,semigov,F,False,1,8035.109945489874,0.3926656794606589,4017.554972744937
PM,EST,IC5,semigov,M,False,1,8031.43552780414,0.3763866185810905,4015.71776390207
SWE,HAI,M4,private,M,False,1,8030.53204697921,0.2572364021123126,4015.266023489605
SALES,NJR,M1,pif_backed,M,True,1,8028.063436043572,0.4575070301567908,4014.031718021786
OPS,RUH,M3,mnc,M,False,1,8024.400725883868,0.46132888312036086,4012.200362941934
MARKETING,RUH,M1,semigov,M,True,1,8021.898296139869,0.47361733195374467,4010.9491480699344
SALES,RUH,IC3,mnc,M,False,1,8020.336652725906,0.43050213941596444,4010.168326362953
SUPPLY,QAS,M2,semigov,M,False,1,7994.911601900367,0.4261305163405333,3997.4558009501834
SALES,MAD,IC5,private,M,True,3,7993.120791772332,0.37524983316611166,3996.560395886166
ENG_CIVIL,JED,IC4,pif_backed,M,True,1,7982.2503691658785,0.3689988881918456,3991.1251845829393
HR,RUH,D2,private,M,False,1,7977.56195128907,0.19101989467921407,3988.780975644535
DATA,RUH,IC2,startup,M,False,1,7970.2675701796725,0.4240097189223638,3985.1337850898362
FIN,JED,IC3,semigov,M,True,1,7960.263854995155,0.6051789632012567,3980.1319274975776
DATA,ASR,IC5,pif_backed,M,False,1,7934.508809144525,0.34479365458465,3967.2544045722625
HEALTH,RUH,IC6,startup,F,True,1,7934.487474755873,0.8326621382125702,3967.2437373779367
SWE,JED,M2,semigov,M,False,1,7896.567904774183,0.35631131973140423,3948.2839523870916
SWE,RUH,IC5,private,M,True,6,7895.732114308345,0.23350654201391555,3947.8660571541727
OPS,RUH,M2,public,M,True,1,7895.129923764811,0.9745846725183755,3947.5649618824054
HEALTH,RUH,M5,private,M,False,1,7893.269596399368,0.2723047168341343,3946.634798199684
HEALTH,EST,M2,semigov,M,False,1,7890.350435943834,0.28374002498325446,3945.175217971917
EDU,RUH,IC6,semigov,F,True,2,7889.539253511743,0.7210213694937304,3944.7696267558713
PM,RUH,IC2,pif_backed,F,False,1,7888.993468008726,0.466159998251454,3944.496734004363
HEALTH,EST,IC4,public,F,True,1,7885.352462436991,0.42786369433270033,3942.6762312184956
SALES,RUH,IC6,private,M,True,1,7845.9574585152,0.330512662145867,3922.9787292576
SUPPLY,BAH,IC3,public,M,False,1,7844.5950038816745,0.6163970071874796,3922.2975019408373
OPS,EST,VP,public,F,True,1,7841.100557287238,0.15621586235662857,3920.550278643619
PM,RUH,M3,private,M,False,2,7840.307451338784,0.2020264759665771,3920.153725669392
HEALTH,ASR,IC3,private,M,False,1,7820.60852910002,0.45963618272466766,3910.30426455001
PM,RUH,M3,private,F,True,1,7815.602832655204,0.16977928945093082,3907.801416327602
FIN,EST,M2,startup,F,False,1,7805.3967068874335,0.3904904624556591,3902.6983534437168
SWE,RUH,M4,mnc,M,True,1,7785.536694958537,0.24244861813685045,3892.7683474792684
ENG_MECH,JED,IC3,pif_backed,M,False,1,7781.180238682662,0.9485172509706397,3890.590119341331
CUSTOMER,MAD,IC3,mnc,M,True,1,7777.51729551134,0.5771838164408406,3888.75864775567
HR,EST,VP,public,F,True,1,7774.497053340616,0.1320489316395885,3887.248526670308
LEGAL,EST,IC5,public,F,True,1,7768.979650350373,0.5427569561902241,3884.4898251751865
PM,JED,M2,pif_backed,F,False,1,7755.129609977925,0.3779673159982008,3877.5648049889624
PM,EST,M1,private,M,True,2,7751.755366705198,0.25794916117854383,3875.877683352599
HEALTH,HAI,IC5,public,F,False,1,7744.1044877817,0.3763539977489873,3872.05224389085
HEALTH,MAD,M2,private,M,True,2,7713.266007587623,0.8548348710323239,3856.6330037938114
SALES,JED,IC2,startup,M,True,1,7707.188028470731,0.5426534825203749,3853.5940142353656
FIN,JED,M3,private,F,False,1,7680.201306710926,0.24414834378335853,3840.100653355463
PM,JED,IC3,private,F,False,1,7672.440393387851,0.3205999284369374,3836.2201966939256
SWE,EST,M2,private,M,True,1,7669.686816675428,0.2982344660617261,3834.843408337714
HEALTH,EST,M3,private,F,False,1,7664.5956297992925,0.41055795599375494,3832.2978148996463
PM,RUH,M3,semigov,M,False,1,7662.277669981828,0.1690077204301099,3831.138834990914
SUPPLY,EST,IC5,private,M,True,1,7647.156131787997,0.3033459053219914,3823.5780658939984
HR,RUH,M4,pif_backed,F,True,1,7644.514073272174,0.6425737933657435,3822.257036636087
ENG_CIVIL,RUH,IC3,pif_backed,M,True,1,7642.073297521103,0.3807153862202032,3821.0366487605515
SUPPLY,RUH,D2,semigov,M,False,1,7632.4696116155865,0.29492885015026016,3816.2348058077932
DESIGN,RUH,IC4,pif_backed,F,False,1,7623.801644143998,0.29706394850279605,3811.900822071999
SWE,EST,IC4,public,M,True,3,7621.293299494956,0.3922541720640915,3810.646649747478
SWE,MAD,IC2,startup,M,False,1,7620.793251170244,0.47434970444430885,3810.396625585122
CUSTOMER,JAZ,D2,mnc,M,True,1,7618.393837444062,0.25654967075730983,3809.196918722031
PM,TAB,M2,private,M,False,1,7617.525927070903,0.7107757555211158,3808.7629635354515
HEALTH,EST,M4,public,F,True,1,7606.210578207199,0.24200625387831487,3803.1052891035997
HR,EST,M1,private,F,True,1,7589.618622586804,0.3186892112858939,3794.809311293402
CUSTOMER,EST,M2,private,M,True,1,7584.703064420126,0.6194476666220303,3792.351532210063
OPS,ASR,M4,public,M,False,1,7581.93583232442,0.29983342662143236,3790.96791616221
DATA,HAI,IC4,private,F,True,1,7579.919585506275,0.35644746884372835,3789.9597927531377
LEGAL,RUH,IC3,semigov,F,True,1,7578.241391682988,1.1844851751323848,3789.120695841494
SWE,JAZ,M1,pif_backed,M,True,1,7575.3861596831175,0.6823756234238033,3787.6930798415588
PM,MAK,IC4,public,M,True,1,7570.323256620346,0.7847716491443395,3785.161628310173
HEALTH,RUH,IC6,private,F,True,1,7559.197608721144,0.5422452922389106,3779.598804360572
SALES,RUH,M1,public,M,True,1,7550.503094386764,0.4510550157492399,3775.251547193382
SWE,JAZ,IC4,public,M,True,1,7547.377938178228,0.33689801246724604,3773.688969089114
OPS,ASR,M4,pif_backed,M,True,1,7535.221043058391,0.37709138420548355,3767.6105215291955
MARKETING,RUH,M3,startup,M,False,1,7526.375882279173,0.5395089095725557,3763.1879411395867
SWE,MAD,IC4,mnc,M,True,1,7500.639415394493,0.2587224071203475,3750.3197076972465
ENG_MECH,EST,IC6,semigov,F,False,1,7489.48057615892,0.3985112299185586,3744.74028807946
HR,MAD,IC6,public,F,True,1,7488.412128966598,0.32466461749158354,3744.206064483299
SALES,EST,IC6,pif_backed,M,False,1,7478.826900688582,0.24506819242340602,3739.413450344291
HEALTH,RUH,M2,private,F,False,1,7470.957765302919,0.27248696790438137,3735.4788826514596
EDU,MAD,IC4,pif_backed,M,True,1,7467.800772873077,0.36760739058604014,3733.9003864365386
HEALTH,EST,IC4,private,F,False,2,7461.683591451932,0.38135037956868445,3730.841795725966
SWE,QAS,M3,private,M,False,1,7458.167819244332,0.3400370129229546,3729.083909622166
FIN,EST,IC4,private,M,True,3,7424.40392716623,0.24549062254132137,3712.201963583115
HR,JED,IC5,private,F,True,1,7421.191284654378,0.6590984309984429,3710.595642327189
ENG_MECH,RUH,IC5,startup,M,True,1,7400.084302509353,0.24813138415529337,3700.0421512546764
SALES,JAZ,IC4,semigov,M,False,1,7395.673106043196,0.8340802838934184,3697.836553021598
SWE,QAS,M3,pif_backed,M,True,1,7395.201374641227,0.1664501719744983,3697.6006873206134
SWE,RUH,IC2,semigov,F,True,1,7385.605993325977,1.4505528722569372,3692.8029966629883
HEALTH,TAB,IC5,private,F,True,1,7384.944561255645,0.36523620406968893,3692.4722806278223
MARKETING,RUH,IC4,private,M,True,1,7383.5657587332535,0.793011737858254,3691.7828793666267
SALES,EST,VP,public,M,False,1,7382.923566551042,0.20029374458908408,3691.461783275521
SALES,EST,IC4,private,M,False,3,7377.5417646745955,0.743119933933586,3688.7708823372977
HEALTH,RUH,M3,semigov,F,True,1,7376.0305540942045,0.4816254107344172,3688.0152770471022
HR,RUH,IC5,public,F,False,1,7370.143473441365,0.3336357336127323,3685.0717367206826
DESIGN,EST,IC4,private,M,False,1,7366.591311035436,0.822661845785669,3683.295655517718
SWE,RUH,M1,private,M,True,3,7364.44357221082,0.45423181939257057,3682.22178610541
HR,RUH,M2,semigov,F,False,1,7360.861199437757,0.6940901928267907,3680.4305997188785
PM,RUH,M1,semigov,M,True,1,7348.507904469123,0.3877261551161026,3674.2539522345614
FIN,EST,IC4,public,F,True,3,7343.632561112468,0.24567839711837966,3671.816280556234
PM,MAD,IC4,mnc,M,False,1,7328.711890699238,0.8730498131725319,3664.355945349619
OPS,ASR,M2,private,M,True,1,7328.059412662717,0.34874812017162743,3664.0297063313583
PM,RUH,M2,private,M,True,1,7322.418981199284,0.3119003484377244,3661.209490599642
ENG_MECH,RUH,M1,public,M,False,3,7320.196557012566,0.43432285051442193,3660.098278506283
SWE,MAK,IC4,private,M,False,2,7319.032727034242,0.3457704676360264,3659.516363517121
DATA,RUH,M2,private,M,False,2,7313.821685956344,0.16543830178649346,3656.910842978172
DATA,JED,IC4,private,M,True,2,7303.492685563992,0.2978153648412066,3651.746342781996
HEALTH,TAB,M2,public,F,False,1,7301.312086718059,0.3287847052847848,3650.6560433590294
ENG_MECH,JAZ,IC3,pif_backed,M,True,1,7299.25111333212,0.32557091654636944,3649.62555666606
SWE,EST,IC5,startup,F,True,1,7298.458207752465,0.3350084943856994,3649.2291038762323
OPS,RUH,IC5,semigov,M,True,2,7296.456243617945,0.4481286991407788,3648.2281218089724
OPS,RUH,M1,public,M,False,1,7293.786571870385,0.5312155879171782,3646.8932859351926
ENG_CIVIL,MAK,IC5,private,M,True,1,7284.420691565392,1.1860805901347031,3642.210345782696
CUSTOMER,RUH,IC3,pif_backed,F,False,1,7281.8867668059975,0.36523753181488045,3640.9433834029987
SALES,TAB,IC5,public,M,False,2,7280.826527637259,0.8713267575580251,3640.4132638186293
HR,RUH,IC3,startup,F,False,1,7279.410994779522,0.4383133082675422,3639.705497389761
HR,RUH,M4,mnc,M,True,1,7266.09845871614,0.33906309813966445,3633.04922935807
ENG_ELEC,RUH,M3,pif_backed,M,True,1,7260.165277009473,0.14603791220846082,3630.0826385047367
PM,RUH,IC5,mnc,M,False,1,7252.9589564135895,0.3244380657250733,3626.4794782067947
HEALTH,EST,M5,mnc,M,True,1,7240.786301930355,0.15738407176478494,3620.3931509651775
DESIGN,MAD,IC6,private,M,True,1,7237.353687104929,0.42177515052242487,3618.6768435524646
LEGAL,QAS,M3,semigov,M,False,1,7234.295297833305,0.2058723091087039,3617.1476489166525
HEALTH,JED,M1,private,M,True,1,7230.9290739097305,0.272400419883871,3615.4645369548653
DATA,ASR,IC4,public,M,False,1,7225.437604240164,0.29419043103271336,3612.718802120082
ENG_ELEC,RUH,M1,private,M,False,1,7223.107045328852,0.7787540169256386,3611.553522664426
OPS,TAB,D1,startup,M,False,1,7218.778787896448,0.40312023100666705,3609.389393948224
DESIGN,RUH,IC4,mnc,F,True,1,7204.835405821634,0.6364600006732791,3602.417702910817
SALES,RUH,D1,public,F,False,1,7199.533355115367,0.35893378564158673,3599.7666775576836
CUSTOMER,JED,IC3,private,F,False,1,7198.276517110112,1.389121829508174,3599.138258555056
DESIGN,JED,M2,private,M,False,1,7194.7578292418,0.8774961708707567,3597.3789146209
DATA,MAD,IC3,public,M,False,1,7182.7235162954785,2.756458149304806,3591.3617581477392
SWE,JED,IC4,public,M,False,2,7162.552349219001,0.5779956062102065,3581.2761746095007
OPS,EST,IC5,semigov,F,False,1,7161.026969972185,0.7715011053693716,3580.5134849860924
CUSTOMER,RUH,IC5,semigov,M,True,1,7154.287450193595,0.4973968329034596,3577.1437250967974
HEALTH,EST,M1,semigov,M,False,1,7152.730850765805,0.7116996411782247,3576.3654253829027
OPS,RUH,M4,semigov,F,False,1,7150.381931560569,0.41074202077500116,3575.1909657802844
DATA,JED,IC4,mnc,M,False,1,7142.393851349749,0.28105762864307055,3571.1969256748744
HR,EST,IC5,public,F,False,1,7134.7727387903215,0.2946624031337352,3567.3863693951607
OPS,JED,IC4,private,M,False,1,7133.929127686501,0.7166407285504406,3566.9645638432503
SUPPLY,EST,IC5,public,M,False,1,7132.820028362139,1.1646542325484641,3566.4100141810695
HEALTH,ASR,M3,private,F,True,1,7120.675703176794,0.6955211228061218,3560.337851588397
HR,RUH,IC1,mnc,M,True,1,7115.995970870616,0.49832986366445037,3557.997985435308
CUSTOMER,RUH,M4,startup,F,False,1,7111.239179365461,0.28265684440466626,3555.6195896827303
DESIGN,EST,IC4,mnc,F,False,1,7105.024020980078,0.37388408848262394,3552.512010490039
HEALTH,RUH,IC5,public,F,True,1,7099.739529404023,0.6318636058489597,3549.8697647020117
SWE,EST,IC2,mnc,M,True,1,7068.516107223648,1.2340286500041284,3534.258053611824
MARKETING,RUH,M1,private,F,True,1,7064.477239362894,0.8364653956380868,3532.238619681447
EDU,RUH,IC4,private,M,False,1,7041.958582843539,0.36746341170251773,3520.9792914217696
OPS,JED,IC5,semigov,M,True,1,7039.717736221846,0.5292053960232714,3519.858868110923
FIN,JED,M3,semigov,M,False,1,7035.524272294737,0.14662782737292185,3517.7621361473684
SALES,JED,M3,private,F,False,1,7033.605745904319,0.2663577697366045,3516.8028729521593
ENG_MECH,NOR,IC3,private,M,True,1,7014.002624813931,0.7510161440372115,3507.0013124069656
HEALTH,RUH,IC3,mnc,M,False,2,7003.6942012195,0.45248363758318705,3501.84710060975
HR,RUH,IC6,private,F,False,1,6989.108307855457,0.9094468722689308,3494.5541539277283
SALES,JED,IC4,private,M,False,1,6977.9578132211755,0.974346495964798,3488.9789066105877
DATA,EST,M2,private,M,True,1,6974.008595872623,0.19583497640583514,3487.0042979363116
EDU,EST,D1,private,F,True,1,6971.521101110546,0.24187673088395661,3485.760550555273
SWE,EST,IC2,semigov,F,True,2,6969.020892067418,0.6504487144313507,3484.510446033709
PM,RUH,IC4,pif_backed,F,True,1,6968.59553244229,0.20601116682706325,3484.297766221145
FIN,JAZ,M1,public,M,True,1,6968.133741665477,0.3232037439367055,3484.0668708327385
FIN,MAD,D1,public,M,True,1,6963.218400259502,0.33481019604075213,3481.609200129751
FIN,EST,M2,mnc,F,False,1,6949.33113007238,0.4428113728774792,3474.66556503619
LEGAL,RUH,IC2,private,M,False,1,6937.372460303909,1.237735702271393,3468.6862301519545
DATA,RUH,IC4,startup,M,True,1,6934.466991115489,0.30734915646960925,3467.2334955577444
FIN,RUH,M3,pif_backed,F,False,1,6918.671336283951,0.18826562459275525,3459.3356681419755
SALES,RUH,IC4,public,M,False,1,6887.651335975727,0.9499933568787287,3443.8256679878637
DESIGN,RUH,M3,private,M,False,1,6873.41298141916,0.8299830078548602,3436.70649070958
FIN,NJR,IC5,semigov,M,False,1,6871.68141881882,0.4209660503086831,3435.84070940941
FIN,MAD,IC2,semigov,F,True,1,6862.7880661979725,0.4519193214611986,3431.3940330989863
ENG_CIVIL,RUH,IC6,public,M,True,1,6860.284873704,0.2484176659523688,3430.142436852
OPS,RUH,IC5,private,F,False,2,6835.087896907398,0.45012485883894,3417.543948453699
FIN,QAS,IC5,semigov,M,False,1,6826.99347809678,0.30445056935016795,3413.49673904839
FIN,ASR,IC4,mnc,M,True,1,6825.297283116182,0.26830485821408273,3412.648641558091
HEALTH,ASR,IC5,startup,M,True,1,6824.522867248861,0.3804219699849137,3412.2614336244305
SWE,EST,IC4,pif_backed,M,False,2,6800.7537304360485,0.2318397864338835,3400.3768652180242
SWE,JED,IC4,private,M,False,1,6798.024164627905,0.31930147365832817,3399.0120823139523
SUPPLY,JED,M4,public,M,True,1,6790.902230846859,0.4950694449213177,3395.4511154234297
ENG_ELEC,RUH,IC3,semigov,M,False,1,6790.12412768936,0.9615492310847125,3395.06206384468
MARKETING,RUH,IC3,private,M,False,3,6787.961261189371,0.5895955030289657,3393.9806305946854
HR,RUH,IC4,mnc,F,False,1,6783.572386030903,0.7289703811357248,3391.7861930154513
HEALTH,EST,IC5,private,F,False,1,6776.370992663738,0.27409044621648637,3388.185496331869
HEALTH,RUH,IC4,semigov,F,True,1,6773.6222526006895,0.30697768521207247,3386.8111263003448
ENG_MECH,MAK,IC5,private,M,False,1,6771.400354789075,0.1780561435279873,3385.7001773945376
SALES,JAZ,VP,public,M,True,1,6764.971804397239,0.09782738151951702,3382.4859021986194
SALES,JED,IC4,private,M,True,2,6763.149624470438,0.25129138930447315,3381.574812235219
ENG_MECH,EST,IC4,mnc,M,False,1,6755.194469346672,0.24901427355712905,3377.597234673336
SALES,JAZ,IC5,startup,F,False,1,6754.190655987191,0.5786487430540714,3377.0953279935957
OPS,MAD,IC3,public,M,False,1,6741.0243807882125,0.4985986905850331,3370.5121903941063
MARKETING,QAS,IC3,mnc,F,True,1,6735.161532596862,1.6010786595945605,3367.580766298431
ENG_MECH,EST,M1,public,M,False,1,6734.065253110875,0.3338275056084795,3367.0326265554377
DATA,JED,M2,public,F,False,1,6727.884007389341,0.2916895658220186,3363.9420036946703
HR,QAS,IC4,public,F,True,1,6727.0408921293,1.124372321275579,3363.52044606465
SUPPLY,RUH,M1,private,M,True,1,6724.633179468026,0.7516672474811376,3362.316589734013
OPS,RUH,M1,semigov,M,False,1,6723.387520067188,0.6660980791035972,3361.693760033594
SUPPLY,RUH,IC5,private,F,True,1,6718.224051599253,0.8609983879693973,3359.1120257996263
SWE,JED,IC3,private,M,True,1,6715.102556657046,0.2548439557802981,3357.551278328523
ENG_MECH,EST,IC4,private,M,False,2,6715.072478467226,0.6910165496699404,3357.536239233613
LEGAL,JED,IC4,private,M,False,1,6703.859689060677,0.5298974400185813,3351.9298445303384
SWE,ASR,IC6,pif_backed,M,True,1,6697.533855549038,0.18717402206920886,3348.766927774519
DESIGN,MAK,IC1,mnc,F,True,1,6695.094055047156,0.5339769723210928,3347.547027523578
SALES,RUH,M1,semigov,M,False,3,6687.685714887431,0.48166329431165683,3343.8428574437153
SALES,RUH,M1,mnc,M,False,1,6686.014010964376,0.7898636361016751,3343.007005482188
SALES,RUH,M3,private,F,False,2,6664.347333489901,0.36058604230762664,3332.1736667449504
OPS,JED,M2,private,M,False,1,6658.862047325525,0.2955734548909576,3329.4310236627625
SWE,RUH,IC5,private,F,False,1,6641.653019843958,0.2337894855357272,3320.826509921979
HR,MAK,IC6,private,F,False,1,6632.296326153294,0.9560797186888935,3316.148163076647
SUPPLY,RUH,IC5,startup,M,True,1,6628.067866562746,0.21324958299846647,3314.033933281373
ENG_CIVIL,RUH,IC6,public,M,False,1,6618.765173091015,0.5660044239609071,3309.3825865455074
HEALTH,JED,M1,public,F,True,1,6617.440368269603,0.306105482946503,3308.7201841348015
PM,RUH,IC3,private,M,True,2,6611.356421591855,0.3029914176645423,3305.6782107959275
OPS,RUH,IC2,mnc,M,True,1,6610.987962345742,0.5206847093064777,3305.493981172871
MARKETING,RUH,IC5,pif_backed,F,True,1,6606.850573692023,0.2878138578816483,3303.4252868460117
HEALTH,ASR,M2,private,M,False,1,6604.949871965568,0.7023008498878296,3302.474935982784
DATA,RUH,M1,private,M,False,2,6603.112997782206,0.22534924630196002,3301.556498891103
PM,RUH,IC6,public,M,True,1,6599.861558934059,0.28057248014840297,3299.9307794670294
PM,NJR,IC3,private,M,False,2,6589.36523518215,0.3893534424207249,3294.682617591075
HEALTH,ASR,M4,semigov,M,True,1,6578.228001016338,0.20451414033562218,3289.114000508169
SWE,JAZ,IC4,pif_backed,M,True,1,6573.821464579165,0.4373200655518382,3286.9107322895825
SALES,TAB,M1,pif_backed,M,False,1,6573.814578681333,0.24359144770107638,3286.9072893406665
SWE,QAS,M3,private,F,True,1,6571.696103412385,0.21334355202964567,3285.8480517061926
MARKETING,MAK,IC4,public,M,False,1,6569.121237233274,0.6273309596519016,3284.560618616637
HEALTH,RUH,M3,public,M,False,1,6568.647104004516,0.5019568200717492,3284.323552002258
CUSTOMER,ASR,IC5,public,F,False,1,6564.268830072471,1.208237328673933,3282.1344150362356
SWE,RUH,IC3,semigov,M,True,5,6561.784356264643,0.27565453288164415,3280.8921781323215
CUSTOMER,JAZ,IC3,mnc,M,False,1,6558.874859793146,0.5642814681572057,3279.437429896573
FIN,EST,D1,public,M,True,1,6558.405013508964,0.19534079363716106,3279.202506754482
HEALTH,RUH,IC6,mnc,F,True,1,6557.615975406941,0.302238157861945,3278.8079877034706
ENG_MECH,RUH,IC3,pif_backed,M,False,2,6550.996759548095,0.34648593374735487,3275.4983797740474
FIN,EST,M1,mnc,M,True,1,6539.961253841313,0.3027429065084237,3269.9806269206565
ENG_MECH,ASR,IC4,public,M,False,1,6539.939855627186,0.41646144961930276,3269.969927813593
ENG_CIVIL,JED,IC4,startup,F,False,1,6531.6241637356925,0.40070305984546967,3265.8120818678462
EDU,RUH,IC6,mnc,M,True,1,6516.946747686456,0.27841787749113645,3258.473373843228
ENG_ELEC,ASR,IC4,mnc,M,False,1,6515.8480083023605,0.5160446432035398,3257.9240041511803
PM,JED,IC4,mnc,F,True,1,6512.095830097838,0.23231523879556873,3256.047915048919
OPS,EST,M5,mnc,M,False,1,6509.943321068451,0.17540208978370797,3254.9716605342255
EDU,EST,M2,private,M,True,1,6497.480811670714,0.5966914691161973,3248.740405835357
CUSTOMER,EST,M2,private,F,False,1,6495.798957411087,0.3790982340345207,3247.8994787055435
EDU,MAK,IC3,private,M,True,1,6494.344668257001,0.48896275740008205,3247.1723341285006
HEALTH,EST,IC4,pif_backed,F,False,1,6492.487658784055,0.650302255532368,3246.2438293920277
LEGAL,RUH,IC4,public,M,True,1,6490.02669405967,0.2747496653088559,3245.013347029835
CUSTOMER,MAD,D1,pif_backed,F,False,1,6482.377776133917,0.2847910903688457,3241.1888880669585
SALES,NOR,IC2,public,F,True,1,6474.696154782886,0.5006000643877575,3237.348077391443
SALES,MAK,M4,private,M,False,1,6467.978769351706,0.1433113986412339,3233.989384675853
SWE,RUH,IC5,private,M,False,2,6464.765559900097,0.3173140131832496,3232.3827799500486
ENG_MECH,EST,IC3,semigov,F,False,1,6449.307362283453,0.4368750905873758,3224.6536811417263
SWE,RUH,IC3,private,M,True,7,6437.482124973641,0.32077135614662594,3218.7410624868203
SALES,ASR,IC6,private,F,False,1,6437.03799709475,1.1049703627128775,3218.518998547375
CUSTOMER,ASR,IC3,pif_backed,M,False,1,6430.4494710948275,0.38328913424999356,3215.2247355474137
HEALTH,JED,IC5,startup,F,False,1,6427.951007422038,0.5329936184076601,3213.975503711019
SALES,EST,M3,public,F,False,1,6427.122255074963,0.2333381590878878,3213.5611275374813
SWE,RUH,M4,public,M,True,1,6422.754089875103,0.16839743867403514,3211.3770449375515
CUSTOMER,TAB,IC6,public,F,True,1,6420.985255590354,0.5407801245448168,3210.492627795177
HEALTH,EST,M1,mnc,M,False,1,6413.369122144628,0.4677992832896387,3206.684561072314
SWE,RUH,IC4,private,F,True,1,6411.551998028646,0.7626417412604268,3205.775999014323
PM,MAK,M2,public,M,True,1,6408.467589453332,0.33971746292050525,3204.233794726666
DESIGN,EST,IC2,private,M,True,2,6405.163143966278,0.3658683518882316,3202.581571983139
CUSTOMER,EST,IC4,startup,M,True,1,6401.8673281995525,0.3322273042428388,3200.9336640997763
CUSTOMER,RUH,IC4,public,F,False,1,6399.099274087864,0.5286462746330441,3199.549637043932
ENG_MECH,EST,IC4,pif_backed,M,True,2,6380.322179916299,0.5864364863387703,3190.1610899581497
EDU,RUH,IC5,mnc,F,True,1,6378.435557511855,0.28297930317275666,3189.2177787559276
ENG_CIVIL,JAZ,IC5,public,M,True,1,6370.152680479077,0.34744682775444974,3185.0763402395387
DATA,JED,IC4,semigov,F,False,1,6365.799901593491,0.3387784699990416,3182.8999507967455
EDU,RUH,M1,public,M,True,1,6362.986470910551,0.32770554494156867,3181.4932354552757
EDU,TAB,D1,private,F,True,1,6360.856217954002,0.20299337322086383,3180.428108977001
LEGAL,NJR,M1,public,M,True,1,6355.567592772602,0.30807046320220227,3177.783796386301
SWE,RUH,IC4,public,M,False,7,6351.563483007223,0.3910939761575753,3175.7817415036116
PM,MAD,M1,public,F,False,1,6346.688167635873,0.9999697753283302,3173.3440838179363
HEALTH,RUH,IC5,startup,F,False,1,6345.264624108473,0.6256448087064506,3172.6323120542365
ENG_CIVIL,EST,IC4,private,M,False,3,6341.892625967012,0.34688423635738336,3170.946312983506
CUSTOMER,EST,IC3,semigov,M,True,1,6327.061170533316,1.093563158068786,3163.530585266658
FIN,RUH,M1,private,M,False,1,6326.637426326126,0.48845969465667866,3163.318713163063
HEALTH,EST,IC3,mnc,F,False,1,6323.799899263939,0.38661123062077024,3161.8999496319693
DATA,RUH,IC4,private,M,True,3,6317.558642364683,0.19947993535771688,3158.7793211823414
HEALTH,RUH,D1,startup,F,True,1,6308.973913667171,0.22218021759126527,3154.4869568335853
ENG_ELEC,RUH,IC4,semigov,M,True,1,6299.097712022419,0.8754364205952179,3149.5488560112094
HEALTH,JED,IC5,semigov,F,False,1,6283.812030907502,0.2563910787152114,3141.906015453751
HEALTH,EST,IC4,semigov,M,True,2,6279.7885913331575,0.3707398199848016,3139.8942956665787
HEALTH,JED,IC3,pif_backed,F,False,1,6277.303378721721,0.383553597373223,3138.6516893608605
SALES,RUH,IC5,private,M,True,3,6272.665509997761,0.1652532294020792,3136.3327549988803
SUPPLY,JED,IC5,private,M,False,1,6257.867115092027,0.30935036601265836,3128.9335575460136
HEALTH,JED,IC4,private,F,False,1,6251.102688591776,0.7201415938693672,3125.551344295888
SALES,QAS,M5,private,M,True,1,6242.829095075165,0.300340621234522,3121.4145475375826
FIN,TAB,IC4,private,F,True,1,6239.417542575307,0.2821282022765579,3119.7087712876537
DATA,MAK,IC3,private,F,False,1,6231.972667460515,0.34550780597481173,3115.9863337302577
SWE,QAS,IC2,private,M,True,1,6228.171699692544,0.46939708102246636,3114.085849846272
HEALTH,RUH,IC2,private,F,True,1,6220.588261312317,0.4798555525540494,3110.2941306561584
ENG_MECH,QAS,D1,public,M,True,1,6218.541738471413,0.2456297372714175,3109.2708692357064
PM,RUH,M2,semigov,M,False,1,6217.952776332797,0.30675173573234926,3108.9763881663985
OPS,EST,IC3,mnc,M,True,1,6215.929286607914,0.3632433563347951,3107.964643303957
ENG_MECH,RUH,IC6,private,M,True,1,6215.406714781286,0.32369785705632265,3107.703357390643
SALES,ASR,M1,private,M,False,1,6212.478667459076,0.34572197388358966,3106.239333729538
DATA,RUH,IC2,semigov,F,True,1,6210.225638890717,0.7487874110489416,3105.1128194453586
EDU,EST,M3,private,F,False,2,6208.664883875148,0.2830472126559277,3104.332441937574
OPS,RUH,IC6,public,M,False,1,6206.335348712091,0.5056716203440834,3103.1676743560456
ENG_MECH,RUH,IC5,private,M,False,2,6205.3045207406985,0.2041644687257482,3102.6522603703493
HEALTH,JED,IC6,public,F,True,2,6186.886500264785,0.2255677892989361,3093.4432501323927
HEALTH,JED,IC2,mnc,M,True,1,6183.466277980524,0.4185945596951879,3091.733138990262
OPS,TAB,M2,private,M,True,1,6174.6593628872,0.277605856295513,3087.3296814436
PM,MAK,IC5,public,M,False,1,6174.138784848161,0.26363723174524695,3087.0693924240804
SWE,ASR,IC2,semigov,M,True,1,6170.460138756664,0.4250351222802132,3085.230069378332
PM,MAD,IC4,private,M,True,1,6168.129842926604,0.6656540164409848,3084.064921463302
DESIGN,QAS,IC3,public,F,False,1,6166.874341029621,0.4055126608425801,3083.4371705148105
ENG_MECH,MAD,M2,private,M,True,1,6149.57973892022,0.23959697186862255,3074.78986946011
SWE,RUH,IC4,pif_backed,M,True,1,6142.473379934327,0.18495899357584503,3071.2366899671633
HEALTH,NJR,IC5,pif_backed,F,True,1,6142.2403994890265,0.27231566097313464,3071.1201997445132
OPS,MAD,IC3,mnc,F,True,1,6130.175261608846,0.501783224516513,3065.087630804423
SALES,RUH,IC3,private,M,False,2,6126.863463481835,0.9314236607959961,3063.4317317409177
DESIGN,RUH,IC4,public,M,True,1,6120.633266789257,0.2438845217405041,3060.3166333946283
LEGAL,QAS,M1,semigov,F,False,1,6118.113550977569,0.31869008984818326,3059.0567754887843
HEALTH,RUH,M4,mnc,M,False,1,6116.568946297415,0.2246498691854818,3058.2844731487075
ENG_MECH,QAS,IC4,semigov,M,True,1,6097.371639161511,0.3866758519040904,3048.6858195807554
HEALTH,QAS,VP,private,F,True,1,6092.988351104017,0.10395307977759861,3046.4941755520085
SWE,RUH,IC3,semigov,M,False,3,6089.212081297564,0.32825568406636285,3044.606040648782
SWE,MAK,IC4,private,M,True,2,6088.692574945418,0.5164134379094192,3044.346287472709
FIN,HAI,M2,startup,F,True,1,6077.349011991235,0.33171980657928124,3038.6745059956174
SWE,BAH,IC5,public,M,True,1,6076.855865739484,0.43144687339069654,3038.427932869742
EDU,ASR,M2,private,M,True,1,6070.921305151862,0.8691593062028602,3035.460652575931
PM,RUH,M2,mnc,F,True,1,6046.760097984417,0.1938868267154524,3023.3800489922087
HEALTH,RUH,IC5,public,M,True,1,6046.541769076113,0.23087197982575475,3023.2708845380566
SWE,RUH,IC2,semigov,M,True,2,6042.47732952084,0.313656666155403,3021.23866476042
OPS,RUH,M1,private,M,True,2,6031.889827553593,0.43366749720393777,3015.9449137767965
ENG_MECH,JED,M4,private,M,False,1,6029.89710438425,0.20245716361014648,3014.948552192125
ENG_MECH,JED,VP,pif_backed,M,False,1,6027.2598033565155,0.12981351775714042,3013.6299016782577
MARKETING,NJR,D3,pif_backed,M,False,1,6023.394663315776,0.1149770054053743,3011.697331657888
DESIGN,RUH,IC1,mnc,M,False,1,5997.783631994775,0.5468688061996603,2998.8918159973873
OPS,JED,IC5,public,F,False,1,5989.3537579456515,0.8377866837616417,2994.6768789728258
PM,RUH,M2,public,M,False,1,5985.040588567681,0.3049493990508511,2992.5202942838405
EDU,QAS,VP,private,F,True,1,5984.89620331263,0.1867106565844064,2992.448101656315
SUPPLY,RUH,M1,private,F,False,1,5972.690214543737,1.052758803769847,2986.3451072718685
FIN,JED,M1,semigov,F,True,1,5969.202522053396,0.46580681355354264,2984.601261026698
ENG_ELEC,ASR,M2,semigov,M,True,1,5968.196781631814,0.3576691849889259,2984.098390815907
SUPPLY,JED,M3,private,M,False,2,5967.95063411643,0.30350878154355826,2983.975317058215
OPS,RUH,IC3,mnc,M,True,1,5959.268837523554,0.28014285454164717,2979.634418761777
DATA,MAD,M1,public,F,True,1,5954.117405142528,0.36462605470278286,2977.058702571264
SWE,MAD,IC4,private,M,True,2,5951.931173982906,0.222814323022458,2975.965586991453
DATA,RUH,IC2,private,M,False,2,5946.124741402025,0.8298384126420336,2973.0623707010127
DATA,JED,IC6,private,M,True,1,5942.815414888828,0.17277288642857286,2971.407707444414
SALES,RUH,M2,mnc,M,False,1,5940.851327221049,0.6078623324879442,2970.4256636105247
OPS,EST,IC4,private,M,True,3,5937.03496092773,0.33362817418240215,2968.517480463865
HEALTH,HAI,IC6,public,M,True,1,5936.134771415636,0.6142415511539673,2968.067385707818
SWE,EST,IC4,private,F,False,1,5934.367083641791,0.5779415183165929,2967.1835418208957
DESIGN,RUH,IC4,private,M,False,1,5927.4525946561025,0.40905162715559357,2963.7262973280513
HR,RUH,IC3,mnc,F,False,1,5924.823728609095,1.0592147684155275,2962.4118643045476
FIN,JED,IC4,mnc,F,True,1,5918.838717691022,0.3639399256907159,2959.419358845511
SALES,EST,IC3,pif_backed,M,False,1,5912.958123772476,0.463941539952568,2956.479061886238
EDU,RUH,IC6,private,M,True,1,5911.3305981979465,0.4329173525041998,2955.6652990989733
SWE,EST,IC2,startup,F,False,1,5908.034317094081,0.31795626119912523,2954.0171585470407
FIN,RUH,IC4,public,F,True,6,5907.018994704534,0.302569847902126,2953.509497352267
SWE,MAD,IC3,private,F,True,1,5906.035869897503,1.1107793218565103,2953.0179349487516
SALES,EST,M3,public,F,True,1,5900.990192244633,0.2820789550988752,2950.4950961223167
CUSTOMER,RUH,IC3,mnc,M,True,1,5883.458913637731,0.8237934829251182,2941.7294568188654
SWE,EST,IC4,private,M,True,5,5883.1386777652215,0.2932566725161822,2941.5693388826107
HEALTH,JED,IC4,pif_backed,F,False,1,5879.577867877406,0.2898862789082437,2939.788933938703
SWE,RUH,IC4,mnc,M,True,3,5874.6308154499175,0.1933211027975351,2937.3154077249587
ENG_MECH,RUH,M1,private,M,False,3,5870.579202040149,0.5846033725213213,2935.2896010200743
PM,NOR,M3,public,M,False,1,5861.079934271605,0.21549791377890554,2930.5399671358027
SWE,HAI,IC3,private,M,True,1,5858.142620012211,0.2607462922010898,2929.0713100061057
SALES,MAK,IC2,semigov,M,False,1,5856.547352859139,0.39064118617216353,2928.2736764295696
HEALTH,ASR,IC4,public,F,True,3,5853.605455336389,0.33663966073109997,2926.8027276681946
LEGAL,RUH,D2,startup,F,True,1,5852.807495089626,0.10719623976793761,2926.403747544813
ENG_MECH,RUH,M4,private,M,True,1,5830.226966607523,0.11118207819643225,2915.1134833037613
ENG_MECH,EST,IC3,public,M,True,1,5824.578636363583,0.5429764192625226,2912.2893181817917
ENG_CIVIL,ASR,M3,public,M,True,1,5813.432713178343,0.2584758800410091,2906.7163565891715
FIN,RUH,D1,pif_backed,F,True,1,5812.596065247511,0.1182308455516242,2906.2980326237557
HEALTH,JED,M2,semigov,M,True,1,5811.540037767059,0.30258257053965487,2905.7700188835297
PM,RUH,IC4,public,F,False,1,5795.064208468801,0.2769285125433034,2897.5321042344003
HR,EST,IC4,private,F,True,1,5778.310327438658,0.2626971578784528,2889.155163719329
SWE,QAS,IC4,semigov,F,True,1,5770.029557873,0.20017156932572017,2885.0147789365
DATA,HAI,IC4,pif_backed,M,False,1,5745.69927674011,0.2537780177132772,2872.849638370055
HR,EST,IC3,private,F,False,1,5742.4655492604925,0.3984212605423899,2871.2327746302462
SALES,RUH,IC4,startup,M,True,3,5739.768775325351,0.38792596444770716,2869.8843876626756
CUSTOMER,RUH,IC4,private,F,True,4,5737.084629926899,0.5586215489808649,2868.5423149634494
OPS,MAK,IC6,public,F,True,1,5730.419521747088,0.25519433972061106,2865.209760873544
MARKETING,MAD,IC5,private,M,True,1,5720.868693816898,0.23135223018060924,2860.434346908449
SALES,EST,M1,pif_backed,M,True,1,5707.566435323701,0.19206162709969626,2853.7832176618504
CUSTOMER,NOR,M3,public,F,False,2,5702.966739490035,1.1514450481797258,2851.4833697450176
ENG_CIVIL,QAS,M2,private,M,False,1,5702.51268696897,0.2683762712591641,2851.256343484485
OPS,MAD,IC4,private,M,False,1,5700.56727332351,0.32450708427085734,2850.283636661755
HEALTH,JED,IC4,pif_backed,F,True,1,5693.607874948726,0.4887858984869881,2846.803937474363
SWE,JED,IC3,public,M,True,2,5680.456837312392,0.7923137705586195,2840.228418656196
ENG_ELEC,EST,M5,private,M,True,1,5676.9798531054075,0.1980376811231573,2838.4899265527038
ENG_CIVIL,RUH,M4,semigov,M,False,1,5670.7647367221,0.2177008263731096,2835.38236836105
OPS,RUH,M1,pif_backed,M,False,1,5663.929115757881,0.6600339012474704,2831.9645578789405
FIN,ASR,VP,private,M,False,1,5663.90293071331,0.13592984255275314,2831.951465356655
FIN,RUH,M1,public,M,True,1,5657.735908588027,0.23313987514970713,2828.8679542940135
FIN,MAK,M1,private,M,False,1,5656.870760193239,1.0246654881071675,2828.4353800966196
SALES,RUH,IC5,pif_backed,M,True,1,5654.757946533806,0.23622506409404148,2827.378973266903
ENG_MECH,RUH,IC3,semigov,M,True,1,5653.664292461535,0.31928383852684367,2826.8321462307676
FIN,EST,IC5,pif_backed,M,True,1,5647.662040937488,0.2376976144193395,2823.831020468744
SALES,EST,M3,semigov,M,False,2,5641.587295982723,0.2069837605183451,2820.7936479913615
SALES,RUH,IC5,private,M,False,4,5631.347792269574,0.32216098252197267,2815.673896134787
CUSTOMER,EST,IC4,semigov,M,False,1,5628.998401707739,0.27817414139630403,2814.4992008538693
DATA,JED,IC3,private,M,True,4,5616.228698295382,0.37873835912587434,2808.114349147691
ENG_ELEC,RUH,IC3,private,M,False,1,5612.164380556991,0.23929082878487953,2806.0821902784955
DESIGN,EST,IC5,startup,M,False,1,5591.814426906585,0.6804233594105948,2795.9072134532926
HEALTH,MAK,IC3,semigov,F,True,2,5591.797864798357,0.35021294592608165,2795.8989323991786
OPS,MAK,IC4,public,M,True,1,5588.384020620497,0.26528318841172355,2794.1920103102484
PM,RUH,IC4,startup,F,True,1,5580.609270985735,0.43898149092561767,2790.3046354928674
FIN,QAS,M3,private,M,False,1,5560.606800595806,0.3720076588149374,2780.303400297903
PM,EST,IC3,mnc,F,True,1,5556.369339935581,0.7502979981143305,2778.1846699677903
HR,TAB,IC4,private,F,False,1,5556.316485150375,0.3018237943299022,2778.1582425751876
HEALTH,RUH,IC3,private,M,True,2,5545.760967822571,0.3001388721819805,2772.8804839112854
HEALTH,RUH,IC3,private,F,True,4,5545.222215944052,0.3208174118666159,2772.611107972026
DATA,RUH,IC3,private,M,False,1,5543.518435357439,0.6568780221037136,2771.7592176787193
SALES,TAB,IC4,private,M,False,2,5542.831479836473,0.45073918793098533,2771.4157399182363
PM,EST,M1,pif_backed,M,True,1,5542.287556310341,0.15588418356337877,2771.1437781551704
FIN,MAD,IC4,semigov,M,True,1,5532.769075527642,0.3905053119216474,2766.384537763821
EDU,EST,IC4,public,F,True,5,5530.723708825277,0.3886226986733932,2765.3618544126384
DATA,RUH,IC3,semigov,M,True,1,5529.155869384464,0.2511291577479252,2764.577934692232
ENG_MECH,RUH,IC3,private,M,True,1,5528.548166630104,0.3512647049955019,2764.274083315052
PM,RUH,IC5,private,M,True,1,5525.131867676682,0.17350207279554572,2762.565933838341
OPS,RUH,IC6,public,F,True,1,5514.769937966583,0.2696492769267689,2757.3849689832914
PM,JED,IC4,private,M,False,1,5511.999781469582,0.29459141374326625,2755.999890734791
SUPPLY,RUH,IC5,pif_backed,F,False,1,5505.839016745797,0.7296744751909783,2752.9195083728987
SALES,EST,M2,private,F,True,1,5500.89326569375,0.26597774783861694,2750.446632846875
SUPPLY,EST,IC5,public,F,True,1,5497.344116695233,0.6885356184590685,2748.6720583476167
HR,RUH,IC4,semigov,M,True,1,5491.684537164529,0.5639559424843346,2745.8422685822643
HEALTH,HAI,IC5,public,M,False,1,5490.19293418667,0.8422970019248909,2745.096467093335
DATA,EST,IC2,public,M,True,1,5487.541837572198,1.3226944526972393,2743.770918786099
ENG_ELEC,MAK,IC4,private,M,True,1,5487.522781971893,0.22478184605741008,2743.7613909859465
ENG_MECH,JAZ,IC4,pif_backed,M,False,1,5463.7139831753175,0.2734454723575055,2731.8569915876587
SALES,EST,IC2,private,M,False,1,5455.477811302355,0.4901319881536225,2727.7389056511774
DATA,JED,M3,private,M,False,1,5453.175226159179,0.17940997715612178,2726.5876130795896
ENG_CIVIL,TAB,IC4,pif_backed,M,True,1,5448.554096359072,0.3291044230300786,2724.277048179536
SALES,JED,IC5,public,M,False,1,5443.679831730207,0.48265648971148917,2721.8399158651036
PM,EST,M1,private,F,False,1,5439.210688493171,0.1857946448704243,2719.6053442465854
FIN,EST,M2,public,M,True,1,5436.418702136405,0.15391550310684934,2718.2093510682025
LEGAL,RUH,IC2,private,F,True,1,5434.469411785032,1.358617352946258,2717.234705892516
MARKETING,TAB,IC5,private,F,False,1,5433.5831939241,0.3894689937628644,2716.79159696205
CUSTOMER,BAH,M2,private,F,False,1,5427.685015210902,0.43175346108591356,2713.842507605451
SWE,RUH,IC1,private,F,False,1,5425.156265559194,0.48522596707527577,2712.578132779597
HEALTH,RUH,IC4,pif_backed,M,True,1,5424.558166011122,0.36932206458734157,2712.279083005561
SWE,RUH,IC4,semigov,M,False,3,5419.772592391134,0.177937595191943,2709.886296195567
HEALTH,MAD,IC5,public,F,False,1,5417.781801136378,0.26283631115563266,2708.890900568189
LEGAL,HAI,IC6,public,M,True,1,5417.28133886891,0.23067112310474405,2708.640669434455
DESIGN,EST,D1,private,F,True,1,5415.631357361555,0.13594441757461148,2707.8156786807776
HEALTH,RUH,IC3,pif_backed,M,False,1,5414.326317926185,0.2929437130691436,2707.1631589630924
OPS,EST,IC3,private,M,True,3,5409.834761534364,0.3075717680900114,2704.917380767182
PM,EST,IC3,semigov,F,True,1,5406.159206900249,0.519376536602214,2703.0796034501245
SALES,EST,M1,pif_backed,M,False,1,5405.465181268097,0.5581079426502422,2702.7325906340484
EDU,ASR,IC4,private,F,False,1,5403.425508846243,0.38954977913165595,2701.7127544231216
OPS,MAK,IC4,private,M,True,2,5402.708196494204,0.2767863504450949,2701.354098247102
DATA,EST,M2,semigov,M,False,1,5402.471983434607,0.17859842513338692,2701.2359917173035
HEALTH,QAS,IC5,semigov,M,False,1,5395.112349913565,0.34792428950525905,2697.5561749567823
EDU,EST,IC4,semigov,F,True,1,5389.333074267604,0.3164347467367727,2694.666537133802
MARKETING,RUH,IC4,public,F,False,2,5382.461864363331,0.814652683695304,2691.2309321816656
SALES,EST,IC3,public,M,True,2,5373.301725235161,0.25284413522029536,2686.6508626175805
ENG_ELEC,JED,IC4,semigov,M,True,2,5367.561594588622,0.17950660979069116,2683.780797294311
PM,RUH,IC5,startup,F,True,1,5366.918318179283,0.17756494827740135,2683.4591590896416
ENG_CIVIL,HAI,IC6,public,F,False,1,5366.389449254415,0.6133395031526993,2683.1947246272075
ENG_MECH,JED,M2,private,M,True,2,5356.983812273787,0.2647887631724527,2678.4919061368937
MARKETING,EST,IC3,private,F,True,3,5340.590030297207,0.3152428365636321,2670.2950151486034
MARKETING,JED,D1,private,F,True,1,5336.4777062752255,0.27381534954127335,2668.2388531376128
DATA,EST,IC1,mnc,M,False,1,5334.8101574102675,0.4205542177460698,2667.4050787051337
FIN,EST,IC3,semigov,M,False,1,5332.89206611587,0.5738537828109257,2666.446033057935
ENG_MECH,NJR,IC3,private,F,False,1,5321.85244349086,0.790015489526417,2660.92622174543
PM,EST,IC3,public,M,True,1,5304.761951053137,0.2566643531672804,2652.3809755265684
SWE,ASR,IC3,semigov,M,False,1,5285.544292151676,0.8395563107407151,2642.772146075838
DESIGN,BAH,M2,private,F,True,1,5281.475800643815,0.24492483189977096,2640.7379003219075
HEALTH,RUH,M2,semigov,M,True,1,5279.615710461385,0.17115763535198586,2639.8078552306924
SALES,EST,IC2,public,M,True,2,5279.512202672361,0.3914836130701036,2639.7561013361806
ENG_MECH,ASR,IC4,private,F,False,1,5278.949761658958,0.3866725090486153,2639.474880829479
FIN,MAD,IC4,private,F,False,1,5277.308282261613,1.2295141366672058,2638.6541411308067
MARKETING,EST,IC2,semigov,F,True,2,5275.13365085405,0.3772608411289722,2637.566825427025
FIN,MAK,IC4,semigov,F,True,1,5274.394126115614,0.22257410147234866,2637.197063057807
SUPPLY,QAS,IC4,private,M,False,1,5271.572956519523,0.4439290360451682,2635.7864782597617
OPS,RUH,IC3,private,M,True,5,5262.835110436953,0.4954360059551598,2631.4175552184765
HEALTH,RUH,D2,public,M,False,1,5262.743763366358,0.13359530160719083,2631.371881683179
EDU,JAZ,M1,private,M,True,1,5256.620327978673,0.3523855839269646,2628.3101639893366
OPS,RUH,M1,private,M,False,3,5255.120998672552,0.41854271365196083,2627.560499336276
ENG_MECH,JED,IC6,private,M,False,1,5248.377169408241,0.35487640528248043,2624.1885847041203
DESIGN,EST,IC2,public,F,False,1,5247.046587863355,0.4596640363052832,2623.5232939316775
MARKETING,RUH,M2,private,M,False,1,5245.249939739879,0.21061243095152044,2622.6249698699394
SWE,EST,IC3,private,M,True,3,5245.194745794281,0.4295790665740837,2622.5973728971403
FIN,RUH,IC5,public,M,True,3,5235.206089491435,0.24815436337001825,2617.6030447457174
DATA,RUH,IC5,public,M,False,1,5234.932798786369,0.17800571865712153,2617.4663993931845
DESIGN,RUH,IC3,public,M,False,1,5228.653218147221,0.2722542217119684,2614.3266090736106
HEALTH,EST,M2,private,M,True,2,5222.8774022035195,0.34755082429765144,2611.4387011017598
SWE,ASR,IC2,semigov,M,False,1,5221.2642284783415,1.281078060220219,2610.6321142391707
MARKETING,NJR,IC5,public,M,False,1,5211.608298884954,0.4413396918760933,2605.804149442477
MARKETING,QAS,M4,private,M,False,1,5211.155766526488,0.23324680348308788,2605.577883263244
DESIGN,RUH,IC2,private,F,False,1,5199.515680044145,1.1948899174171759,2599.7578400220723
SUPPLY,EST,IC3,private,M,False,2,5191.637064797151,0.8236754937577845,2595.8185323985754
ENG_CIVIL,RUH,IC4,public,M,True,2,5191.125245328475,0.4541749788764383,2595.5626226642376
SALES,RUH,M3,semigov,M,True,1,5184.756054489488,0.11862649575920613,2592.378027244744
DESIGN,ASR,M1,mnc,F,False,1,5161.776038852822,0.6078119397310795,2580.888019426411
HEALTH,RUH,IC4,public,M,False,2,5152.070296594254,0.6884082628444096,2576.035148297127
FIN,JAZ,IC2,private,F,True,2,5150.411988818524,0.5417692984680565,2575.205994409262
OPS,EST,M1,private,M,False,2,5148.845133979616,0.4650892255743338,2574.422566989808
SALES,EST,M3,private,F,False,1,5147.155314008136,0.24688313163304576,2573.577657004068
ENG_ELEC,EST,IC4,semigov,M,True,1,5141.290579567209,0.3995569124309662,2570.6452897836043
HEALTH,RUH,IC4,mnc,M,True,2,5132.86079312773,0.303460111430783,2566.430396563865
SALES,MAK,M2,public,F,False,1,5131.966990594203,0.6240642005426187,2565.9834952971014
ENG_ELEC,MAK,M1,private,M,True,1,5126.982107045662,0.5596848753608612,2563.491053522831
FIN,EST,IC4,private,F,True,2,5125.186594217135,0.49417356415623326,2562.5932971085676
SUPPLY,RUH,IC5,private,M,False,3,5111.967137601201,0.31078518508586833,2555.9835688006006
MARKETING,EST,IC4,public,F,True,1,5110.315093444147,0.2354634516649671,2555.1575467220737
MARKETING,EST,M1,public,F,True,2,5105.489056489866,0.4572414606857819,2552.744528244933
SWE,BAH,IC1,private,M,False,1,5104.744960373054,0.6725450825833154,2552.372480186527
CUSTOMER,EST,IC6,mnc,F,False,1,5103.042337995324,0.6542311646314674,2551.521168997662
CUSTOMER,RUH,IC3,private,M,True,3,5101.353612868302,0.6612844503285019,2550.676806434151
HEALTH,RUH,IC3,mnc,F,True,3,5097.517856492493,0.41370209188870977,2548.7589282462463
OPS,NJR,IC3,pif_backed,F,True,1,5092.728390730244,0.24432059328647407,2546.364195365122
SWE,JED,M1,private,F,False,1,5089.442503451974,0.20616941461532529,2544.721251725987
SWE,RUH,IC4,public,M,True,4,5083.557436523347,0.33374594225311827,2541.7787182616735
MARKETING,RUH,M3,semigov,F,False,1,5082.6872480717175,0.22387014151735057,2541.3436240358587
SWE,JAZ,IC3,semigov,M,True,1,5081.943187264119,0.9804795542576902,2540.9715936320595
CUSTOMER,RUH,IC4,semigov,M,True,2,5075.854488825265,0.32640465384792156,2537.9272444126327
EDU,JED,IC5,private,F,True,1,5073.745250916709,0.6106868647486609,2536.8726254583544
EDU,RUH,D1,public,M,True,1,5072.128821758881,0.2825339634719869,2536.0644108794404
ENG_ELEC,RUH,IC6,semigov,M,True,1,5065.301549977456,0.15719068251381677,2532.650774988728
ENG_CIVIL,EST,IC3,private,M,True,1,5065.1794688276295,0.2911522996668755,2532.5897344138148
FIN,RUH,IC3,semigov,M,True,3,5051.664306050604,0.21145315687334743,2525.832153025302
HEALTH,EST,IC3,semigov,F,False,1,5051.317987500789,0.7507569501212474,2525.6589937503945
LEGAL,RUH,IC1,public,M,False,1,5040.213725302596,0.43054058102597537,2520.106862651298
SALES,EST,IC4,public,M,False,3,5035.533919992962,0.28068284374084645,2517.766959996481
PM,HAI,IC3,private,M,True,1,5032.3740500779095,0.27652062953648926,2516.1870250389547
SWE,EST,IC4,semigov,F,True,1,5015.547273303175,0.15236729158195506,2507.7736366515874
LEGAL,QAS,IC3,private,M,True,1,5001.107383728544,0.7802124802811488,2500.553691864272
ENG_MECH,TAB,IC4,private,M,False,1,4995.102014079435,1.252734143413044,2497.5510070397177
SALES,RUH,D1,pif_backed,F,True,1,4987.5751424534465,0.0926037697559335,2493.7875712267232
CUSTOMER,EST,IC5,private,F,False,1,4980.935420845468,0.3316988194835439,2490.467710422734
SUPPLY,RUH,M3,private,M,True,1,4958.3080537533315,0.14795032465449812,2479.1540268766657
HR,MAK,IC5,semigov,F,True,1,4948.605786618835,0.16480525642493085,2474.3028933094174
EDU,RUH,M3,public,F,False,1,4947.105090030864,0.3393963093257472,2473.552545015432
HEALTH,NJR,IC6,private,F,False,1,4946.359777869035,0.45423370652622214,2473.1798889345173
FIN,EST,IC4,mnc,M,False,1,4946.037573788541,0.289952941557195,2473.0187868942703
LEGAL,TAB,IC3,public,M,True,1,4942.617417551383,0.8662611213633029,2471.3087087756917
PM,ASR,D2,private,F,False,1,4940.275417777964,0.10284150255503097,2470.137708888982
MARKETING,RUH,M1,pif_backed,F,False,1,4939.276088896441,0.7166014892546893,2469.6380444482206
EDU,JED,M2,public,F,True,3,4935.208114004785,0.22124091180213248,2467.6040570023924
SUPPLY,EST,M1,semigov,M,False,1,4922.730220366242,0.406413329268667,2461.365110183121
FIN,RUH,IC2,semigov,F,False,1,4921.350933711668,0.6356224010518043,2460.675466855834
SWE,MAK,IC3,private,M,True,2,4918.503597282945,0.6534236067968785,2459.2517986414723
FIN,JED,IC3,private,F,False,1,4913.93752366845,0.30017046060737645,2456.968761834225
SALES,EST,M1,private,F,True,1,4903.73122482771,0.47001714974448705,2451.865612413855
HR,JAZ,IC2,private,M,False,1,4901.029370802126,0.5008819159106089,2450.514685401063
DESIGN,MAK,M1,startup,M,True,1,4893.563705281536,0.4200469444981765,2446.781852640768
EDU,RUH,M3,semigov,M,True,1,4885.866163587216,0.16782351611875387,2442.933081793608
FIN,HAI,M4,public,M,True,1,4884.890995012873,0.22673894292330682,2442.4454975064364
SWE,QAS,M2,semigov,M,True,1,4884.055787306232,0.16817516832152604,2442.027893653116
EDU,RUH,IC6,public,M,True,1,4879.418250353139,0.3310407554567611,2439.7091251765696
CUSTOMER,RUH,IC4,public,F,True,2,4877.250936017083,0.8230929923286953,2438.6254680085417
FIN,HAI,M1,mnc,F,True,1,4874.0293815117075,0.26945593236286147,2437.0146907558537
ENG_CIVIL,RUH,IC5,public,M,True,1,4872.42874911063,0.21040400963621833,2436.214374555315
ENG_ELEC,JED,IC4,private,F,False,1,4871.118909650093,0.3769209390410527,2435.5594548250465
SUPPLY,EST,IC6,private,M,False,1,4868.795723219675,0.4396001378915892,2434.3978616098375
SWE,EST,IC3,semigov,M,True,1,4867.869148912789,0.193710801613907,2433.9345744563943
HEALTH,JAZ,IC5,private,F,False,1,4867.710344870908,0.590016914283781,2433.855172435454
HEALTH,RUH,M1,semigov,F,True,1,4858.340397621852,0.22986048463297062,2429.170198810926
ENG_ELEC,MAK,M4,private,F,True,1,4851.369534727695,0.11936144485305453,2425.6847673638476
HEALTH,RUH,IC5,semigov,F,False,3,4850.350022162917,0.2031353003616387,2425.1750110814587
SWE,QAS,IC3,semigov,M,False,1,4844.670910940362,0.5757259941532643,2422.335455470181
SWE,JED,IC4,semigov,F,True,1,4844.263939075616,0.1652838243267752,2422.131969537808
CUSTOMER,RUH,IC2,private,F,True,2,4842.61397432133,0.31000811509604964,2421.306987160665
OPS,EST,IC3,pif_backed,M,False,2,4838.369648376488,0.4667974983927062,2419.184824188244
DATA,EST,IC3,private,M,True,3,4837.65016401039,0.480736927053278,2418.825082005195
SWE,EST,IC5,private,F,True,1,4834.034223074294,0.1616977211645329,2417.017111537147
SWE,QAS,IC5,private,F,False,1,4832.42467767901,0.2929928405972242,2416.212338839505
SUPPLY,JED,IC4,semigov,F,True,1,4830.353548060444,0.4243569703710211,2415.176774030222
FIN,RUH,IC4,private,M,True,5,4827.4909658157585,0.20841269845540186,2413.7454829078792
SUPPLY,MAD,IC5,semigov,M,False,1,4822.332730828799,0.8018084722510274,2411.1663654143995
HEALTH,RUH,IC6,mnc,M,False,1,4806.257342447829,0.15778722787831628,2403.1286712239144
LEGAL,EST,IC2,public,M,True,1,4795.504277231821,0.9392029027487295,2397.7521386159106
SUPPLY,EST,M2,public,M,False,1,4785.263297753652,0.20659662330262915,2392.631648876826
CUSTOMER,RUH,IC5,semigov,F,True,1,4784.609013367131,0.30281933046251486,2392.3045066835657
FIN,TAB,M2,private,M,True,1,4782.961194197867,0.2602348930975912,2391.4805970989337
SALES,MAK,IC5,private,F,True,1,4765.243108498528,0.6301681211366685,2382.621554249264
HEALTH,RUH,M1,public,M,True,1,4764.142184345703,0.20932672027445862,2382.0710921728514
DESIGN,RUH,IC3,semigov,F,False,1,4762.5718975036925,0.30189654074598493,2381.2859487518463
FIN,JED,M3,pif_backed,M,False,1,4760.819969409298,0.29866021078324567,2380.409984704649
SWE,RUH,M1,semigov,M,False,1,4758.474393749133,0.24899751046931368,2379.2371968745665
FIN,QAS,IC3,private,M,True,2,4753.066542949313,0.36528390052884124,2376.5332714746564
PM,EST,IC4,private,M,True,1,4752.735571698022,0.29814313998627584,2376.367785849011
MARKETING,JED,M3,mnc,M,True,1,4731.387511391149,0.3315107349526456,2365.6937556955745
FIN,JAZ,M2,public,M,True,1,4729.897193450433,0.24747313934350873,2364.9485967252167
OPS,EST,D2,public,M,False,1,4729.745078158045,0.16321729596679865,2364.8725390790223
MARKETING,RUH,IC6,startup,M,False,1,4728.636064805089,0.27974947005640316,2364.3180324025443
SALES,RUH,IC4,public,M,True,2,4725.375980341646,0.34267592841267325,2362.687990170823
SALES,EST,IC5,private,M,False,3,4718.026344044505,0.19769468633424214,2359.0131720222525
PM,RUH,IC3,mnc,M,False,1,4711.628078464917,0.20620195550486778,2355.8140392324585
DESIGN,RUH,M2,private,F,False,1,4704.437829021783,0.17645669482891155,2352.2189145108914
HEALTH,EST,IC4,public,M,True,1,4703.471742713937,0.21360076434037623,2351.7358713569683
HR,JED,M2,private,M,True,1,4703.253882623863,0.15926087312858642,2351.6269413119317
ENG_MECH,MAK,IC4,private,M,True,1,4698.900812481004,0.30105565915096566,2349.450406240502
HR,HAI,M3,private,F,False,1,4698.453002089631,0.23494919936400965,2349.2265010448154
EDU,RUH,IC5,public,F,True,3,4695.544886476579,0.2753259530883733,2347.7724432382897
SALES,RUH,M1,public,M,False,1,4689.911061146522,0.2996549150182047,2344.955530573261
HEALTH,HAI,IC3,private,F,True,1,4685.02163043528,0.3959485506266928,2342.51081521764
DATA,TAB,IC1,mnc,M,False,1,4678.024835566896,1.048134817376562,2339.012417783448
SALES,QAS,IC3,private,M,False,1,4676.90988334152,0.7689819685037727,2338.45494167076
FIN,MAK,IC4,public,F,True,1,4671.780279826304,0.3399653672974832,2335.890139913152
HEALTH,EST,IC3,startup,F,False,1,4670.02245730735,0.33376614021736506,2335.011228653675
FIN,RUH,IC3,public,F,True,1,4667.049963701886,0.32276815257163205,2333.524981850943
CUSTOMER,NOR,IC4,semigov,F,False,1,4664.24864455534,0.2727067830182039,2332.12432227767
PM,RUH,IC2,private,M,True,3,4663.580416241203,0.307521019323491,2331.7902081206016
HR,RUH,IC4,public,F,True,2,4663.252847328529,0.5435114166463337,2331.6264236642646
CUSTOMER,RUH,IC4,private,M,True,2,4657.234100249476,0.5116921207200621,2328.617050124738
SALES,RUH,IC4,private,F,False,1,4648.594384568687,0.4607938542805514,2324.2971922843435
HEALTH,RUH,M1,mnc,M,True,1,4647.458508467676,0.2733025837082376,2323.729254233838
ENG_CIVIL,MAD,IC4,private,M,False,2,4641.516146719769,0.3814859828220469,2320.7580733598843
HR,QAS,IC3,mnc,F,False,1,4640.046315686878,0.8782776684396489,2320.023157843439
HR,RUH,IC3,semigov,F,False,1,4639.08762085821,0.33728369398704183,2319.543810429105
OPS,MAD,IC6,public,F,False,1,4636.842969845635,0.452825982744337,2318.4214849228174
HR,JED,IC3,private,M,False,1,4633.4588972270985,0.7721003109803184,2316.7294486135493
DATA,EST,IC2,semigov,M,False,1,4626.697862427942,0.4678739481682698,2313.348931213971
MARKETING,TAB,M2,public,F,False,1,4626.612553081152,0.7576264431775408,2313.306276540576
CUSTOMER,RUH,IC4,semigov,M,False,1,4626.160758295931,1.0940429841068775,2313.0803791479657
HEALTH,RUH,IC4,private,F,True,3,4619.687268063995,0.41165649985301117,2309.8436340319977
HEALTH,JED,M2,mnc,M,False,1,4599.644716117546,0.17069987590338923,2299.822358058773
HEALTH,EST,IC2,pif_backed,F,True,1,4586.4775176838175,0.3514000922221035,2293.2387588419087
FIN,EST,M1,private,M,True,1,4586.34888174188,0.14656098041204213,2293.17444087094
SWE,ASR,IC3,semigov,M,True,1,4585.924791667843,0.6300870528682543,2292.9623958339216
ENG_MECH,JED,IC5,semigov,M,True,1,4578.146332689543,0.1654390311859425,2289.0731663447714
OPS,RUH,IC4,public,M,False,1,4561.639460129945,0.3052595151952521,2280.8197300649726
EDU,ASR,D2,public,F,True,1,4559.3972228204875,0.2051274803155281,2279.6986114102438
SALES,JAZ,M3,semigov,M,True,1,4552.738461386198,0.16408215973020926,2276.369230693099
PM,RUH,IC4,public,M,False,1,4549.959522995383,0.29127048341058254,2274.9797614976915
LEGAL,MAK,M1,private,F,True,2,4547.907831172784,0.31427029800439976,2273.953915586392
HEALTH,MAK,IC4,private,M,True,1,4547.856624357102,0.4730584928385863,2273.928312178551
SALES,JED,IC5,private,F,False,1,4547.285535455336,0.3144503608625741,2273.642767727668
ENG_ELEC,RUH,IC6,private,M,True,1,4541.548222266847,0.2664475709771389,2270.7741111334235
PM,JAZ,IC5,public,M,True,1,4539.888306159477,0.39069707634008327,2269.9441530797385
MARKETING,RUH,IC3,public,F,True,1,4537.8885606138865,0.3093959377057016,2268.9442803069433
ENG_MECH,RUH,IC4,public,M,True,2,4532.409571571512,0.2418195921259787,2266.204785785756
SALES,RUH,IC3,private,M,True,5,4530.277134132337,0.28380476220731676,2265.1385670661684
OPS,RUH,IC6,private,M,False,2,4525.472274173994,0.42840082540415525,2262.736137086997
SUPPLY,QAS,IC3,private,F,False,1,4515.351166094391,1.145914786631372,2257.6755830471957
CUSTOMER,JED,IC4,semigov,M,False,1,4513.669287969993,2.435844884550622,2256.8346439849965
ENG_MECH,JED,IC4,private,M,True,2,4503.745075575114,0.21256102975134536,2251.872537787557
HEALTH,EST,M2,private,M,False,2,4498.484369184529,0.16104155072464446,2249.2421845922645
SALES,RUH,IC5,private,F,True,1,4493.531756779994,0.5571873067069073,2246.765878389997
EDU,RUH,M2,pif_backed,M,True,1,4489.017655181626,0.27120745477315544,2244.508827590813
LEGAL,ASR,IC4,private,F,True,1,4483.432138319768,0.37899667603174436,2241.716069159884
SALES,RUH,IC4,private,M,True,10,4482.258126369707,0.19005462682797344,2241.1290631848533
MARKETING,RUH,IC6,private,F,True,2,4469.454276604398,0.13566451471539495,2234.727138302199
EDU,EST,IC3,private,M,True,1,4464.356312657816,0.3101731531724426,2232.178156328908
SALES,RUH,IC3,pif_backed,F,False,1,4447.493358109348,0.21580334805550333,2223.746679054674
SUPPLY,RUH,IC4,startup,F,True,1,4446.1033958774315,0.25351675879447383,2223.0516979387157
ENG_CIVIL,EST,M1,public,M,False,1,4445.3429320822415,0.2783178584314878,2222.6714660411208
SALES,RUH,IC2,private,F,False,1,4441.890246697694,0.7556921161939694,2220.945123348847
SALES,EST,IC3,private,F,True,2,4436.849665237721,0.32700841573901873,2218.4248326188604
FIN,RUH,IC4,public,M,True,5,4430.557793153472,0.1734569721451716,2215.278896576736
HEALTH,MAD,IC5,semigov,M,True,1,4428.8000831328845,0.3052410288329593,2214.4000415664423
SALES,JED,IC4,pif_backed,M,True,1,4427.64353743967,0.5381733375437325,2213.821768719835
OPS,JED,IC5,public,M,True,1,4425.445932783461,0.5202018923782481,2212.7229663917306
LEGAL,ASR,IC2,public,F,True,1,4421.420113541937,0.6806792464963879,2210.7100567709685
FIN,RUH,IC5,startup,F,True,1,4415.638015067198,0.1861139837207386,2207.819007533599
HEALTH,RUH,IC4,semigov,F,False,1,4413.669590815451,0.47949964809602996,2206.8347954077253
HR,JED,IC4,mnc,F,False,1,4412.316186869588,0.5166108200514921,2206.158093434794
OPS,RUH,IC4,private,F,False,1,4405.019636382096,0.24365919926266985,2202.509818191048
MARKETING,NJR,M2,mnc,F,True,1,4402.136871353963,0.24105751366674552,2201.0684356769816
ENG_CIVIL,JED,D1,public,M,False,1,4401.205036784064,0.2064600084711771,2200.602518392032
HR,TAB,IC3,mnc,M,False,1,4399.832478272756,0.645096053807862,2199.916239136378
OPS,RUH,M1,semigov,M,True,1,4399.582470757436,0.19280626218607114,2199.791235378718
FIN,RUH,M2,private,M,False,1,4398.528703427815,0.1468276849221558,2199.2643517139077
EDU,RUH,M3,semigov,F,True,2,4388.067360980283,0.2580137357744425,2194.0336804901417
DATA,RUH,IC1,public,M,True,1,4385.072584466107,0.42872462006594597,2192.5362922330537
CUSTOMER,JAZ,IC4,mnc,M,False,1,4383.385645739016,0.9901100806472342,2191.692822869508
OPS,JED,M2,private,F,True,1,4375.355250627639,0.3774965812912906,2187.6776253138196
SUPPLY,EST,IC5,mnc,M,False,1,4373.14059133257,0.6276358410211448,2186.570295666285
HR,ASR,IC2,private,M,False,1,4372.588805928209,0.45947157438488373,2186.2944029641044
SALES,QAS,IC3,private,F,False,1,4362.798282471083,0.8213887783787758,2181.3991412355417
ENG_ELEC,RUH,IC4,private,M,False,2,4362.049132777965,0.23215744946413383,2181.0245663889823
CUSTOMER,JED,IC3,public,M,True,1,4358.2452106242,0.6135556365139668,2179.1226053121
ENG_MECH,RUH,IC6,private,M,False,1,4350.012627837434,0.13167296610013454,2175.006313918717
ENG_CIVIL,RUH,IC4,pif_backed,M,False,1,4349.669153955851,0.45427354088311755,2174.8345769779253
SALES,EST,M1,startup,M,False,1,4347.066425687535,0.24024002776990447,2173.5332128437676
SWE,EST,IC2,startup,M,True,2,4341.598047842191,0.8536552424467092,2170.7990239210953
ENG_MECH,RUH,IC4,private,M,False,2,4339.297092193974,0.46397258462081215,2169.648546096987
FIN,JED,IC2,private,F,True,1,4337.957328343038,0.28075594692269157,2168.978664171519
ENG_MECH,EST,IC4,public,M,False,1,4336.465813394765,0.3379944811644253,2168.2329066973825
HR,ASR,IC2,private,M,True,1,4336.090775201323,1.0840226938003306,2168.0453876006613
MARKETING,JED,IC4,private,F,True,3,4334.502503331868,0.24847802592672377,2167.251251665934
SWE,JED,IC4,semigov,M,True,1,4329.362083103577,0.291518136588195,2164.6810415517884
CUSTOMER,RUH,IC4,mnc,M,False,2,4323.827150770548,0.27721356675201997,2161.913575385274
EDU,EST,IC5,semigov,F,True,1,4322.173648612732,0.22544774243722754,2161.086824306366
EDU,RUH,IC3,public,F,True,3,4321.951385377198,0.3526601611554721,2160.975692688599
SALES,QAS,IC5,semigov,M,False,1,4315.174524766351,0.5953746879778294,2157.5872623831756
HEALTH,EST,M2,public,M,True,1,4309.8263685230595,0.3618710552386144,2154.9131842615298
MARKETING,JED,M3,startup,F,False,1,4307.388075025221,0.1506717730838205,2153.6940375126105
FIN,ASR,IC4,private,F,True,1,4300.654122550133,0.5752860104432149,2150.3270612750666
HR,JAZ,M2,mnc,M,False,1,4298.630285969391,0.5325451985006419,2149.3151429846953
HEALTH,RUH,IC4,private,M,False,4,4289.570362578486,0.2833872111397956,2144.785181289243
HEALTH,RUH,IC4,pif_backed,M,False,1,4274.228991270922,0.35571590784429913,2137.114495635461
ENG_CIVIL,RUH,IC3,semigov,F,False,1,4271.63538708082,0.35591830403457003,2135.81769354041
FIN,TAB,IC2,mnc,M,False,1,4271.387563627172,0.8165215559770554,2135.693781813586
HEALTH,EST,IC4,pif_backed,M,True,2,4265.623368305092,0.1618214368820334,2132.811684152546
FIN,RUH,M1,private,F,False,1,4263.1466818886975,0.9709447839736302,2131.5733409443487
SALES,EST,M2,private,F,False,3,4261.695322964714,0.16984753928738405,2130.847661482357
SALES,QAS,M2,semigov,M,True,1,4259.00121902146,0.23960315669735133,2129.50060951073
ENG_CIVIL,JED,IC5,pif_backed,M,False,1,4249.097165581399,0.18698275809241457,2124.5485827906996
HR,TAB,IC4,public,F,True,1,4234.820560276509,0.7459872745695655,2117.4102801382546
FIN,MAD,IC1,private,F,True,1,4231.816284698804,0.6916755529311358,2115.908142349402
OPS,JED,D1,pif_backed,M,False,1,4231.414379985901,0.1659837084364854,2115.7071899929506
SWE,RUH,M4,semigov,M,True,1,4231.405600202772,0.10852323549830939,2115.702800101386
SALES,MAK,M3,public,M,True,1,4224.72265377837,0.2733201130732171,2112.361326889185
ENG_ELEC,ASR,M2,private,M,True,1,4224.687592554135,0.17030869039880317,2112.3437962770677
SALES,QAS,IC4,public,M,True,1,4217.894714071066,0.45393047243859364,2108.947357035533
HEALTH,RUH,IC4,startup,M,False,1,4201.704995898614,0.19869270672318978,2100.852497949307
MARKETING,ASR,IC3,private,M,True,1,4200.970338692251,0.7243314566031271,2100.4851693461255
CUSTOMER,RUH,M2,private,M,False,1,4199.95241793273,0.798630982276415,2099.976208966365
DESIGN,JED,IC3,semigov,F,True,2,4195.614838955191,0.29039715218535544,2097.8074194775954
CUSTOMER,EST,IC3,private,F,True,1,4189.248100864126,0.6821379828318083,2094.624050432063
FIN,RUH,IC4,private,M,False,2,4187.819618697124,0.3365691187051816,2093.909809348562
ENG_MECH,EST,IC4,private,F,False,1,4183.416592253976,0.187894417367655,2091.708296126988
DESIGN,ASR,M2,public,F,False,1,4181.478503881548,0.2687470598593721,2090.739251940774
ENG_CIVIL,NJR,IC3,private,M,True,1,4177.943965071367,0.8274827717818979,2088.9719825356833
EDU,JED,IC5,semigov,M,True,1,4175.066089755022,0.4395991014162787,2087.533044877511
MARKETING,QAS,IC2,private,M,True,1,4174.036759640419,1.0435091899101048,2087.0183798202097
DATA,QAS,IC3,private,M,False,1,4167.702391225956,0.6514844512986782,2083.851195612978
CUSTOMER,RUH,M2,public,F,True,2,4167.317241957328,0.3750461142674858,2083.658620978664
HEALTH,EST,IC3,public,M,False,1,4166.582550345762,0.3163600860678099,2083.291275172881
HEALTH,JED,VP,mnc,F,True,1,4160.192481855396,0.06982811968884613,2080.096240927698
HEALTH,RUH,IC6,semigov,F,True,1,4158.630816181008,0.1463347720448329,2079.315408090504
SALES,HAI,M1,startup,F,True,1,4158.585754410498,0.4391710946588242,2079.292877205249
SALES,EST,IC5,private,M,True,1,4151.317757882833,0.13863511991914404,2075.6588789414163
SUPPLY,EST,D1,public,M,False,1,4150.091903035882,0.14586861441016016,2075.045951517941
CUSTOMER,RUH,IC4,semigov,F,True,2,4147.325255608788,0.4337633474938536,2073.662627804394
SALES,ASR,IC3,mnc,F,True,1,4143.496269905537,0.6264394846826506,2071.7481349527684
SWE,JED,IC4,private,F,True,1,4142.946615840867,0.29156810598217536,2071.4733079204334
SWE,RUH,IC6,private,M,False,1,4132.408169214708,0.10201577704335311,2066.204084607354
EDU,EST,IC4,mnc,F,True,1,4131.958505337254,0.5001347793656327,2065.979252668627
ENG_CIVIL,EST,IC3,public,M,False,2,4127.380221422263,1.2403028860184746,2063.6901107111316
EDU,EST,IC5,private,F,True,2,4125.111756070516,0.3757782230159024,2062.555878035258
ENG_CIVIL,JED,IC4,mnc,M,False,1,4122.44803392277,0.27040035065072493,2061.224016961385
DATA,RUH,IC4,semigov,M,True,3,4116.211000982461,0.20410492396234203,2058.1055004912305
MARKETING,RUH,IC3,mnc,M,True,1,4113.643703224268,0.18672951304606403,2056.821851612134
HEALTH,RUH,IC3,private,F,False,2,4112.560847446106,0.22361718114003618,2056.280423723053
EDU,ASR,M2,mnc,F,True,1,4108.659397709307,0.2380163350851089,2054.3296988546535
HEALTH,RUH,IC4,mnc,M,False,3,4108.563973834556,0.2706790044589093,2054.281986917278
HEALTH,QAS,IC3,pif_backed,F,False,1,4101.421210456701,0.2725631469773719,2050.7106052283507
SALES,RUH,IC4,semigov,F,True,1,4100.534323639044,0.29860419445185915,2050.267161819522
SWE,MAK,IC4,mnc,M,True,1,4092.732054727643,0.19947615461645446,2046.3660273638216
OPS,MAK,IC1,mnc,M,True,1,4086.899513441429,0.3211027533208222,2043.4497567207145
EDU,RUH,IC5,private,F,True,6,4079.9003571730805,0.25496012950746805,2039.9501785865402
OPS,ASR,IC4,private,M,True,1,4078.6068209490077,0.4127801964765078,2039.3034104745038
SUPPLY,MAK,M1,public,M,False,1,4075.3920073389545,0.5105567988147395,2037.6960036694772
CUSTOMER,RUH,IC4,private,F,False,2,4066.6372648727124,0.4517317347241374,2033.3186324363562
PM,RUH,IC6,semigov,M,False,1,4065.292116643821,0.15540505497059062,2032.6460583219105
MARKETING,EST,IC5,private,M,False,1,4058.3387667501665,0.3203627079953873,2029.1693833750833
SWE,EST,IC3,pif_backed,M,False,1,4057.20905553593,0.2741616812087583,2028.604527767965
EDU,RUH,M2,mnc,F,True,1,4055.2560044957645,0.19101058732380985,2027.6280022478823
LEGAL,EST,IC2,private,F,False,1,4038.19644176542,0.43033334204672485,2019.09822088271
SWE,RUH,M1,private,F,False,1,4036.9934270078847,0.19635650008234073,2018.4967135039424
SALES,RUH,IC6,private,M,False,2,4026.0829443487946,0.43100884951847823,2013.0414721743973
SWE,ASR,IC4,private,M,False,1,4022.1692770338013,0.46533819211038546,2011.0846385169007
OPS,EST,M1,private,F,True,1,4020.0931422309204,0.41718872601930446,2010.0465711154602
ENG_ELEC,EST,M3,public,M,False,1,4019.345118393405,0.12970307092665692,2009.6725591967024
MARKETING,TAB,IC2,private,F,False,1,4019.2932005017674,0.9697311539904138,2009.6466002508837
HR,RUH,IC5,public,M,True,1,4014.789788840626,0.38367126097707277,2007.394894420313
CUSTOMER,RUH,IC3,startup,F,False,1,4009.513713961357,0.6177539860690145,2004.7568569806785
DESIGN,EST,IC3,private,M,True,1,4008.4657171471354,0.23829787323331306,2004.2328585735677
HEALTH,HAI,IC4,startup,M,False,1,4006.5160119067223,0.2674500005611803,2003.2580059533611
SUPPLY,JED,M1,public,M,False,1,4005.939147610108,0.2628819111798766,2002.969573805054
SWE,RUH,IC2,semigov,M,False,1,4003.95407755463,0.29542390773833804,2001.977038777315
HEALTH,RUH,IC3,startup,F,False,1,3998.8267012978968,0.6149392110010913,1999.4133506489484
HEALTH,RUH,IC3,private,M,False,2,3997.702536681916,0.3030114899069092,1998.851268340958
HEALTH,RUH,IC4,public,F,False,4,3994.716014432721,0.2002848179014434,1997.3580072163604
SALES,NJR,IC4,private,F,True,1,3991.2369832708246,0.27671285090706815,1995.6184916354123
MARKETING,JED,IC4,semigov,F,False,1,3990.2909170655093,0.3906202104364847,1995.1454585327547
PM,TAB,IC5,mnc,M,False,1,3990.0438393254117,0.17311444384777602,1995.0219196627058
SALES,TAB,IC5,private,M,False,1,3988.808930132167,0.31146461206252446,1994.4044650660835
EDU,JAZ,IC3,private,M,False,1,3987.243679638458,0.35325920213116113,1993.621839819229
CUSTOMER,EST,IC3,pif_backed,M,False,1,3985.5034658415752,0.3719204690777234,1992.7517329207876
SWE,EST,IC6,pif_backed,M,False,1,3981.8839425248516,0.10439575961860752,1990.9419712624258
SALES,RUH,M2,private,M,False,1,3981.8286801319846,0.33666933963061035,1990.9143400659923
ENG_CIVIL,ASR,IC6,public,M,True,1,3979.619360914283,0.2392476661150388,1989.8096804571414
SUPPLY,RUH,D1,public,M,True,1,3975.9534172691565,0.14650153180897083,1987.9767086345782
HEALTH,RUH,M2,mnc,F,True,1,3972.700044951751,0.17826693528918627,1986.3500224758754
SWE,RUH,M1,pif_backed,M,True,4,3968.1968626281223,0.11981692003364695,1984.0984313140611
ENG_MECH,RUH,IC5,private,F,True,1,3964.914365695109,0.2781398646306559,1982.4571828475546
HEALTH,JAZ,IC2,private,M,False,1,3957.727949442948,1.5312195851119275,1978.863974721474
HR,JED,IC4,public,F,False,1,3956.684949522917,0.6690528604875525,1978.3424747614586
CUSTOMER,TAB,M1,startup,F,True,1,3956.377728154588,0.259069699083166,1978.188864077294
SWE,TAB,IC3,startup,M,True,1,3955.802995570768,0.42133929893688205,1977.901497785384
ENG_CIVIL,RUH,M4,public,M,True,1,3953.073559933029,0.11602597900221363,1976.5367799665146
OPS,TAB,M2,startup,M,False,1,3945.103544956266,0.2150927079737199,1972.551772478133
ENG_MECH,RUH,IC6,public,M,True,2,3944.9443837216895,0.15609424363737773,1972.4721918608448
HEALTH,EST,IC3,startup,M,False,1,3940.7528637861424,0.6369789148189147,1970.3764318930712
MARKETING,RUH,IC4,private,M,False,4,3933.610577939461,0.5640746255783262,1966.8052889697306
SALES,JED,M3,mnc,F,False,1,3926.3719600538134,0.23871613528401026,1963.1859800269067
OPS,QAS,IC3,mnc,M,True,1,3925.7101358310083,0.29178714880987305,1962.8550679155042
FIN,EST,IC2,public,F,False,1,3921.465436517009,0.965640343885006,1960.7327182585045
CUSTOMER,EST,M1,private,F,True,2,3915.324750976629,0.5229513212965861,1957.6623754883144
EDU,RUH,IC5,public,M,False,1,3912.2770946951932,0.28492586004774595,1956.1385473475966
DATA,JED,M4,private,M,False,1,3911.5904591979124,0.07093754284123927,1955.7952295989562
SALES,JED,IC4,mnc,M,False,1,3910.8427209245147,0.5967253886156078,1955.4213604622573
HEALTH,RUH,IC4,private,M,True,3,3910.2116093657364,0.37282437456482204,1955.1058046828682
SWE,EST,M1,private,M,True,2,3899.547363021451,0.11398514019691247,1949.7736815107255
SALES,RUH,M4,semigov,F,False,1,3898.4878080426206,0.22692977105794487,1949.2439040213103
DESIGN,RUH,IC2,public,F,True,1,3893.9210539535643,0.3938951143425201,1946.9605269767821
HR,RUH,IC5,public,F,True,3,3892.478324714369,0.4264446601791619,1946.2391623571846
FIN,RUH,IC5,mnc,M,True,1,3887.4211143499706,0.10349273750700758,1943.7105571749853
ENG_MECH,MAD,IC2,private,M,False,1,3886.649022160923,0.46752855371361174,1943.3245110804614
ENG_CIVIL,RUH,M2,private,M,True,1,3885.439167982866,0.29162388508562087,1942.719583991433
PM,JAZ,IC4,semigov,M,False,1,3884.9708108273535,0.2686168658659971,1942.4854054136767
ENG_CIVIL,JED,IC4,private,M,False,3,3881.563586448288,0.3003897637767125,1940.781793224144
DESIGN,RUH,IC5,pif_backed,M,True,1,3868.5368302417846,0.16978869026474164,1934.2684151208923
HEALTH,EST,IC3,pif_backed,M,True,1,3865.331458564904,0.2427932369549809,1932.665729282452
CUSTOMER,RUH,M1,private,F,True,3,3862.8996795210282,0.30795542094645256,1931.4498397605141
EDU,MAK,IC4,semigov,M,True,1,3862.2215893923576,0.6360382769312432,1931.1107946961788
EDU,RUH,M1,mnc,F,True,3,3860.0339173048237,0.3198994250780121,1930.0169586524119
CUSTOMER,NJR,M1,pif_backed,F,False,1,3859.8713123363104,0.8508778690169411,1929.9356561681552
CUSTOMER,TAB,IC6,private,M,True,1,3854.0801749069706,0.7605831492908351,1927.0400874534853
ENG_CIVIL,JAZ,D1,private,M,False,1,3848.8562117254114,0.22035318580695057,1924.4281058627057
HEALTH,RUH,IC2,mnc,F,False,1,3844.862577071486,0.846593265560475,1922.431288535743
SALES,JAZ,M4,startup,M,False,1,3841.687605659885,0.12689160011890482,1920.8438028299424
SWE,EST,M2,private,M,False,1,3839.9885485306077,0.2155467212119716,1919.9942742653038
MARKETING,TAB,D1,public,M,False,1,3838.316406888305,0.13536131957902167,1919.1582034441526
ENG_CIVIL,EST,IC4,public,M,True,3,3831.1699387306767,0.2348164426871381,1915.5849693653383
SUPPLY,RUH,IC3,private,M,True,1,3830.0273585612485,0.6751242904743373,1915.0136792806243
OPS,EST,IC4,semigov,M,False,1,3829.4893319908006,0.555126374337101,1914.7446659954003
SUPPLY,JED,IC4,public,M,True,1,3819.100580760176,0.27596172772205524,1909.550290380088
HR,ASR,M1,semigov,F,False,1,3817.871404779202,0.43178577420159375,1908.935702389601
ENG_CIVIL,RUH,IC6,private,M,False,1,3817.1580038239226,0.19634495634110463,1908.5790019119613
PM,RUH,IC3,private,M,False,4,3805.227128264013,0.4442712289306454,1902.6135641320066
EDU,RUH,M3,private,F,True,4,3804.4679961363,0.15605828869026203,1902.23399806815
OPS,BAH,IC4,public,M,False,1,3800.952344736377,0.27501959709133844,1900.4761723681886
EDU,RUH,SVP,private,F,True,1,3794.4680324993024,0.0787430072320765,1897.2340162496512
FIN,JED,IC3,public,M,True,3,3794.3729473656936,0.3132783285296218,1897.1864736828468
EDU,MAK,IC4,private,M,False,1,3793.5855202407147,0.6066106874031724,1896.7927601203573
SALES,RUH,M4,mnc,M,True,2,3791.824715066079,0.11417293909244716,1895.9123575330395
SUPPLY,JED,IC3,private,M,True,1,3790.297095633996,0.9061973049638495,1895.148547816998
ENG_CIVIL,JED,IC3,mnc,M,False,2,3789.2674405235543,0.34102336865258975,1894.6337202617772
EDU,ASR,D2,private,F,True,1,3788.937596781736,0.1468176999724392,1894.468798390868
PM,EST,M4,public,M,True,1,3788.48075468179,0.08161775582846138,1894.240377340895
SWE,EST,IC1,mnc,M,True,1,3788.367934360286,0.34124890864644053,1894.183967180143
SALES,RUH,M3,startup,M,True,1,3785.308488911938,0.16984500669058233,1892.654244455969
SWE,MAD,M2,mnc,M,False,1,3762.8008603110284,0.19603924849438414,1881.4004301555142
EDU,JED,M2,public,M,True,1,3753.6093168270363,0.3910926328386378,1876.8046584135182
SWE,EST,IC4,public,F,True,2,3752.904238875817,0.2561383976416943,1876.4521194379086
SALES,RUH,IC2,pif_backed,M,True,1,3752.8928993459795,0.43941588678904386,1876.4464496729897
EDU,JED,IC5,public,F,True,1,3751.529569809296,0.3725236848135158,1875.764784904648
FIN,JED,IC4,private,M,False,1,3745.540460819724,0.20268459959034527,1872.770230409862
CUSTOMER,RUH,M3,private,F,False,1,3744.6891284287067,0.3763990873628675,1872.3445642143533
FIN,RUH,M4,public,F,False,1,3743.7675476397926,0.14246487713124717,1871.8837738198963
HR,JED,IC2,private,F,True,1,3742.4739547114514,0.27153396935083535,1871.2369773557257
SWE,EST,IC3,semigov,F,False,1,3739.5977729723672,0.35611859195869794,1869.7988864861836
HEALTH,JAZ,M2,private,F,False,1,3739.068877107158,0.22745236010825282,1869.534438553579
ENG_CIVIL,JED,IC4,semigov,M,False,2,3729.592657649312,0.26421729220499257,1864.796328824656
ENG_CIVIL,RUH,M3,private,M,False,2,3723.9171032303784,0.20841162133834723,1861.9585516151892
HEALTH,MAD,IC2,pif_backed,M,True,1,3717.325333673619,0.7218612046033546,1858.6626668368094
SWE,EST,IC3,semigov,M,False,2,3716.6829342029287,0.31194881435281213,1858.3414671014643
MARKETING,RUH,IC3,private,F,True,3,3712.2757059807773,0.679986857976846,1856.1378529903886
HR,JED,IC6,public,M,True,1,3711.184696635286,0.14698954555262053,1855.592348317643
ENG_CIVIL,JAZ,IC5,public,M,False,1,3710.133786190033,0.5448979397711265,1855.0668930950164
DATA,RUH,M1,semigov,M,True,1,3706.954157400887,0.15482167335609623,1853.4770787004436
CUSTOMER,RUH,IC5,semigov,F,False,1,3705.3001973224273,0.2508532175545402,1852.6500986612136
ENG_ELEC,EST,IC4,mnc,M,False,1,3702.799775765112,0.39537565662977275,1851.399887882556
SALES,EST,IC3,mnc,M,True,1,3700.7730044346754,0.2315596857724829,1850.3865022173377
OPS,RUH,IC4,private,M,False,3,3698.2623450293527,0.3206419510631382,1849.1311725146763
SALES,RUH,IC4,semigov,M,True,2,3693.266090097215,0.12666150964235648,1846.6330450486075
OPS,TAB,IC2,private,M,False,1,3692.1012548815097,2.051167363823061,1846.0506274407549
OPS,TAB,IC2,semigov,M,True,1,3684.540263282619,0.767016519097164,1842.2701316413095
FIN,MAD,D1,private,M,False,1,3682.677009523508,0.18978703694567628,1841.338504761754
EDU,NOR,M3,public,M,True,1,3679.342128398308,0.18103622052768248,1839.671064199154
DATA,ASR,IC3,semigov,M,True,1,3678.0221842569026,0.3789392427707218,1839.0110921284513
MARKETING,HAI,IC4,private,F,False,1,3675.636863992502,0.4510210776238439,1837.818431996251
HEALTH,TAB,M2,public,M,False,1,3673.6521954440286,0.2926688199680558,1836.8260977220143
CUSTOMER,EST,IC3,pif_backed,F,False,1,3662.0008739967634,0.42920175454597015,1831.0004369983817
FIN,TAB,IC4,private,M,True,1,3661.599324054274,0.2590157402919851,1830.799662027137
HR,QAS,IC4,private,F,False,1,3655.3450520974948,0.5652391489117653,1827.6725260487474
SWE,JED,IC3,private,M,False,1,3651.87425837716,0.179466508999541,1825.93712918858
MARKETING,JED,IC5,public,F,False,1,3651.3030998195172,0.19509753799007534,1825.6515499097586
ENG_ELEC,JED,IC6,startup,M,False,1,3648.4708224542337,0.17275300088610823,1824.2354112271169
ENG_CIVIL,EST,M1,private,M,True,1,3646.8851576315974,0.21060490947408889,1823.4425788157987
OPS,JED,IC3,private,M,True,2,3638.12788871879,0.23576290217923324,1819.063944359395
SUPPLY,JED,IC3,private,F,True,1,3636.9494088114807,0.36359967776557345,1818.4747044057403
MARKETING,RUH,IC4,semigov,M,True,1,3626.7316170158665,0.2054761210249222,1813.3658085079333
CUSTOMER,EST,M4,private,F,True,1,3623.356636546814,0.11728339218116944,1811.678318273407
OPS,RUH,M2,semigov,M,True,1,3616.965974714931,0.16334004287953235,1808.4829873574654
FIN,EST,IC5,public,M,True,3,3613.472288617457,0.18308132645089556,1806.7361443087284
SUPPLY,EST,IC3,private,M,True,1,3612.455790133081,0.36248782478885955,1806.2278950665404
ENG_ELEC,RUH,M2,mnc,M,False,1,3609.203213048211,0.18635320815386006,1804.6016065241056
EDU,MAK,IC5,pif_backed,M,True,1,3608.874311519039,0.24826516602969234,1804.4371557595196
ENG_MECH,QAS,IC4,mnc,M,True,1,3607.264768143619,0.18543678895293322,1803.6323840718096
SALES,MAD,IC3,semigov,M,True,1,3603.7488814505305,0.21850953750546648,1801.8744407252652
SUPPLY,RUH,IC4,private,F,False,1,3600.7410326443005,0.29937369218448767,1800.3705163221503
DATA,ASR,IC3,private,F,True,1,3595.2664699307043,0.3701975925997585,1797.6332349653521
DESIGN,RUH,IC5,private,F,True,1,3592.7328534164317,0.41899127358286126,1796.3664267082158
ENG_ELEC,EST,IC4,public,M,False,1,3591.065694279503,0.2744565000351187,1795.5328471397515
FIN,NJR,M4,mnc,F,True,1,3587.4376662018694,0.09950184878900663,1793.7188331009347
HEALTH,RUH,IC5,semigov,F,True,1,3586.462233145565,0.2298869835834393,1793.2311165727824
ENG_CIVIL,JED,IC4,public,M,True,1,3583.7200372698026,0.22699989847990681,1791.8600186349013
ENG_MECH,RUH,D1,public,M,False,1,3581.4592155014107,0.08954028584968388,1790.7296077507053
SALES,EST,IC4,semigov,M,False,1,3577.6352360428773,0.24277472958481677,1788.8176180214386
FIN,RUH,M4,semigov,F,True,1,3563.530553728364,0.07008463881651422,1781.765276864182
HEALTH,JED,IC4,private,M,False,4,3562.7698036094325,0.16580809979984595,1781.3849018047163
DESIGN,MAK,IC4,public,M,True,1,3561.712701218479,0.3119690056493963,1780.8563506092396
ENG_MECH,RUH,IC4,private,M,True,2,3552.2887233925267,0.2970616920821252,1776.1443616962633
ENG_MECH,RUH,M1,semigov,M,True,1,3545.427994237658,0.4202372239288988,1772.713997118829
ENG_CIVIL,MAD,M3,pif_backed,M,False,1,3545.017198618276,0.2852668780301533,1772.508599309138
ENG_MECH,QAS,IC4,private,M,True,1,3532.5465081911425,0.18035002035470887,1766.2732540955712
HEALTH,MAD,M1,private,M,True,1,3530.813222510109,0.1818908907309098,1765.4066112550545
SUPPLY,EST,M4,public,M,False,1,3527.108819942154,0.13618590907147604,1763.554409971077
PM,RUH,IC4,private,F,False,2,3523.4718036508566,0.2206796572626723,1761.7359018254283
ENG_ELEC,RUH,IC4,public,M,True,2,3519.1480301546007,0.24005870796762427,1759.5740150773004
SWE,QAS,IC4,private,M,False,1,3516.171518158526,0.2640468170737835,1758.085759079263
SWE,JED,IC5,pif_backed,M,True,1,3515.462024395565,0.11730891752266667,1757.7310121977825
DESIGN,HAI,IC4,pif_backed,M,True,1,3511.5337313766504,0.1445621138255321,1755.7668656883252
HR,JED,M2,startup,F,False,1,3504.4454398215166,0.16323236507893296,1752.2227199107583
ENG_MECH,EST,IC3,public,M,False,3,3493.217587917707,0.43524285653501343,1746.6087939588535
MARKETING,RUH,IC4,pif_backed,F,True,1,3490.6828702440034,0.15785516660836077,1745.3414351220017
SALES,MAD,IC4,semigov,M,False,1,3488.7317567342907,0.2532060908211208,1744.3658783671453
SWE,QAS,IC4,mnc,M,True,2,3484.67063029203,0.12774561420192965,1742.335315146015
OPS,RUH,M2,semigov,M,False,1,3483.6725716491164,0.21567002181351433,1741.8362858245582
SALES,RUH,M1,private,M,False,3,3482.9059116812246,0.5951499059281702,1741.4529558406123
CUSTOMER,EST,IC3,mnc,M,False,1,3478.459362725286,0.3721200728657042,1739.229681362643
SWE,EST,IC3,private,F,True,3,3478.3686789595017,0.25469536732645376,1739.1843394797509
LEGAL,MAK,IC1,public,M,True,1,3478.0837065168607,0.7003750896625395,1739.0418532584304
SALES,QAS,IC3,public,M,False,1,3472.3381966409197,0.3599023835656011,1736.1690983204599
SWE,EST,IC5,private,M,True,3,3466.4741768980603,0.1053548287661298,1733.2370884490301
CUSTOMER,EST,M2,private,M,False,1,3465.9112407731454,0.6434882263839056,1732.9556203865727
DESIGN,EST,M4,semigov,F,False,1,3460.932897092236,0.1126258571036935,1730.466448546118
SUPPLY,EST,IC4,semigov,M,True,1,3451.825494631732,0.1473359106170337,1725.912747315866
OPS,HAI,IC6,public,M,True,1,3437.1167306936986,0.34614263277937946,1718.5583653468493
SALES,MAK,IC3,public,F,True,1,3435.1268654573105,0.32909724013605157,1717.5634327286552
PM,EST,IC3,private,M,True,1,3433.4740397949663,0.2728396388329961,1716.7370198974832
ENG_CIVIL,RUH,IC2,pif_backed,M,False,1,3433.427480228712,0.55904355376338,1716.713740114356
HEALTH,TAB,IC4,private,M,False,1,3425.692392667609,0.4547351112870463,1712.8461963338045
OPS,TAB,M2,semigov,M,False,1,3422.559965818982,0.25166936892347563,1711.279982909491
SUPPLY,MAK,IC1,private,M,False,1,3417.728558744192,1.8987380881912177,1708.864279372096
SWE,JED,IC2,semigov,M,False,1,3417.5558954623884,0.22122007237272778,1708.7779477311942
DESIGN,JED,IC3,private,M,False,1,3407.321564443222,0.21699533853957653,1703.660782221611
FIN,EST,IC3,public,M,False,1,3403.9266087741325,0.22207115229452154,1701.9633043870663
ENG_MECH,JED,IC4,semigov,M,False,2,3399.0646199076336,0.23979906362026118,1699.5323099538168
HEALTH,QAS,IC3,public,M,False,1,3397.6782160292355,0.9383648082713273,1698.8391080146178
FIN,NJR,IC5,semigov,F,True,1,3395.0904951685407,0.1473611552098502,1697.5452475842703
DATA,MAK,IC3,private,M,False,1,3394.7467927038797,0.295395985682788,1697.3733963519398
HEALTH,JED,IC1,public,F,False,1,3393.744835557088,0.968954807895288,1696.872417778544
DESIGN,RUH,M2,private,M,True,1,3391.9432460082207,0.11662530660241006,1695.9716230041104
FIN,BAH,IC4,mnc,M,True,1,3390.3386900439928,0.25162266975738223,1695.1693450219964
CUSTOMER,JED,M4,public,F,False,1,3389.712026570054,0.13580702172215747,1694.856013285027
MARKETING,JED,IC5,semigov,M,False,1,3386.283755263594,0.2245583484649012,1693.141877631797
ENG_CIVIL,JED,IC3,private,M,True,1,3374.803984698463,0.2598013527928892,1687.4019923492315
SWE,MAD,IC4,private,M,False,1,3371.670621216248,0.3001498778377704,1685.835310608124
SWE,RUH,IC4,private,M,True,2,3371.1928240313964,0.16217631714367586,1685.5964120156982
ENG_MECH,EST,IC3,semigov,F,True,1,3365.89908473785,0.2649994988586296,1682.949542368925
SALES,JED,M2,semigov,M,True,1,3361.40709763996,0.11062434789036056,1680.70354881998
EDU,TAB,IC3,public,F,False,1,3359.9387245842854,0.34687212930558087,1679.9693622921427
SALES,EST,IC3,semigov,M,True,3,3350.6863803624706,0.29908583597569155,1675.3431901812353
EDU,JED,M1,private,F,True,1,3347.900562722163,0.2301497229405981,1673.9502813610816
ENG_MECH,EST,IC4,startup,M,True,1,3347.6324189683073,0.19796878863673392,1673.8162094841537
EDU,ASR,M2,private,F,True,2,3347.5102440787905,0.2501670727720401,1673.7551220393952
HEALTH,JAZ,IC6,semigov,F,False,1,3347.095890895949,0.20503236140625686,1673.5479454479746
LEGAL,JED,IC2,public,M,True,1,3342.0565847025273,0.6671850308537962,1671.0282923512636
MARKETING,RUH,IC3,private,M,True,1,3339.8699687274257,0.3266395664646859,1669.9349843637128
FIN,HAI,IC3,public,F,True,1,3334.6524376741527,0.22601852377062273,1667.3262188370763
FIN,RUH,M3,pif_backed,M,False,1,3315.990639599142,0.1254471864189472,1657.995319799571
HEALTH,TAB,IC3,pif_backed,M,True,1,3312.029142510576,0.4964600763136629,1656.014571255288
HEALTH,NOR,IC6,private,F,True,1,3309.0529209764118,0.20708424050778396,1654.5264604882059
PM,RUH,IC3,private,F,True,1,3307.3794152821647,0.19338561505195231,1653.6897076410824
ENG_MECH,BAH,IC3,pif_backed,M,True,1,3302.9904195827166,0.5639456881988886,1651.4952097913583
HEALTH,QAS,IC3,semigov,M,True,1,3302.1260505668115,0.6423707381470026,1651.0630252834058
HR,EST,IC4,public,F,True,1,3300.96466204422,0.21061123608261587,1650.48233102211
FIN,MAK,IC4,private,F,False,1,3300.6691214628627,0.4899992312227846,1650.3345607314313
HR,MAK,IC4,semigov,F,False,1,3299.487683354083,0.7003913637578398,1649.7438416770415
FIN,EST,M1,semigov,F,True,1,3299.3001166798404,0.35578643504871427,1649.6500583399202
OPS,EST,IC6,private,F,True,1,3299.0646612030923,0.19262687703610865,1649.5323306015462
OPS,RUH,IC6,semigov,M,False,1,3297.210264224741,0.15078516995175095,1648.6051321123705
SWE,JED,IC2,semigov,M,True,3,3293.6307596724178,0.23591401719522134,1646.8153798362089
SALES,QAS,IC5,public,M,False,1,3292.618971485186,0.4207427257885445,1646.309485742593
LEGAL,MAK,M1,public,M,False,1,3292.615236085494,0.25187746263933053,1646.307618042747
SWE,QAS,D1,private,F,True,1,3288.177497842931,0.08056117082390006,1644.0887489214656
ENG_MECH,JED,M3,private,M,False,2,3283.72474409405,0.15590021657548261,1641.862372047025
OPS,MAD,IC4,semigov,M,True,1,3279.274405492306,0.3434744689099715,1639.637202746153
SALES,RUH,IC5,pif_backed,M,False,2,3277.6255446169534,0.26890642966021283,1638.8127723084767
FIN,RUH,IC2,public,M,True,1,3275.9046670328553,0.32675886539086574,1637.9523335164276
FIN,RUH,IC4,semigov,M,True,1,3271.183276443673,0.16711315938277718,1635.5916382218365
CUSTOMER,JED,IC2,semigov,F,True,1,3264.7274050719097,0.5893520386372663,1632.3637025359549
OPS,BAH,IC3,semigov,M,True,1,3264.1938195101593,0.17638141402106614,1632.0969097550797
HR,RUH,IC5,semigov,M,True,1,3259.2486908352985,0.2083224636061324,1629.6243454176492
HR,EST,IC5,private,M,False,1,3255.6028417333255,0.22744615426819742,1627.8014208666627
CUSTOMER,JAZ,IC4,private,F,False,1,3252.5035910293554,1.4816973974221708,1626.2517955146777
EDU,RUH,M1,private,F,True,6,3248.939396870724,0.3016182044455135,1624.469698435362
ENG_MECH,JED,M2,public,M,True,1,3245.308976586648,0.20246699082756808,1622.654488293324
SUPPLY,MAD,IC3,private,M,False,1,3243.88619138397,0.31464165010155115,1621.943095691985
OPS,JAZ,IC4,mnc,M,True,1,3242.546450375854,0.4227438059794549,1621.273225187927
PM,RUH,D2,private,M,True,1,3237.2449706583866,0.06940019510030081,1618.6224853291933
SUPPLY,NJR,IC4,public,M,False,1,3235.3440688765504,1.1367879822056437,1617.6720344382752
EDU,EST,M2,private,F,True,3,3233.459113754401,0.14453230368685502,1616.7295568772006
HR,RUH,IC4,private,F,True,1,3232.6095684193588,0.23152513983568243,1616.3047842096794
HEALTH,JED,IC5,private,F,False,1,3223.318887479063,0.33949863734526986,1611.6594437395315
FIN,RUH,M1,public,F,True,1,3219.7996540825025,0.264704306405462,1609.8998270412512
LEGAL,RUH,IC3,private,M,False,2,3208.6807790885314,0.282770325184417,1604.3403895442657
PM,EST,M1,public,M,False,1,3207.532275613288,0.14863607330445544,1603.766137806644
EDU,RUH,M2,private,M,False,1,3198.61159541318,0.16996307519152684,1599.30579770659
DATA,RUH,IC5,semigov,F,True,1,3190.018409664328,0.10887914210776953,1595.009204832164
ENG_MECH,TAB,M3,private,M,False,1,3188.6775629666663,0.23384070405465093,1594.3387814833332
ENG_MECH,MAK,IC4,private,F,False,1,3183.928042955029,0.2288646248774446,1591.9640214775145
OPS,JED,IC4,semigov,F,True,1,3183.042549134285,0.32443378236362447,1591.5212745671424
OPS,RUH,IC3,public,M,False,2,3182.0833490352106,0.4354194016399295,1591.0416745176053
CUSTOMER,TAB,M2,public,M,False,1,3178.4200723706326,0.2789125141605854,1589.2100361853163
ENG_ELEC,RUH,M2,private,M,True,2,3176.996932742135,0.13379639799875354,1588.4984663710675
SALES,EST,IC5,mnc,F,False,1,3172.340482602338,0.16687921401605163,1586.170241301169
ENG_ELEC,RUH,IC2,semigov,M,True,1,3172.025563904521,0.23754530240759963,1586.0127819522604
ENG_CIVIL,RUH,IC5,private,M,False,1,3171.757588917564,0.2674537075709489,1585.878794458782
ENG_CIVIL,RUH,IC4,public,M,False,1,3170.935886002474,0.4372582876672294,1585.467943001237
SWE,EST,IC4,startup,M,True,1,3167.0907883329564,0.13806324607740547,1583.5453941664782
FIN,MAD,IC4,semigov,F,True,2,3166.680496447647,0.1401404611208343,1583.3402482238234
MARKETING,QAS,IC4,private,M,False,1,3165.333940576189,0.2600756514824958,1582.6669702880945
EDU,RUH,M4,private,F,True,1,3164.3973136223685,0.1342351345458666,1582.1986568111843
ENG_CIVIL,RUH,M3,startup,M,False,1,3160.44948696802,0.20155837869142296,1580.22474348401
ENG_MECH,TAB,IC3,semigov,M,True,1,3149.524135127125,0.26269983928073803,1574.7620675635626
FIN,EST,IC3,private,M,False,1,3148.296044734294,0.32717931489339547,1574.148022367147
SWE,RUH,IC2,private,M,True,2,3140.7801498914205,0.22400091477151143,1570.3900749457102
EDU,RUH,IC4,semigov,F,True,3,3138.3840036885645,0.19267656110838616,1569.1920018442822
ENG_CIVIL,RUH,IC3,semigov,M,False,1,3122.9379896828823,0.29072762383240075,1561.4689948414411
MARKETING,RUH,M3,mnc,F,False,2,3122.499941485901,0.09015708761606123,1561.2499707429506
OPS,JAZ,IC4,private,M,True,3,3119.4065351940167,0.24663121341322236,1559.7032675970083
SALES,JED,IC5,mnc,M,True,1,3117.407600079414,0.3759459345478221,1558.703800039707
EDU,MAK,IC5,private,M,True,1,3113.2693376720417,0.30320291486627715,1556.6346688360209
MARKETING,EST,IC3,public,F,True,1,3111.121288127966,0.35925851841696455,1555.560644063983
HEALTH,ASR,IC3,private,M,True,1,3106.458831026637,0.2493815617382392,1553.2294155133186
SALES,RUH,IC1,mnc,M,True,1,3105.683363676915,0.30746904836022054,1552.8416818384576
SALES,ASR,IC1,private,M,False,1,3105.6628544376417,1.6578920461856026,1552.8314272188209
EDU,MAK,IC3,semigov,F,True,2,3094.5661797989396,0.2884935572208778,1547.2830898994698
CUSTOMER,TAB,IC2,semigov,F,False,1,3094.2169374980385,0.29224941063056264,1547.1084687490193
HEALTH,MAK,IC2,semigov,F,True,2,3093.635065392009,0.7109917907228465,1546.8175326960045
ENG_MECH,HAI,M1,public,M,False,1,3092.813513519026,0.25914702671135126,1546.406756759513
HEALTH,RUH,IC2,public,F,True,2,3090.517048112723,0.2839222974934107,1545.2585240563615
EDU,NJR,IC4,private,F,True,3,3089.4482000695984,0.2475793989771354,1544.7241000347992
ENG_MECH,JED,IC3,public,M,False,2,3089.427858110307,0.427504022014615,1544.7139290551536
HEALTH,RUH,M1,public,F,True,1,3087.7026389586754,0.2316470762212289,1543.8513194793377
HEALTH,JED,IC5,private,F,True,1,3080.7395671952,0.13946403290177165,1540.3697835976
HEALTH,EST,D2,private,F,False,1,3078.4009482608526,0.0675551776507258,1539.2004741304263
HEALTH,RUH,IC3,pif_backed,F,True,1,3071.3514493530984,0.20585175740509676,1535.6757246765492
HR,MAK,IC4,semigov,F,True,1,3070.4327963137357,0.6068001036184962,1535.2163981568679
CUSTOMER,JED,IC4,semigov,F,False,1,3062.97088652592,0.2593362255870614,1531.48544326296
OPS,RUH,IC2,semigov,M,True,1,3058.743937562387,0.3914155145532495,1529.3719687811936
SWE,RUH,M1,startup,M,False,1,3057.748229271363,0.23215463996526983,1528.8741146356815
SALES,RUH,M3,private,M,False,2,3051.7252401717487,0.1100304806805972,1525.8626200858744
OPS,RUH,IC4,pif_backed,M,False,1,3051.658052079343,0.18182673236356212,1525.8290260396716
SUPPLY,QAS,D1,private,F,False,1,3044.5826165958206,0.12043339087222422,1522.2913082979103
ENG_CIVIL,EST,IC5,private,M,False,2,3043.7086107321247,0.15135451524678312,1521.8543053660624
DESIGN,JED,IC3,private,M,True,2,3038.8459073873155,0.2102492973530835,1519.4229536936577
HEALTH,EST,M1,private,F,False,2,3035.393141437663,0.1533322999844309,1517.6965707188315
HEALTH,TAB,IC4,private,F,False,1,3034.356676431049,0.21889178151707564,1517.1783382155245
SALES,NJR,IC5,startup,M,True,1,3031.8771287301206,0.1784721137046544,1515.9385643650603
EDU,QAS,IC5,private,M,True,1,3028.19041981191,0.21291278576273318,1514.095209905955
HEALTH,RUH,IC4,private,F,False,10,3027.0925456752134,0.2875172391295971,1513.5462728376067
HEALTH,QAS,IC4,public,F,True,1,3016.4801416459313,0.3897246059312343,1508.2400708229657
EDU,MAK,IC3,public,F,True,2,3013.7231499305503,0.27154204116628267,1506.8615749652752
DATA,RUH,IC4,public,M,True,1,3008.4192721851723,0.15255590725331514,1504.2096360925862
SWE,JAZ,IC3,private,M,False,1,3003.1844141997244,0.2159956741808401,1501.5922070998622
SALES,MAD,M1,semigov,F,False,1,3001.3870997802787,0.5224355655589094,1500.6935498901394
DATA,RUH,IC1,startup,M,True,1,2999.9813071804556,0.7499953267951139,1499.9906535902278
MARKETING,EST,M2,semigov,F,True,1,2997.5894479895105,0.12903058193916356,1498.7947239947553
MARKETING,RUH,M3,mnc,M,True,1,2996.4536983134385,0.11536447105596558,1498.2268491567193
ENG_MECH,TAB,IC3,public,M,False,1,2993.3193655264276,0.2664337614267174,1496.6596827632138
FIN,QAS,IC3,public,F,False,1,2990.4825326118153,0.45377376163450783,1495.2412663059076
ENG_ELEC,QAS,IC3,mnc,M,True,1,2989.4316311531775,0.4516863086062114,1494.7158155765887
ENG_CIVIL,RUH,M2,semigov,M,True,1,2987.0429419298525,0.13755590307259885,1493.5214709649263
DESIGN,MAK,M1,private,M,True,1,2985.085748109286,0.2481153539601968,1492.542874054643
ENG_ELEC,EST,IC3,semigov,M,True,1,2980.679437997267,0.2728155873989089,1490.3397189986335
ENG_CIVIL,HAI,M1,mnc,F,False,1,2976.292271437027,0.2349859639231718,1488.1461357185135
PM,EST,IC2,public,F,True,1,2968.9109225971415,0.4168905299677516,1484.4554612985708
EDU,RUH,IC4,public,M,True,3,2967.0052948687094,0.40316764680079653,1483.5026474343547
ENG_ELEC,JED,M2,startup,F,False,1,2965.2117511105116,0.21385059734054568,1482.6058755552558
OPS,RUH,M1,private,F,False,1,2962.8711955638228,0.34045033731256874,1481.4355977819114
CUSTOMER,EST,IC5,public,F,True,1,2961.5976973318357,0.2586134877422941,1480.7988486659178
PM,EST,M4,private,M,True,1,2960.847947963841,0.07072140849989922,1480.4239739819204
OPS,BAH,IC3,mnc,F,False,1,2956.373035332964,0.5329150769858702,1478.186517666482
HEALTH,MAK,IC2,private,F,True,1,2955.0090035628045,0.7387522508907012,1477.5045017814023
LEGAL,EST,IC2,semigov,F,True,1,2947.1378350552422,0.2736475724366348,1473.5689175276211
HR,EST,M1,public,M,False,1,2946.182288221844,0.183366711243421,1473.091144110922
CUSTOMER,EST,M4,public,F,True,1,2942.5825532208382,0.184550646879431,1471.2912766104191
CUSTOMER,JED,M1,private,F,False,1,2941.4884785141967,0.2701907627294377,1470.7442392570983
ENG_CIVIL,RUH,IC5,private,M,True,1,2940.9960162250754,0.20924477660902588,1470.4980081125377
ENG_MECH,ASR,IC3,private,M,False,1,2936.3941590157356,0.3141133222455377,1468.1970795078678
EDU,JED,IC2,pif_backed,F,True,1,2936.170459538589,0.3207979341133489,1468.0852297692945
HEALTH,MAK,IC3,public,M,False,1,2932.463825629048,0.4785852023757456,1466.231912814524
MARKETING,EST,IC3,semigov,F,False,2,2929.416464848669,0.19235568314824047,1464.7082324243345
CUSTOMER,QAS,D1,private,M,False,1,2927.6858629822964,0.1794126340749175,1463.8429314911482
SALES,RUH,IC4,private,F,True,4,2926.712500570965,0.09278181786675344,1463.3562502854825
HR,RUH,IC3,semigov,M,False,1,2921.1872010580537,0.25222591302416447,1460.5936005290268
EDU,RUH,IC5,public,M,True,2,2920.573767949226,0.16756543567599202,1460.286883974613
FIN,JED,IC4,public,M,True,1,2918.2455158661087,0.23546391007182002,1459.1227579330543
CUSTOMER,QAS,M3,private,F,False,1,2918.1807585120114,0.36435950222835006,1459.0903792560057
SWE,RUH,IC3,public,M,True,2,2915.916582907501,0.25741034963890286,1457.9582914537505
EDU,RUH,M1,pif_backed,F,True,1,2915.205697158757,0.20321635662328835,1457.6028485793786
EDU,ASR,IC3,semigov,F,True,1,2910.8393411165925,0.28019499617048194,1455.4196705582963
CUSTOMER,NJR,M3,semigov,F,False,1,2908.8470986791135,0.49934631782327693,1454.4235493395568
OPS,EST,IC3,private,F,True,1,2906.752593745421,0.1996210923949648,1453.3762968727106
PM,JED,IC4,semigov,F,False,1,2906.2749153964833,0.17818658744856672,1453.1374576982416
EDU,MAD,IC4,public,F,True,1,2902.124764003547,0.2769916642649869,1451.0623820017736
SALES,JED,IC5,public,M,True,2,2901.839870228332,0.139337665386929,1450.919935114166
EDU,RUH,IC4,public,M,False,1,2900.57055478847,0.21189308625043976,1450.285277394235
SALES,EST,IC4,pif_backed,M,True,1,2897.9595983965683,0.1927498698618652,1448.9797991982841
EDU,HAI,M1,pif_backed,F,True,1,2894.93075560712,0.37306674067273726,1447.46537780356
DATA,JED,IC1,private,M,True,1,2893.532264576771,0.7233830661441928,1446.7661322883855
OPS,RUH,M3,private,F,True,1,2893.110102199462,0.13125472574792438,1446.555051099731
HEALTH,QAS,IC5,private,F,True,2,2888.4541586994865,0.2691018007794866,1444.2270793497432
DESIGN,JED,IC5,pif_backed,M,False,1,2884.7874771244606,0.09152317125372063,1442.3937385622303
OPS,RUH,IC3,private,F,True,2,2882.654639740297,0.20257567580451574,1441.3273198701486
ENG_ELEC,RUH,IC4,private,F,False,1,2882.3238453645517,0.2976555643940417,1441.1619226822759
MARKETING,RUH,M2,semigov,M,False,1,2873.0867697698377,0.12983860233032862,1436.5433848849189
ENG_ELEC,RUH,IC3,public,M,True,3,2871.2340956649514,0.3761155703252919,1435.6170478324757
MARKETING,ASR,IC3,semigov,F,False,1,2870.4388614705226,0.4124199692054906,1435.2194307352613
FIN,RUH,IC6,private,F,False,1,2868.7652454705185,0.19224994708977974,1434.3826227352592
SALES,RUH,IC3,mnc,F,False,1,2868.1279215683953,0.26348150489811173,1434.0639607841977
DATA,MAD,IC3,public,M,True,1,2860.675976682667,0.26643258209797444,1430.3379883413336
EDU,MAK,IC4,private,F,True,2,2860.219571578444,0.39850622427538906,1430.109785789222
ENG_ELEC,BAH,M2,semigov,M,True,1,2858.795469356166,0.13424247218019766,1429.397734678083
ENG_MECH,RUH,IC2,pif_backed,F,False,1,2857.2482798914843,0.27310962146410017,1428.6241399457422
CUSTOMER,QAS,IC2,private,F,True,1,2856.281189221477,0.2767953039769395,1428.1405946107384
FIN,RUH,IC3,private,F,True,2,2846.0811099718353,0.41186440306227357,1423.0405549859177
EDU,EST,IC4,private,M,True,1,2844.0696807569593,0.39365975297998385,1422.0348403784797
FIN,RUH,IC4,semigov,F,True,2,2843.571969927143,0.2261218785215694,1421.7859849635715
EDU,JED,IC3,semigov,M,True,1,2842.5261874534017,0.5809004921930966,1421.2630937267008
LEGAL,RUH,IC6,public,M,True,1,2842.112835668191,0.128974666499738,1421.0564178340956
EDU,RUH,M5,semigov,F,True,1,2836.706624127568,0.11694860878304256,1418.353312063784
ENG_CIVIL,NJR,M1,public,M,True,1,2835.4742020643916,0.21622954185796603,1417.7371010321958
ENG_CIVIL,RUH,IC4,mnc,M,True,1,2835.379588769394,0.16999921989314531,1417.689794384697
CUSTOMER,RUH,IC4,mnc,F,False,1,2834.8166978413137,0.22537861267841153,1417.4083489206569
EDU,EST,M1,private,F,True,4,2832.056388241249,0.2778081510726321,1416.0281941206244
SWE,RUH,D2,private,F,True,1,2831.0401186328236,0.0417718219432021,1415.5200593164118
DATA,RUH,IC5,pif_backed,M,True,1,2829.522115867643,0.09854536119031011,1414.7610579338216
PM,QAS,IC4,public,M,True,1,2824.9459912949314,0.2509887360583026,1412.4729956474657
EDU,NOR,M1,public,M,True,1,2819.3178113716376,0.5492972965640422,1409.6589056858188
HEALTH,JED,IC2,public,M,False,1,2816.7282770134434,0.30176979043494,1408.3641385067217
SALES,MAK,IC6,semigov,M,False,1,2815.4139015963356,0.25529710324332316,1407.7069507981678
EDU,TAB,IC4,pif_backed,F,False,1,2815.3907004427692,0.43014849147198375,1407.6953502213846
OPS,MAK,IC1,mnc,M,False,1,2810.6565186131174,1.5614758436739542,1405.3282593065587
OPS,MAK,M1,private,M,False,2,2810.521477969557,0.33665509423615725,1405.2607389847785
ENG_MECH,RUH,IC2,semigov,M,False,1,2801.1514852062737,0.5091540039781797,1400.5757426031369
ENG_MECH,JED,IC4,semigov,M,True,1,2799.250739809815,0.1813970756025495,1399.6253699049075
SUPPLY,ASR,IC4,pif_backed,F,False,1,2796.4204251154943,0.5202429714719573,1398.2102125577471
FIN,QAS,IC4,private,M,True,1,2788.975532989931,0.1500916235863834,1394.4877664949654
SUPPLY,JAZ,IC3,private,M,True,1,2781.392933129873,0.24571303545063758,1390.6964665649366
SALES,RUH,IC4,semigov,F,False,1,2780.146503987713,0.1807409536110343,1390.0732519938565
HEALTH,RUH,IC3,mnc,F,False,3,2773.7789679674247,0.2122311206992712,1386.8894839837124
PM,TAB,IC3,mnc,M,True,1,2765.544497595829,0.17759303802798346,1382.7722487979145
OPS,QAS,IC3,private,M,True,1,2760.2613326289165,0.5383239296713056,1380.1306663144583
PM,EST,IC2,private,M,True,2,2757.3732066824896,0.17958776804827037,1378.6866033412448
SWE,MAD,IC2,semigov,M,False,1,2755.4660960414685,0.4409077316280534,1377.7330480207343
CUSTOMER,EST,IC5,public,M,True,1,2753.3732570064276,0.4964852701098733,1376.6866285032138
SWE,MAD,IC2,private,M,False,1,2750.5549238830663,0.44825929972931683,1375.2774619415331
FIN,JAZ,IC3,semigov,F,True,1,2745.958948399797,0.294417872525641,1372.9794741998985
OPS,JED,IC3,private,M,False,5,2744.8745898618436,0.43978564598202174,1372.4372949309218
HEALTH,MAK,IC3,mnc,F,False,1,2742.0942755042825,0.4828642401320492,1371.0471377521412
ENG_CIVIL,QAS,IC4,public,M,False,1,2739.4060415913655,0.5050005975768294,1369.7030207956827
MARKETING,ASR,M4,public,F,False,1,2735.441172243023,0.1980322441682592,1367.7205861215116
HEALTH,JAZ,IC3,pif_backed,M,True,1,2732.89580853758,0.227479147660453,1366.44790426879
HEALTH,RUH,IC5,private,F,True,3,2728.817692971805,0.12146154470935733,1364.4088464859026
DESIGN,RUH,M3,private,M,True,1,2724.834577285874,0.07049811369968552,1362.417288642937
CUSTOMER,NJR,IC5,private,F,False,1,2722.898316449293,0.19498842532189278,1361.4491582246465
HR,RUH,IC1,public,F,True,2,2721.3870774783445,0.28754163404737354,1360.6935387391723
HR,JED,M1,public,F,True,2,2716.9614764478083,0.26481885534841315,1358.4807382239042
FIN,QAS,IC4,mnc,M,True,1,2707.3669622825582,0.12391767353251874,1353.6834811412791
ENG_ELEC,RUH,IC5,private,M,False,1,2705.7057957352863,0.207725032723343,1352.8528978676432
OPS,NJR,M1,public,M,False,1,2703.9932548974502,0.19953990991882972,1351.9966274487251
SALES,RUH,IC5,semigov,F,True,2,2700.7931928410944,0.10776859868379537,1350.3965964205472
OPS,EST,M1,private,F,False,1,2699.7942835282593,0.17867670444278794,1349.8971417641296
HR,EST,M2,private,M,False,1,2698.809655224384,0.18489113365813514,1349.404827612192
SALES,QAS,IC2,mnc,M,True,1,2697.3118299210337,0.3417836114787793,1348.6559149605168
HEALTH,JED,IC3,private,F,True,2,2690.8274832506877,0.18404648521681222,1345.4137416253438
EDU,JED,IC6,public,F,True,2,2690.0812015953943,0.12625360291812457,1345.0406007976972
FIN,HAI,IC4,public,F,False,1,2688.497801155364,0.7910929659773438,1344.248900577682
HR,RUH,M1,private,M,True,1,2686.888190097772,0.1340806728214488,1343.444095048886
SUPPLY,EST,IC4,private,F,False,2,2681.9584985763636,0.3848257948510133,1340.9792492881818
HEALTH,JED,M4,private,F,False,1,2681.1801751364437,0.1097888181455267,1340.5900875682219
CUSTOMER,RUH,M2,semigov,M,False,1,2680.0186679601684,0.41334328660532904,1340.0093339800842
HEALTH,MAK,IC2,semigov,F,False,1,2674.9131807984195,0.26132815487526373,1337.4565903992097
SALES,EST,M2,private,M,False,1,2672.8979955207797,0.08641812759788138,1336.4489977603898
CUSTOMER,JED,IC4,startup,F,False,1,2670.034461709519,0.261316161237773,1335.0172308547594
DESIGN,RUH,IC5,private,F,False,1,2668.800794185099,0.10424933874209036,1334.4003970925496
DATA,JED,IC4,semigov,M,False,1,2668.267600840827,0.13292236482637274,1334.1338004204135
EDU,QAS,IC4,semigov,M,True,1,2667.2669177626285,0.22584606898349197,1333.6334588813143
CUSTOMER,EST,IC3,semigov,F,True,1,2667.006576592801,0.41421700080805524,1333.5032882964006
PM,RUH,IC1,private,M,True,1,2664.681960657339,0.4275983851472204,1332.3409803286695
ENG_MECH,EST,IC4,semigov,M,True,1,2664.1955470925423,0.16340447287479637,1332.0977735462711
EDU,EST,VP,semigov,F,False,1,2661.03614125499,0.057529062835000415,1330.518070627495
SALES,ASR,IC4,private,M,True,1,2659.9770089833837,0.15691404097753475,1329.9885044916919
ENG_ELEC,NJR,IC3,semigov,M,True,1,2656.6720080362347,0.36118366601629737,1328.3360040181174
SWE,JAZ,IC3,mnc,M,False,1,2656.5643088508023,0.2583967735326796,1328.2821544254011
SWE,MAK,IC3,private,M,False,2,2654.399497359852,0.229765094223383,1327.199748679926
HEALTH,EST,IC2,private,F,False,1,2652.598801612515,0.7079373573135719,1326.2994008062576
SALES,EST,IC4,startup,M,False,1,2648.2464284125654,0.3109887451353891,1324.1232142062827
HEALTH,JED,IC1,semigov,F,False,1,2640.885684824766,0.6825845991353638,1320.442842412383
DESIGN,EST,IC3,private,M,False,2,2638.7180866043905,0.49618695872620344,1319.3590433021952
HEALTH,JED,IC4,mnc,M,False,3,2634.0946483158846,0.14163112752642557,1317.0473241579423
OPS,MAD,IC5,private,M,True,1,2633.7682149603497,0.3162762358807399,1316.8841074801749
OPS,RUH,IC3,semigov,M,False,2,2629.2025575108237,0.30597486175509736,1314.6012787554118
CUSTOMER,RUH,IC5,private,M,False,1,2628.947137946241,0.41864348787617217,1314.4735689731206
HR,QAS,M3,public,F,True,1,2623.130377273712,0.11251276063225821,1311.565188636856
EDU,RUH,M2,private,F,True,2,2623.024694219317,0.20253335640090042,1311.5123471096585
HEALTH,HAI,IC4,public,F,False,1,2618.0027217519146,0.2610081125535913,1309.0013608759573
DATA,EST,M1,private,M,True,3,2615.1732301764714,0.09346771395608762,1307.5866150882357
ENG_CIVIL,EST,M3,semigov,M,True,1,2614.299662706213,0.09042737299527655,1307.1498313531065
HR,EST,IC2,mnc,F,True,1,2613.998102403013,0.2024511086725667,1306.9990512015065
HR,JED,M2,public,F,True,2,2613.7777146638155,0.21669065442732643,1306.8888573319077
SALES,RUH,IC5,mnc,F,False,1,2612.314497510868,0.21105570064649176,1306.157248755434
HEALTH,RUH,M1,pif_backed,M,True,1,2612.007878045799,0.14636852918260254,1306.0039390228994
EDU,JED,IC3,public,M,True,1,2611.1966538213064,0.24513329739266781,1305.5983269106532
SWE,EST,M2,mnc,F,False,1,2610.8734514429307,0.07779516596092206,1305.4367257214653
ENG_ELEC,RUH,IC2,public,M,False,1,2607.400607853413,0.4619512373241441,1303.7003039267065
OPS,MAD,IC1,public,M,False,1,2606.0118804141894,1.2008551931977298,1303.0059402070947
SUPPLY,EST,M2,pif_backed,F,False,1,2602.7416154129824,0.12967711604005505,1301.3708077064912
ENG_ELEC,BAH,IC4,semigov,M,True,1,2601.331072686984,0.3602747036092111,1300.665536343492
ENG_ELEC,JED,IC3,private,M,True,3,2590.8927631841143,0.22017345733204105,1295.4463815920572
DATA,RUH,M3,private,M,True,1,2577.9557112523034,0.0579262650073803,1288.9778556261517
ENG_MECH,RUH,M3,mnc,M,True,1,2577.8962767355915,0.05696703682887217,1288.9481383677958
EDU,RUH,IC4,public,F,True,1,2575.0645798903824,0.21220529584305461,1287.5322899451912
SALES,MAD,M2,public,M,False,1,2572.8403042827504,0.2758773351879364,1286.4201521413752
OPS,EST,IC4,mnc,M,False,1,2567.3438268365426,0.14861416182803602,1283.6719134182713
OPS,RUH,IC3,public,F,False,2,2564.139186988867,0.45397759295682905,1282.0695934944335
HEALTH,NJR,IC3,public,F,False,1,2563.7255914772786,0.3072850891422639,1281.8627957386393
CUSTOMER,JED,IC4,private,F,True,1,2560.9882199411677,0.5643752660886626,1280.4941099705838
ENG_MECH,NJR,IC6,mnc,M,False,1,2557.2730331324565,0.1769207748767814,1278.6365165662282
CUSTOMER,RUH,IC4,startup,F,False,1,2557.184164022529,0.6688771321761212,1278.5920820112644
OPS,RUH,IC5,pif_backed,M,True,1,2555.2217854774317,0.1568139271499859,1277.6108927387158
HEALTH,EST,IC5,semigov,M,True,1,2554.434568190056,0.09816853323692584,1277.217284095028
HR,QAS,IC6,pif_backed,M,True,1,2551.427283134595,0.09165942901659886,1275.7136415672976
FIN,ASR,IC2,private,F,False,1,2548.179180271394,0.3058084127728913,1274.089590135697
EDU,EST,M2,public,F,True,1,2547.6913175307163,0.13337580713294783,1273.8456587653582
EDU,RUH,IC4,mnc,M,False,1,2542.0389339559697,0.20023780308591266,1271.0194669779848
EDU,JED,IC4,public,F,True,1,2540.861733016449,0.40045607084351714,1270.4308665082244
HEALTH,NJR,IC3,private,M,False,1,2540.7808840565676,0.25326965167750215,1270.3904420282838
DESIGN,NJR,IC4,private,F,False,1,2540.1055551152003,0.24254960173054815,1270.0527775576002
OPS,EST,IC3,public,M,False,2,2537.1426504334845,0.29213062676543117,1268.5713252167423
HEALTH,RUH,M2,startup,F,False,1,2535.620642439433,0.12014187212639493,1267.8103212197166
SALES,RUH,IC3,semigov,M,False,1,2534.447184509395,0.4837792997526928,1267.2235922546975
DATA,TAB,IC3,private,M,False,1,2534.3492462503245,0.31639618307630096,1267.1746231251623
DATA,NJR,M1,public,M,True,1,2533.9683620369833,0.12013581879636931,1266.9841810184917
LEGAL,EST,IC4,public,M,True,1,2531.482858729234,0.17287558328263244,1265.741429364617
LEGAL,NOR,IC6,mnc,M,True,1,2529.6141798022363,0.09652558603600674,1264.8070899011182
SALES,RUH,IC1,semigov,M,True,1,2528.0854946514137,0.29910773485036407,1264.0427473257068
SUPPLY,RUH,M1,public,M,False,1,2526.2955428418263,0.26617464986659384,1263.1477714209132
MARKETING,MAK,IC3,private,M,True,1,2525.5190747706283,0.6313797686926571,1262.7595373853142
ENG_CIVIL,MAD,IC4,startup,M,False,1,2525.2973408152584,0.39117327955376774,1262.6486704076292
OPS,EST,IC1,pif_backed,M,True,1,2516.0593053903103,0.6290148263475775,1258.0296526951552
HEALTH,EST,IC3,public,M,True,1,2516.0320452469823,0.2996392757357184,1258.0160226234912
PM,JED,IC5,pif_backed,M,True,1,2513.985924346787,0.10554845933010307,1256.9929621733936
OPS,EST,IC2,private,F,False,1,2510.465390926338,0.37963727784392964,1255.232695463169
SALES,EST,IC4,semigov,F,True,1,2507.526100564366,0.14283779722566406,1253.763050282183
OPS,RUH,IC4,mnc,M,False,1,2504.185277943665,0.2187602069283207,1252.0926389718325
HEALTH,QAS,IC4,private,F,False,2,2503.4154969659207,0.4257692884342215,1251.7077484829604
SWE,EST,IC1,public,M,True,1,2502.667593431348,0.44473130315428844,1251.333796715674
MARKETING,EST,IC5,public,M,True,1,2497.106879056635,0.09960355250987159,1248.5534395283175
PM,RUH,IC5,mnc,F,False,1,2496.8082985875917,0.11344987709429658,1248.4041492937959
SALES,RUH,IC4,pif_backed,M,False,1,2494.496339121275,0.18622690369574718,1247.2481695606375
LEGAL,EST,IC4,private,F,True,1,2492.2280395649395,0.08626874198885046,1246.1140197824698
ENG_CIVIL,EST,M4,public,M,False,1,2491.716774891571,0.11206685083751926,1245.8583874457854
SUPPLY,RUH,IC4,public,M,False,1,2490.8894944446,0.24587001915369977,1245.4447472223
HR,EST,IC3,public,F,True,1,2489.587243117964,0.25077685652157783,1244.793621558982
EDU,ASR,IC1,private,F,False,1,2488.860819663543,1.382700455368635,1244.4304098317716
ENG_MECH,QAS,IC4,private,M,False,1,2487.8100512241217,0.1923942814958809,1243.9050256120609
HEALTH,RUH,IC2,startup,F,True,1,2486.5715213036856,0.49796065719377464,1243.2857606518428
EDU,MAK,IC3,private,F,True,4,2483.5401959347973,0.24479767138254943,1241.7700979673987
HEALTH,EST,M4,mnc,M,False,1,2482.8268658896814,0.0758111832770694,1241.4134329448407
EDU,MAD,IC6,public,F,True,1,2478.967988019025,0.1824408522665588,1239.4839940095126
CUSTOMER,JED,IC3,mnc,F,True,1,2478.545217441355,0.1642646675658823,1239.2726087206775
ENG_MECH,RUH,IC3,private,M,False,3,2476.4760129976285,0.22239717849562488,1238.2380064988142
EDU,RUH,M2,public,F,True,1,2474.0781784221454,0.19958729961609664,1237.0390892110727
OPS,EST,IC6,public,M,True,1,2459.281049396912,0.09895770491830432,1229.640524698456
SUPPLY,RUH,D1,mnc,M,True,1,2454.4767832305806,0.0897208368235263,1227.2383916152903
SUPPLY,MAD,IC5,public,M,True,1,2448.6563546311036,0.3864897973257756,1224.3281773155518
SALES,RUH,IC5,public,F,True,1,2444.9700497667436,0.285148652293608,1222.4850248833718
ENG_MECH,JAZ,IC3,startup,M,False,1,2444.4756465290056,0.5790675241694713,1222.2378232645028
HEALTH,RUH,M3,private,F,False,2,2441.435884635943,0.10582630298103271,1220.7179423179714
SUPPLY,RUH,M1,semigov,M,False,1,2419.4601440236784,0.2119178857458396,1209.7300720118392
FIN,EST,IC3,pif_backed,M,False,2,2415.2843827544325,0.20817112062562532,1207.6421913772162
OPS,EST,IC2,private,M,True,1,2410.824029302972,0.29413206155177546,1205.412014651486
HEALTH,RUH,IC3,public,M,True,3,2406.762099460009,0.2153845055703886,1203.3810497300044
SUPPLY,MAK,IC2,public,F,False,1,2401.6453969743175,1.0415264375032276,1200.8226984871587
SWE,MAK,IC3,pif_backed,M,False,1,2397.497088007911,0.1479325567409453,1198.7485440039554
SWE,JED,IC2,private,M,False,1,2396.2929886393504,0.1723489300093824,1198.1464943196752
LEGAL,EST,IC4,public,F,True,3,2393.890852291281,0.10754402992118534,1196.9454261456406
MARKETING,ASR,M3,private,M,True,1,2388.0925483406972,0.09862404749054053,1194.0462741703486
PM,ASR,IC3,public,F,True,1,2386.498942380649,0.4417928936161961,1193.2494711903246
FIN,RUH,IC3,public,M,False,1,2385.1558113734827,0.20176337378545817,1192.5779056867414
LEGAL,HAI,IC5,private,F,True,1,2380.0421019366513,0.10132115777965214,1190.0210509683257
HR,MAD,IC4,semigov,M,True,1,2379.4341323807694,0.16630351685452036,1189.7170661903847
ENG_CIVIL,RUH,IC2,private,M,True,2,2377.3140841734257,0.33735222596489967,1188.6570420867129
EDU,QAS,IC4,private,M,True,1,2374.137611777189,0.19562591405130547,1187.0688058885944
LEGAL,EST,IC3,private,M,True,1,2374.0515334630472,0.14393425084655312,1187.0257667315236
DATA,RUH,IC1,private,M,True,2,2372.9935090215135,0.414666628072663,1186.4967545107568
HEALTH,EST,IC4,semigov,F,True,1,2368.5437610889694,0.15961311876917003,1184.2718805444847
HEALTH,JED,M2,private,F,True,1,2368.404906800948,0.13614315734900484,1184.202453400474
SALES,EST,IC3,public,F,False,1,2368.283815821216,0.29436129710039355,1184.141907910608
SUPPLY,RUH,IC6,private,F,False,1,2368.0113720851623,0.12262614286110908,1184.0056860425811
DESIGN,RUH,IC2,public,F,False,1,2367.6819378961363,0.2962227696666341,1183.8409689480682
CUSTOMER,JED,IC3,pif_backed,F,True,1,2361.88432324122,0.13602911022936137,1180.94216162061
OPS,HAI,IC5,public,M,False,2,2361.0734826969874,0.31567162163993157,1180.5367413484937
ENG_MECH,RUH,IC3,startup,M,False,2,2359.348527151415,0.36091741273473177,1179.6742635757075
OPS,JED,IC2,private,M,False,2,2358.4401283162256,0.3204534377482878,1179.2200641581128
DATA,QAS,IC4,private,M,False,1,2355.98960901397,0.13153531923215472,1177.994804506985
SUPPLY,RUH,IC5,public,F,False,1,2348.2223351555986,0.2186019675251907,1174.1111675777993
HEALTH,EST,IC2,mnc,M,False,1,2347.165848734561,0.2400141778059899,1173.5829243672806
ENG_MECH,JED,IC3,public,M,True,1,2343.269007475131,0.5858172518687828,1171.6345037375654
EDU,RUH,IC3,semigov,F,True,3,2342.4719720091057,0.17747046198091207,1171.2359860045528
PM,BAH,IC4,semigov,M,True,1,2330.73137571762,0.18166587364525005,1165.36568785881
EDU,JED,IC4,semigov,F,True,1,2328.411763334241,0.18409880778630613,1164.2058816671206
HEALTH,RUH,IC3,semigov,F,False,3,2327.938721640377,0.24861799638067425,1163.9693608201885
PM,MAK,M1,private,M,True,1,2314.8739934944315,0.090638793302718,1157.4369967472157
ENG_ELEC,RUH,IC4,private,M,True,2,2314.285964165966,0.17493062268939952,1157.142982082983
SWE,RUH,M2,private,F,False,1,2313.7208167641475,0.07499727937601955,1156.8604083820737
PM,RUH,IC4,pif_backed,F,False,1,2312.138520222794,0.1289284590416145,1156.069260111397
ENG_ELEC,MAK,IC4,private,M,False,1,2311.9285290216612,0.2801964015733249,1155.9642645108306
HEALTH,MAD,IC4,private,M,False,1,2307.2509222272547,0.21829907242230315,1153.6254611136274
ENG_MECH,JAZ,IC3,public,M,True,1,2303.9692210472786,0.25307719408416235,1151.9846105236393
CUSTOMER,RUH,IC3,mnc,M,False,1,2299.371642177397,0.18971259286513745,1149.6858210886985
ENG_ELEC,MAD,IC1,public,M,True,1,2299.331563745376,0.3218616801508117,1149.665781872688
HR,TAB,IC1,public,F,True,1,2298.4979780788635,0.5746244945197159,1149.2489890394318
SUPPLY,RUH,IC3,public,M,False,1,2293.03862434408,0.6288758654354693,1146.51931217204
SALES,ASR,IC4,private,M,False,2,2292.3603846609362,0.4904701483388581,1146.1801923304681
ENG_ELEC,EST,M3,private,M,False,1,2292.1321113479316,0.09579332366322027,1146.0660556739658
SUPPLY,RUH,IC3,mnc,M,False,2,2292.005228386178,0.35845363647722917,1146.002614193089
ENG_MECH,MAK,IC2,pif_backed,M,False,1,2291.1616712591394,0.33586373942846204,1145.5808356295697
ENG_MECH,RUH,IC3,semigov,M,False,2,2290.9834680879653,0.21025570207356722,1145.4917340439827
EDU,EST,IC2,public,M,True,1,2281.6876679737397,0.3272578674515629,1140.8438339868699
SALES,MAK,IC4,private,F,False,1,2281.008519146387,0.40828460591041876,1140.5042595731934
OPS,MAD,IC4,startup,M,False,1,2278.542009216484,0.18079935959377302,1139.271004608242
EDU,QAS,IC4,semigov,F,True,1,2277.239559962244,0.35542327285305164,1138.619779981122
OPS,ASR,IC2,semigov,F,True,1,2275.0268034495202,0.48782108508346905,1137.5134017247601
SWE,RUH,IC1,public,F,False,1,2274.9837204333307,0.8274954970949538,1137.4918602166654
ENG_ELEC,MAD,IC4,pif_backed,M,True,1,2272.600458401488,0.14299667887363793,1136.300229200744
OPS,EST,IC4,public,M,True,1,2270.215671457365,0.1136385701449963,1135.1078357286824
MARKETING,RUH,IC4,private,F,True,2,2269.695576166147,0.2679496965451986,1134.8477880830735
CUSTOMER,JED,IC3,semigov,F,True,1,2267.3648335438274,0.32241418131689725,1133.6824167719137
HEALTH,EST,IC3,public,F,False,3,2266.9136650554524,0.3595747520357673,1133.4568325277262
SUPPLY,EST,IC4,private,M,False,1,2265.3283831241624,0.24820321260143494,1132.6641915620812
SALES,JED,M5,private,M,True,1,2264.8638511301106,0.04508245910496704,1132.4319255650553
EDU,JED,IC4,private,F,True,2,2264.701199522097,0.44296590971777305,1132.3505997610484
ENG_ELEC,RUH,M2,semigov,M,False,1,2261.558939993658,0.11667865014309893,1130.779469996829
DESIGN,TAB,IC5,semigov,M,False,1,2261.351853562952,0.22522706981081797,1130.675926781476
ENG_CIVIL,RUH,IC4,pif_backed,M,True,1,2256.8551322335916,0.0870443380805276,1128.4275661167958
MARKETING,MAK,IC3,private,F,False,1,2256.841084201498,0.9932667371735447,1128.420542100749
LEGAL,JED,IC3,public,M,True,2,2256.603875188149,0.24380893550798,1128.3019375940744
DESIGN,RUH,IC3,private,F,True,1,2255.618877972707,0.18611116063320726,1127.8094389863536
SUPPLY,EST,IC4,semigov,F,False,1,2254.8969377380117,0.3027471278306488,1127.4484688690059
PM,HAI,IC2,pif_backed,M,False,1,2252.1685218899383,0.1959376875941173,1126.0842609449692
SWE,RUH,IC1,startup,M,True,1,2243.872959051333,0.22619345060824012,1121.9364795256665
EDU,RUH,IC4,mnc,F,True,5,2238.9050845168445,0.12898278614641998,1119.4525422584222
SWE,TAB,IC6,private,M,False,1,2237.84643614342,0.07934241388181282,1118.92321807171
SALES,RUH,IC6,public,M,True,1,2237.0624823333746,0.10806579619047911,1118.5312411666873
CUSTOMER,ASR,IC3,private,M,True,1,2234.7345411775814,0.30907652470659575,1117.3672705887907
DESIGN,EST,IC2,private,M,False,2,2231.078223611083,0.4650454469462948,1115.5391118055416
MARKETING,NJR,IC3,pif_backed,F,False,1,2230.2524477904026,0.34122954924401006,1115.1262238952013
HR,ASR,IC5,mnc,F,False,1,2225.585132832228,0.26416158555365316,1112.792566416114
CUSTOMER,EST,IC5,pif_backed,F,False,1,2223.1749092325917,0.16739627851047795,1111.5874546162959
HR,ASR,IC2,public,F,True,1,2222.9911695204783,0.5557477923801195,1111.4955847602391
FIN,RUH,IC1,private,M,False,1,2222.6308503891596,0.2568903648829481,1111.3154251945798
ENG_ELEC,RUH,IC3,public,M,False,3,2216.4153228558594,0.2869677606541463,1108.2076614279297
ENG_MECH,TAB,IC4,private,M,True,1,2213.9244362458576,0.18292708497689847,1106.9622181229288
HEALTH,TAB,IC3,mnc,M,True,1,2213.590831946055,0.28102059953840813,1106.7954159730275
SUPPLY,HAI,IC4,private,F,True,1,2213.1704066346747,0.22869945920665838,1106.5852033173373
DATA,RUH,IC3,pif_backed,M,False,1,2212.9104411527805,0.13740338940956254,1106.4552205763903
SWE,RUH,IC1,pif_backed,M,False,1,2208.4028105108,0.48200090151575603,1104.2014052554
EDU,NOR,M2,private,F,False,1,2206.7799057356933,0.19123356702514133,1103.3899528678467
ENG_MECH,JED,M3,semigov,M,True,1,2206.278499437267,0.08364022182852761,1103.1392497186334
EDU,NJR,IC3,public,M,True,1,2201.0505850022773,0.420826028476759,1100.5252925011387
CUSTOMER,EST,IC4,private,M,False,3,2200.2368715829884,0.20187420803411885,1100.1184357914942
ENG_MECH,HAI,IC4,public,M,False,1,2194.8101809479685,0.17471640406109223,1097.4050904739843
DESIGN,RUH,M2,public,M,False,1,2192.309128520177,0.10244277207501833,1096.1545642600886
FIN,RUH,IC3,private,M,True,2,2189.032666336985,0.11983266089739888,1094.5163331684926
HR,RUH,IC4,mnc,M,False,2,2187.3491508365414,0.1365321065421776,1093.6745754182707
FIN,RUH,IC3,public,M,True,4,2184.758793719219,0.2540079009026666,1092.3793968596094
SWE,QAS,IC5,public,M,False,1,2184.614864977533,0.17183993689786686,1092.3074324887666
MARKETING,RUH,IC3,semigov,M,True,1,2183.7546257617614,0.1499738770104706,1091.8773128808807
DESIGN,JED,IC4,private,F,True,3,2183.5698252333095,0.11128725522148576,1091.7849126166548
EDU,JED,M3,semigov,F,False,1,2178.867077452207,0.1021195709615998,1089.4335387261035
PM,JED,IC5,mnc,M,False,1,2176.7197690790053,0.09378835095573479,1088.3598845395027
PM,JAZ,IC4,semigov,M,True,1,2175.631631629736,0.30500934131918356,1087.815815814868
OPS,EST,IC3,public,M,True,1,2171.17682057377,0.34035359099034196,1085.588410286885
SALES,RUH,IC4,public,F,False,1,2169.852149693579,0.20422349310850083,1084.9260748467896
OPS,JED,IC4,pif_backed,M,True,1,2169.51959274782,0.14603118441009655,1084.75979637391
SALES,MAK,IC1,private,M,False,1,2166.108998605832,1.203393888114351,1083.054499302916
CUSTOMER,RUH,IC4,private,M,False,2,2163.7556878411597,0.5419071436422161,1081.8778439205798
SALES,ASR,IC3,semigov,F,False,1,2163.320356501693,0.6452876388898082,1081.6601782508465
SWE,EST,IC3,mnc,M,True,1,2155.849677001852,0.1632978216855731,1077.924838500926
PM,RUH,IC3,semigov,M,False,1,2150.3187659103933,0.16005314211508223,1075.1593829551966
CUSTOMER,RUH,M4,private,M,True,1,2149.416284361454,0.08223458311665156,1074.708142180727
HEALTH,JED,IC3,private,M,False,1,2149.1576449191934,0.271497465230812,1074.5788224595967
SUPPLY,RUH,IC4,private,M,False,4,2148.9646174529034,0.16645449779340393,1074.4823087264517
LEGAL,EST,M1,private,M,False,1,2143.1231020596388,0.0963158539040123,1071.5615510298194
MARKETING,BAH,IC3,private,M,False,1,2141.1503516478306,0.36735935922474444,1070.5751758239153
ENG_MECH,RUH,IC2,private,M,False,4,2133.4302466267327,0.25609471010608237,1066.7151233133663
SUPPLY,ASR,M1,private,M,True,1,2130.936691072161,0.26173117298256643,1065.4683455360805
SWE,EST,IC2,private,M,True,2,2127.8974540918825,0.15565174418745917,1063.9487270459413
ENG_CIVIL,RUH,M2,semigov,M,False,1,2127.0082333763603,0.06649198858656649,1063.5041166881801
ENG_MECH,MAD,IC4,private,M,False,1,2120.8100917554257,0.15052223270900586,1060.4050458777128
ENG_CIVIL,QAS,IC2,private,M,False,2,2119.9331122990657,0.2700693063411345,1059.9665561495328
MARKETING,MAK,IC4,private,F,False,2,2117.3205855568576,0.17934959447084303,1058.6602927784288
FIN,NOR,IC3,public,M,True,1,2116.377447218554,0.5290943618046385,1058.188723609277
ENG_MECH,RUH,M1,public,M,True,1,2114.540874417271,0.07088759728769319,1057.2704372086355
HEALTH,MAK,IC3,private,F,True,1,2111.8471441573274,0.3628540994411311,1055.9235720786637
FIN,EST,IC2,private,M,False,1,2111.252306174268,0.9795221775058195,1055.626153087134
HR,QAS,M3,private,F,False,1,2106.6690007854777,0.14889866944005287,1053.3345003927388
MARKETING,TAB,IC1,mnc,F,False,1,2094.536861015677,1.163631589453154,1047.2684305078385
SWE,EST,M2,public,F,True,1,2094.131297912565,0.06883707797734781,1047.0656489562825
SWE,EST,IC3,private,M,False,1,2093.2967179206025,0.1583373020153264,1046.6483589603013
DESIGN,MAK,IC4,public,F,False,1,2093.096214104804,0.23302089567030826,1046.548107052402
FIN,NJR,IC4,public,F,False,1,2092.135335760431,0.1837651801353583,1046.0676678802156
FIN,RUH,IC2,private,M,False,2,2091.021178294174,0.27891332319776396,1045.510589147087
SALES,EST,IC6,private,M,False,1,2086.244539188432,0.09860888619941958,1043.122269594216
CUSTOMER,EST,IC4,private,F,True,2,2083.548096959959,0.17969544289261888,1041.7740484799795
ENG_MECH,EST,IC4,mnc,M,True,2,2082.8256870686973,0.10383314880598593,1041.4128435343487
FIN,BAH,IC2,public,M,True,1,2081.5251133265565,0.21159301373600306,1040.7625566632782
SUPPLY,MAK,IC6,private,M,False,1,2078.1212340727743,0.14567584137771125,1039.0606170363872
FIN,JED,IC3,private,M,True,2,2073.6563531442052,0.16726795941443237,1036.8281765721026
SALES,RUH,D1,public,M,False,1,2071.678007177983,0.0917726664182092,1035.8390035889915
FIN,QAS,IC4,private,F,False,1,2068.1198254775745,0.23803695637403413,1034.0599127387873
CUSTOMER,ASR,IC3,private,M,False,1,2067.4147024885433,0.32637429414026126,1033.7073512442716
MARKETING,EST,IC4,public,F,False,1,2066.0187866639462,0.20106025589345908,1033.0093933319731
SALES,QAS,IC2,private,F,True,2,2065.7410661930803,0.512183841258151,1032.8705330965402
ENG_ELEC,NJR,IC5,private,M,False,1,2065.34471724956,0.1672434631878458,1032.67235862478
ENG_MECH,RUH,M2,private,M,False,3,2064.7046964606757,0.07915262721360893,1032.3523482303378
HEALTH,BAH,M1,semigov,M,True,1,2062.3210338634963,0.12389586640694816,1031.1605169317481
OPS,EST,M2,public,F,False,1,2060.910320771818,0.14690368449701782,1030.455160385909
MARKETING,RUH,IC2,private,F,True,1,2060.803967686208,0.24712902149737836,1030.401983843104
SUPPLY,MAK,IC5,private,M,True,1,2059.3929757023197,0.19348632425486462,1029.6964878511599
SUPPLY,RUH,IC4,mnc,M,False,1,2057.37875543281,0.13793710069182533,1028.689377716405
SALES,RUH,IC4,mnc,M,False,2,2056.4014724162625,0.18073935549649262,1028.2007362081313
EDU,JAZ,IC4,private,F,True,1,2051.0213862508144,0.38321376533041135,1025.5106931254072
HEALTH,EST,IC2,pif_backed,F,False,1,2049.786492002113,0.3564982472376531,1024.8932460010565
FIN,MAD,M2,public,F,False,1,2047.861986402655,0.0769529821065741,1023.9309932013275
HEALTH,RUH,IC4,pif_backed,F,True,1,2045.8148030176635,0.10144011407431303,1022.9074015088318
DATA,EST,IC4,semigov,M,True,1,2043.9623390272354,0.11098188958440942,1021.9811695136177
ENG_CIVIL,JAZ,IC4,public,F,True,1,2043.7425252240118,0.15960815519428428,1021.8712626120059
ENG_ELEC,RUH,M3,public,M,False,1,2039.293698687361,0.09865161831082642,1019.6468493436805
EDU,MAK,M1,public,M,True,1,2038.2125090045083,0.15073596364110745,1019.1062545022542
OPS,EST,IC4,public,M,False,1,2036.3963782355986,0.18248456694657705,1018.1981891177993
CUSTOMER,RUH,IC6,pif_backed,F,False,1,2034.574344238581,0.19563290091871327,1017.2871721192905
SUPPLY,MAD,IC1,semigov,M,False,1,2031.9665708329367,0.8656612153678425,1015.9832854164683
MARKETING,HAI,IC4,public,F,True,1,2030.7061699903697,0.17348396728276508,1015.3530849951849
EDU,ASR,IC2,mnc,F,True,1,2024.631883737262,0.41502646069492405,1012.315941868631
CUSTOMER,JAZ,M1,private,M,False,1,2024.4300309820082,0.39850278852973237,1012.2150154910041
ENG_CIVIL,MAD,IC3,private,M,True,1,2018.5343363751654,0.2139873736743467,1009.2671681875827
CUSTOMER,RUH,M4,mnc,F,False,1,2011.8992465466308,0.20753938458670887,1005.9496232733154
ENG_CIVIL,TAB,IC5,private,M,False,1,2011.0466550463061,0.20297569546543096,1005.5233275231531
SALES,EST,IC2,private,F,True,1,2009.840959973013,0.15630191208706107,1004.9204799865065
EDU,MAD,M2,private,F,True,2,2009.5336777082402,0.17200510935720678,1004.7668388541201
HR,RUH,M1,private,F,False,3,2009.0399713176105,0.19888078148275415,1004.5199856588052
ENG_ELEC,ASR,IC4,semigov,M,True,1,2004.8486196414942,0.13859432070461655,1002.4243098207471
ENG_ELEC,ASR,IC4,public,M,True,1,2002.7133569064345,0.23040721726569244,1001.3566784532172
DATA,JED,IC5,private,M,True,1,2002.440195940795,0.08874778327524313,1001.2200979703975
CUSTOMER,RUH,M1,public,F,False,1,1996.347344698117,0.25257462935784547,998.1736723490585
OPS,EST,M2,public,M,False,1,1992.7573051996096,0.18504313759206711,996.3786525998048
ENG_MECH,RUH,IC4,mnc,M,True,1,1992.2091338314003,0.12642388893071976,996.1045669157002
FIN,JED,M2,private,F,False,1,1984.7526693266664,0.1791415899760874,992.3763346633332
FIN,EST,M1,private,F,False,1,1984.2905801011839,0.13689653131954616,992.1452900505919
HEALTH,QAS,IC1,private,M,False,1,1983.0067729431685,0.7389187799285932,991.5033864715842
HR,ASR,M1,public,M,True,1,1982.3798215445113,0.15744469218745127,991.1899107722556
ENG_ELEC,JED,IC4,mnc,M,False,1,1981.8052841262142,0.10223865238724987,990.9026420631071
CUSTOMER,RUH,IC3,private,M,False,2,1981.695415087848,0.3298696129346994,990.847707543924
HEALTH,RUH,IC3,public,F,False,2,1980.5987510635987,0.14194341020993767,990.2993755317993
DATA,QAS,IC2,semigov,M,False,1,1973.7412930979062,0.17173211960333784,986.8706465489531
ENG_MECH,JED,M1,public,M,False,1,1969.5102182296905,0.23327800603471974,984.7551091148453
EDU,RUH,M3,private,M,True,1,1967.8907128497885,0.09474632827236212,983.9453564248943
OPS,RUH,IC4,semigov,M,True,2,1964.5509669734938,0.132918505534821,982.2754834867469
ENG_MECH,TAB,IC2,private,M,False,1,1962.884440245738,0.22581512673607618,981.442220122869
EDU,RUH,IC4,private,F,True,5,1962.6556045209413,0.16083373260254724,981.3278022604707
CUSTOMER,JED,IC2,private,F,False,1,1962.196712517748,0.3383797876315355,981.098356258874
LEGAL,RUH,IC4,private,F,False,2,1957.5762540259348,0.09433818479467941,978.7881270129674
CUSTOMER,MAD,IC3,private,F,True,1,1954.8456896565494,0.2739575044574582,977.4228448282747
OPS,RUH,M2,private,M,True,1,1951.6689571750394,0.1801316658336969,975.8344785875197
EDU,QAS,IC3,private,F,True,1,1948.3731007274055,0.4125365718862747,974.1865503637027
HR,RUH,IC4,semigov,M,False,1,1944.9985778769187,0.10721845778825076,972.4992889384594
SALES,RUH,IC4,pif_backed,F,True,1,1944.548443404994,0.1838969525033756,972.274221702497
SWE,RUH,IC3,private,F,False,2,1943.2136727215766,0.205197742414786,971.6068363607883
ENG_CIVIL,QAS,IC3,mnc,M,False,1,1942.0147378264874,0.23213292172404454,971.0073689132437
EDU,JED,IC6,pif_backed,F,False,1,1941.1542959225844,0.08318888057162994,970.5771479612922
CUSTOMER,RUH,IC4,pif_backed,M,False,1,1940.3084651718973,0.29962914668250495,970.1542325859486
EDU,EST,IC2,private,F,True,1,1937.0115112980293,0.28877647332493933,968.5057556490146
ENG_CIVIL,RUH,IC3,public,M,True,4,1936.8514468713208,0.242069971967531,968.4257234356604
OPS,QAS,IC3,private,M,False,1,1935.0634004242884,0.3547671814302953,967.5317002121442
HEALTH,EST,IC2,public,M,True,1,1930.270841471437,0.3568344246013789,965.1354207357185
SALES,ASR,IC1,mnc,M,False,1,1929.8113410667333,0.6103888022452906,964.9056705333667
CUSTOMER,JED,IC4,private,F,False,2,1927.1027988523915,0.4313377888406332,963.5513994261958
DATA,JAZ,IC5,public,M,True,1,1921.560126352464,0.11117508219133689,960.780063176232
SALES,TAB,IC3,pif_backed,F,False,1,1920.117463327435,0.16229654695724718,960.0587316637175
HEALTH,QAS,IC4,startup,M,False,1,1918.1569444034049,0.2405212469471354,959.0784722017024
MARKETING,TAB,IC2,private,F,True,1,1916.2696733173943,0.18041965895666906,958.1348366586972
SALES,JED,IC4,mnc,F,True,1,1912.0060956912785,0.091522256097377,956.0030478456392
EDU,MAD,IC4,startup,F,True,1,1911.0082677465725,0.1731964686332286,955.5041338732863
HEALTH,NJR,IC1,pif_backed,F,True,1,1908.4803708346099,0.47712009270865247,954.2401854173049
HEALTH,MAK,IC1,public,F,True,1,1908.0801364786803,0.38948280090848564,954.0400682393401
MARKETING,JAZ,IC3,private,M,False,1,1907.4352885406458,1.0474945981716388,953.7176442703229
SUPPLY,RUH,IC3,semigov,M,True,1,1906.7957077990395,0.09481121287815625,953.3978538995198
HR,MAD,IC4,public,F,True,1,1906.6531533212292,0.17259668605869619,953.3265766606146
CUSTOMER,MAK,IC3,private,M,True,1,1905.4387157094297,0.4763596789273574,952.7193578547149
LEGAL,NOR,IC1,public,F,True,1,1901.5175844760543,0.4753793961190136,950.7587922380271
SALES,HAI,IC1,mnc,F,False,1,1900.794505118588,0.30129065012246115,950.397252559294
FIN,JED,IC3,public,M,False,1,1896.7519889948198,0.29683965886281927,948.3759944974099
SWE,HAI,IC4,private,M,False,1,1895.788853589227,0.1653685926567842,947.8944267946135
SUPPLY,EST,IC2,public,M,False,1,1894.3492593020828,0.3389248472171032,947.1746296510414
CUSTOMER,RUH,M4,mnc,F,True,1,1891.5687396560133,0.06530056811521803,945.7843698280067
SUPPLY,RUH,IC1,startup,M,False,1,1891.2027200530974,0.4090254342975935,945.6013600265487
EDU,EST,M1,public,M,True,1,1888.1359697159714,0.14355664640818483,944.0679848579857
CUSTOMER,QAS,IC4,private,F,True,1,1882.168243723212,0.1983706230855797,941.084121861606
SUPPLY,RUH,IC3,mnc,M,True,1,1881.698588111074,0.09749774030726936,940.849294055537
HEALTH,RUH,IC1,semigov,F,False,1,1881.3908695114878,0.3083524468053371,940.6954347557439
SUPPLY,ASR,IC2,private,M,True,1,1875.4087644700276,0.20434609494955958,937.7043822350138
SWE,RUH,IC2,public,F,True,1,1872.363917794417,0.20780999711369139,936.1819588972085
OPS,RUH,IC3,private,M,False,2,1870.5430601365442,0.16941364744217804,935.2715300682721
SWE,TAB,M5,private,F,False,1,1861.1991635120066,0.051226191411655055,930.5995817560033
ENG_ELEC,MAD,D1,private,M,False,1,1860.9664820081161,0.04194159222725847,930.4832410040581
EDU,HAI,M3,private,F,True,1,1858.0281312314546,0.1675552126856182,929.0140656157273
FIN,RUH,IC3,semigov,F,True,1,1851.5070224815117,0.13174553977266504,925.7535112407559
FIN,JED,IC5,public,M,True,1,1851.088231655307,0.08079738246659496,925.5441158276535
CUSTOMER,JAZ,IC5,public,M,False,1,1849.3417361726024,0.27445838044160525,924.6708680863012
SALES,JED,IC3,mnc,M,True,1,1847.0119091235774,0.3018338550362913,923.5059545617887
ENG_CIVIL,JED,M2,public,M,False,1,1846.8486956712204,0.1369026840662628,923.4243478356102
MARKETING,RUH,IC5,pif_backed,M,False,1,1843.635227339022,0.08052141500008177,921.817613669511
ENG_ELEC,JED,IC5,private,M,True,3,1842.7356255516072,0.06307342564319636,921.3678127758036
ENG_ELEC,HAI,IC2,startup,M,True,1,1839.3899273904226,0.1635434847552189,919.6949636952113
DATA,TAB,IC2,mnc,M,True,1,1834.5050096196592,0.21199719529108182,917.2525048098296
ENG_MECH,JED,IC3,mnc,M,True,1,1833.8553778250935,0.15500386507557612,916.9276889125467
EDU,JED,IC3,public,F,False,1,1831.740758005376,0.3960118124223864,915.870379002688
SALES,EST,IC4,private,F,False,2,1829.4592604015297,0.1757721678548176,914.7296302007649
FIN,RUH,M1,mnc,F,True,2,1828.7243568608337,0.06614265915437538,914.3621784304169
CUSTOMER,EST,IC4,mnc,M,False,1,1825.7606243015616,0.22154439165611725,912.8803121507808
SUPPLY,TAB,IC4,pif_backed,M,False,1,1824.795990391418,0.1402588730681633,912.397995195709
HEALTH,QAS,IC1,private,F,False,1,1820.2578205255886,0.46245447768480025,910.1289102627943
HR,RUH,IC4,mnc,M,True,1,1817.413310805745,0.12986504900849433,908.7066554028725
EDU,MAK,IC2,private,M,True,1,1814.7038787345127,0.45367596968362817,907.3519393672564
PM,TAB,IC1,pif_backed,M,False,1,1809.140524287106,0.16808730981660544,904.570262143553
MARKETING,RUH,M3,pif_backed,F,False,1,1808.1017862762892,0.04593137218794245,904.0508931381446
OPS,JED,IC5,private,M,False,1,1807.8686362386834,0.19779073535128278,903.9343181193417
PM,HAI,M3,pif_backed,M,True,1,1807.2965535979747,0.05958466883178071,903.6482767989874
FIN,RUH,M3,public,M,True,1,1805.3705040750938,0.0782964499337368,902.6852520375469
SUPPLY,JAZ,M2,private,M,False,1,1802.3260301743612,0.12670174799731185,901.1630150871806
ENG_ELEC,ASR,IC3,private,M,True,1,1799.4660520977359,0.21926257808645602,899.7330260488679
HEALTH,JAZ,IC2,private,F,True,1,1796.2263158859832,0.36577954904126986,898.1131579429916
ENG_MECH,RUH,IC3,public,M,False,1,1794.7639796535314,0.17918361194343754,897.3819898267657
DESIGN,NJR,M2,private,M,False,1,1794.6970084940185,0.10284142432739342,897.3485042470093
MARKETING,EST,IC3,private,M,False,1,1793.0931719430191,0.9961628733016773,896.5465859715096
ENG_ELEC,MAK,M4,semigov,M,False,1,1789.6254822518094,0.04106960005332844,894.8127411259047
SUPPLY,MAD,IC3,public,M,False,1,1787.453899386609,0.4270953658388032,893.7269496933045
SWE,EST,IC2,mnc,M,False,1,1783.4559717962093,0.16627719813871314,891.7279858981046
ENG_MECH,EST,M1,public,M,True,1,1778.232064076903,0.11248959000282156,889.1160320384515
HEALTH,EST,IC3,private,M,False,1,1777.8798499944842,0.16658076433642258,888.9399249972421
CUSTOMER,RUH,IC5,public,F,True,1,1773.5444100050008,0.08938204259714987,886.7722050025004
LEGAL,TAB,IC2,private,M,True,1,1767.647350099065,0.13536394359060666,883.8236750495325
SALES,MAD,IC4,private,M,True,1,1767.1682077749392,0.21398355471620384,883.5841038874696
SUPPLY,EST,IC2,semigov,M,False,1,1762.9865501565764,0.19347731207772692,881.4932750782882
ENG_CIVIL,QAS,IC2,private,F,False,1,1761.5810501524174,0.6056123743974812,880.7905250762087
OPS,ASR,IC1,semigov,F,True,1,1759.9997006333997,0.4399999251583499,879.9998503166998
HR,MAK,IC5,public,F,True,1,1759.0230444394892,0.12654213887508384,879.5115222197446
ENG_CIVIL,TAB,M3,public,M,False,1,1758.7601734993677,0.09723541607115173,879.3800867496839
ENG_MECH,ASR,IC3,public,F,True,1,1758.5155522279183,0.213050619486347,879.2577761139592
EDU,RUH,IC4,private,F,False,2,1755.973493785552,0.25466175152987547,877.986746892776
DATA,EST,IC2,pif_backed,M,False,1,1752.8387325426502,0.11903391879297126,876.4193662713251
SALES,JED,IC3,public,M,False,2,1748.3570416185244,0.7119680955578223,874.1785208092622
CUSTOMER,ASR,IC6,pif_backed,F,False,1,1744.922981578342,0.16791619616733294,872.461490789171
SUPPLY,QAS,IC3,mnc,M,False,1,1743.561193308381,0.18431191154484441,871.7805966541905
OPS,NJR,IC4,private,M,True,1,1742.0723826908916,0.30151345550713277,871.0361913454458
PM,EST,IC5,public,M,True,1,1735.8154581791314,0.09894508865414281,867.9077290895657
SUPPLY,JED,M1,private,M,False,1,1735.7126377826953,0.13899656357244236,867.8563188913477
FIN,EST,IC5,public,F,True,1,1729.3718642809545,0.12342456015142875,864.6859321404772
OPS,NOR,M3,private,M,True,1,1727.4760472373455,0.09239766834994173,863.7380236186727
HR,JED,IC2,public,F,True,1,1726.471172758219,0.23435931524375253,863.2355863791095
ENG_CIVIL,EST,IC3,mnc,M,True,1,1725.9433818962843,0.17090172748065996,862.9716909481422
SUPPLY,QAS,IC2,semigov,M,False,1,1722.3069736733419,0.44236124703946683,861.1534868366709
EDU,RUH,IC3,mnc,F,True,2,1720.078642832369,0.19073011146244667,860.0393214161845
DATA,EST,IC3,private,M,False,1,1720.0608181395437,0.1001169824492721,860.0304090697718
HEALTH,RUH,IC2,private,M,False,3,1719.0270691952426,0.2581422848930312,859.5135345976213
HEALTH,JAZ,M2,semigov,F,False,1,1716.8084389600554,0.12979673536203157,858.4042194800277
SUPPLY,ASR,IC4,semigov,M,False,1,1716.3557980525811,0.21924985061304178,858.1778990262906
OPS,HAI,IC4,private,M,False,1,1712.222589352321,0.278827284613132,856.1112946761605
HR,EST,IC2,public,F,True,1,1708.5281665370603,0.4271320416342651,854.2640832685302
SUPPLY,JAZ,IC3,private,F,False,1,1707.2481321725281,0.3328196138474415,853.6240660862641
DATA,RUH,M2,public,M,True,1,1705.6559833653373,0.07448607922730816,852.8279916826687
EDU,MAK,IC4,public,M,False,1,1703.404557806377,0.3248075658196682,851.7022789031885
HR,EST,IC4,mnc,M,False,1,1701.7471039093125,0.13608130778292143,850.8735519546563
CUSTOMER,JED,IC5,private,F,False,1,1701.3636533828521,0.2625224937828723,850.6818266914261
ENG_MECH,EST,IC4,semigov,M,False,1,1701.3334165041524,0.18144924219037584,850.6667082520762
SALES,JED,M4,semigov,M,True,1,1696.373286749389,0.06280124030143104,848.1866433746945
SALES,MAD,IC4,private,F,False,1,1694.2520476298214,0.2629862422512591,847.1260238149107
HR,JAZ,IC2,startup,F,False,1,1693.2741590404253,0.5248590918092542,846.6370795202126
CUSTOMER,EST,IC5,pif_backed,F,True,1,1693.175518205262,0.1463130444653311,846.587759102631
CUSTOMER,JED,M1,private,M,False,2,1692.3235862514716,0.27433868816168594,846.1617931257358
ENG_CIVIL,RUH,IC3,private,F,False,1,1682.9774576209948,0.32196415257459887,841.4887288104974
HR,HAI,IC1,semigov,F,False,1,1680.608267000121,0.7150976806032394,840.3041335000605
SALES,EST,IC4,mnc,F,True,1,1677.6618437096658,0.15075891986237247,838.8309218548329
DATA,RUH,IC6,public,F,True,1,1674.811841664614,0.05016943722932387,837.405920832307
FIN,RUH,IC4,mnc,M,True,2,1674.3646069327037,0.18876185069618284,837.1823034663519
EDU,QAS,IC2,public,F,True,2,1669.840508849919,0.3923877410099339,834.9202544249595
SUPPLY,JAZ,IC2,mnc,F,False,1,1668.9161928419362,0.3948247195023247,834.4580964209681
CUSTOMER,RUH,IC3,startup,M,False,1,1664.3879570819772,0.4853164631131677,832.1939785409886
SALES,EST,IC1,private,M,False,1,1663.1273816163039,0.33801203613104513,831.5636908081519
CUSTOMER,RUH,IC6,pif_backed,F,True,1,1657.8699860617016,0.055156542619978266,828.9349930308508
HEALTH,RUH,M5,semigov,M,False,1,1655.4704522501706,0.04316514364172137,827.7352261250853
SUPPLY,RUH,D2,private,M,True,1,1654.7374125764036,0.05157580235934882,827.3687062882018
DESIGN,RUH,IC2,public,M,False,1,1649.9865136342714,0.20094512127250105,824.9932568171357
HEALTH,QAS,IC3,private,F,True,1,1643.9224617431855,0.2934690176970139,821.9612308715928
DATA,JED,IC2,private,M,True,1,1643.0784088866822,0.14847022504289276,821.5392044433411
ENG_MECH,EST,M1,semigov,M,True,1,1639.4858132871814,0.10293454281393151,819.7429066435907
ENG_ELEC,QAS,IC3,startup,M,False,1,1635.0969923948633,0.14285413425874577,817.5484961974316
DESIGN,EST,IC3,semigov,F,False,1,1627.5147980004986,0.17330155879480097,813.7573990002493
FIN,JED,IC3,public,F,False,2,1626.308193813993,0.16094802861525367,813.1540969069965
SUPPLY,MAK,IC2,mnc,M,True,1,1621.3885708685157,0.12266965140726215,810.6942854342578
ENG_ELEC,RUH,IC3,mnc,M,True,1,1620.243079397178,0.1391809552907181,810.121539698589
OPS,TAB,IC3,private,M,True,2,1617.531716407765,0.13538474647091844,808.7658582038825
MARKETING,ASR,IC2,private,F,True,1,1617.0087463375376,0.33442921831213174,808.5043731687688
HR,EST,IC5,public,F,True,1,1612.8703168958527,0.103878550664725,806.4351584479264
EDU,RUH,IC2,semigov,M,False,1,1611.715730731872,0.38313794227476505,805.857865365936
EDU,RUH,M2,private,F,False,1,1605.5444460143608,0.11894639936986164,802.7722230071804
HEALTH,JED,IC4,semigov,F,False,1,1605.2135574178792,0.09496091191863432,802.6067787089396
SUPPLY,MAK,D2,private,M,True,1,1602.1502719973141,0.03205876552908038,801.0751359986571
CUSTOMER,EST,D1,public,F,False,1,1594.6436972167794,0.1554850410656839,797.3218486083897
ENG_ELEC,JAZ,IC2,startup,M,True,1,1589.4741096974221,0.32600852203591424,794.7370548487111
SALES,TAB,M2,public,M,False,1,1588.873897104002,0.16037049605794407,794.436948552001
EDU,MAD,IC4,private,F,True,2,1588.437711235531,0.20983195549724834,794.2188556177655
EDU,MAD,IC4,private,F,False,1,1587.2240889201585,0.16620547813404493,793.6120444600792
EDU,ASR,IC5,mnc,F,True,1,1585.9090315080857,0.2092126151504591,792.9545157540429
EDU,RUH,IC3,private,F,True,4,1582.640107941866,0.17523673630371156,791.320053970933
PM,RUH,IC3,semigov,M,True,1,1578.3350385504673,0.09791366806436781,789.1675192752336
ENG_ELEC,EST,IC4,private,M,False,3,1573.9101801020631,0.1252861307371036,786.9550900510316
DESIGN,RUH,IC1,private,M,False,1,1571.5651222044712,0.44578602085575775,785.7825611022356
ENG_CIVIL,RUH,IC4,private,M,False,2,1569.5147410324744,0.14859996404186376,784.7573705162372
DATA,MAK,IC3,public,F,True,1,1569.510883490604,0.09106949976184602,784.755441745302
OPS,ASR,IC5,mnc,M,False,1,1567.2971047499286,0.13715039446233837,783.6485523749643
OPS,RUH,IC2,private,M,False,3,1564.609758510388,0.19570154059528508,782.304879255194
SWE,BAH,IC3,mnc,M,False,1,1564.2355935018186,0.12298706577730574,782.1177967509093
ENG_ELEC,JAZ,IC5,private,M,False,1,1563.6491918260326,0.09098362868873491,781.8245959130163
ENG_CIVIL,JED,M2,public,M,True,1,1562.2383911664929,0.12107550030314576,781.1191955832464
HEALTH,JED,IC2,private,F,False,1,1562.0501071773979,0.34154295216964603,781.0250535886989
MARKETING,ASR,IC5,mnc,M,False,2,1561.1325740504435,0.13200007607964567,780.5662870252218
FIN,QAS,IC4,private,F,True,1,1558.2177930263315,0.17421778349772493,779.1088965131657
FIN,EST,IC3,private,F,True,1,1555.6265001821957,0.08403154965680837,777.8132500910979
ENG_CIVIL,EST,IC5,public,M,True,1,1551.332228668005,0.0775542027609585,775.6661143340025
SWE,TAB,IC1,public,F,False,1,1547.3195666027323,0.3581600731918579,773.6597833013661
OPS,TAB,IC4,semigov,F,False,1,1544.261987246904,0.17055922528519135,772.130993623452
OPS,MAD,M1,public,M,False,1,1541.4042621241952,0.16430358901450046,770.7021310620976
MARKETING,JED,IC5,private,M,True,1,1541.0145071032712,0.15380460781723987,770.5072535516356
FIN,MAD,IC2,public,F,True,1,1536.7661273647082,0.18903784252051603,768.3830636823541
HEALTH,NJR,M4,semigov,M,False,1,1530.4441204612049,0.07580738033023628,765.2220602306024
ENG_ELEC,EST,IC1,private,M,False,1,1528.9646880604028,0.6599467748879501,764.4823440302014
SALES,RUH,IC2,mnc,F,False,1,1528.6937362820909,0.18788931069058434,764.3468681410454
EDU,MAD,IC3,private,F,True,2,1528.4904302667846,0.31386909259184004,764.2452151333923
ENG_ELEC,RUH,IC5,public,M,True,1,1521.2656031853403,0.07487866228262476,760.6328015926701
FIN,JED,IC4,private,F,True,1,1519.1584930437766,0.0904428434694623,759.5792465218883
MARKETING,JED,IC3,pif_backed,F,False,1,1517.343435895731,0.1656707311659871,758.6717179478655
ENG_MECH,EST,D2,semigov,M,True,1,1517.0373666140222,0.029632043670228328,758.5186833070111
HR,RUH,IC3,private,F,True,1,1514.499896369427,0.09949015946473219,757.2499481847135
OPS,JED,M1,pif_backed,M,False,1,1512.8567233325612,0.08942650037550635,756.4283616662806
EDU,MAK,IC4,startup,F,True,1,1511.3398833153133,0.14815154948877285,755.6699416576566
CUSTOMER,MAD,IC1,private,M,False,1,1509.1560341513791,0.8384200189729883,754.5780170756896
OPS,BAH,IC3,pif_backed,F,True,1,1503.8060874610965,0.11379487398930437,751.9030437305482
DATA,EST,IC1,private,F,True,1,1500.8014319570975,0.1951766942963538,750.4007159785488
CUSTOMER,EST,IC3,public,M,True,1,1494.4536194928096,0.12968634970780046,747.2268097464048
ENG_ELEC,JED,IC3,private,F,True,1,1492.5677972006997,0.11708094551615641,746.2838986003499
CUSTOMER,RUH,M1,private,M,False,1,1488.686408555027,0.26404137730486743,744.3432042775135
FIN,RUH,IC4,mnc,F,False,1,1488.3476700331594,0.06162287289413938,744.1738350165797
OPS,MAK,M1,public,M,False,1,1487.4952429425848,0.13266661579469874,743.7476214712924
HR,JED,IC2,public,F,False,1,1482.691979220188,0.1802167643969613,741.345989610094
SALES,NJR,M1,public,M,False,1,1482.2713045137498,0.18056155138956392,741.1356522568749
SWE,RUH,IC2,mnc,M,False,2,1478.5867119739014,0.12244465914292504,739.2933559869507
CUSTOMER,JAZ,IC3,private,F,False,1,1478.4257992201028,0.16867514049970767,739.2128996100514
EDU,RUH,IC5,semigov,F,True,1,1476.5266806881154,0.09484838861429526,738.2633403440577
HEALTH,MAD,IC4,semigov,M,False,1,1474.4482197898615,0.10315486714906603,737.2241098949307
EDU,RUH,IC4,pif_backed,M,True,1,1467.222255696097,0.09839600947570966,733.6111278480485
DATA,RUH,IC3,semigov,F,True,1,1466.2095752219302,0.11315301218898406,733.1047876109651
FIN,EST,IC2,semigov,F,True,1,1463.6775049146236,0.1426780949559027,731.8387524573118
HEALTH,QAS,M2,private,M,False,1,1460.9669186583778,0.08808174114344733,730.4834593291889
SWE,JED,M3,private,M,True,1,1460.4583842229913,0.03364350242002826,730.2291921114956
ENG_CIVIL,TAB,IC3,public,M,False,1,1460.365974052651,0.3939832717918377,730.1829870263255
DESIGN,RUH,IC3,private,M,False,1,1460.0349979242055,0.12852047413448425,730.0174989621028
OPS,NJR,IC3,startup,F,True,1,1459.3446214645937,0.36483615536614844,729.6723107322969
SALES,ASR,M1,public,M,False,1,1458.405753798199,0.12470197029004372,729.2028768990995
CUSTOMER,RUH,IC5,private,F,False,1,1455.4132072437906,0.3104259001381676,727.7066036218953
SWE,RUH,IC2,startup,F,True,1,1455.023981576559,0.1830267191430917,727.5119907882795
OPS,RUH,IC4,public,F,False,2,1453.668734814596,0.09566142401631328,726.834367407298
HR,TAB,IC5,public,F,True,1,1453.3765692734305,0.11964349789368652,726.6882846367153
ENG_CIVIL,EST,M1,private,M,False,2,1451.9126928839396,0.12861938673508286,725.9563464419698
DATA,RUH,IC3,public,M,True,1,1450.8918738778611,0.11660980735667908,725.4459369389306
PM,MAK,IC4,private,M,True,1,1447.0774342282857,0.06877139767787936,723.5387171141429
ENG_ELEC,JED,IC3,pif_backed,M,True,1,1445.9521290394568,0.0897234755681252,722.9760645197284
OPS,EST,M1,pif_backed,M,True,1,1445.9343681553473,0.0759340345990988,722.9671840776737
FIN,RUH,M2,private,M,True,1,1440.5991248684732,0.05590419541211511,720.2995624342366
EDU,TAB,IC3,private,F,False,2,1438.1160995273626,0.3126632819481061,719.0580497636813
CUSTOMER,RUH,IC2,public,F,False,2,1436.388733532504,0.6563244430314372,718.194366766252
EDU,QAS,D1,mnc,F,True,1,1434.2721930569423,0.06439950075419067,717.1360965284712
ENG_MECH,RUH,IC1,private,M,True,1,1430.2624623524189,0.35756561558810473,715.1312311762094
CUSTOMER,EST,IC2,semigov,M,True,1,1430.1900508145354,0.17505000511794544,715.0950254072677
MARKETING,JAZ,IC3,private,F,False,1,1429.0833060023033,0.1457785647618259,714.5416530011516
SWE,RUH,IC3,semigov,F,True,1,1427.2770668665198,0.08807606683512362,713.6385334332599
ENG_CIVIL,QAS,IC4,startup,M,False,1,1418.2810478061583,0.20105113424041096,709.1405239030792
ENG_ELEC,EST,IC6,public,F,True,1,1417.27914621554,0.05175974572292114,708.63957310777
SALES,JED,IC3,private,F,False,1,1416.4749884428506,0.3896199421935318,708.2374942214253
ENG_CIVIL,NOR,CXO,mnc,F,False,1,1415.6111007276995,0.03377639895559544,707.8055503638498
OPS,MAK,IC3,private,F,True,1,1411.2441783241266,0.11682871769960318,705.6220891620633
MARKETING,RUH,IC4,private,F,False,3,1411.073173924701,0.23632843008796964,705.5365869623505
EDU,RUH,IC4,private,M,True,2,1408.5198599286923,0.15987735031119338,704.2599299643462
HR,TAB,IC3,private,F,False,1,1405.0819286856167,0.16882829525633572,702.5409643428084
ENG_ELEC,EST,IC3,semigov,F,False,1,1404.5523646773945,0.18255734058215936,702.2761823386973
HEALTH,TAB,IC2,startup,M,False,1,1402.7635786067394,0.179212402950507,701.3817893033697
FIN,JED,IC3,public,F,True,2,1401.704444431894,0.10540202543695203,700.852222215947
SWE,RUH,IC2,private,M,False,2,1399.3459629570716,0.15007326881584301,699.6729814785358
DATA,JED,IC3,public,M,False,1,1398.9866169605557,0.11625486375951015,699.4933084802778
ENG_MECH,RUH,IC2,public,M,False,2,1398.4205102149353,0.17967899315296915,699.2102551074677
DESIGN,MAD,IC4,private,F,False,1,1395.7312804157536,0.14634832368664877,697.8656402078768
PM,RUH,IC4,pif_backed,M,True,1,1394.2199184641904,0.07694582733873398,697.1099592320952
CUSTOMER,RUH,IC2,pif_backed,F,False,1,1388.6703687056793,0.6540613563364243,694.3351843528396
SALES,JED,M1,private,M,False,2,1381.0390906776279,0.14448340452139646,690.5195453388139
DESIGN,EST,IC2,private,F,False,1,1379.1898872213515,0.1554678936179411,689.5949436106757
ENG_CIVIL,RUH,IC3,private,M,False,4,1375.7264931038935,0.1358023569953949,687.8632465519468
SALES,RUH,IC3,mnc,F,True,1,1374.3705197197523,0.08605364566349274,687.1852598598762
CUSTOMER,RUH,IC3,startup,M,True,1,1374.1966729397063,0.11515193211698452,687.0983364698532
SWE,EST,IC3,public,F,True,1,1373.7966700422494,0.08593668081697278,686.8983350211247
SALES,MAD,IC4,pif_backed,M,False,1,1372.322872056675,0.08037585449868132,686.1614360283374
OPS,NJR,SVP,startup,F,False,1,1370.900831893865,0.0332124459475914,685.4504159469325
SWE,HAI,IC4,private,M,True,1,1370.414818792171,0.08537707919299914,685.2074093960855
SWE,RUH,IC2,mnc,M,True,1,1369.257003726515,0.18241097027705744,684.6285018632575
MARKETING,QAS,IC4,public,F,True,1,1368.8103235817525,0.12514802917859447,684.4051617908763
OPS,TAB,IC2,private,F,True,1,1366.2975626405014,0.1781536250331522,683.1487813202507
OPS,EST,IC4,semigov,F,False,1,1365.7202176353876,0.11717016555910348,682.8601088176938
SALES,MAK,IC2,private,M,False,1,1365.4120180271138,0.1596657523866176,682.7060090135569
HR,BAH,IC4,public,F,False,1,1360.7651585001813,0.21265776795833333,680.3825792500907
EDU,ASR,IC2,private,F,True,1,1356.966104536693,0.2821516638499366,678.4830522683465
OPS,JED,IC2,mnc,M,False,1,1355.6332649578544,0.14906274698856375,677.8166324789272
HEALTH,RUH,IC1,public,M,True,1,1353.5980388736807,0.17019646792449292,676.7990194368404
ENG_MECH,RUH,IC1,semigov,M,False,1,1349.2730000255087,0.1585091873290566,674.6365000127544
PM,RUH,IC3,public,M,False,2,1349.0082518641766,0.09957775491274161,674.5041259320883
SALES,HAI,IC4,semigov,F,False,1,1343.4694454356322,0.06482258402812559,671.7347227178161
HEALTH,EST,IC4,startup,F,True,1,1342.585280652389,0.0998417714897074,671.2926403261945
SUPPLY,TAB,IC1,mnc,M,True,1,1339.5809373475677,0.33489523433689194,669.7904686737838
EDU,RUH,IC3,public,F,False,1,1337.7615901413137,0.25612847575273906,668.8807950706569
SUPPLY,RUH,IC3,private,M,False,1,1333.3138837423494,0.1508212203736442,666.6569418711747
MARKETING,RUH,IC4,public,F,True,1,1332.9210595421173,0.11256600318396699,666.4605297710586
EDU,RUH,IC5,startup,M,True,1,1327.3686020774148,0.09523133296007671,663.6843010387074
ENG_MECH,RUH,M3,semigov,M,False,1,1326.7570667701257,0.06188922490753986,663.3785333850628
OPS,ASR,IC1,private,F,True,1,1326.2608896863057,0.33156522242157643,663.1304448431529
DESIGN,JED,M5,private,M,True,1,1325.354982628538,0.03492756205106486,662.677491314269
LEGAL,JED,M3,public,M,False,1,1315.62548550696,0.03897554848688156,657.81274275348
HEALTH,JED,IC3,semigov,F,True,2,1314.0697211669294,0.12101565399747469,657.0348605834647
HEALTH,MAK,M1,public,F,False,1,1313.0461599748705,0.09797689378460843,656.5230799874353
EDU,EST,IC3,semigov,F,False,1,1311.8700574501609,0.17541629493317085,655.9350287250804
HR,JED,M1,startup,F,False,1,1311.6770800064187,0.11215506861410944,655.8385400032093
EDU,RUH,IC3,private,M,True,3,1310.538840384461,0.1431919442969496,655.2694201922305
SALES,EST,IC3,private,F,False,1,1307.3687226824795,0.2630165999115772,653.6843613412398
SWE,JED,IC4,pif_backed,M,True,1,1307.003613892106,0.06528545017076098,653.501806946053
FIN,BAH,IC2,private,M,False,1,1306.7755940861207,0.3803697800305398,653.3877970430603
CUSTOMER,MAD,IC2,public,M,False,1,1304.2792123473278,0.6858743353582598,652.1396061736639
FIN,JAZ,IC5,public,F,True,1,1303.717045724834,0.08165092451692958,651.858522862417
EDU,JAZ,IC3,private,M,True,1,1297.3995221389832,0.2337534655196365,648.6997610694916
DATA,RUH,IC4,mnc,F,True,1,1296.4184117670447,0.055065350385356183,648.2092058835224
ENG_MECH,JAZ,M3,private,M,True,1,1295.471116900997,0.040342714152059984,647.7355584504985
HEALTH,NOR,IC5,private,M,False,1,1295.1109326435417,0.10861589351719646,647.5554663217708
PM,RUH,IC4,private,F,True,1,1294.2868064757058,0.06324135431964918,647.1434032378529
EDU,EST,IC1,startup,F,False,1,1290.2198717896467,0.7167888176609148,645.1099358948234
CUSTOMER,RUH,IC4,semigov,F,False,1,1289.733504575619,0.26197110096819726,644.8667522878095
SUPPLY,RUH,IC1,startup,F,False,1,1288.7588848826094,0.2884026318883522,644.3794424413047
DESIGN,JED,IC4,public,M,False,1,1288.5631530061655,0.08094452339965195,644.2815765030828
ENG_ELEC,JED,IC6,mnc,M,False,1,1287.6191261604472,0.05709941101743498,643.8095630802236
HEALTH,RUH,M1,private,F,False,2,1286.6653681974103,0.10924916007260779,643.3326840987052
PM,JED,IC1,public,M,False,1,1283.710851446042,0.3322138478061033,641.855425723021
EDU,TAB,IC4,pif_backed,M,True,1,1281.4015059985086,0.11406244907283278,640.7007529992543
SWE,ASR,IC3,private,M,False,1,1281.2735358655664,0.1288233863429677,640.6367679327832
ENG_ELEC,RUH,IC6,pif_backed,M,False,1,1281.2600332639522,0.039281741721587674,640.6300166319761
SUPPLY,RUH,IC4,semigov,M,False,1,1280.3321406332525,0.08589126575801533,640.1660703166262
SALES,QAS,M2,public,M,True,1,1278.0068125139223,0.05818611501457479,639.0034062569612
ENG_CIVIL,RUH,IC2,mnc,M,False,1,1276.0808068211772,0.31941307979344025,638.0404034105886
CUSTOMER,RUH,IC2,semigov,M,True,1,1263.5434143888906,0.17191066862433885,631.7717071944453
EDU,EST,IC2,pif_backed,F,True,1,1263.128797664126,0.15288821508974168,631.564398832063
EDU,RUH,IC4,startup,M,True,2,1255.8459329182579,0.10745160698364822,627.9229664591289
CUSTOMER,EST,IC4,pif_backed,F,False,1,1252.562067297651,0.07620395165883073,626.2810336488255
SUPPLY,RUH,IC2,private,M,False,2,1252.3702747054515,0.33613774708208755,626.1851373527257
ENG_ELEC,MAK,IC2,private,M,True,1,1250.575564007997,0.20460887201273506,625.2877820039985
MARKETING,QAS,IC5,private,M,False,1,1249.7597674070785,0.0547368890859976,624.8798837035392
DATA,EST,D1,public,M,False,1,1247.2994742734954,0.03461394938234334,623.6497371367477
HEALTH,JED,IC1,mnc,M,False,1,1246.8845235881645,0.26697024378292783,623.4422617940822
SUPPLY,RUH,IC3,public,M,True,1,1245.7334955195129,0.1553142289441875,622.8667477597564
HR,JED,IC2,private,F,False,1,1244.161871354012,0.3271234944427824,622.080935677006
CUSTOMER,HAI,IC4,mnc,F,False,1,1244.1226376586928,0.15332186872291934,622.0613188293464
DESIGN,EST,IC1,private,F,False,1,1242.2017224720855,0.6436578506106945,621.1008612360428
SWE,JED,M1,private,M,True,1,1241.0057613801291,0.048544997067368846,620.5028806900646
ENG_CIVIL,MAD,IC3,public,M,False,1,1240.7566495997025,0.14444686137246807,620.3783247998513
ENG_MECH,TAB,IC5,public,M,False,2,1238.9859024902617,0.11794869858501619,619.4929512451308
CUSTOMER,BAH,M1,startup,M,True,1,1238.896120759142,0.09107106202313368,619.448060379571
OPS,QAS,IC2,semigov,M,False,1,1237.643374163138,0.19226304661052535,618.821687081569
PM,EST,IC3,public,M,False,1,1237.1640395954273,0.08973585756705378,618.5820197977137
CUSTOMER,EST,IC4,private,F,False,3,1236.0477136879492,0.24003815149841953,618.0238568439746
CUSTOMER,BAH,IC3,startup,M,False,1,1235.546351556589,0.13259069072882856,617.7731757782944
LEGAL,JAZ,IC3,public,F,True,1,1234.777795434774,0.16547411779518978,617.388897717387
ENG_MECH,MAK,IC4,public,M,False,1,1233.168055784443,0.13640907586147716,616.5840278922215
ENG_ELEC,JAZ,IC3,private,M,False,2,1231.3857120178122,0.1321993831993608,615.6928560089061
ENG_CIVIL,MAK,IC6,public,M,False,1,1228.3055872522873,0.12225218364440704,614.1527936261436
HR,RUH,IC3,mnc,M,False,1,1225.4317520101195,0.08075593557947633,612.7158760050597
OPS,ASR,IC5,semigov,M,True,1,1219.3037882707831,0.06603088047060236,609.6518941353916
MARKETING,ASR,M1,private,F,True,1,1218.8473433500967,0.07935855046378132,609.4236716750484
ENG_MECH,HAI,M1,private,M,True,1,1218.6796739149613,0.10931931279506359,609.3398369574807
FIN,RUH,M1,semigov,F,False,1,1217.7806095397318,0.04753177101560798,608.8903047698659
SALES,EST,IC6,private,F,True,1,1217.1233760943796,0.046183401846100765,608.5616880471898
SUPPLY,TAB,IC4,private,M,False,1,1212.70697162544,0.28446866139004373,606.35348581272
ENG_MECH,EST,IC3,semigov,M,False,1,1210.988499723404,0.1536861548809973,605.494249861702
FIN,ASR,IC4,private,M,True,1,1197.9262532911707,0.11109747068823192,598.9631266455854
CUSTOMER,JED,IC1,private,F,False,1,1196.7667020835902,0.664870390046439,598.3833510417951
SUPPLY,RUH,IC2,mnc,M,True,1,1192.911024502755,0.195521362179571,596.4555122513775
SUPPLY,EST,M2,semigov,M,False,1,1192.9059777090515,0.07151980335654272,596.4529888545258
SUPPLY,JED,IC5,pif_backed,M,False,1,1192.1561576899549,0.06628617295255403,596.0780788449774
MARKETING,EST,IC5,pif_backed,F,True,1,1187.0406863982098,0.04261724407635979,593.5203431991049
HEALTH,ASR,IC1,public,F,True,1,1186.817098697983,0.23234977626730077,593.4085493489915
ENG_MECH,RUH,IC1,private,M,False,1,1185.4382536921376,0.32527130320874353,592.7191268460688
SUPPLY,NOR,IC4,mnc,M,False,1,1182.3600694664392,0.14055167795965412,591.1800347332196
SWE,JED,M3,semigov,F,False,1,1166.896735080045,0.027002428931394682,583.4483675400224
ENG_CIVIL,RUH,IC3,public,M,False,3,1166.2746834274485,0.13518187028269457,583.1373417137243
ENG_MECH,JAZ,M2,mnc,M,True,1,1160.741367130955,0.07580960737619773,580.3706835654775
DESIGN,MAD,IC2,private,M,True,1,1160.1018449043258,0.10213557702893668,580.0509224521629
EDU,ASR,IC4,private,F,True,1,1158.7364826629237,0.18252877689925456,579.3682413314618
DESIGN,EST,IC3,mnc,F,False,1,1154.332833404349,0.19725711106856364,577.1664167021745
EDU,JED,IC2,private,F,True,3,1153.6089521221538,0.21456644235783218,576.8044760610769
HR,NJR,IC3,mnc,F,True,1,1150.1936398964972,0.11802353505083366,575.0968199482486
OPS,JED,IC2,private,F,True,1,1149.717767137343,0.2874294417843357,574.8588835686714
HEALTH,RUH,IC1,semigov,M,False,1,1149.2122953185285,0.3692414422876944,574.6061476592643
ENG_ELEC,ASR,IC1,semigov,M,True,1,1145.854933246118,0.195484676265756,572.927466623059
SALES,MAD,IC4,public,M,True,2,1145.5191533030697,0.17589709649750052,572.7595766515349
OPS,JAZ,IC4,public,M,False,1,1139.3672889676873,0.22224141583348528,569.6836444838436
OPS,EST,IC4,private,M,False,1,1136.895194086177,0.08021092366674454,568.4475970430885
EDU,JED,IC3,private,F,True,4,1135.907729258034,0.21060502494124808,567.953864629017
ENG_CIVIL,ASR,IC3,public,F,True,1,1135.8528485058323,0.1449335399379145,567.9264242529161
OPS,RUH,IC5,public,M,False,1,1132.176105184968,0.07033429718482731,566.088052592484
HEALTH,RUH,IC3,public,M,False,1,1130.227996343101,0.14576251903469237,565.1139981715505
HEALTH,HAI,IC2,private,F,False,1,1129.355303595622,0.20859674691370653,564.677651797811
EDU,JAZ,IC4,mnc,M,True,1,1128.0158298365586,0.13218723799773816,564.0079149182793
HEALTH,BAH,IC3,private,M,False,1,1126.2876049147571,0.1325282791978741,563.1438024573786
SUPPLY,ASR,IC3,startup,M,True,1,1120.2247831855375,0.14917176787478711,560.1123915927687
SALES,MAK,IC4,private,M,False,1,1116.6300656502553,0.1260502568292605,558.3150328251277
SWE,ASR,M1,public,M,False,1,1114.7976732225488,0.07942377554561561,557.3988366112744
DATA,RUH,IC4,pif_backed,F,True,1,1114.177195140106,0.04684178089605368,557.088597570053
DATA,JED,D1,semigov,M,True,1,1113.5965991415724,0.022944092952325596,556.7982995707862
ENG_CIVIL,RUH,M1,private,M,True,1,1110.4600840353087,0.08792777422180993,555.2300420176543
PM,RUH,M1,pif_backed,M,True,1,1110.1853917752378,0.044914046111143205,555.0926958876189
HR,MAD,IC3,semigov,F,False,1,1108.5881753916346,0.11100034297645844,554.2940876958173
ENG_MECH,JAZ,IC5,mnc,F,False,1,1108.0028431433166,0.11924356330098446,554.0014215716583
OPS,ASR,IC2,private,M,False,1,1107.674845818663,0.13153268036353846,553.8374229093315
DESIGN,MAK,IC3,private,F,False,1,1107.174055177411,0.10443806675414795,553.5870275887055
ENG_CIVIL,JED,IC3,public,M,False,1,1105.9461647157013,0.1502338062508594,552.9730823578507
PM,MAD,IC4,private,F,True,1,1104.9073370535061,0.08116095140758159,552.4536685267531
ENG_ELEC,RUH,IC2,private,M,True,3,1103.8342229002862,0.1320341798830267,551.9171114501431
CUSTOMER,NOR,IC1,semigov,F,False,1,1102.3835704963053,0.4875020764679919,551.1917852481527
MARKETING,EST,IC4,mnc,M,True,2,1101.1050985179672,0.06551116790658353,550.5525492589836
SALES,EST,IC1,pif_backed,M,False,1,1095.8050965524435,0.15687122197395753,547.9025482762218
ENG_ELEC,RUH,IC1,semigov,M,True,1,1094.9449960508073,0.20474298248860437,547.4724980254036
HR,TAB,IC3,private,M,False,2,1093.628876245964,0.2280426887586961,546.814438122982
DESIGN,QAS,IC3,private,M,False,1,1092.863424932977,0.09974421264627881,546.4317124664885
SWE,EST,M1,mnc,F,False,1,1090.9079519910774,0.04139730352138544,545.4539759955387
SUPPLY,RUH,IC2,mnc,M,False,1,1090.2016854535173,0.22122329790090162,545.1008427267586
SALES,TAB,M1,private,M,False,1,1086.7258281245631,0.06532924315129689,543.3629140622816
ENG_MECH,RUH,IC2,startup,M,True,1,1084.5248062139126,0.10081550452278151,542.2624031069563
OPS,RUH,IC2,startup,F,True,1,1084.2567764432451,0.11790231175636595,542.1283882216226
EDU,RUH,IC5,private,F,False,1,1078.2079329266235,0.06778645305226179,539.1039664633117
ENG_MECH,EST,IC2,mnc,M,False,1,1077.9455301215748,0.21412747190111794,538.9727650607874
FIN,RUH,IC3,private,F,False,2,1077.6154155061977,0.10109417904840529,538.8077077530988
EDU,TAB,IC4,mnc,F,True,1,1077.0405507584583,0.10100357867042829,538.5202753792291
DATA,ASR,IC3,mnc,F,False,1,1072.9815833540379,0.0834667359009613,536.4907916770189
SWE,EST,IC5,private,M,False,1,1072.239576950382,0.0738617246131483,536.119788475191
FIN,RUH,M1,public,F,False,1,1069.0993876759858,0.04865835080711128,534.5496938379929
ENG_CIVIL,MAK,IC3,private,M,False,1,1068.070358283503,0.2004802120076551,534.0351791417515
SUPPLY,ASR,IC3,private,M,False,1,1067.337046003534,0.21260974150348175,533.668523001767
SALES,RUH,IC2,private,M,False,1,1067.281073123977,0.28869856747031325,533.6405365619885
HR,RUH,M2,public,M,True,1,1065.8080860694135,0.060835739388325975,532.9040430347068
CUSTOMER,EST,IC2,private,F,True,3,1061.878869882992,0.2547337297970611,530.939434941496
CUSTOMER,RUH,IC1,private,F,True,2,1061.429986380842,0.20473255038949129,530.714993190421
SWE,RUH,IC4,public,F,True,1,1061.1252673176477,0.06721691888411852,530.5626336588239
HR,JED,IC3,public,M,True,2,1059.2689636955806,0.11662574778387719,529.6344818477903
EDU,TAB,M1,public,M,True,1,1054.9713255459665,0.0867156500559324,527.4856627729832
HR,EST,IC3,semigov,F,True,2,1044.638381585206,0.08303649719918288,522.319190792603
ENG_ELEC,RUH,M1,private,F,True,1,1040.9805157191095,0.06972076449941828,520.4902578595547
CUSTOMER,EST,IC3,public,F,False,1,1039.2853881465603,0.43102592004220336,519.6426940732802
FIN,EST,IC2,pif_backed,F,True,1,1038.9667009354998,0.08401345721487674,519.4833504677499
ENG_MECH,EST,IC3,private,M,True,1,1037.8815612461112,0.07849317955935278,518.9407806230556
EDU,MAK,IC4,pif_backed,F,True,1,1034.490562307683,0.09693547686296158,517.2452811538415
DATA,EST,IC3,semigov,M,True,1,1034.3126942698746,0.07888814269020859,517.1563471349373
SUPPLY,EST,M3,public,M,True,1,1032.0414602657129,0.07681120239427816,516.0207301328564
ENG_ELEC,EST,IC2,private,M,False,1,1024.8151637846322,0.12527659506292246,512.4075818923161
LEGAL,MAK,IC4,public,F,True,1,1022.102275612704,0.07615069740299238,511.051137806352
SALES,JAZ,IC3,public,F,False,1,1017.5541979346535,0.14174926662552376,508.77709896732676
CUSTOMER,EST,IC3,private,M,False,1,1016.1174790472169,0.17146073717014784,508.05873952360844
ENG_CIVIL,RUH,M3,pif_backed,M,False,1,1014.9765276989783,0.04836090974449499,507.48826384948916
ENG_CIVIL,JED,IC6,private,M,True,1,1014.8640213890976,0.03310306025430789,507.4320106945488
ENG_ELEC,EST,IC3,private,M,True,2,1013.9004751317989,0.0795972997140808,506.95023756589944
OPS,EST,IC3,semigov,M,False,1,1013.6101202382106,0.12412033775655103,506.8050601191053
ENG_CIVIL,MAK,IC3,private,M,True,1,1010.4367545199102,0.17938190668359882,505.2183772599551
ENG_ELEC,EST,IC2,pif_backed,M,False,2,1010.052277281869,0.23310567543878868,505.0261386409345
LEGAL,RUH,IC4,mnc,M,False,1,1003.6222672750446,0.04913392208240983,501.8111336375223
HR,RUH,IC3,pif_backed,F,False,1,1003.0794596105407,0.06148637259816295,501.5397298052703
HR,ASR,IC4,semigov,F,False,1,1000.6297729769503,0.08249636609430576,500.31488648847517
EDU,EST,IC4,pif_backed,F,True,1,996.6821069909656,0.07482800638688175,498.3410534954828
MARKETING,JED,IC3,pif_backed,M,True,1,995.6553878303894,0.06791373251897702,497.8276939151947
OPS,MAD,IC2,mnc,F,True,1,995.4092636573087,0.1881641900938371,497.7046318286543
SUPPLY,EST,M2,private,F,False,1,992.6137052688391,0.04566525179345381,496.30685263441956
EDU,EST,IC5,semigov,M,False,1,991.4368399506893,0.06434746860796749,495.71841997534466
ENG_ELEC,RUH,M1,semigov,M,True,1,990.8351877522982,0.04916508111862457,495.4175938761491
ENG_MECH,EST,IC2,semigov,M,False,1,989.2673862673037,0.09414869248320758,494.63369313365183
ENG_MECH,JED,IC4,mnc,M,True,1,984.4837626993394,0.04594931176174011,492.2418813496697
HR,MAD,IC4,startup,F,False,1,979.3649867676231,0.08594977162622562,489.68249338381156
PM,JED,IC4,mnc,M,True,1,978.7438175498537,0.04430693856925161,489.37190877492685
EDU,JED,D1,semigov,F,False,1,974.6905996147871,0.03526740635755811,487.34529980739353
OPS,MAK,IC3,private,M,True,1,972.6223887292863,0.1398754278397303,486.31119436464314
CUSTOMER,RUH,IC2,private,F,False,2,969.9200585365473,0.4918783233759691,484.9600292682737
HEALTH,ASR,D1,startup,F,False,1,960.8829359914453,0.03957643263717192,480.44146799572263
SUPPLY,ASR,IC3,private,M,True,1,955.8700352703472,0.11977315629769772,477.9350176351736
HR,RUH,M1,public,F,True,3,955.0755359907367,0.05919442863847011,477.53776799536837
SALES,TAB,M1,private,F,True,1,954.9754820033068,0.092340518222811,477.4877410016534
SALES,RUH,IC3,semigov,F,False,1,953.353141585746,0.1651391282542696,476.676570792873
ENG_CIVIL,NOR,IC6,private,M,False,1,952.1231715874565,0.06314224476043247,476.0615857937282
EDU,NJR,IC4,semigov,F,True,1,950.6996595243309,0.10241076994186604,475.3498297621654
ENG_ELEC,MAD,IC1,private,M,False,1,943.4899937380451,0.16414916310667896,471.74499686902254
PM,JED,IC1,private,F,True,1,937.3925341754448,0.10826481944849005,468.6962670877224
SWE,MAK,IC3,semigov,M,False,1,935.3593185169684,0.06712933318575111,467.6796592584842
EDU,TAB,IC3,private,F,True,1,934.5735102593826,0.15906551217949122,467.2867551296913
EDU,RUH,IC3,private,F,False,1,934.0123729601055,0.1232258318240487,467.00618648005275
OPS,EST,IC4,semigov,M,True,1,931.4532626467771,0.04674855456890436,465.7266313233886
CUSTOMER,JED,M3,private,F,True,1,930.7434521478899,0.03274333764336687,465.37172607394496
EDU,RUH,IC5,private,M,True,1,920.2479537969521,0.060715828428791085,460.12397689847603
OPS,ASR,M3,private,M,False,1,917.7463781917795,0.061865050957843934,458.87318909588976
DATA,EST,M1,semigov,F,True,1,916.6058483576344,0.04088899989238644,458.3029241788172
CUSTOMER,EST,IC2,private,M,True,1,914.7740827927,0.1065832373411576,457.38704139635
DESIGN,HAI,IC2,semigov,F,True,1,909.560981534506,0.18639499595973277,454.780490767253
HEALTH,RUH,M1,mnc,F,False,1,906.2948230054208,0.05050127231867085,453.1474115027104
ENG_MECH,HAI,IC3,mnc,M,False,1,905.6650295071358,0.09173186455805918,452.8325147535679
FIN,EST,IC2,public,M,True,1,904.1987952779164,0.140078140728667,452.0993976389582
SALES,EST,IC1,private,F,True,1,900.9353635138632,0.1468584325794597,450.4676817569316
FIN,MAD,M1,public,M,True,1,899.4966428898733,0.06448138655856454,449.74832144493666
PM,JED,IC4,public,F,False,1,891.5548642309222,0.07373517544674003,445.7774321154611
ENG_CIVIL,TAB,IC3,private,M,False,1,890.8677254976819,0.18433093567481804,445.43386274884097
EDU,RUH,IC2,public,F,True,1,889.1162395281235,0.19881981308643024,444.55811976406176
HR,RUH,IC3,public,F,True,1,886.2346983921452,0.047716369454758455,443.1173491960726
FIN,RUH,IC3,public,F,False,1,884.2875251838468,0.06820990443566148,442.1437625919234
MARKETING,MAD,IC1,private,F,False,1,883.6731936934921,0.1515393957264306,441.83659684674603
HEALTH,MAD,IC6,mnc,F,True,1,883.5378631857202,0.03396273612164559,441.7689315928601
HEALTH,JED,IC3,private,F,False,1,881.1925180064154,0.08951615134233873,440.5962590032077
SUPPLY,QAS,IC3,public,F,False,1,880.6130903394542,0.12778935970435243,440.3065451697271
SUPPLY,MAK,IC4,private,M,False,1,879.4571946841461,0.08254977112880889,439.72859734207304
ENG_ELEC,EST,IC4,private,M,True,1,878.0863028650692,0.07910494995752979,439.0431514325346
SUPPLY,EST,IC5,private,M,False,1,878.0570661599868,0.08535764923591271,439.0285330799934
OPS,NOR,M3,private,M,False,1,869.5648525512843,0.04137707346018268,434.78242627564214
ENG_ELEC,TAB,IC4,public,M,False,1,860.8591973139901,0.10504290836026826,430.42959865699504
OPS,EST,IC5,semigov,M,False,1,859.8766725925561,0.037945590248550855,429.93833629627807
CUSTOMER,RUH,IC4,pif_backed,F,False,1,856.4668344056472,0.1071094990865197,428.2334172028236
CUSTOMER,NJR,IC5,public,F,True,1,854.4920257829226,0.1423766586382237,427.2460128914613
CUSTOMER,JED,IC6,public,F,True,1,851.7038073141011,0.03681566088566842,425.85190365705057
HEALTH,NJR,IC3,pif_backed,F,True,1,851.1960318501442,0.12055303279677318,425.5980159250721
ENG_MECH,TAB,M2,public,M,True,1,850.3069251893448,0.04963081726980459,425.1534625946724
CUSTOMER,JAZ,IC3,private,M,True,1,849.015596610916,0.08445286160737164,424.507798305458
FIN,TAB,IC3,private,F,False,1,847.8467810900529,0.13220895613862196,423.92339054502645
SWE,RUH,IC2,private,F,True,1,840.41338275206,0.07151821309025073,420.20669137603
EDU,NJR,M2,private,F,False,1,840.0548209418412,0.08179688441801333,420.0274104709206
ENG_CIVIL,TAB,IC3,mnc,M,True,1,839.0988383938802,0.061302546743631406,419.5494191969401
SALES,MAK,IC3,semigov,M,True,1,839.0175757811594,0.07656918604564117,419.5087878905797
HR,ASR,IC1,public,F,True,1,836.1913336355246,0.20904783340888117,418.0956668177623
EDU,EST,IC4,private,F,False,1,836.0808363546803,0.09502635548407955,418.04041817734014
DATA,TAB,IC4,semigov,M,True,1,836.024230291403,0.0544594006051204,418.0121151457015
DATA,NJR,M2,mnc,M,True,1,835.4817568510189,0.029275847821521667,417.74087842550944
MARKETING,JAZ,D1,pif_backed,F,False,1,832.6005718126762,0.02922441187272248,416.3002859063381
HEALTH,EST,IC1,private,F,False,1,827.4810287835317,0.156869631008298,413.7405143917658
CUSTOMER,EST,IC2,startup,M,False,1,822.2460331154634,0.09515987550927281,411.1230165577317
EDU,JED,IC2,public,F,True,1,821.1491235212807,0.20528728088032017,410.57456176064034
SALES,RUH,IC3,private,F,True,1,817.0151979683851,0.06418760958383989,408.50759898419255
SUPPLY,TAB,IC3,public,M,True,1,812.2175065492356,0.11248443803299615,406.1087532746178
HEALTH,MAK,IC5,private,F,True,1,810.0723127372203,0.061549894100872055,405.03615636861014
SALES,MAD,IC5,private,F,False,2,809.8667685241335,0.07672387456976454,404.93338426206674
HEALTH,MAK,M1,private,M,True,1,809.2640762543688,0.04896769224768046,404.6320381271844
HR,MAK,IC3,public,F,False,1,808.2106357276725,0.14255337492308404,404.10531786383626
DATA,BAH,IC2,semigov,M,True,1,806.571163914783,0.08003556023072649,403.2855819573915
ENG_ELEC,EST,M2,public,F,True,1,805.7416400736984,0.02488158589366037,402.8708200368492
LEGAL,RUH,IC3,private,F,True,1,805.3940626887616,0.07988879194725769,402.6970313443808
FIN,RUH,IC5,private,F,True,1,804.0353768562709,0.032793944679223704,402.01768842813544
CUSTOMER,NJR,IC2,semigov,M,False,1,802.7002306106428,0.3279392700159099,401.3501153053214
EDU,TAB,IC2,private,M,False,1,801.7317555725167,0.2663843849088663,400.86587778625835
ENG_CIVIL,QAS,M4,private,M,False,1,794.803589692423,0.04545625853973418,397.4017948462115
PM,EST,IC6,public,F,False,1,792.0278609125926,0.036305639686196114,396.0139304562963
HEALTH,RUH,SVP,private,F,True,1,790.5563406502406,0.012306639050444138,395.2781703251203
SALES,RUH,M3,mnc,F,False,1,785.6136775616906,0.02299588410000139,392.8068387808453
FIN,EST,IC4,public,F,False,1,784.9097642741854,0.06941472365113767,392.4548821370927
FIN,JAZ,IC6,private,M,False,1,784.8037406453896,0.0621724723853811,392.4018703226948
SALES,RUH,IC5,private,F,False,1,784.6448416136427,0.06444509762419655,392.32242080682136
EDU,RUH,IC2,mnc,F,True,2,781.6788058167094,0.12389801954840676,390.8394029083547
HR,JED,IC2,semigov,F,False,1,781.0733576016141,0.1951044516610083,390.53667880080707
EDU,RUH,IC1,public,M,True,1,776.11579138039,0.1940289478450975,388.057895690195
SALES,RUH,IC3,semigov,M,True,1,774.8546922060814,0.10228065163093406,387.4273461030407
FIN,JED,M2,private,F,True,1,773.6759006735156,0.024819769582260214,386.8379503367578
HR,RUH,IC5,private,F,True,1,769.1228528248248,0.036525305420782424,384.5614264124124
ENG_MECH,JED,IC3,private,M,True,1,767.7898161288831,0.07477450154984171,383.89490806444155
CUSTOMER,JED,IC2,mnc,M,True,1,761.4357198271323,0.19035892995678308,380.71785991356614
CUSTOMER,EST,IC6,private,M,True,1,758.926249097196,0.07231850000259152,379.463124548598
EDU,JED,IC6,private,F,True,1,757.3991058386273,0.047662142460425855,378.69955291931365
HR,RUH,IC2,mnc,F,True,1,755.1088896784095,0.10843189731018675,377.55444483920473
ENG_ELEC,RUH,IC1,mnc,M,True,1,752.0285991765641,0.18800714979414102,376.01429958828203
SWE,QAS,IC2,private,M,False,1,746.8323349605653,0.09611110917566096,373.41616748028264
CUSTOMER,RUH,IC1,pif_backed,F,True,1,742.2728083334323,0.1258044727786693,371.13640416671615
DESIGN,JAZ,IC3,pif_backed,M,False,1,741.8123423873694,0.07582365032850265,370.9061711936847
PM,RUH,IC1,private,M,False,2,740.4820831530149,0.3054183251666531,370.2410415765074
FIN,RUH,IC3,private,M,False,2,739.7345133991321,0.09844585868084288,369.86725669956604
ENG_CIVIL,JED,M4,private,M,False,1,735.648342765704,0.0391675234806387,367.824171382852
ENG_CIVIL,JED,M3,public,M,True,1,733.8886445534445,0.02957192950470964,366.94432227672223
SALES,ASR,IC3,private,M,False,1,733.8114559089609,0.07568140625253565,366.9057279544804
MARKETING,NOR,M3,mnc,F,False,1,733.0701915873542,0.06468450937459282,366.5350957936771
SWE,TAB,IC3,semigov,M,False,1,730.4604551568227,0.05723669734266482,365.23022757841136
SALES,RUH,IC2,private,M,True,1,729.6609854436429,0.06157554614139781,364.83049272182143
HEALTH,JED,IC3,public,F,True,2,728.5222660769023,0.08599992389232428,364.26113303845113
OPS,ASR,IC3,semigov,M,False,1,727.1204559087173,0.09963133686786269,363.56022795435865
OPS,JED,IC3,public,F,True,1,725.7916879453596,0.08992330635421858,362.8958439726798
SALES,JAZ,IC3,semigov,F,False,1,724.321767355159,0.07438569382679519,362.1608836775795
SALES,TAB,IC4,semigov,M,False,1,724.0041354262685,0.07236264024441927,362.00206771313424
HEALTH,JED,IC6,private,M,False,1,723.7028892063936,0.039053654942687546,361.8514446031968
SALES,BAH,IC4,startup,F,False,1,722.176559384533,0.1097237611439678,361.0882796922665
EDU,EST,IC3,private,F,True,2,721.5585848590026,0.0793194661936859,360.7792924295013
SUPPLY,RUH,IC2,private,F,False,1,721.5086883883969,0.20343270966523438,360.75434419419844
HEALTH,TAB,IC3,private,F,False,1,716.054476976452,0.09648600412277206,358.027238488226
SWE,TAB,IC5,public,M,False,1,715.7188759379387,0.035285193966718253,357.85943796896936
DESIGN,RUH,IC5,private,M,True,1,714.6112904706715,0.029788155225711595,357.30564523533576
SUPPLY,JED,M1,pif_backed,F,False,1,712.1082067090902,0.0399657316018093,356.0541033545451
MARKETING,EST,IC1,public,F,True,1,711.8010123822414,0.17795025309556037,355.9005061911207
FIN,HAI,IC3,mnc,M,False,1,711.0612288379734,0.15535632281574346,355.5306144189867
HEALTH,ASR,IC4,private,F,True,1,708.0137596370605,0.0633824591233213,354.00687981853025
HR,RUH,IC4,public,M,True,1,706.5812882413047,0.05381037078362987,353.29064412065236
ENG_ELEC,BAH,M5,private,F,False,1,705.8724557112,0.03106562261348703,352.9362278556
ENG_CIVIL,TAB,IC3,startup,M,False,1,704.9118078241327,0.12955175143243952,352.45590391206633
SALES,NOR,IC3,semigov,M,False,1,702.9022769880103,0.12024200176676143,351.45113849400514
OPS,JED,IC3,private,F,True,1,701.5566656024184,0.13844645931353042,350.7783328012092
FIN,TAB,IC4,private,F,False,1,699.6808245960692,0.07926741898528457,349.8404122980346
HR,RUH,D2,private,F,False,1,695.6805401107486,0.021120480581357674,347.8402700553743
DESIGN,HAI,IC1,private,F,True,1,693.9250514779364,0.17348126286948412,346.9625257389682
SWE,JED,IC4,private,M,True,1,680.1931047922117,0.03192251342792284,340.09655239610584
CUSTOMER,RUH,IC3,private,F,False,1,677.0877304657943,0.10214102240412046,338.54386523289713
MARKETING,EST,IC2,public,F,False,2,675.0371401442806,0.19215362044657508,337.5185700721403
DESIGN,MAK,IC3,public,F,False,1,673.2161372977589,0.07128544065753831,336.60806864887945
OPS,RUH,IC1,public,F,True,1,671.2776387282183,0.14102708422162943,335.63881936410917
ENG_ELEC,EST,IC4,pif_backed,M,True,1,668.0090905443685,0.0329732856121135,334.00454527218426
SALES,EST,IC3,semigov,M,False,1,666.9644122863047,0.041656324622281554,333.4822061431523
HEALTH,MAK,D1,public,F,True,1,662.8220862139824,0.021446395543840608,331.4110431069912
CUSTOMER,JED,IC3,mnc,M,False,1,658.8003729194479,0.11844603012199645,329.40018645972395
SALES,JED,IC2,startup,F,False,1,658.2641045793662,0.13251469650192174,329.1320522896831
HEALTH,RUH,IC3,startup,M,True,2,656.5683691191443,0.06049944696697601,328.28418455957217
MARKETING,RUH,M4,semigov,F,False,1,655.994156213208,0.019939207859680466,327.997078106604
PM,RUH,IC5,private,M,False,1,654.4170412725834,0.026731204448464056,327.2085206362917
SUPPLY,RUH,IC1,public,M,False,2,651.2544786459366,0.15823369420937922,325.6272393229683
ENG_ELEC,RUH,M1,private,M,True,1,650.9657380378503,0.04278632776958122,325.48286901892516
SALES,RUH,IC4,pif_backed,F,False,1,647.546832709626,0.0438736984654887,323.773416354813
SALES,EST,M3,mnc,F,False,1,646.3145945115175,0.016323124253511553,323.15729725575875
HEALTH,JED,IC2,private,M,False,1,645.3651377682663,0.0964100678474724,322.68256888413316
MARKETING,RUH,IC1,private,F,False,1,644.0518587268907,0.35780658818160593,322.02592936344536
EDU,ASR,IC4,mnc,F,True,1,643.665981822187,0.06903243117275396,321.8329909110935
SUPPLY,EST,IC3,startup,F,True,1,634.5462357693414,0.04521125088665602,317.2731178846707
HEALTH,EST,M1,pif_backed,F,True,1,622.7423848288381,0.03202814215622818,311.37119241441906
HR,JED,IC4,private,F,True,1,621.3338867560087,0.07766838629770992,310.66694337800436
SWE,MAD,IC4,mnc,M,False,1,620.8814914970408,0.046207472563972785,310.4407457485204
ENG_CIVIL,JED,M1,public,M,True,1,617.812139944801,0.04589863420776271,308.9060699724005
EDU,RUH,IC6,semigov,M,True,1,615.0457750067435,0.022243117443119485,307.52288750337175
FIN,EST,IC5,private,F,False,1,612.221540823688,0.019543353492850517,306.110770411844
CUSTOMER,RUH,IC1,private,M,False,1,609.42818244911,0.14141144615153342,304.714091224555
DESIGN,RUH,IC1,public,F,True,1,608.9754896916438,0.15224387242291096,304.4877448458219
CUSTOMER,NJR,IC5,pif_backed,M,True,1,607.9227460405164,0.03495468228253851,303.9613730202582
SALES,EST,IC3,startup,M,True,1,604.835070311623,0.0415825670185504,302.4175351558115
ENG_ELEC,TAB,IC2,semigov,M,True,1,603.7840679251103,0.08367040748828476,301.89203396255516
ENG_MECH,HAI,IC1,private,M,True,1,602.1761752802331,0.1505440438200583,301.08808764011656
CUSTOMER,HAI,IC2,semigov,F,True,1,599.877652487754,0.14996941312193848,299.938826243877
MARKETING,JED,IC3,private,F,True,1,598.5578380549377,0.06457666057697341,299.2789190274689
PM,QAS,IC6,private,M,False,1,598.5294820693562,0.03039337716345277,299.2647410346781
LEGAL,ASR,IC4,private,M,False,1,598.0675117402989,0.05085136766577748,299.03375587014943
FIN,RUH,IC4,public,F,False,1,596.3387144848066,0.07104175674689744,298.1693572424033
ENG_CIVIL,EST,IC3,private,F,False,1,595.9096701399012,0.08996370261883896,297.9548350699506
SWE,TAB,M1,public,F,True,1,591.9620254956699,0.037425753826154436,295.98101274783494
CUSTOMER,EST,IC1,mnc,F,False,1,591.2322551443576,0.22909585508864103,295.6161275721788
SWE,RUH,M1,public,M,True,1,588.8567295454523,0.02216954186151441,294.4283647727261
PM,EST,IC6,private,M,True,1,587.6575084353681,0.016536562556043726,293.82875421768404
FIN,NJR,IC2,startup,F,True,1,586.533072244265,0.05731348977398016,293.2665361221325
CUSTOMER,EST,IC1,private,F,True,2,584.0040995819418,0.14600102489548544,292.0020497909709
EDU,ASR,IC4,public,M,False,1,583.6283951255546,0.0700603208651662,291.8141975627773
SALES,RUH,IC4,public,F,True,1,583.1850000626146,0.028147828167501963,291.5925000313073
SALES,MAD,IC3,public,M,True,2,580.5995403561719,0.04786621355244272,290.29977017808596
HEALTH,MAK,IC4,pif_backed,F,True,1,576.6617787399955,0.04096412213899852,288.33088936999775
FIN,MAK,M2,semigov,M,True,1,574.5884816311263,0.019820544983850254,287.29424081556317
HEALTH,EST,IC4,semigov,F,False,1,574.4912093002367,0.03900604751004102,287.24560465011837
ENG_MECH,MAK,IC5,public,M,False,1,566.9722710016722,0.02129406936804119,283.4861355008361
MARKETING,RUH,IC2,public,M,True,1,566.8716836243129,0.05955798222147062,283.43584181215647
LEGAL,NJR,IC3,private,F,True,1,566.3465796760593,0.06452224423654683,283.17328983802963
OPS,RUH,IC4,semigov,F,False,1,564.2745552522556,0.04504650187341032,282.1372776261278
OPS,RUH,IC3,startup,F,False,1,563.1096352522818,0.09685774749857783,281.5548176261409
ENG_MECH,JAZ,IC1,public,M,True,1,562.3230722291864,0.1405807680572966,281.1615361145932
OPS,JAZ,M1,mnc,M,False,1,562.0833185206993,0.04060802724240838,281.04165926034966
ENG_ELEC,QAS,IC4,private,M,False,1,561.7909732630942,0.03506212569662562,280.8954866315471
HEALTH,TAB,IC4,mnc,M,False,1,561.2666975870743,0.047123530720443764,280.63334879353715
ENG_MECH,EST,IC1,private,F,True,1,560.947702541499,0.14023692563537474,280.4738512707495
SWE,RUH,M3,startup,M,False,1,559.9427180105631,0.013949111375880893,279.97135900528156
SALES,RUH,IC3,public,F,False,1,559.3368944076701,0.11244851279566201,279.66844720383506
HEALTH,EST,IC2,private,M,False,1,558.8152494949018,0.07043200176136981,279.4076247474509
HR,RUH,IC4,private,F,False,1,557.3645255094616,0.04203406269231669,278.6822627547308
OPS,QAS,IC3,pif_backed,F,True,1,556.8930169774758,0.0350230439914492,278.4465084887379
CUSTOMER,JED,IC1,public,M,True,1,553.5534690516524,0.13838836726291312,276.7767345258262
SALES,RUH,M2,private,F,False,1,548.8198178883304,0.035763076731337,274.4099089441652
ENG_MECH,MAD,IC5,semigov,F,True,1,546.9171036644366,0.03198504625460544,273.4585518322183
FIN,NJR,IC2,private,M,True,1,545.1389026524375,0.1362847256631094,272.56945132621877
PM,NJR,M4,public,M,True,1,543.7253504507607,0.01757013347284821,271.86267522538037
CUSTOMER,JED,IC4,public,M,False,2,541.3163826459645,0.06378166729464435,270.65819132298225
LEGAL,MAK,IC2,public,F,True,1,535.1513188952995,0.05575549936501498,267.57565944764974
EDU,RUH,IC2,public,F,False,1,529.0501658026042,0.10515450000747424,264.5250829013021
ENG_ELEC,RUH,M1,public,M,True,1,528.4066120718471,0.03935098585287556,264.20330603592356
FIN,MAK,IC5,public,F,False,1,525.4867167523043,0.0347907448818776,262.7433583761522
CUSTOMER,RUH,IC1,pif_backed,M,True,1,523.7332353364291,0.13093330883410725,261.86661766821453
ENG_CIVIL,EST,IC3,semigov,M,True,1,521.0888902650913,0.05640820997433283,260.54444513254566
ENG_ELEC,MAK,M1,mnc,M,True,1,518.0079557996833,0.032606883836907866,259.00397789984163
ENG_MECH,EST,IC2,private,M,True,2,517.5505686625697,0.042524017076316034,258.77528433128487
CUSTOMER,QAS,IC5,semigov,M,False,1,516.2215234444502,0.054406285175743335,258.1107617222251
EDU,JAZ,IC2,private,F,True,1,514.2941373338299,0.12857353433345747,257.14706866691495
CUSTOMER,RUH,IC5,public,M,False,1,512.2964362918301,0.057786374626137726,256.14821814591505
ENG_ELEC,JED,IC3,mnc,M,False,1,512.2611507323718,0.07115429982531243,256.1305753661859
EDU,NJR,M1,mnc,F,True,1,511.52460164947297,0.04449042015979886,255.76230082473649
DESIGN,EST,IC1,private,M,True,1,511.17487545511904,0.12779371886377977,255.58743772755952
HR,JED,M1,private,M,False,1,510.89046247792794,0.0591996327303867,255.44523123896397
HR,EST,IC4,private,F,False,1,509.92622030578605,0.06654359370508128,254.96311015289302
HEALTH,RUH,M2,private,F,True,2,504.2717303988011,0.023272118284267566,252.13586519940054
EDU,RUH,IC2,public,M,True,1,502.2189811809185,0.07528120427100786,251.10949059045925
SALES,TAB,IC2,public,F,False,1,501.25118797298273,0.09969572994464443,250.62559398649137
SUPPLY,RUH,IC4,public,M,True,1,500.15963153942903,0.06906698623512138,250.07981576971451
ENG_ELEC,ASR,D1,private,M,False,1,498.2037479488572,0.025379569852072004,249.1018739744286
SALES,NOR,IC1,public,M,True,1,495.63528712165817,0.12390882178041454,247.81764356082908
PM,RUH,IC5,semigov,F,True,1,495.06474214367336,0.021986812397682465,247.53237107183668
SUPPLY,RUH,IC5,private,M,True,1,490.93926756905785,0.031312378502449036,245.46963378452892
CUSTOMER,JED,IC2,private,M,False,3,490.26540550289565,0.11882302515439946,245.13270275144782
ENG_ELEC,RUH,IC2,private,M,False,1,485.01407811306854,0.08025954988326604,242.50703905653427
ENG_ELEC,JED,IC4,semigov,M,False,1,482.04526468285076,0.03889444173827715,241.02263234142538
EDU,JED,M1,startup,M,True,1,478.4052158692193,0.03574536308115239,239.20260793460966
HR,NJR,IC4,private,F,True,2,477.17464791003476,0.06261292604658719,238.58732395501738
DATA,EST,IC1,public,M,True,1,474.383205929169,0.11859580148229225,237.1916029645845
HEALTH,BAH,IC4,private,F,True,1,474.1924701433254,0.05009518131461535,237.0962350716627
HEALTH,RUH,M1,public,F,False,1,472.99725057670366,0.031254732877969954,236.49862528835183
HEALTH,QAS,IC4,private,F,True,1,471.1806802999672,0.04993399585844183,235.5903401499836
CUSTOMER,MAD,M2,semigov,M,False,1,470.6201519726201,0.026852179091265544,235.31007598631004
EDU,RUH,IC5,private,M,False,1,464.03401551301795,0.03723726306222083,232.01700775650897
EDU,RUH,IC2,private,F,False,2,462.46799118969875,0.09565584341059914,231.23399559484938
SALES,EST,M3,private,M,False,1,461.98278850401584,0.040948406498454264,230.99139425200792
DATA,EST,IC3,private,F,True,1,453.7736048689185,0.02611667690380921,226.88680243445924
FIN,EST,M1,mnc,F,False,1,453.03148009090364,0.03172404936639667,226.51574004545182
OPS,MAK,IC2,private,F,False,1,450.5865841738746,0.11158242863040616,225.2932920869373
DATA,RUH,IC2,mnc,F,True,1,447.2927263034817,0.032222961326305234,223.64636315174084
ENG_MECH,JED,IC4,private,M,False,1,446.7234566676525,0.01626188659531952,223.36172833382625
HR,RUH,IC1,private,F,False,1,446.70840115776286,0.18209954798327133,223.35420057888143
CUSTOMER,EST,IC1,pif_backed,F,True,1,445.385574895271,0.11134639372381776,222.6927874476355
SALES,NJR,M2,semigov,M,False,1,443.6094352363107,0.04101619580437195,221.80471761815534
EDU,MAK,IC1,private,M,False,1,442.8156164666434,0.09165368557077523,221.4078082333217
SALES,RUH,IC1,startup,F,True,1,441.5289329542502,0.08753877187171011,220.7644664771251
PM,NJR,IC1,public,F,False,1,441.2241401792826,0.07004547311910454,220.6120700896413
ENG_CIVIL,EST,IC2,startup,M,False,1,440.28634833484557,0.07579030555213401,220.14317416742279
DATA,NJR,IC3,semigov,M,True,1,438.8557907827053,0.040224394880630426,219.42789539135265
ENG_CIVIL,MAD,IC3,public,F,True,1,436.9057376877472,0.0665157034811428,218.4528688438736
HEALTH,TAB,IC4,semigov,F,False,1,436.3657534769827,0.034316571901532866,218.18287673849136
SALES,RUH,M1,private,M,True,1,435.657001774729,0.018215164263092276,217.8285008873645
DATA,JED,IC3,private,F,False,1,435.4400113525153,0.037227308633609325,217.72000567625764
EDU,EST,IC4,private,F,True,1,433.8334713982913,0.046482622476041686,216.91673569914565
EDU,EST,IC1,public,F,False,1,429.57905382169747,0.23865502990094303,214.78952691084874
SUPPLY,ASR,IC5,pif_backed,M,False,1,429.1958966788716,0.03565789500750398,214.5979483394358
OPS,RUH,IC4,public,F,True,1,427.43083297157136,0.023116464883872825,213.71541648578568
ENG_ELEC,RUH,IC2,public,M,True,1,426.1169412096806,0.040822133435425866,213.0584706048403
FIN,MAK,IC2,pif_backed,F,False,1,425.98421128567315,0.06393720882511372,212.99210564283658
ENG_CIVIL,EST,IC2,public,M,True,1,424.35332241922606,0.06755992103650389,212.17666120961303
HR,EST,IC3,public,F,False,1,418.5006063485762,0.04325668140064375,209.2503031742881
SWE,JED,IC1,public,M,True,1,414.14980594560075,0.10353745148640019,207.07490297280037
EDU,NJR,IC4,private,M,False,1,413.7817565217765,0.05616860507871506,206.89087826088826
FIN,EST,IC2,public,F,True,1,412.04229109301014,0.06285731802126711,206.02114554650507
CUSTOMER,RUH,IC5,pif_backed,F,False,1,411.9026164465977,0.015941891861582284,205.95130822329884
HEALTH,JAZ,IC4,pif_backed,F,False,1,411.70965000156684,0.031934513675327916,205.85482500078342
FIN,JAZ,IC2,private,F,False,1,410.5487362777171,0.1095144155819359,205.27436813885856
HEALTH,EST,IC5,semigov,M,False,1,406.5610480071264,0.020117950583438182,203.2805240035632
EDU,RUH,IC4,startup,M,False,1,405.72778684602235,0.04039359270735242,202.86389342301118
OPS,RUH,IC2,semigov,M,False,2,404.3172258736595,0.08798776906211409,202.15861293682974
EDU,JAZ,M3,semigov,F,False,1,398.7628156627743,0.02630670459082757,199.38140783138715
DESIGN,RUH,IC4,public,M,False,1,398.15462139660303,0.02712993746161058,199.07731069830152
ENG_CIVIL,RUH,IC2,semigov,M,True,1,397.83875356720273,0.06792360679975804,198.91937678360136
SWE,MAD,IC3,semigov,M,False,1,397.83522325766717,0.028870522544856173,198.91761162883358
EDU,TAB,M1,private,F,True,1,395.9749941135542,0.03661911991240026,197.9874970567771
DESIGN,JAZ,IC2,semigov,M,False,1,393.3872571547363,0.04682356646147302,196.69362857736814
PM,JED,M1,pif_backed,M,True,1,392.39084054694104,0.0159351775854126,196.19542027347052
HR,RUH,IC1,private,M,True,1,389.86570241340314,0.09746642560335078,194.93285120670157
HEALTH,JED,IC3,mnc,M,False,1,389.34151149757236,0.03520601065178632,194.67075574878618
ENG_CIVIL,JED,IC3,public,M,True,1,388.21733839748595,0.03200778791685651,194.10866919874297
SUPPLY,EST,IC3,semigov,M,False,2,386.859597131142,0.039362122629086664,193.429798565571
MARKETING,JED,IC1,mnc,M,True,1,386.0983737517181,0.048148785956073324,193.04918687585905
MARKETING,HAI,IC5,semigov,F,False,1,385.63049677050003,0.020820458627767092,192.81524838525002
ENG_CIVIL,RUH,M3,private,M,True,1,383.70659442200486,0.020252120283071155,191.85329721100243
PM,JED,IC6,public,M,False,1,381.4447484661541,0.01244407100007582,190.72237423307706
SUPPLY,QAS,IC5,startup,M,True,1,381.12673804318183,0.01729389057302614,190.56336902159092
OPS,ASR,IC3,private,M,False,1,379.70960074281084,0.06016335764568858,189.85480037140542
EDU,EST,IC2,public,F,False,1,371.55017408128606,0.08830139007338508,185.77508704064303
MARKETING,JED,M1,mnc,F,False,1,369.66795358395393,0.03135439076572193,184.83397679197697
DATA,RUH,M3,semigov,M,True,1,368.2822783765514,0.010828608613452449,184.1411391882757
ENG_CIVIL,JAZ,IC2,private,M,False,1,366.0876873924417,0.07799255357879657,183.04384369622085
DESIGN,NJR,M2,pif_backed,M,True,1,365.9781079352142,0.03244196290360652,182.9890539676071
SWE,TAB,IC3,public,F,False,1,364.58269382756407,0.042822306456839626,182.29134691378204
DATA,RUH,IC4,private,M,False,1,364.51096205227077,0.013170133205921242,182.25548102613539
EDU,RUH,IC2,pif_backed,M,True,1,363.24270164865084,0.04726977583963621,181.62135082432542
SALES,BAH,IC1,mnc,M,False,1,360.90393783374475,0.11563320031454986,180.45196891687237
CUSTOMER,RUH,IC2,public,M,True,1,360.5737447494407,0.09014343618736018,180.28687237472036
CUSTOMER,RUH,IC2,public,F,True,1,360.2213331961666,0.04704851812425279,180.1106665980833
ENG_ELEC,TAB,IC1,private,M,True,1,359.5301984715643,0.061672372835483984,179.76509923578215
CUSTOMER,RUH,M5,private,F,True,1,354.7453391000854,0.018275847029026154,177.3726695500427
OPS,RUH,IC1,private,M,True,2,351.0850404036048,0.0877712601009012,175.5425202018024
HR,QAS,IC3,public,F,True,1,349.4144957749113,0.051435844876709436,174.70724788745565
ENG_CIVIL,ASR,M1,public,M,True,1,348.2209934654693,0.03499268870397883,174.11049673273465
CUSTOMER,JAZ,IC1,semigov,F,False,1,346.0103005311448,0.11543296097786317,173.0051502655724
PM,JED,IC4,pif_backed,M,False,1,345.2960870478728,0.02114990429745891,172.6480435239364
SALES,RUH,IC6,startup,F,False,1,345.09479632398325,0.02335565811863197,172.54739816199162
HEALTH,JED,IC3,pif_backed,M,False,1,343.86049605463995,0.028969993450010695,171.93024802731998
SALES,MAD,IC4,private,M,False,1,343.1889650347057,0.04027547870150893,171.59448251735284
SWE,JED,IC1,semigov,M,True,1,342.0937390422314,0.08552343476055785,171.0468695211157
PM,ASR,IC4,mnc,M,False,1,341.91237109861504,0.023948843583680286,170.95618554930752
HEALTH,EST,IC6,mnc,F,False,1,339.6005736982406,0.012134693935316068,169.8002868491203
HR,QAS,IC3,private,F,True,1,339.26137943200047,0.03747473281792812,169.63068971600023
SWE,RUH,IC3,mnc,M,True,1,337.3046621859503,0.01791976657268351,168.65233109297515
PM,JAZ,IC2,public,M,True,1,336.93090900151765,0.037510788957043864,168.46545450075882
EDU,EST,M3,semigov,F,True,1,335.437419361886,0.01582174362021325,167.718709680943
FIN,QAS,IC2,private,F,True,1,335.03764259846,0.08286385948819633,167.51882129923
HEALTH,MAK,IC2,public,M,False,1,328.20159402793615,0.06451986679875997,164.10079701396808
MARKETING,RUH,IC2,public,F,True,1,324.9472639931323,0.08123681599828307,162.47363199656616
ENG_CIVIL,TAB,IC4,public,M,False,1,321.4837814012135,0.044580682125949,160.74189070060675
PM,EST,IC3,private,M,False,1,320.3207156266308,0.023809010687468095,160.1603578133154
SALES,ASR,IC4,private,F,False,1,319.4683522174291,0.04879323703299011,159.73417610871456
EDU,NJR,IC1,private,F,True,1,318.3595389206421,0.07958988473016052,159.17976946032104
PM,MAK,IC5,semigov,F,False,1,316.9357755362362,0.015252483387846079,158.4678877681181
ENG_CIVIL,EST,IC3,semigov,M,False,1,315.884867584914,0.04102997677388321,157.942433792457
EDU,MAD,IC1,public,F,True,1,314.58018711998557,0.0786450467799964,157.29009355999278
CUSTOMER,MAK,IC2,public,M,False,1,312.143243353617,0.17341291297423167,156.0716216768085
OPS,EST,IC1,private,M,False,2,307.61921080200887,0.08905762105740785,153.80960540100443
CUSTOMER,NOR,IC4,semigov,F,True,1,305.1198379376119,0.0642392716101538,152.55991896880596
FIN,RUH,IC3,mnc,F,False,1,304.4114453973025,0.04832073433917888,152.20572269865124
DESIGN,ASR,IC5,mnc,M,False,1,303.78540296274696,0.018391986264240212,151.89270148137348
FIN,EST,IC1,mnc,M,True,1,303.758348600682,0.07593958715017049,151.879174300341
MARKETING,RUH,IC1,private,F,True,1,301.75064431192914,0.07543766107798229,150.87532215596457
HEALTH,EST,IC1,public,M,False,1,300.9251957849224,0.16718066432495687,150.4625978924612
OPS,MAK,IC2,semigov,M,False,1,300.6220898917795,0.09015912843336168,150.31104494588976
PM,RUH,M2,mnc,M,False,1,298.63655098383606,0.009890782527578395,149.31827549191803
MARKETING,QAS,IC2,private,F,False,1,293.3955941840968,0.04145662661545459,146.6977970920484
FIN,RUH,IC4,pif_backed,F,True,1,292.07836077669344,0.032085099456533435,146.03918038834672
SWE,MAD,IC1,mnc,M,True,1,290.18323994971115,0.07254580998742778,145.09161997485558
SWE,MAD,IC3,private,M,True,1,289.57311089247924,0.019823889929711708,144.78655544623962
SUPPLY,RUH,IC1,semigov,M,True,1,287.7992758415767,0.07194981896039417,143.89963792078834
CUSTOMER,EST,IC1,private,M,True,1,284.79402156562946,0.07119850539140736,142.39701078281473
ENG_ELEC,TAB,M2,private,M,True,1,283.96890353454364,0.01580026849679835,141.98445176727182
SUPPLY,JED,IC3,semigov,M,True,1,283.39873620335857,0.031500333589726724,141.69936810167928
CUSTOMER,MAK,IC3,public,F,False,1,282.3361838912788,0.08253079056038877,141.1680919456394
ENG_MECH,JED,IC2,mnc,M,False,1,277.76342485302484,0.03410651091024372,138.88171242651242
HEALTH,QAS,M2,private,F,True,1,276.55242894684125,0.016407436525750118,138.27621447342062
HEALTH,EST,IC4,mnc,F,True,1,267.61694373467617,0.01851363105933161,133.80847186733808
CUSTOMER,QAS,IC5,public,M,False,1,265.2831651027627,0.03403029505519373,132.64158255138136
HEALTH,ASR,IC3,private,F,False,1,265.0601464142683,0.040009380661630393,132.53007320713414
CUSTOMER,MAD,IC3,pif_backed,F,True,1,262.7888216759693,0.04534320671480175,131.39441083798465
MARKETING,EST,M1,semigov,M,False,1,261.75732796915327,0.02232218673439629,130.87866398457663
ENG_MECH,NJR,IC4,semigov,M,True,1,259.67076112961877,0.02491939019115514,129.83538056480938
SALES,NOR,IC3,mnc,M,True,1,258.1842469361236,0.02285916821338092,129.0921234680618
SALES,RUH,IC1,private,M,False,1,252.66622647997428,0.14037012582220793,126.33311323998714
HEALTH,EST,IC2,mnc,F,False,1,252.39724048498283,0.03086140710541326,126.19862024249142
CUSTOMER,NJR,IC4,private,M,True,1,250.89211021660049,0.04081112593069869,125.44605510830024
HEALTH,JED,IC3,public,M,False,1,249.36550772020928,0.028220515748661128,124.68275386010464
DESIGN,JED,IC3,public,M,False,1,247.19797748907513,0.02619977037802117,123.59898874453756
OPS,TAB,M1,private,F,True,1,244.95438939199084,0.021850247925355542,122.47719469599542
HEALTH,RUH,IC1,private,M,False,1,244.5353806322928,0.045973420234457364,122.2676903161464
ENG_ELEC,EST,IC5,private,M,False,1,242.88709722266867,0.01936382950814286,121.44354861133434
SWE,RUH,IC6,pif_backed,M,False,1,242.65496540117238,0.007613502572541637,121.32748270058619
CUSTOMER,RUH,D2,public,M,False,1,239.95114381152416,0.015425991518575335,119.97557190576208
MARKETING,RUH,IC6,public,M,False,1,239.25073206199886,0.02045531922700067,119.62536603099943
HR,RUH,IC2,public,F,True,1,236.71867291275157,0.045431870603801154,118.35933645637579
OPS,ASR,M2,semigov,M,True,1,233.41795989998718,0.02050616278742765,116.70897994999359
HEALTH,MAK,IC2,public,F,False,1,228.82364069833238,0.04974199888664482,114.41182034916619
SWE,RUH,IC1,private,M,True,1,223.65902585423373,0.032224739338707564,111.82951292711687
EDU,MAK,IC2,startup,F,True,1,222.91365032279373,0.05572841258069843,111.45682516139686
OPS,JED,IC4,public,M,True,1,219.64919352174184,0.014616900934230148,109.82459676087092
ENG_CIVIL,ASR,M1,private,M,False,1,217.2065287920268,0.021278402560387585,108.6032643960134
DATA,BAH,IC4,public,M,False,1,216.85377098089884,0.017364902525286083,108.42688549044942
OPS,JAZ,IC1,semigov,F,False,1,216.45434021829533,0.0528775718134348,108.22717010914766
CUSTOMER,EST,IC3,private,F,False,1,214.74281737936144,0.0416265863466746,107.37140868968072
EDU,JED,IC2,mnc,F,True,1,213.35331255155052,0.037089056256201784,106.67665627577526
SALES,EST,M4,mnc,M,True,1,211.2713479504091,0.005245306525852816,105.63567397520455
OPS,MAK,IC5,private,M,True,1,203.43528275692188,0.012616524952195254,101.71764137846094
HR,JAZ,IC4,private,F,True,1,202.74015819279157,0.013737486300319861,101.37007909639578
ENG_ELEC,JED,IC4,pif_backed,M,True,1,202.69803304323068,0.01119749957149845,101.34901652161534
MARKETING,HAI,IC2,semigov,F,True,1,201.65973635539012,0.028101030115407252,100.82986817769506
HR,RUH,IC3,private,M,False,1,200.58829637615054,0.018914038540889196,100.29414818807527
ENG_CIVIL,NOR,IC4,private,M,False,1,198.76318838736006,0.024634221683042128,99.38159419368003
EDU,JED,IC1,public,F,True,1,193.89916159247514,0.048474790398118785,96.94958079623757
SALES,MAK,IC2,pif_backed,F,False,1,190.26391285019145,0.04461293641865597,95.13195642509572
SUPPLY,TAB,IC2,private,F,False,1,188.9950245874652,0.038376806110289555,94.4975122937326
CUSTOMER,EST,IC2,private,F,False,1,186.7905503825741,0.07618382536485827,93.39527519128706
HR,RUH,IC2,private,F,True,1,186.27205246224912,0.04656801311556228,93.13602623112456
SALES,QAS,IC4,private,M,False,1,185.80542372466607,0.023510954003725968,92.90271186233304
SWE,NOR,IC4,private,M,True,1,185.48342665628843,0.015622985499756027,92.74171332814421
SWE,EST,IC2,public,M,False,1,184.78123494019746,0.021342500483973882,92.39061747009873
EDU,MAK,IC3,public,M,True,1,179.82727013080694,0.028447290344702128,89.91363506540347
EDU,JED,IC1,mnc,M,True,1,175.60986127489195,0.04390246531872299,87.80493063744598
CUSTOMER,HAI,IC2,public,F,True,1,175.03560559883863,0.033523312271985115,87.51780279941931
ENG_MECH,RUH,IC4,startup,M,True,1,174.8075800183451,0.012153611372335263,87.40379000917255
ENG_ELEC,JED,IC2,semigov,M,False,1,173.8830011754835,0.01816448680313303,86.94150058774176
SUPPLY,JAZ,IC5,public,M,False,1,171.66229481057235,0.015448537494156917,85.83114740528617
FIN,BAH,IC3,semigov,M,True,1,168.56270356493405,0.010494110764442496,84.28135178246703
EDU,MAK,IC2,private,F,True,1,165.67788298937057,0.041419470747342646,82.83894149468529
OPS,JED,M1,private,F,False,1,163.2012690557167,0.016366903515819882,81.60063452785835
HEALTH,NJR,IC1,semigov,M,True,1,163.12451256449003,0.04078112814112251,81.56225628224502
OPS,EST,IC2,public,M,True,1,155.59785405669663,0.03889946351417416,77.79892702834832
OPS,JAZ,IC3,public,M,False,1,153.47611044896348,0.022211335832528458,76.73805522448174
ENG_CIVIL,RUH,IC4,semigov,M,False,1,151.74811447031607,0.012604072263994934,75.87405723515803
CUSTOMER,RUH,IC2,private,M,True,1,149.39247895626067,0.03734811973906517,74.69623947813034
SWE,RUH,IC6,semigov,M,True,1,149.0875384667379,0.004051707987036111,74.54376923336895
DATA,EST,IC2,private,M,True,1,145.91748578704755,0.014459158098937497,72.95874289352378
EDU,EST,M3,public,M,True,1,145.04506866047086,0.008168483654900997,72.52253433023543
EDU,JED,M1,public,F,True,1,142.1744055381796,0.018883219801754197,71.0872027690898
MARKETING,MAD,IC1,public,M,False,1,136.70653452996635,0.07594807473887019,68.35326726498317
MARKETING,NJR,IC1,public,M,False,1,136.03662289215663,0.07557590160675368,68.01831144607831
EDU,EST,IC2,private,M,True,1,135.99471441181322,0.029429396871233426,67.99735720590661
OPS,JED,M2,mnc,M,False,1,132.62107431441473,0.006504186309657708,66.31053715720736
ENG_ELEC,ASR,IC3,semigov,M,True,1,125.63656396620445,0.015810978380274805,62.818281983102224
OPS,MAD,IC3,private,F,True,1,124.72037291950892,0.018858452093370972,62.36018645975446
SALES,JED,IC1,private,M,False,1,122.1600095778017,0.03467194472748685,61.08000478890085
CUSTOMER,JED,IC4,public,F,False,1,122.0572778191472,0.02689043057794944,61.0286389095736
CUSTOMER,EST,M2,startup,M,False,1,120.06327991150374,0.016311881821770284,60.03163995575187
OPS,NJR,IC1,private,F,False,1,116.93077550828525,0.06496154194904737,58.465387754142625
SWE,HAI,IC1,pif_backed,M,False,1,115.08235405020059,0.023112247965609605,57.541177025100296
SALES,JED,IC3,semigov,M,True,1,113.55753410285979,0.006861461693642001,56.778767051429895
PM,MAK,IC4,public,M,False,1,109.36199569384189,0.006294425695582466,54.680997846920945
SALES,RUH,IC3,public,M,False,1,109.25278194138627,0.02032666622164084,54.62639097069314
HEALTH,MAD,IC2,mnc,F,False,1,107.4766946943655,0.015192276224991343,53.73834734718275
SALES,MAK,IC2,public,M,False,1,106.17228362859987,0.01879538023289694,53.086141814299936
SALES,TAB,IC3,mnc,M,True,1,104.20714404329283,0.014567111624134571,52.103572021646414
DESIGN,RUH,IC3,mnc,F,False,1,103.16396738161711,0.0068848131095799806,51.581983690808556
HR,EST,IC2,private,M,False,1,101.06413064198387,0.02849019703325709,50.53206532099193
HEALTH,MAK,IC3,private,F,False,1,96.55383013229402,0.010892707436337896,48.27691506614701
FIN,RUH,IC1,public,F,True,1,93.90628954864405,0.023476572387161013,46.95314477432203
ENG_ELEC,EST,IC1,private,F,False,1,92.38771812646246,0.012395561976853505,46.19385906323123
EDU,RUH,IC2,private,F,True,1,91.33411224058,0.018116455864441137,45.66705612029
CUSTOMER,EST,IC4,public,F,False,1,88.85381341462835,0.01636377277240845,44.426906707314174
MARKETING,MAD,IC4,semigov,F,False,1,87.94515040561055,0.013284565249106591,43.972575202805274
OPS,RUH,IC1,private,M,False,2,87.79988134974735,0.048777711860970754,43.899940674873676
MARKETING,EST,IC3,startup,M,True,1,83.11061229535699,0.008491150030533278,41.55530614767849
EDU,RUH,IC2,semigov,F,False,1,82.97891899644219,0.013794138993211257,41.489459498221095
HEALTH,NJR,IC3,private,F,False,1,82.18649598616412,0.012343966005885243,41.09324799308206
DATA,RUH,IC1,private,F,False,1,81.1030517232573,0.045057250957365166,40.55152586162865
DESIGN,RUH,IC5,semigov,F,True,1,79.71313464034756,0.0027887570609296387,39.85656732017378
CUSTOMER,TAB,IC5,public,F,True,1,78.78513152167761,0.006243096551835216,39.39256576083881
DATA,EST,IC5,public,F,True,1,77.38754977596182,0.0025968270585920925,38.69377488798091
EDU,JED,VP,public,F,True,1,77.25372721782696,0.0025106213566979487,38.62686360891348
HEALTH,ASR,IC1,semigov,F,False,1,73.78463968642882,0.01603491028717349,36.89231984321441
DESIGN,TAB,IC3,mnc,M,False,1,72.62443981744582,0.0075403355065011765,36.31221990872291
SALES,EST,IC3,mnc,F,False,1,66.55028747921187,0.01082813961474636,33.27514373960594
CUSTOMER,TAB,IC2,private,F,False,1,63.363721511137555,0.024663013689635433,31.681860755568778
CUSTOMER,JED,IC1,private,M,False,1,50.24215576962024,0.019595224559134258,25.12107788481012
CUSTOMER,JAZ,IC2,private,M,True,1,49.901386518830805,0.007525605427760841,24.950693259415402
FIN,RUH,IC5,startup,F,False,1,49.89277306972144,0.0025546564753906624,24.94638653486072
SALES,RUH,IC4,mnc,F,False,1,47.696214096324184,0.004552794568316352,23.848107048162092
EDU,QAS,IC3,semigov,M,True,1,45.3385666570648,0.007277657120188641,22.6692833285324
CUSTOMER,RUH,IC1,public,M,False,1,40.6296331982096,0.02257201844344978,20.3148165991048
SALES,MAK,IC2,private,M,True,1,40.10485065212288,0.005824055034602158,20.05242532606144
MARKETING,JAZ,IC2,public,M,True,1,39.3995161165376,0.009849879029134399,19.6997580582688
SALES,RUH,IC2,mnc,M,False,1,37.70642792775834,0.006820878084068519,18.85321396387917
SWE,EST,IC1,private,M,True,1,36.20044621592933,0.004575575853887907,18.100223107964666
OPS,JAZ,IC3,public,F,True,1,35.3911123056987,0.007182264748283373,17.69555615284935
CUSTOMER,ASR,M2,mnc,F,False,1,31.28034402473895,0.0045334488941490385,15.640172012369476
PM,RUH,M5,private,M,True,1,31.235753737935738,0.0007679564648630776,15.617876868967869
SWE,QAS,IC3,pif_backed,M,True,1,30.648153492384154,0.001991936460377844,15.324076746192077
FIN,RUH,IC1,private,F,False,1,29.701766963084083,0.0046777972135033956,14.850883481542041
HR,QAS,IC2,private,M,False,1,27.652242525686233,0.0037076444390093323,13.826121262843117
OPS,RUH,IC1,private,F,False,1,27.53693094350251,0.015298294968612507,13.768465471751256
ENG_MECH,QAS,IC2,pif_backed,M,True,1,19.86339069556925,0.0018015994579407633,9.931695347784625
SUPPLY,RUH,IC2,public,M,True,1,19.568850651778575,0.004892212662944644,9.784425325889288
DESIGN,EST,IC5,public,M,False,1,18.63793299531426,0.001404660386845544,9.31896649765713
SALES,JED,IC1,public,M,True,1,14.209862396279277,0.0035524655990698192,7.104931198139639
DATA,RUH,IC1,semigov,F,True,1,13.395173558485112,0.003348793389621278,6.697586779242556
OPS,MAD,IC1,private,M,False,1,13.057101368973235,0.003333903925732226,6.528550684486618
OPS,BAH,IC3,public,M,False,1,11.71908324747892,0.0024349925090028884,5.85954162373946
CUSTOMER,RUH,IC3,pif_backed,M,True,1,10.568749256599403,0.0009145222251392197,5.284374628299702
HEALTH,JED,IC3,public,M,True,1,10.030118035752821,0.0010353606104894133,5.0150590178764105
CUSTOMER,RUH,IC4,public,M,False,1,9.747253037417977,0.0018636838755316297,4.873626518708988
CUSTOMER,RUH,IC3,mnc,F,True,1,7.114099358090243,0.0006829139839987101,3.5570496790451216
ENG_CIVIL,RUH,IC1,private,M,False,1,3.868400216302234,0.0012529434375624655,1.934200108151117
